transaction_id,user_id,merchant_id,amount,payment_method,device_type,is_new_device,previous_failed_txns,txn_count_10min,avg_user_transaction_amount,location_change,merchant_risk_score,account_age_days,hour_of_day,is_weekend,international_transaction,fraud
TXN0000001,USR00313,MER0254,12269.68,NetBanking,Android,0,1,2,3588.47,0,0.0976,883,7,1,0,0
TXN0000002,USR02709,MER0228,396.77,Card,Android,0,0,1,1357.63,0,0.057,1105,7,0,0,0
TXN0000003,USR02292,MER0037,4872.43,UPI,Web,0,1,1,3954.29,0,0.1603,1239,8,0,0,0
TXN0000004,USR01537,MER0060,889.96,Card,Android,0,1,1,1111.5,0,0.2363,602,5,1,0,0
TXN0000005,USR01516,MER0298,1073.62,UPI,Web,0,0,3,3145.23,0,0.1758,1401,17,1,0,0
TXN0000006,USR03006,MER0285,983.62,Wallet,Android,0,0,1,1864.92,0,0.1218,356,21,0,0,0
TXN0000007,USR00301,MER0278,1267.69,UPI,Android,0,0,6,1060.76,0,0.1328,510,17,1,0,0
TXN0000008,USR02441,MER0079,1138.76,UPI,iOS,0,2,1,2230.68,0,0.256,569,13,1,0,0
TXN0000009,USR00706,MER0255,2835.95,UPI,iOS,0,0,2,2473.14,0,0.2426,400,22,1,0,0
TXN0000010,USR00330,MER0031,13825.17,Card,iOS,0,0,3,4184.97,0,0.2715,504,17,1,0,0
TXN0000011,USR01843,MER0073,2703.62,Card,Android,0,0,2,2513.71,0,0.1743,326,19,0,0,0
TXN0000012,USR03415,MER0250,355.27,Card,Android,0,0,2,1063.58,0,0.0898,170,16,0,0,0
TXN0000013,USR02576,MER0309,1244.71,UPI,iOS,0,7,2,2407.51,0,0.171,324,7,0,0,0
TXN0000014,USR02664,MER0328,1053.34,UPI,Android,0,0,1,1359.96,0,0.3528,380,12,0,0,0
TXN0000015,USR02512,MER0491,1285.32,UPI,Android,0,0,1,1741.28,0,0.0682,745,13,0,1,0
TXN0000016,USR02752,MER0428,3361.51,Card,Android,0,0,2,3167.49,0,0.0,2301,8,1,0,0
TXN0000017,USR01797,MER0190,609.76,UPI,iOS,0,0,4,511.89,0,0.1067,747,7,0,0,0
TXN0000018,USR00449,MER0392,8477.29,Card,Android,0,0,3,2563.59,0,0.3356,556,11,1,0,0
TXN0000019,USR02940,MER0048,524.21,UPI,Android,0,1,2,552.57,1,0.2564,438,15,0,0,0
TXN0000020,USR01577,MER0429,820.47,NetBanking,Web,0,0,1,1977.24,0,0.3573,392,15,0,0,0
TXN0000021,USR01752,MER0194,5217.63,UPI,Android,0,1,3,2390.02,0,0.6291,92,22,0,0,0
TXN0000022,USR01298,MER0381,5331.75,UPI,Android,0,0,2,2257.6,0,0.3871,508,20,0,0,0
TXN0000023,USR00639,MER0486,3181.13,UPI,Android,0,1,1,2828.87,0,0.2808,209,12,1,0,0
TXN0000024,USR03244,MER0352,5405.71,UPI,Android,0,0,2,6785.99,0,0.2026,2008,18,0,0,0
TXN0000025,USR02736,MER0461,3113.16,UPI,iOS,0,0,2,2090.5,0,0.1965,572,12,0,0,0
TXN0000026,USR02254,MER0006,2284.32,Wallet,Android,0,1,3,2795.6,0,0.1457,577,18,0,0,0
TXN0000027,USR01409,MER0086,375.72,Card,Android,0,0,2,1735.35,0,0.0649,480,19,0,0,0
TXN0000028,USR02880,MER0314,4031.24,UPI,Android,0,1,3,2824.62,0,0.0936,391,11,0,0,0
TXN0000029,USR01910,MER0271,3927.12,Wallet,Android,0,1,1,2171.65,0,0.3321,1917,17,0,0,0
TXN0000030,USR01552,MER0061,7042.87,UPI,Android,1,0,3,2623.3,0,0.3255,1276,15,0,0,0
TXN0000031,USR01577,MER0360,1111.33,Wallet,Android,0,1,1,1977.24,0,0.4873,472,12,0,0,0
TXN0000032,USR00796,MER0030,2153.38,UPI,Android,0,0,1,1923.6,0,0.1817,299,20,0,1,0
TXN0000033,USR00323,MER0496,3628.25,UPI,Web,1,0,2,3191.0,0,0.138,219,15,0,0,0
TXN0000034,USR01942,MER0079,2208.57,Wallet,Android,0,0,1,2183.37,0,0.2654,629,16,0,0,0
TXN0000035,USR03108,MER0223,1522.21,UPI,Android,0,1,2,1473.24,1,0.1321,1630,12,0,0,0
TXN0000036,USR00224,MER0412,7307.62,UPI,Android,1,1,3,7479.6,0,0.2058,1603,8,0,0,0
TXN0000037,USR03005,MER0258,2765.72,Wallet,Android,0,1,1,2496.38,0,0.2242,1086,20,0,0,0
TXN0000038,USR02897,MER0372,2681.31,Card,Android,1,5,4,1653.7,0,0.5473,246,14,1,0,1
TXN0000039,USR00969,MER0352,4427.26,Wallet,Android,0,2,1,1933.19,0,0.2193,536,13,0,0,0
TXN0000040,USR02211,MER0475,562.2,Card,Android,0,0,2,1018.84,0,0.2522,590,16,1,0,0
TXN0000041,USR00579,MER0232,3333.28,UPI,Android,0,0,1,3967.01,1,0.0605,584,20,0,0,0
TXN0000042,USR02654,MER0490,1907.01,Card,Android,0,0,2,2717.77,0,0.2459,617,15,1,0,0
TXN0000043,USR02452,MER0259,3536.48,Wallet,Android,0,0,1,5586.86,0,0.4097,855,7,0,0,0
TXN0000044,USR01241,MER0447,1025.33,UPI,Android,0,0,1,3450.64,0,0.981,365,23,1,1,0
TXN0000045,USR00238,MER0367,2367.47,UPI,Android,0,1,1,2445.83,0,0.1788,566,6,0,0,0
TXN0000046,USR03398,MER0067,3786.22,Card,Web,0,0,2,2818.65,0,0.478,247,11,0,0,0
TXN0000047,USR01560,MER0322,3748.8,Wallet,iOS,0,1,1,4406.62,0,0.3746,962,20,1,0,0
TXN0000048,USR03126,MER0440,1756.5,UPI,iOS,0,2,1,1858.5,0,0.1469,742,6,0,0,0
TXN0000049,USR02373,MER0065,698.53,Card,Android,0,0,2,543.32,0,0.1464,98,12,0,0,0
TXN0000050,USR02725,MER0420,13837.87,UPI,iOS,0,0,3,5266.69,0,0.175,361,22,0,0,0
TXN0000051,USR02660,MER0053,8673.02,UPI,iOS,0,0,1,12335.08,0,0.0834,206,13,1,0,0
TXN0000052,USR00682,MER0436,2015.2,Card,Android,0,1,1,4924.77,1,0.1747,1169,10,0,0,0
TXN0000053,USR01274,MER0395,2154.53,UPI,Web,0,0,3,2417.39,0,0.3731,671,7,0,0,0
TXN0000054,USR01634,MER0076,3852.75,UPI,iOS,0,0,3,1043.54,0,0.0565,503,22,1,0,0
TXN0000055,USR01743,MER0364,1842.63,Card,Android,1,0,2,4468.46,0,0.2491,419,16,0,0,0
TXN0000056,USR00154,MER0059,9751.91,UPI,Android,0,1,2,6419.66,0,0.3617,767,6,0,0,0
TXN0000057,USR01913,MER0285,10112.18,Wallet,Android,0,0,1,4618.38,0,0.1741,577,18,0,0,0
TXN0000058,USR00541,MER0462,299.49,NetBanking,Android,0,0,2,1728.92,0,0.3638,476,17,0,0,0
TXN0000059,USR02602,MER0103,2206.02,Card,Web,0,2,1,1726.04,0,0.4781,1645,18,0,0,0
TXN0000060,USR02391,MER0087,2302.57,Wallet,Android,0,1,3,1567.64,0,0.1805,719,10,0,0,0
TXN0000061,USR03229,MER0212,835.94,NetBanking,Android,1,1,1,1065.33,0,0.2024,256,13,1,0,0
TXN0000062,USR02607,MER0185,2314.45,Card,Android,0,0,2,3875.25,0,0.2034,686,19,1,0,0
TXN0000063,USR01284,MER0025,2418.24,Wallet,iOS,0,0,1,3889.64,0,0.1514,665,15,1,1,0
TXN0000064,USR03387,MER0228,583.49,UPI,Android,0,0,2,777.12,0,0.0396,78,18,1,0,0
TXN0000065,USR01438,MER0130,3443.35,Wallet,Android,0,0,1,4499.44,0,0.8447,628,18,0,0,0
TXN0000066,USR01141,MER0063,1422.99,UPI,iOS,0,1,2,2129.99,0,0.3863,552,16,0,0,1
TXN0000067,USR03170,MER0139,887.05,UPI,iOS,0,0,1,1195.02,0,0.1546,1129,20,0,0,0
TXN0000068,USR01297,MER0011,3734.75,Card,iOS,0,1,1,1665.81,0,0.2626,159,8,1,0,0
TXN0000069,USR00268,MER0458,1064.67,UPI,iOS,0,1,1,2683.31,0,0.5759,179,18,1,0,0
TXN0000070,USR01644,MER0498,659.74,UPI,iOS,0,0,1,2443.47,0,0.9346,205,22,0,0,0
TXN0000071,USR02785,MER0184,1720.67,Card,Web,0,1,2,758.68,1,0.3125,838,12,0,0,1
TXN0000072,USR00664,MER0439,2032.42,UPI,iOS,0,1,2,2453.42,0,0.0102,663,14,1,0,0
TXN0000073,USR01621,MER0231,1008.46,Wallet,Android,1,0,3,1402.08,0,0.2267,138,18,0,0,0
TXN0000074,USR00455,MER0457,1041.2,NetBanking,Web,0,0,1,1185.84,0,0.2225,234,11,0,0,0
TXN0000075,USR02403,MER0087,3528.66,Card,Web,0,0,1,3190.69,0,0.1768,254,20,1,0,0
TXN0000076,USR01665,MER0143,898.73,UPI,Android,0,0,1,1377.88,0,0.174,850,21,0,0,0
TXN0000077,USR01156,MER0370,1427.74,Card,iOS,0,0,1,1042.71,0,0.3979,665,12,0,0,0
TXN0000078,USR00795,MER0111,410.67,UPI,Web,0,0,2,863.18,0,0.5119,443,18,0,0,0
TXN0000079,USR01976,MER0412,5585.83,Card,Android,0,2,1,7297.62,0,0.1535,502,16,1,0,0
TXN0000080,USR02345,MER0213,236.96,UPI,Android,0,0,1,1227.18,0,0.6817,245,9,0,0,0
TXN0000081,USR03292,MER0202,2493.45,UPI,Android,0,0,2,1127.11,1,0.1908,1049,22,0,0,0
TXN0000082,USR01531,MER0227,4073.41,UPI,iOS,0,1,1,4861.09,0,0.0905,532,10,1,0,0
TXN0000083,USR00563,MER0399,4216.44,NetBanking,Web,1,0,1,2736.05,0,0.2904,573,11,1,0,0
TXN0000084,USR02915,MER0003,3903.68,UPI,Android,0,0,2,2911.84,0,0.5505,1174,20,0,0,0
TXN0000085,USR02205,MER0376,7776.41,UPI,iOS,0,1,3,5502.65,0,0.4219,1100,20,0,0,0
TXN0000086,USR02451,MER0390,1053.6,UPI,iOS,0,0,2,1113.84,0,0.1981,479,9,0,0,0
TXN0000087,USR00341,MER0411,2326.71,Card,iOS,0,0,2,1849.53,0,0.0565,413,15,1,0,0
TXN0000088,USR01094,MER0499,722.67,NetBanking,iOS,0,2,1,1517.9,0,0.1713,184,21,1,0,0
TXN0000089,USR02688,MER0392,1226.51,UPI,iOS,0,0,2,2996.42,0,0.2993,876,19,1,0,0
TXN0000090,USR02913,MER0265,2647.96,UPI,Android,0,0,1,2993.92,0,0.329,725,16,0,0,0
TXN0000091,USR01524,MER0234,798.05,UPI,Android,0,0,2,1368.68,0,0.4579,528,9,0,0,0
TXN0000092,USR02817,MER0195,3779.72,Card,Android,0,1,3,1423.78,0,0.2034,676,7,0,0,0
TXN0000093,USR02946,MER0414,9662.89,Card,Android,1,0,1,7753.84,0,0.2066,597,7,0,0,0
TXN0000094,USR01357,MER0197,3099.37,Wallet,iOS,0,0,2,5457.91,0,0.4225,865,13,0,0,0
TXN0000095,USR03144,MER0287,1755.47,Wallet,Web,0,0,2,2243.97,0,0.1006,1093,15,0,0,0
TXN0000096,USR01010,MER0049,2276.87,UPI,Android,0,0,1,2175.02,0,0.9589,401,15,0,0,0
TXN0000097,USR00839,MER0159,2133.0,NetBanking,iOS,1,0,1,2354.88,0,0.0246,226,9,0,0,0
TXN0000098,USR02389,MER0134,3296.75,Wallet,Android,0,0,3,2849.89,0,0.3076,442,14,1,0,0
TXN0000099,USR02229,MER0218,864.77,Card,Android,0,0,2,865.26,0,0.2434,1811,19,0,0,0
TXN0000100,USR00490,MER0252,447.34,UPI,Android,0,2,2,1279.97,0,0.1464,541,12,0,0,0
TXN0000101,USR02915,MER0359,588.68,Card,Android,0,0,4,2911.84,0,0.0424,412,16,1,0,0
TXN0000102,USR00700,MER0216,1559.5,Card,Web,0,0,1,2145.48,0,0.1256,632,13,0,0,0
TXN0000103,USR02818,MER0076,5434.49,UPI,Android,0,1,2,3816.03,0,0.0188,1047,17,0,0,0
TXN0000104,USR00026,MER0273,493.43,UPI,Android,0,0,2,673.37,0,0.1593,322,12,0,0,0
TXN0000105,USR02789,MER0028,3965.54,Card,Android,0,1,1,1711.41,0,0.2941,845,21,0,0,0
TXN0000106,USR02755,MER0425,2532.67,Card,Web,0,0,1,2753.94,0,0.2672,736,6,0,0,0
TXN0000107,USR02732,MER0386,6068.57,UPI,Android,0,2,6,2401.14,0,0.1649,674,7,0,0,0
TXN0000108,USR02327,MER0113,6008.88,NetBanking,Web,0,1,1,2756.24,0,0.8546,691,13,0,0,0
TXN0000109,USR01651,MER0132,1083.16,UPI,Android,0,0,3,534.17,0,0.2633,457,9,0,0,0
TXN0000110,USR02469,MER0014,585.85,UPI,Android,1,0,1,1464.97,0,0.2142,941,6,1,0,0
TXN0000111,USR00970,MER0183,3865.05,UPI,Android,0,0,1,4013.37,0,0.203,107,23,1,0,0
TXN0000112,USR02733,MER0020,23686.77,Card,iOS,0,0,3,1445.48,0,0.4996,386,18,0,0,0
TXN0000113,USR01945,MER0469,2705.64,UPI,Web,0,0,1,2337.9,0,0.1671,461,11,0,0,0
TXN0000114,USR01607,MER0068,922.7,Card,Android,0,1,2,650.78,0,0.5991,781,21,0,0,0
TXN0000115,USR01770,MER0330,952.84,UPI,Android,0,0,2,2720.91,0,0.9571,596,3,0,0,0
TXN0000116,USR01991,MER0286,16122.31,UPI,Android,1,1,1,4257.47,0,0.2394,346,9,0,0,0
TXN0000117,USR00131,MER0119,733.03,UPI,Web,0,0,2,1362.37,0,0.4363,1586,20,0,0,0
TXN0000118,USR00490,MER0405,289.63,UPI,iOS,0,0,2,1279.97,0,0.2864,477,19,0,0,0
TXN0000119,USR00860,MER0055,2324.94,UPI,Android,0,0,8,3147.17,0,0.882,1649,7,0,0,0
TXN0000120,USR00401,MER0444,433.21,UPI,Android,0,0,1,2652.91,0,0.1259,195,17,0,0,0
TXN0000121,USR01539,MER0371,536.92,Card,Android,0,0,2,1232.92,0,0.1637,397,1,0,0,0
TXN0000122,USR02340,MER0318,12315.42,Card,Web,0,0,3,2051.81,0,0.2533,586,7,0,0,0
TXN0000123,USR02291,MER0440,1211.09,NetBanking,Android,0,0,3,1673.89,0,0.1787,676,13,0,0,0
TXN0000124,USR01649,MER0202,797.06,Card,Android,1,0,2,2342.4,1,0.1907,238,8,0,0,0
TXN0000125,USR02993,MER0141,1482.25,UPI,iOS,0,1,2,1530.12,0,0.6499,785,8,0,0,0
TXN0000126,USR01979,MER0078,1057.12,Card,Android,0,2,1,2121.17,0,0.3779,1096,13,0,0,0
TXN0000127,USR00278,MER0463,3586.3,UPI,iOS,1,1,2,2023.17,0,0.4568,167,7,0,0,0
TXN0000128,USR02678,MER0201,603.67,Card,Android,0,0,2,1204.11,0,0.2478,517,8,0,0,0
TXN0000129,USR02012,MER0415,2688.03,UPI,iOS,0,0,3,2325.37,1,0.1396,1607,17,1,0,0
TXN0000130,USR02222,MER0167,1179.04,NetBanking,Android,0,3,2,2830.86,0,0.3756,726,14,1,0,0
TXN0000131,USR01979,MER0478,13108.59,Card,Android,0,0,1,2121.17,0,0.3578,3650,12,1,0,0
TXN0000132,USR01938,MER0436,1529.85,Wallet,Web,0,0,3,1119.14,0,0.1301,598,18,0,0,0
TXN0000133,USR00317,MER0155,5294.86,Card,Web,0,1,1,6181.13,0,0.9513,515,8,1,0,0
TXN0000134,USR01958,MER0244,1214.42,UPI,Android,0,0,2,1576.48,0,0.247,217,12,1,0,0
TXN0000135,USR02783,MER0397,617.88,UPI,iOS,0,2,4,967.66,0,0.0908,1181,14,1,0,0
TXN0000136,USR01064,MER0114,6078.91,UPI,Android,0,0,1,11052.79,0,0.2516,24,8,0,0,0
TXN0000137,USR02110,MER0012,635.07,Wallet,Android,0,7,3,1177.78,0,0.3291,170,8,0,0,0
TXN0000138,USR00108,MER0145,15817.28,Wallet,Android,0,0,2,4966.45,0,0.1601,1160,16,0,0,0
TXN0000139,USR01217,MER0296,1267.55,UPI,Android,1,0,9,1983.71,0,0.4299,1425,18,0,0,0
TXN0000140,USR01529,MER0069,334.33,Card,Android,0,0,1,1628.35,0,0.9341,1116,14,0,0,0
TXN0000141,USR03440,MER0167,9994.88,UPI,iOS,0,0,1,2561.79,0,0.3652,386,11,0,0,0
TXN0000142,USR00752,MER0460,3014.56,UPI,Web,0,0,1,1624.97,1,0.102,451,8,0,0,0
TXN0000143,USR00968,MER0038,2815.56,Wallet,Android,0,0,2,3549.59,0,0.0503,1382,17,1,0,0
TXN0000144,USR01430,MER0026,1275.5,UPI,iOS,0,1,1,1476.79,0,0.3053,1438,6,1,0,0
TXN0000145,USR03475,MER0212,13441.42,UPI,Android,0,2,1,6086.51,1,0.1645,547,20,0,0,1
TXN0000146,USR02987,MER0007,430.55,Card,Android,0,0,2,792.06,0,0.2493,43,18,1,0,0
TXN0000147,USR00122,MER0014,3652.35,UPI,Android,0,0,3,2435.2,0,0.1722,496,15,0,0,0
TXN0000148,USR00819,MER0092,1455.55,UPI,Android,0,0,1,2475.05,0,0.1003,292,10,1,0,0
TXN0000149,USR02876,MER0052,3654.99,UPI,Web,0,1,1,2538.22,0,0.5369,1026,9,0,0,0
TXN0000150,USR00205,MER0406,1871.58,Card,Android,0,0,2,2607.53,0,0.2946,170,12,0,0,0
TXN0000151,USR02995,MER0062,563.88,NetBanking,Web,0,1,3,705.39,0,0.1441,107,14,0,0,0
TXN0000152,USR00985,MER0262,4425.25,Wallet,Android,0,0,1,2577.53,0,0.4556,323,16,0,0,0
TXN0000153,USR03212,MER0353,11425.34,Card,Android,0,0,2,7009.43,1,0.5931,99,12,0,0,0
TXN0000154,USR01028,MER0313,1717.74,Wallet,Android,0,0,3,2034.23,0,0.2826,1534,15,1,0,0
TXN0000155,USR01521,MER0327,598.83,Card,iOS,0,3,1,884.08,0,0.0671,568,21,1,0,0
TXN0000156,USR02317,MER0179,2115.61,Card,Android,0,2,1,703.25,0,0.0728,1074,6,0,0,0
TXN0000157,USR00442,MER0445,1375.47,UPI,Android,0,0,1,945.99,0,0.5078,712,22,0,0,0
TXN0000158,USR01950,MER0035,4545.13,UPI,Android,0,2,1,6332.39,0,0.3466,561,12,0,0,0
TXN0000159,USR01768,MER0054,727.94,UPI,iOS,0,0,1,1224.69,1,0.2158,980,10,0,0,1
TXN0000160,USR02744,MER0429,1527.61,NetBanking,Android,0,1,2,767.8,0,0.359,1275,12,0,0,0
TXN0000161,USR03487,MER0035,1555.18,Card,Web,0,1,2,1504.57,0,0.3078,1173,23,0,0,0
TXN0000162,USR02326,MER0096,1313.19,NetBanking,Android,0,0,2,1553.05,0,0.0719,1304,22,0,0,0
TXN0000163,USR01433,MER0087,6351.71,UPI,Android,0,0,1,6146.87,0,0.1822,155,20,0,0,0
TXN0000164,USR01423,MER0017,8547.93,UPI,Web,0,0,2,7046.1,1,0.2077,1982,0,0,0,0
TXN0000165,USR01463,MER0059,1408.34,NetBanking,Android,0,0,3,1542.23,0,0.3624,337,14,0,0,0
TXN0000166,USR02850,MER0287,2785.77,UPI,Android,0,1,2,1231.05,0,0.0894,576,13,0,0,0
TXN0000167,USR01125,MER0331,1812.01,Card,iOS,0,1,2,769.29,1,0.1289,438,14,1,0,1
TXN0000168,USR00585,MER0042,8714.02,UPI,Android,1,0,1,6246.2,0,0.2846,540,21,1,0,0
TXN0000169,USR01171,MER0472,19542.54,Wallet,Android,0,2,2,7635.41,0,0.0184,1265,18,0,0,0
TXN0000170,USR00080,MER0048,1726.17,UPI,Android,0,0,1,1803.6,0,0.2235,1477,8,0,0,0
TXN0000171,USR00372,MER0344,3942.11,NetBanking,iOS,0,2,2,2521.06,0,0.1225,1739,8,0,0,0
TXN0000172,USR00316,MER0401,1113.33,UPI,iOS,0,6,2,567.87,0,0.2035,1018,9,0,0,0
TXN0000173,USR02701,MER0261,2325.99,UPI,iOS,0,1,2,1174.03,0,0.1995,547,9,0,0,0
TXN0000174,USR02529,MER0246,5342.36,Wallet,Web,1,1,2,2904.17,0,0.4095,239,7,0,0,0
TXN0000175,USR02439,MER0055,3074.18,UPI,iOS,0,0,1,2051.52,0,0.9018,575,3,1,1,0
TXN0000176,USR01617,MER0121,2265.45,UPI,Android,0,0,1,581.96,1,0.3176,752,16,0,0,0
TXN0000177,USR02510,MER0426,2870.76,Card,iOS,1,0,2,4451.13,0,0.9415,679,12,1,0,0
TXN0000178,USR00565,MER0175,5763.4,UPI,Web,0,0,2,6775.32,0,0.2985,307,1,0,0,0
TXN0000179,USR03153,MER0018,3073.72,UPI,Android,0,0,1,3770.98,0,0.0817,1024,15,0,0,0
TXN0000180,USR01754,MER0365,1371.34,UPI,iOS,0,0,2,1879.11,0,0.1321,763,20,0,0,0
TXN0000181,USR03284,MER0342,813.82,Card,Android,0,1,3,3581.93,0,0.1807,906,11,1,0,0
TXN0000182,USR00534,MER0034,9611.99,UPI,Android,0,0,2,3755.08,0,0.1207,1079,20,0,0,0
TXN0000183,USR01741,MER0026,514.47,Wallet,iOS,0,0,2,1132.17,0,0.3206,304,12,0,0,0
TXN0000184,USR02438,MER0059,2053.53,Wallet,Android,0,0,3,1910.36,0,0.377,283,17,0,0,0
TXN0000185,USR01735,MER0026,692.75,UPI,Android,0,3,2,2027.19,0,0.2637,241,10,0,0,1
TXN0000186,USR01562,MER0309,22778.14,Card,Android,0,0,2,1544.92,0,0.2093,1016,13,0,0,1
TXN0000187,USR00582,MER0067,1296.31,Card,iOS,0,1,1,2398.9,0,0.5219,1482,9,0,0,0
TXN0000188,USR01334,MER0304,452.76,Card,iOS,0,0,2,1078.41,0,0.8898,1075,10,0,1,0
TXN0000189,USR00836,MER0089,4103.16,UPI,Web,0,0,1,3750.27,0,0.7197,874,11,0,0,0
TXN0000190,USR01056,MER0487,3663.36,Card,iOS,0,1,3,1584.13,0,0.3185,378,18,0,0,0
TXN0000191,USR02393,MER0363,2033.09,UPI,Web,1,1,4,3231.52,0,0.1176,420,20,0,0,1
TXN0000192,USR02206,MER0188,2277.43,Card,Android,0,1,2,2115.65,0,0.0587,231,7,0,0,0
TXN0000193,USR02126,MER0215,1927.49,UPI,Android,0,0,2,1139.09,0,0.3235,536,5,1,1,1
TXN0000194,USR01267,MER0033,470.8,NetBanking,iOS,0,1,2,892.2,0,0.2919,1362,21,1,0,0
TXN0000195,USR03359,MER0028,2764.27,UPI,iOS,0,0,3,5932.44,0,0.3167,1045,17,0,0,0
TXN0000196,USR00307,MER0269,3723.34,Card,Web,0,0,2,3848.61,0,0.4004,187,13,1,0,0
TXN0000197,USR01200,MER0012,2760.99,Card,iOS,0,0,2,1968.61,0,0.35,298,7,1,0,0
TXN0000198,USR00414,MER0320,6870.81,UPI,Android,0,0,2,2519.6,0,0.3328,377,21,0,0,0
TXN0000199,USR01187,MER0192,1056.75,UPI,iOS,0,0,2,2402.6,1,0.5374,716,8,1,0,0
TXN0000200,USR03367,MER0070,2143.47,UPI,Android,0,1,1,2833.08,0,0.0454,1488,16,1,0,0
TXN0000201,USR01282,MER0268,8166.92,Card,Android,1,0,1,3682.26,0,0.1751,1490,8,0,0,0
TXN0000202,USR03181,MER0277,8749.7,Card,iOS,0,0,3,2221.96,0,0.3598,553,21,0,0,1
TXN0000203,USR01733,MER0374,629.11,UPI,iOS,0,1,1,1351.98,0,0.4802,364,11,0,0,0
TXN0000204,USR02449,MER0099,987.89,Card,Android,0,0,3,1767.84,0,0.33,488,18,0,0,0
TXN0000205,USR01601,MER0274,2217.53,UPI,iOS,0,0,1,1771.81,1,0.0422,2140,13,1,1,0
TXN0000206,USR00931,MER0423,1498.04,Card,Web,0,1,1,2387.23,1,0.394,1432,5,0,0,1
TXN0000207,USR02675,MER0135,1697.71,UPI,Android,0,0,2,3083.07,0,0.1787,529,16,1,0,0
TXN0000208,USR03393,MER0418,5634.52,Wallet,Android,0,0,1,4967.38,0,0.4458,1416,13,1,1,0
TXN0000209,USR00923,MER0362,3176.15,Card,Android,0,0,2,1094.27,0,0.0924,379,10,1,0,0
TXN0000210,USR02726,MER0215,1127.96,UPI,Android,1,0,1,3044.2,0,0.2479,564,16,0,0,0
TXN0000211,USR00914,MER0442,3457.4,Card,Android,0,0,2,1235.8,0,0.3425,768,16,1,0,0
TXN0000212,USR02510,MER0484,2799.18,Wallet,Android,1,1,1,4451.13,1,0.3046,838,14,1,0,0
TXN0000213,USR02762,MER0119,6438.33,UPI,Android,0,0,2,5276.69,0,0.4279,483,13,0,0,0
TXN0000214,USR01573,MER0490,2949.23,UPI,Android,0,0,1,986.23,0,0.3185,164,7,0,0,0
TXN0000215,USR02580,MER0002,2424.67,UPI,Android,0,0,4,2016.7,0,0.3428,1162,14,1,0,0
TXN0000216,USR00953,MER0065,9166.42,UPI,Web,0,2,1,11938.17,0,0.1112,468,14,0,0,0
TXN0000217,USR00278,MER0022,3227.65,Card,Android,0,2,1,2023.17,0,0.2411,698,13,1,0,0
TXN0000218,USR00338,MER0184,3386.02,Card,Android,1,0,1,4032.29,0,0.3235,589,21,0,0,1
TXN0000219,USR01565,MER0469,4066.12,UPI,Android,0,0,1,2936.79,0,0.1838,1036,22,0,0,0
TXN0000220,USR03160,MER0301,2901.84,UPI,Web,1,1,2,3535.0,0,0.4287,1804,17,1,0,0
TXN0000221,USR00447,MER0309,2599.4,Card,Android,0,0,3,1469.98,0,0.2001,214,8,0,1,0
TXN0000222,USR01596,MER0043,859.89,Card,Web,0,0,1,2466.74,0,0.4561,486,23,0,0,0
TXN0000223,USR02465,MER0259,1260.86,Wallet,Android,0,3,2,2749.8,1,0.4255,651,20,0,1,1
TXN0000224,USR00709,MER0192,941.51,Card,Android,0,2,1,2729.62,0,0.5944,502,19,0,0,0
TXN0000225,USR02526,MER0240,1793.19,UPI,Android,0,0,1,1963.3,0,0.5254,643,22,0,0,0
TXN0000226,USR01071,MER0131,488.97,Card,iOS,0,0,3,1546.23,0,0.1339,257,16,1,0,0
TXN0000227,USR02831,MER0101,4517.63,Card,Web,0,1,8,7815.48,0,0.4788,858,5,1,0,0
TXN0000228,USR02028,MER0477,2111.74,Card,Android,0,0,3,4927.94,1,0.0381,2160,11,0,0,0
TXN0000229,USR01915,MER0280,3338.43,UPI,Web,0,0,1,1209.41,0,0.4251,407,11,0,1,0
TXN0000230,USR00619,MER0206,909.84,Wallet,Android,0,1,1,1951.91,0,0.1613,794,7,1,0,0
TXN0000231,USR01622,MER0037,603.01,UPI,Android,0,0,1,1600.78,0,0.1267,1349,17,0,0,0
TXN0000232,USR02999,MER0382,505.83,UPI,Web,0,1,3,444.7,0,0.2519,802,13,0,0,0
TXN0000233,USR00069,MER0237,18241.26,UPI,Android,0,0,2,5692.64,0,0.0753,1732,20,1,0,0
TXN0000234,USR02655,MER0194,1126.64,Wallet,iOS,0,1,1,1287.64,0,0.5798,726,15,0,0,0
TXN0000235,USR01725,MER0334,4292.02,Card,Android,0,4,3,4639.64,0,0.4454,381,12,1,0,0
TXN0000236,USR02519,MER0066,4280.05,UPI,Android,0,4,1,1776.45,0,0.1071,389,18,0,0,0
TXN0000237,USR02322,MER0267,2855.38,UPI,Android,0,1,2,1595.01,1,0.3037,774,16,0,0,0
TXN0000238,USR01513,MER0432,3652.12,UPI,Web,0,1,1,2826.42,1,0.0503,689,14,0,0,0
TXN0000239,USR01081,MER0232,9840.39,Card,Web,0,0,1,15733.32,0,0.1068,1743,7,0,0,0
TXN0000240,USR02196,MER0001,1576.97,Card,Web,0,0,9,1193.89,0,0.2177,554,14,0,0,0
TXN0000241,USR00491,MER0115,428.48,Card,iOS,1,0,1,1199.93,0,0.353,339,13,0,0,1
TXN0000242,USR02045,MER0028,3536.82,Card,iOS,0,0,1,5825.67,0,0.255,894,17,0,0,0
TXN0000243,USR00332,MER0251,2558.95,Wallet,Android,0,4,3,959.78,0,0.1832,577,18,0,0,0
TXN0000244,USR02275,MER0183,2771.25,UPI,iOS,0,1,1,1140.95,0,0.2262,548,11,0,0,0
TXN0000245,USR02201,MER0067,2013.24,Wallet,Android,0,0,2,1544.59,0,0.5012,162,9,0,0,0
TXN0000246,USR00296,MER0344,249.18,UPI,Android,0,0,2,1050.79,0,0.2066,973,8,1,0,0
TXN0000247,USR02652,MER0089,325.82,Card,iOS,1,0,1,817.5,0,0.7503,359,16,0,0,0
TXN0000248,USR01456,MER0171,4628.41,Card,Android,0,3,1,7936.2,0,0.2035,655,7,1,0,0
TXN0000249,USR02755,MER0494,2315.0,NetBanking,Android,0,0,2,2753.94,0,0.9111,612,10,0,0,0
TXN0000250,USR00146,MER0034,1261.04,UPI,iOS,0,0,2,3261.65,0,0.1714,510,18,1,0,0
TXN0000251,USR00629,MER0124,2383.05,Card,Web,0,1,2,2991.35,0,0.02,1229,15,0,0,0
TXN0000252,USR01729,MER0159,9895.25,Card,Android,1,1,1,2914.22,0,0.0761,292,9,0,0,0
TXN0000253,USR00659,MER0255,4465.61,NetBanking,Android,1,0,2,3517.69,0,0.2385,1164,15,0,0,0
TXN0000254,USR01155,MER0123,2927.85,UPI,iOS,0,0,1,2629.29,0,0.3225,934,22,0,0,0
TXN0000255,USR02313,MER0486,801.5,Card,Android,0,2,1,1753.07,0,0.3224,1122,6,0,0,0
TXN0000256,USR00506,MER0003,593.54,UPI,Android,0,0,10,2030.76,0,0.5287,293,6,0,1,1
TXN0000257,USR02372,MER0475,2217.84,Wallet,Web,1,1,2,5645.37,0,0.2957,250,11,1,0,1
TXN0000258,USR00362,MER0268,491.51,Wallet,Android,1,0,1,1731.33,0,0.2334,341,7,0,1,0
TXN0000259,USR00614,MER0020,2493.52,Card,Android,0,1,2,2483.5,0,0.5307,801,6,0,0,0
TXN0000260,USR02057,MER0059,12551.21,Card,Android,0,0,1,10008.35,0,0.3126,494,11,0,0,0
TXN0000261,USR02778,MER0052,790.66,Card,Web,0,2,2,1665.49,0,0.546,474,22,1,0,0
TXN0000262,USR00598,MER0144,2270.13,Card,iOS,0,1,1,2145.42,0,0.5652,869,9,0,0,0
TXN0000263,USR01050,MER0167,7220.73,UPI,iOS,0,0,2,2636.05,0,0.2847,1160,16,0,0,0
TXN0000264,USR03238,MER0321,16961.61,Wallet,iOS,0,7,1,4355.37,0,0.0777,487,17,1,0,0
TXN0000265,USR03464,MER0156,9089.87,Card,Android,0,4,3,5487.46,0,0.1733,1753,13,0,0,0
TXN0000266,USR02034,MER0363,4523.15,UPI,Android,0,0,1,5392.96,0,0.1168,1609,19,0,1,0
TXN0000267,USR01565,MER0147,4752.88,Card,Android,0,1,1,2936.79,0,0.1771,347,20,1,0,0
TXN0000268,USR01215,MER0132,2545.37,UPI,Android,0,0,8,1011.03,0,0.1976,412,14,1,0,0
TXN0000269,USR02144,MER0138,459.23,Card,Android,0,1,1,2048.3,0,0.1801,851,23,0,0,0
TXN0000270,USR02069,MER0165,7250.63,Card,Web,0,0,1,2622.16,0,0.108,273,17,0,0,0
TXN0000271,USR01032,MER0419,969.27,Card,Android,1,0,1,1508.15,0,0.3143,188,7,0,0,0
TXN0000272,USR00080,MER0124,1167.21,UPI,Android,1,0,1,1803.6,0,0.0087,1396,11,1,0,0
TXN0000273,USR00531,MER0137,985.34,Card,Android,1,1,3,1337.46,0,0.1762,775,16,0,0,0
TXN0000274,USR03355,MER0479,2893.23,Card,Android,1,0,2,2415.51,0,0.3019,1376,6,1,0,0
TXN0000275,USR01464,MER0327,592.85,Card,Android,0,1,2,1387.2,0,0.0986,727,19,0,0,0
TXN0000276,USR01689,MER0096,2177.3,Card,Web,0,0,3,2809.91,0,0.0406,542,23,0,0,0
TXN0000277,USR01635,MER0435,1001.7,Card,Android,0,3,1,721.44,0,0.4447,939,7,0,0,0
TXN0000278,USR02740,MER0092,1007.72,Card,iOS,0,0,2,905.12,0,0.1272,440,10,0,0,0
TXN0000279,USR00228,MER0082,7509.02,UPI,iOS,0,1,1,6000.96,0,0.1712,848,17,1,0,0
TXN0000280,USR00290,MER0223,5040.8,UPI,Android,0,2,7,1459.06,0,0.1816,1823,12,0,0,0
TXN0000281,USR00966,MER0346,8008.44,UPI,Android,0,0,2,5109.11,0,0.1485,1703,2,0,0,0
TXN0000282,USR01704,MER0095,10047.14,Wallet,Android,0,1,2,4936.56,0,0.0557,922,18,0,0,0
TXN0000283,USR02349,MER0377,3373.7,UPI,Web,1,0,1,1730.78,0,0.168,938,15,1,0,0
TXN0000284,USR01718,MER0079,3390.84,Card,iOS,0,2,1,2620.06,0,0.2449,277,8,0,0,1
TXN0000285,USR01545,MER0391,4564.82,Card,Android,0,0,1,2440.93,0,0.4554,858,17,0,0,0
TXN0000286,USR03283,MER0048,7319.22,UPI,Android,0,2,2,4109.66,1,0.2243,1244,17,1,0,0
TXN0000287,USR00564,MER0233,14918.28,UPI,iOS,0,1,1,2283.03,0,0.2101,1415,22,0,0,0
TXN0000288,USR02002,MER0321,3559.55,UPI,Android,0,0,1,1556.79,0,0.0707,815,7,0,0,0
TXN0000289,USR01898,MER0133,837.82,UPI,Android,0,0,1,938.89,0,0.3438,698,13,0,0,0
TXN0000290,USR01658,MER0307,1820.65,UPI,iOS,0,0,1,3689.92,0,0.5766,107,12,0,0,0
TXN0000291,USR02827,MER0345,693.31,Wallet,Web,0,1,1,879.62,1,0.0252,432,7,0,0,0
TXN0000292,USR00935,MER0326,2401.62,NetBanking,Web,0,0,2,3206.01,0,0.378,680,7,0,0,0
TXN0000293,USR03339,MER0199,4697.25,UPI,iOS,0,2,1,3416.96,0,0.1476,361,6,0,0,0
TXN0000294,USR01161,MER0387,1435.63,UPI,Web,0,2,2,2498.74,0,0.8413,91,7,0,0,0
TXN0000295,USR01908,MER0366,1639.24,Card,Android,0,0,2,730.42,0,0.2049,1602,12,0,0,0
TXN0000296,USR01823,MER0164,958.6,NetBanking,Android,0,1,2,2740.67,0,0.7897,329,8,1,0,0
TXN0000297,USR02975,MER0367,2195.46,NetBanking,Android,0,0,2,7476.83,0,0.2122,875,19,1,0,0
TXN0000298,USR01537,MER0460,959.28,NetBanking,iOS,0,1,1,1111.5,0,0.0513,339,7,1,0,0
TXN0000299,USR00996,MER0409,950.34,UPI,iOS,0,1,2,1832.54,0,0.2336,265,20,0,0,0
TXN0000300,USR00076,MER0367,357.44,NetBanking,Web,0,0,2,929.73,0,0.1703,178,17,0,0,0
TXN0000301,USR01273,MER0384,3540.98,UPI,Android,0,1,1,5889.04,0,0.1934,452,7,0,0,0
TXN0000302,USR02893,MER0403,2340.5,UPI,Android,0,1,1,4257.29,0,0.4839,1731,2,0,0,0
TXN0000303,USR00035,MER0145,1171.25,Card,Android,0,0,1,1222.35,0,0.1545,1040,11,1,0,0
TXN0000304,USR03137,MER0361,1555.87,Card,iOS,0,0,1,2556.84,0,0.1973,496,7,0,0,0
TXN0000305,USR01900,MER0100,1051.23,Wallet,iOS,1,0,2,1629.28,0,0.1512,720,17,1,0,0
TXN0000306,USR00491,MER0180,1137.42,Card,iOS,0,0,2,1199.93,0,0.3298,708,18,0,0,0
TXN0000307,USR01058,MER0468,2952.47,Wallet,Android,1,1,2,1495.39,0,0.3083,1472,14,1,0,0
TXN0000308,USR01940,MER0142,5466.31,UPI,Android,0,0,2,1993.05,0,0.4831,491,10,0,0,0
TXN0000309,USR01105,MER0422,949.01,UPI,Android,0,1,3,896.98,0,0.0107,676,10,0,0,0
TXN0000310,USR00381,MER0212,1486.43,Wallet,Android,0,0,2,1328.41,0,0.2025,314,19,1,0,0
TXN0000311,USR02331,MER0105,17406.41,Card,Android,1,1,3,2793.47,0,0.2207,827,6,1,0,0
TXN0000312,USR02353,MER0049,3616.44,UPI,Web,0,0,2,2688.52,0,0.9455,1142,8,0,0,0
TXN0000313,USR00417,MER0275,1657.95,UPI,iOS,0,0,1,1316.03,0,0.2501,1377,17,1,0,0
TXN0000314,USR00985,MER0226,6369.0,Wallet,iOS,0,0,2,2577.53,0,0.1671,1449,21,0,1,0
TXN0000315,USR00854,MER0256,634.8,NetBanking,Android,0,1,1,2599.76,0,0.1013,389,7,0,0,0
TXN0000316,USR02308,MER0022,8857.2,Wallet,Android,1,0,2,11023.94,0,0.2581,1086,17,0,0,0
TXN0000317,USR02557,MER0135,3762.84,Card,Android,0,0,3,3098.62,0,0.214,657,21,0,0,0
TXN0000318,USR02545,MER0002,2450.75,Wallet,Android,0,0,1,2625.62,0,0.3621,1102,12,1,0,0
TXN0000319,USR03286,MER0152,1391.79,UPI,Android,1,1,11,2877.13,0,0.1256,482,8,1,0,0
TXN0000320,USR02691,MER0466,789.36,Card,Android,0,0,3,2114.92,0,0.3276,1436,13,0,0,0
TXN0000321,USR01123,MER0077,5144.55,Card,Web,0,0,10,3026.44,1,0.4738,1750,18,0,0,1
TXN0000322,USR00378,MER0345,730.79,NetBanking,Web,0,2,2,1324.93,0,0.0566,186,14,0,0,0
TXN0000323,USR02152,MER0003,442.04,UPI,Web,0,0,1,1644.07,0,0.5643,497,10,0,0,0
TXN0000324,USR03207,MER0281,10667.78,NetBanking,Android,0,2,1,6052.64,0,0.3183,148,17,1,0,0
TXN0000325,USR03414,MER0461,5959.99,Card,Android,0,0,1,4502.36,0,0.1617,829,16,0,0,0
TXN0000326,USR00806,MER0171,1613.02,UPI,Android,0,0,1,1843.26,0,0.2,471,14,0,0,0
TXN0000327,USR00828,MER0099,634.35,Card,iOS,0,0,2,1288.3,0,0.3154,1297,8,0,0,0
TXN0000328,USR00131,MER0286,1194.28,UPI,Android,0,0,10,1362.37,0,0.2698,965,21,1,0,1
TXN0000329,USR00495,MER0140,5421.68,Card,Android,1,0,9,2375.44,0,0.6015,1151,14,0,0,1
TXN0000330,USR01942,MER0446,649.4,UPI,Android,0,0,1,2183.37,0,0.2664,317,20,0,0,0
TXN0000331,USR01914,MER0425,684.71,Wallet,Android,1,1,2,2219.56,0,0.2613,1083,21,1,0,0
TXN0000332,USR01299,MER0327,828.19,Card,Android,0,0,1,1368.18,0,0.0798,746,18,1,0,0
TXN0000333,USR01085,MER0320,2065.67,Wallet,Android,0,0,1,2213.64,0,0.3494,399,18,0,0,0
TXN0000334,USR02905,MER0302,2328.93,UPI,Android,0,0,1,3499.92,0,0.4303,973,17,1,1,0
TXN0000335,USR01611,MER0368,1676.74,Wallet,Web,0,0,1,1109.63,0,0.4041,655,15,0,0,0
TXN0000336,USR02829,MER0231,5240.18,Wallet,Android,0,0,2,2515.31,0,0.2536,1148,7,0,0,0
TXN0000337,USR03372,MER0485,4648.9,Card,Android,0,0,1,3998.49,1,0.2024,204,20,1,0,0
TXN0000338,USR01110,MER0173,9134.01,UPI,Web,0,0,2,6414.07,0,0.2847,546,18,0,0,0
TXN0000339,USR00710,MER0005,5542.84,NetBanking,Web,0,0,3,4790.31,0,0.1613,363,15,0,0,0
TXN0000340,USR03336,MER0350,1582.96,Wallet,Android,0,1,2,1652.77,0,0.1428,293,15,0,0,0
TXN0000341,USR02222,MER0332,1061.01,Wallet,iOS,0,1,3,2830.86,0,0.024,1700,13,0,0,0
TXN0000342,USR01019,MER0491,2500.8,UPI,Android,0,5,4,1368.5,0,0.0652,408,9,0,0,0
TXN0000343,USR02177,MER0198,2358.91,Wallet,iOS,0,0,1,965.22,0,0.1876,175,16,0,0,0
TXN0000344,USR01803,MER0213,4376.3,UPI,Web,0,0,1,5119.86,0,0.6568,764,15,0,0,0
TXN0000345,USR03170,MER0282,1343.67,Card,Android,0,1,1,1195.02,0,0.0766,769,10,0,0,1
TXN0000346,USR00896,MER0197,1311.26,Card,Android,0,4,1,3913.59,0,0.4055,429,18,0,0,0
TXN0000347,USR03470,MER0393,5346.53,UPI,iOS,0,2,2,5334.41,1,0.2663,158,23,1,0,1
TXN0000348,USR03277,MER0215,1463.5,UPI,iOS,0,0,3,2889.22,0,0.2421,999,9,1,0,0
TXN0000349,USR00633,MER0392,811.97,Card,Web,0,2,1,1843.26,0,0.3382,72,15,1,0,0
TXN0000350,USR00577,MER0213,437.19,UPI,Android,0,3,4,720.99,1,0.7219,391,23,1,0,1
TXN0000351,USR01867,MER0113,358.17,Card,Android,0,0,2,843.67,0,0.8714,633,5,1,0,0
TXN0000352,USR00158,MER0496,1190.96,UPI,iOS,0,0,2,808.94,0,0.1913,1827,21,0,0,0
TXN0000353,USR01046,MER0264,1321.89,UPI,Android,0,1,9,1568.35,0,0.2328,65,7,1,0,0
TXN0000354,USR01523,MER0354,1597.03,Card,Android,1,1,1,933.5,0,0.2125,899,13,0,0,0
TXN0000355,USR03393,MER0296,3433.48,NetBanking,Android,0,0,2,4967.38,0,0.387,127,22,1,1,0
TXN0000356,USR03474,MER0180,1577.73,Card,Android,0,2,1,2221.28,0,0.3556,320,18,0,0,0
TXN0000357,USR00531,MER0487,4901.84,UPI,Android,0,1,3,1337.46,0,0.2895,1188,11,1,0,0
TXN0000358,USR03121,MER0186,360.04,NetBanking,iOS,0,0,2,1217.83,0,0.289,162,12,0,0,0
TXN0000359,USR00319,MER0497,11859.33,NetBanking,Android,0,1,2,4944.56,0,0.0361,1157,18,0,0,0
TXN0000360,USR02621,MER0216,17771.04,Card,Android,0,1,1,5676.37,0,0.1246,506,14,0,0,0
TXN0000361,USR02960,MER0012,2713.02,Card,iOS,0,1,1,1643.25,0,0.3585,459,18,0,0,0
TXN0000362,USR03118,MER0019,1262.29,UPI,Android,1,0,1,1683.48,0,0.0579,718,8,0,0,0
TXN0000363,USR00782,MER0487,10488.06,Card,iOS,0,0,3,3946.65,0,0.3269,603,9,1,0,0
TXN0000364,USR03128,MER0264,1104.88,Wallet,Web,0,0,2,1464.34,0,0.1891,292,0,0,0,1
TXN0000365,USR00406,MER0194,1053.11,NetBanking,Android,0,0,2,1840.27,0,0.615,857,13,0,0,0
TXN0000366,USR01817,MER0406,3035.99,UPI,Web,0,0,4,4221.07,0,0.2942,839,20,0,0,0
TXN0000367,USR01644,MER0309,1541.69,UPI,Web,1,0,1,2443.47,0,0.235,283,16,0,0,0
TXN0000368,USR01106,MER0331,1264.05,Wallet,Android,1,2,1,2627.12,0,0.0695,273,2,0,0,0
TXN0000369,USR00078,MER0343,10671.55,Wallet,Web,0,1,3,5044.89,0,0.3233,1607,9,0,0,0
TXN0000370,USR02703,MER0100,1869.27,Card,Android,0,0,3,3429.56,0,0.2261,561,18,0,1,0
TXN0000371,USR01175,MER0045,11504.78,UPI,Web,0,2,1,2202.5,0,0.104,1761,6,0,0,0
TXN0000372,USR02316,MER0365,1052.64,Card,iOS,0,0,2,3129.33,0,0.0833,1832,7,0,0,0
TXN0000373,USR01436,MER0011,3610.07,Card,Web,0,2,1,3711.9,0,0.2143,1645,17,1,0,1
TXN0000374,USR01308,MER0360,480.16,UPI,Android,0,0,1,1160.25,0,0.4343,1683,6,0,0,0
TXN0000375,USR03103,MER0065,379.96,UPI,iOS,0,1,1,934.51,0,0.1691,1107,3,0,1,0
TXN0000376,USR00331,MER0132,2133.11,UPI,Android,1,0,2,2426.06,0,0.2608,789,10,0,0,0
TXN0000377,USR02579,MER0354,1523.84,Card,Web,0,1,1,748.42,0,0.2399,453,20,1,0,0
TXN0000378,USR02614,MER0312,2745.0,UPI,Android,1,0,3,2101.56,0,0.2308,361,9,1,0,0
TXN0000379,USR01330,MER0391,2808.22,Card,Android,0,0,2,2046.2,0,0.456,822,10,0,0,0
TXN0000380,USR00919,MER0306,1648.36,UPI,Web,0,1,2,1902.79,0,0.1726,134,20,0,0,0
TXN0000381,USR00019,MER0024,3333.4,UPI,Android,0,0,2,4462.25,0,0.2868,1237,10,0,0,0
TXN0000382,USR03279,MER0420,1677.18,NetBanking,iOS,0,1,4,997.5,0,0.1913,522,13,1,0,0
TXN0000383,USR03318,MER0108,2203.45,Card,Android,0,1,1,3474.71,0,0.9499,375,1,0,0,1
TXN0000384,USR00844,MER0069,7751.92,UPI,Android,0,0,3,4468.92,0,0.9503,477,10,0,0,0
TXN0000385,USR00112,MER0440,6934.17,Card,Web,0,0,1,2993.91,0,0.1445,439,11,0,0,0
TXN0000386,USR00430,MER0098,1282.19,UPI,Web,0,1,1,2470.38,0,0.7863,103,10,0,0,0
TXN0000387,USR00237,MER0269,482.58,Card,Android,0,0,3,836.44,0,0.3979,459,17,1,0,0
TXN0000388,USR02909,MER0243,5652.06,UPI,iOS,0,1,1,8801.49,0,0.1077,507,9,0,0,0
TXN0000389,USR03122,MER0385,727.49,NetBanking,Android,0,0,1,2199.13,0,0.2171,723,14,0,0,0
TXN0000390,USR00537,MER0023,1424.83,UPI,Web,0,0,2,2100.17,0,0.3339,1853,13,0,0,0
TXN0000391,USR02614,MER0054,5102.48,Wallet,iOS,0,0,2,2101.56,1,0.1009,681,10,0,0,0
TXN0000392,USR00628,MER0208,1092.88,Card,Android,1,0,2,2439.09,0,0.3361,610,0,1,0,0
TXN0000393,USR01286,MER0237,9660.97,UPI,Android,0,0,3,3911.62,0,0.0562,1105,8,0,1,1
TXN0000394,USR02098,MER0395,731.79,Wallet,Android,1,0,2,1051.08,0,0.3745,289,15,0,0,0
TXN0000395,USR02520,MER0303,10279.81,UPI,Web,0,1,2,2358.62,0,0.2597,385,13,0,0,0
TXN0000396,USR03061,MER0075,860.36,Card,Android,0,1,1,1477.72,0,0.0707,357,6,0,0,0
TXN0000397,USR00157,MER0490,5137.84,Wallet,Android,0,0,1,5991.25,0,0.2807,1075,19,1,0,0
TXN0000398,USR00688,MER0230,1070.76,UPI,Android,0,0,1,2167.78,0,0.1103,471,17,1,0,0
TXN0000399,USR00982,MER0483,2480.96,UPI,iOS,0,0,1,4279.3,0,0.1591,344,22,0,0,0
TXN0000400,USR01087,MER0495,2337.53,Wallet,iOS,0,0,1,937.63,0,0.1093,1491,7,0,0,0
TXN0000401,USR03494,MER0026,1963.2,UPI,Android,0,3,2,1466.54,0,0.2906,731,12,0,0,0
TXN0000402,USR02721,MER0253,1497.14,NetBanking,Android,0,1,1,750.37,1,0.5082,519,6,0,0,0
TXN0000403,USR01122,MER0212,377.98,UPI,Android,0,2,8,1024.61,0,0.1656,545,11,0,0,0
TXN0000404,USR03402,MER0250,3055.57,UPI,iOS,0,1,1,2004.69,0,0.154,301,11,0,0,0
TXN0000405,USR01748,MER0155,714.38,UPI,Web,0,1,2,1511.49,0,0.919,366,7,1,0,0
TXN0000406,USR01753,MER0280,599.87,Card,Web,0,5,2,1651.74,0,0.4096,560,8,1,0,0
TXN0000407,USR01518,MER0247,3009.06,NetBanking,Android,0,0,2,2663.7,0,0.155,639,12,0,0,0
TXN0000408,USR00504,MER0094,2681.85,UPI,Android,0,0,1,2391.59,0,0.0854,541,22,1,0,0
TXN0000409,USR03271,MER0145,2019.67,Card,Android,1,1,4,2043.21,0,0.1595,604,7,0,0,0
TXN0000410,USR00049,MER0074,5294.35,UPI,iOS,1,1,1,3320.11,0,0.225,1662,20,0,0,1
TXN0000411,USR00610,MER0422,4622.67,UPI,iOS,1,0,2,2590.9,1,0.0293,602,0,1,0,1
TXN0000412,USR00804,MER0339,2925.74,UPI,Android,0,1,3,1067.53,0,0.2637,900,15,1,0,0
TXN0000413,USR00978,MER0194,543.03,Card,Android,0,0,1,1345.09,0,0.5926,485,6,1,0,0
TXN0000414,USR00462,MER0198,1757.53,Card,Android,1,2,1,626.54,0,0.1536,817,21,0,0,0
TXN0000415,USR00063,MER0040,2783.39,UPI,Android,0,0,4,754.58,0,0.0664,1627,7,0,0,0
TXN0000416,USR02372,MER0145,4125.34,NetBanking,Web,0,0,3,5645.37,0,0.2063,609,14,0,0,0
TXN0000417,USR03393,MER0463,1421.31,UPI,Android,0,0,1,4967.38,0,0.4526,385,5,1,0,0
TXN0000418,USR00427,MER0016,1524.78,Wallet,iOS,0,0,1,4340.43,0,0.4469,677,21,1,0,0
TXN0000419,USR01038,MER0074,3749.94,UPI,Web,0,0,1,5497.39,0,0.2047,67,7,0,0,0
TXN0000420,USR01773,MER0424,8774.84,Card,Android,1,0,1,2163.45,0,0.5097,1046,12,0,1,0
TXN0000421,USR03247,MER0261,902.85,UPI,Android,0,0,2,937.54,0,0.1856,379,21,1,1,0
TXN0000422,USR02430,MER0017,213.08,Card,Android,0,1,1,349.34,0,0.211,1125,17,0,0,0
TXN0000423,USR02682,MER0245,3317.46,Wallet,iOS,0,0,12,5712.68,1,0.0134,1194,23,0,0,0
TXN0000424,USR02034,MER0375,1979.28,Card,Android,0,0,2,5392.96,0,0.4677,1487,12,1,0,0
TXN0000425,USR01460,MER0173,3208.46,UPI,Web,1,0,1,1796.96,0,0.2976,1185,12,1,0,0
TXN0000426,USR00700,MER0191,1909.95,Card,iOS,0,1,2,2145.48,0,0.1221,2063,8,0,0,0
TXN0000427,USR03026,MER0316,30533.96,UPI,iOS,0,1,2,7077.79,0,0.3085,1550,7,1,0,0
TXN0000428,USR02815,MER0300,14907.89,UPI,iOS,0,1,2,9969.99,0,0.1284,452,8,0,0,0
TXN0000429,USR00088,MER0452,4361.22,Card,Android,0,9,1,2522.37,0,0.0284,675,19,1,1,0
TXN0000430,USR02504,MER0124,343.43,NetBanking,iOS,1,0,3,429.8,0,0.0091,670,14,0,0,0
TXN0000431,USR00296,MER0139,455.67,UPI,iOS,0,0,9,1050.79,0,0.1916,806,8,0,0,0
TXN0000432,USR02587,MER0078,588.52,Card,Android,0,0,2,1160.49,0,0.4096,1135,20,0,0,0
TXN0000433,USR02891,MER0333,553.51,Wallet,Android,0,0,1,1559.53,0,0.4923,662,13,0,0,0
TXN0000434,USR00459,MER0267,1827.63,Card,Android,0,2,2,997.54,0,0.2695,567,20,0,0,0
TXN0000435,USR01519,MER0174,596.13,Card,Android,0,0,2,826.84,0,0.0773,420,12,1,0,0
TXN0000436,USR00434,MER0348,3825.03,UPI,Android,0,0,2,2025.4,0,0.2058,357,18,0,1,0
TXN0000437,USR01986,MER0189,1667.96,UPI,Android,0,0,2,1590.01,0,0.2295,784,21,0,0,0
TXN0000438,USR03247,MER0098,722.29,UPI,Web,0,2,2,937.54,0,0.7831,129,18,0,0,0
TXN0000439,USR00284,MER0270,402.46,Card,Android,1,1,2,982.13,0,0.3896,532,15,1,0,0
TXN0000440,USR01392,MER0219,1478.05,UPI,Android,0,1,3,1250.51,0,0.2599,705,16,1,1,0
TXN0000441,USR03406,MER0203,797.8,Card,Android,0,0,2,981.68,0,0.2114,380,16,0,0,0
TXN0000442,USR01054,MER0223,14817.09,Card,Android,0,0,1,8135.27,0,0.1744,284,20,0,0,0
TXN0000443,USR00463,MER0458,479.5,UPI,Web,0,0,1,843.73,1,0.578,314,4,1,0,0
TXN0000444,USR01711,MER0108,4920.1,Card,Android,0,0,1,3319.22,0,0.9361,371,11,1,0,0
TXN0000445,USR01780,MER0138,11308.26,Card,Android,0,0,4,3647.79,0,0.2414,357,22,1,0,0
TXN0000446,USR02321,MER0283,1620.02,Card,Android,0,0,2,1399.62,0,0.1501,527,10,1,0,0
TXN0000447,USR01099,MER0024,2408.4,Card,Android,0,0,1,1438.43,0,0.3451,734,8,0,0,0
TXN0000448,USR03345,MER0073,7245.46,UPI,iOS,0,0,2,5046.09,0,0.2008,758,10,0,0,0
TXN0000449,USR01824,MER0284,26121.12,Card,Android,0,0,2,759.63,0,0.2062,823,10,1,0,1
TXN0000450,USR01003,MER0255,1313.11,Wallet,iOS,0,0,3,1056.4,0,0.253,522,8,0,1,0
TXN0000451,USR03361,MER0327,2367.75,Card,Android,0,0,2,1503.76,0,0.0578,571,12,0,0,0
TXN0000452,USR03237,MER0057,1844.22,Card,iOS,0,0,2,1990.08,0,0.3591,1215,15,0,0,1
TXN0000453,USR01748,MER0427,823.28,UPI,Android,0,1,2,1511.49,0,0.184,1785,10,0,0,0
TXN0000454,USR00088,MER0243,1005.33,Wallet,Android,1,0,1,2522.37,0,0.0803,1731,19,1,1,0
TXN0000455,USR02090,MER0078,4574.66,UPI,Android,0,0,2,1931.6,0,0.3613,416,13,0,0,0
TXN0000456,USR01944,MER0156,3379.42,UPI,Android,0,0,2,7342.82,0,0.2374,1016,18,0,0,0
TXN0000457,USR00519,MER0114,3935.58,UPI,Android,0,0,1,2418.23,0,0.3625,250,17,0,0,0
TXN0000458,USR02219,MER0227,6962.54,Wallet,iOS,0,1,2,5424.97,0,0.1564,365,10,0,0,0
TXN0000459,USR02943,MER0235,35080.6,Card,Web,0,0,1,2020.41,0,0.0672,677,9,0,0,0
TXN0000460,USR00371,MER0217,509.37,Wallet,iOS,1,0,1,775.7,0,0.8074,186,14,0,0,0
TXN0000461,USR02532,MER0231,3801.51,Card,Android,0,0,2,7061.97,0,0.261,78,19,0,0,0
TXN0000462,USR00492,MER0454,838.69,Wallet,Android,0,0,1,671.43,0,0.3429,533,20,0,0,0
TXN0000463,USR02621,MER0480,4374.65,Card,Web,0,0,2,5676.37,0,0.2945,539,4,0,0,0
TXN0000464,USR01467,MER0245,613.64,Card,Android,0,0,1,1565.16,0,0.0528,1110,10,0,0,0
TXN0000465,USR00023,MER0482,14143.52,UPI,Android,0,0,2,3682.23,0,0.8114,875,9,1,0,0
TXN0000466,USR03382,MER0410,1697.35,Card,Web,0,0,5,3154.67,0,0.2039,956,6,1,0,0
TXN0000467,USR00581,MER0410,1299.28,Card,Android,1,0,1,2793.32,0,0.212,1143,10,1,0,0
TXN0000468,USR02087,MER0113,1474.71,UPI,iOS,1,0,1,1845.59,0,0.8728,296,7,0,0,0
TXN0000469,USR00636,MER0220,3818.73,UPI,Android,0,0,2,1628.83,0,0.3665,965,9,1,0,0
TXN0000470,USR03266,MER0177,354.99,UPI,iOS,0,0,1,1776.03,0,0.3693,725,17,1,0,0
TXN0000471,USR02585,MER0049,1515.08,UPI,Android,1,1,3,686.02,1,0.9767,706,9,0,0,1
TXN0000472,USR02816,MER0038,2395.2,Card,Web,0,0,2,4853.64,0,0.0647,802,8,0,0,0
TXN0000473,USR01513,MER0312,3252.64,Card,Android,0,0,1,2826.42,0,0.2594,266,15,0,0,0
TXN0000474,USR01636,MER0211,504.75,NetBanking,Android,0,0,1,863.33,0,0.4603,392,14,0,0,0
TXN0000475,USR02221,MER0413,8092.99,Card,iOS,0,1,2,2027.53,0,0.1506,80,7,0,0,0
TXN0000476,USR02747,MER0335,11351.51,Card,Android,0,0,1,2267.21,0,0.0698,288,18,0,0,0
TXN0000477,USR02965,MER0043,1715.58,Card,Android,0,0,1,3002.89,0,0.396,730,23,0,0,0
TXN0000478,USR00063,MER0420,577.88,Card,Android,1,0,9,754.58,0,0.2036,1245,13,0,0,0
TXN0000479,USR02323,MER0249,858.1,UPI,Android,0,1,1,845.72,0,0.1982,1122,8,0,0,0
TXN0000480,USR00383,MER0283,2320.28,UPI,Web,0,0,2,2146.33,0,0.121,2031,19,0,0,0
TXN0000481,USR01008,MER0483,10250.01,UPI,iOS,0,1,3,7856.72,0,0.1338,728,21,1,0,0
TXN0000482,USR02904,MER0321,1176.38,Card,Android,0,1,1,1237.95,0,0.0829,1269,7,0,0,0
TXN0000483,USR00877,MER0012,193.03,UPI,Android,0,1,1,546.97,0,0.312,865,15,0,0,0
TXN0000484,USR02789,MER0089,1274.21,Card,Android,0,0,2,1711.41,0,0.7724,1902,21,1,0,0
TXN0000485,USR01621,MER0214,2064.21,NetBanking,Web,0,1,3,1402.08,0,0.4332,721,13,1,0,0
TXN0000486,USR00815,MER0019,1372.42,Card,Android,0,0,1,2337.05,0,0.0261,330,18,1,0,0
TXN0000487,USR01170,MER0084,8531.22,UPI,Android,0,1,2,5525.26,0,0.1957,1259,8,1,0,0
TXN0000488,USR01858,MER0396,1492.03,Card,Android,0,0,1,1533.12,0,0.2806,343,17,0,0,0
TXN0000489,USR02679,MER0072,1955.03,Card,iOS,0,5,2,2404.1,0,0.2885,59,16,0,0,1
TXN0000490,USR02122,MER0084,49296.51,Wallet,iOS,0,0,3,5977.28,0,0.1326,255,8,1,0,0
TXN0000491,USR03267,MER0253,400.68,Wallet,iOS,0,0,2,1472.34,0,0.5392,1624,7,0,1,1
TXN0000492,USR03038,MER0046,965.27,UPI,Web,0,0,1,1650.17,0,0.2255,435,17,1,0,0
TXN0000493,USR02637,MER0128,10736.9,NetBanking,iOS,0,0,1,4647.54,0,0.5166,305,8,0,0,0
TXN0000494,USR02111,MER0469,7475.09,UPI,Web,0,0,1,2104.21,0,0.1847,1150,19,0,0,0
TXN0000495,USR01015,MER0316,3541.83,UPI,Android,0,0,2,718.01,0,0.3499,381,12,0,0,0
TXN0000496,USR01445,MER0482,2480.68,UPI,Android,0,1,10,2515.01,0,0.8017,1178,14,1,0,0
TXN0000497,USR00417,MER0178,1740.74,UPI,Android,0,1,2,1316.03,0,0.2627,457,15,0,0,0
TXN0000498,USR01310,MER0309,2889.42,UPI,iOS,0,1,8,1686.25,0,0.1921,138,12,0,0,0
TXN0000499,USR03243,MER0120,5015.98,UPI,Android,0,1,1,2105.55,0,0.2617,800,9,0,0,0
TXN0000500,USR01491,MER0190,1503.14,UPI,Android,1,0,9,1261.29,1,0.1692,3159,6,0,0,0
TXN0000501,USR00399,MER0088,3258.77,UPI,iOS,0,1,1,1758.61,1,0.1625,890,9,0,0,0
TXN0000502,USR02282,MER0417,2589.39,NetBanking,Android,0,1,1,1954.99,0,0.1238,318,9,0,0,0
TXN0000503,USR03370,MER0093,1854.65,Card,iOS,1,0,2,1338.7,0,0.3426,807,20,0,0,0
TXN0000504,USR03037,MER0103,476.37,Card,iOS,0,0,1,970.12,0,0.4474,557,22,0,0,0
TXN0000505,USR00960,MER0232,785.5,Wallet,Web,0,2,4,1046.65,1,0.0813,385,8,0,1,0
TXN0000506,USR01589,MER0215,12329.21,Card,iOS,0,0,5,1900.36,0,0.3099,366,11,1,0,0
TXN0000507,USR01859,MER0157,1117.06,UPI,Android,0,1,1,2764.06,0,0.1757,559,15,0,0,0
TXN0000508,USR00868,MER0179,427.14,NetBanking,Android,0,0,1,1474.8,0,0.0726,430,23,0,0,0
TXN0000509,USR00941,MER0148,1310.13,UPI,Android,0,0,2,1868.51,1,0.2276,851,6,1,0,0
TXN0000510,USR00829,MER0457,833.43,UPI,Android,0,0,3,1059.49,1,0.2205,82,22,1,0,0
TXN0000511,USR03482,MER0291,1135.0,Wallet,iOS,0,0,1,1106.28,0,0.0495,415,9,0,0,0
TXN0000512,USR02612,MER0460,7722.38,UPI,iOS,0,0,2,5441.16,0,0.0159,941,19,1,0,0
TXN0000513,USR02943,MER0494,2200.64,UPI,iOS,1,0,1,2020.41,0,0.9228,334,19,0,0,0
TXN0000514,USR02858,MER0326,2145.56,Wallet,iOS,0,0,1,2713.87,0,0.3342,292,15,0,0,0
TXN0000515,USR03358,MER0413,1068.83,Card,iOS,0,2,1,2171.58,0,0.0982,923,6,0,0,0
TXN0000516,USR00369,MER0056,3057.78,UPI,iOS,1,0,1,1709.5,0,0.2084,366,16,1,0,0
TXN0000517,USR03086,MER0475,1499.33,NetBanking,Android,0,1,2,1696.1,0,0.2648,781,10,1,0,0
TXN0000518,USR00233,MER0242,2166.01,Wallet,Android,1,0,3,3111.84,0,0.4556,121,8,0,0,0
TXN0000519,USR01664,MER0357,2344.42,Wallet,Android,0,0,3,2818.72,1,0.034,1215,8,0,0,0
TXN0000520,USR02081,MER0123,393.81,UPI,iOS,0,0,1,701.66,0,0.34,1404,12,0,0,0
TXN0000521,USR01253,MER0048,664.41,Wallet,Web,0,0,2,1023.51,0,0.2642,2094,12,1,0,0
TXN0000522,USR00512,MER0443,1069.12,Card,Web,0,2,3,1685.07,0,0.1194,1100,17,0,0,0
TXN0000523,USR00674,MER0225,1030.33,Card,Android,0,0,2,1332.11,0,0.3537,380,16,0,0,0
TXN0000524,USR02887,MER0070,8833.33,UPI,Web,0,2,2,1430.25,0,0.0193,370,14,0,0,0
TXN0000525,USR01116,MER0330,7549.25,Card,Web,0,0,1,1404.81,0,0.9611,1050,10,0,0,1
TXN0000526,USR01087,MER0028,2716.26,UPI,Android,0,0,1,937.63,0,0.2368,938,22,1,0,0
TXN0000527,USR03232,MER0226,7836.48,NetBanking,Android,0,1,1,3443.0,1,0.1593,400,20,1,1,0
TXN0000528,USR00504,MER0353,9305.3,Card,Web,0,0,1,2391.59,0,0.6299,321,18,1,0,0
TXN0000529,USR03204,MER0361,3945.28,Card,Android,0,0,1,2772.99,0,0.2199,468,7,0,0,0
TXN0000530,USR03224,MER0227,2020.4,UPI,Web,0,0,1,1436.57,1,0.1033,421,12,0,0,0
TXN0000531,USR02095,MER0185,1294.73,UPI,Android,0,0,1,1933.32,0,0.1629,688,6,1,0,0
TXN0000532,USR00580,MER0420,3945.71,Card,Android,0,0,3,2288.51,0,0.2236,232,17,1,0,0
TXN0000533,USR00546,MER0093,747.32,Wallet,Android,1,1,2,1260.03,0,0.3169,1243,18,0,0,0
TXN0000534,USR00997,MER0038,415.18,Card,Android,0,2,2,1258.2,0,0.0167,320,12,0,0,0
TXN0000535,USR02021,MER0079,19462.77,UPI,iOS,0,0,2,6817.9,0,0.2346,323,10,0,0,0
TXN0000536,USR00538,MER0401,595.92,UPI,Android,1,0,4,1539.96,0,0.1945,1807,19,1,0,0
TXN0000537,USR01595,MER0235,2730.6,UPI,Android,0,0,1,2092.89,0,0.0918,907,9,0,0,0
TXN0000538,USR00405,MER0019,1566.43,Card,Web,0,2,2,3103.84,0,0.0869,304,12,0,0,0
TXN0000539,USR01891,MER0085,5358.66,Card,Android,0,2,2,2503.06,0,0.9297,503,11,0,0,0
TXN0000540,USR00075,MER0015,3796.22,UPI,Android,0,0,1,1607.5,0,0.0898,528,19,0,0,0
TXN0000541,USR02482,MER0408,1846.41,UPI,Web,0,1,2,1326.09,0,0.3663,1300,19,0,0,0
TXN0000542,USR00194,MER0231,1339.4,Card,Web,0,1,2,573.98,0,0.2587,685,8,0,0,0
TXN0000543,USR00682,MER0035,4709.4,Card,iOS,1,0,2,4924.77,0,0.3105,375,8,0,0,1
TXN0000544,USR00612,MER0111,16406.7,UPI,Android,1,0,1,3452.45,0,0.513,930,8,0,0,0
TXN0000545,USR02909,MER0309,14327.21,Card,Android,0,0,2,8801.49,0,0.2239,2026,7,0,0,0
TXN0000546,USR00187,MER0297,1589.83,Card,iOS,1,0,4,3196.39,0,0.3759,1077,18,1,0,0
TXN0000547,USR01503,MER0410,5727.19,UPI,Web,0,0,1,5726.52,0,0.2002,2140,20,0,1,0
TXN0000548,USR02070,MER0013,2418.03,UPI,iOS,0,0,4,2837.02,0,0.4375,1843,17,1,0,0
TXN0000549,USR01806,MER0035,1299.02,UPI,Android,0,0,1,1635.45,0,0.2952,526,7,0,0,0
TXN0000550,USR02383,MER0018,818.02,Wallet,iOS,0,0,1,2835.63,0,0.115,248,9,0,0,0
TXN0000551,USR02811,MER0198,4055.59,UPI,iOS,0,0,1,3227.0,0,0.1753,201,10,0,0,0
TXN0000552,USR01378,MER0364,572.16,NetBanking,Web,0,2,1,1631.36,0,0.2536,622,22,0,0,0
TXN0000553,USR02899,MER0332,817.26,Card,Android,0,0,2,5293.55,0,0.0362,1122,18,0,0,0
TXN0000554,USR01113,MER0106,2506.0,Wallet,Android,0,0,1,3374.94,0,0.0309,1153,9,0,0,0
TXN0000555,USR03446,MER0329,873.9,NetBanking,Android,1,0,3,1583.22,0,0.1056,1176,18,0,0,0
TXN0000556,USR01766,MER0329,2610.01,UPI,Web,0,0,2,5102.15,0,0.1123,980,17,0,0,0
TXN0000557,USR02577,MER0096,133.47,Card,Web,0,3,1,1310.44,0,0.0629,243,21,0,0,0
TXN0000558,USR03063,MER0375,620.89,UPI,Android,0,2,1,1204.42,0,0.484,873,15,1,0,0
TXN0000559,USR02775,MER0212,479.83,UPI,Android,0,0,3,571.61,0,0.1892,1292,19,0,0,0
TXN0000560,USR02979,MER0030,1377.1,Wallet,iOS,0,1,2,2285.47,0,0.2059,1111,11,0,1,0
TXN0000561,USR01878,MER0196,2130.14,UPI,Android,0,0,1,1694.35,0,0.3043,365,16,0,0,0
TXN0000562,USR00153,MER0385,4465.83,Wallet,iOS,0,1,3,1722.44,0,0.1744,283,6,0,1,0
TXN0000563,USR01726,MER0349,13040.02,Wallet,Android,1,0,1,9452.12,0,0.2286,372,21,0,0,0
TXN0000564,USR00636,MER0135,3244.18,Card,Web,0,0,1,1628.83,0,0.1799,835,12,0,0,0
TXN0000565,USR03112,MER0379,9410.84,Card,Android,0,0,1,4451.72,0,0.0621,182,19,0,0,0
TXN0000566,USR00829,MER0195,483.94,Wallet,Web,1,1,2,1059.49,0,0.1165,334,7,1,0,0
TXN0000567,USR00799,MER0231,4083.32,UPI,Android,0,1,5,3129.11,0,0.2188,414,7,1,0,0
TXN0000568,USR00873,MER0044,7417.78,Card,Android,1,0,2,3809.0,1,0.1199,655,15,1,0,0
TXN0000569,USR02249,MER0499,1055.63,UPI,Android,0,0,1,1518.96,0,0.1543,1270,9,1,0,0
TXN0000570,USR02000,MER0420,1842.96,UPI,Android,1,1,2,3423.36,0,0.146,2358,19,1,0,0
TXN0000571,USR03321,MER0098,3343.89,UPI,Android,0,0,2,2399.45,0,0.7914,139,15,0,0,0
TXN0000572,USR01457,MER0281,373.54,UPI,iOS,0,0,1,1141.14,0,0.3343,782,20,1,0,0
TXN0000573,USR00988,MER0391,3666.14,UPI,Android,1,0,2,8435.96,0,0.4921,2658,8,0,0,0
TXN0000574,USR00173,MER0253,963.36,Card,Web,0,0,1,1636.79,0,0.5018,780,19,0,0,0
TXN0000575,USR00025,MER0106,3634.78,Card,Android,0,0,2,2762.62,0,0.0514,1310,19,0,0,0
TXN0000576,USR01308,MER0485,1292.08,NetBanking,Android,0,1,2,1160.25,0,0.1402,509,21,0,0,0
TXN0000577,USR03241,MER0135,3026.59,Wallet,Android,0,0,3,1513.05,0,0.1557,1049,5,1,0,0
TXN0000578,USR01834,MER0168,1949.22,Wallet,iOS,0,1,3,3979.57,0,0.1946,975,19,0,0,0
TXN0000579,USR03128,MER0186,690.09,NetBanking,Android,1,0,1,1464.34,0,0.2783,611,8,0,0,0
TXN0000580,USR00356,MER0446,5080.09,Wallet,Android,0,0,3,3662.38,1,0.2316,212,11,1,0,0
TXN0000581,USR00327,MER0251,1134.72,UPI,Android,0,0,3,2120.02,0,0.1909,889,18,0,0,0
TXN0000582,USR02918,MER0360,723.32,UPI,Android,0,0,2,1174.24,0,0.4572,1594,19,1,0,0
TXN0000583,USR00374,MER0451,383.38,UPI,Android,0,0,1,1534.42,1,0.0089,181,22,0,0,0
TXN0000584,USR00182,MER0465,5239.09,UPI,Android,0,0,1,4467.1,0,0.2315,1001,7,0,0,0
TXN0000585,USR01415,MER0429,6712.67,Wallet,iOS,1,0,1,2326.27,1,0.338,690,0,0,0,0
TXN0000586,USR03237,MER0454,902.21,Card,Android,1,0,2,1990.08,1,0.3179,1202,17,1,0,1
TXN0000587,USR02413,MER0475,3877.35,Wallet,Android,0,0,2,1953.31,1,0.2502,726,18,1,0,0
TXN0000588,USR00347,MER0496,4164.17,UPI,iOS,0,0,5,4568.96,0,0.169,2630,17,1,0,0
TXN0000589,USR02930,MER0322,964.79,NetBanking,Android,0,0,2,3615.58,0,0.3545,408,15,1,0,0
TXN0000590,USR02953,MER0066,576.98,UPI,Android,0,1,1,1155.18,0,0.191,646,14,0,0,0
TXN0000591,USR02803,MER0057,538.91,UPI,iOS,0,0,1,1128.0,0,0.3634,2259,8,1,0,0
TXN0000592,USR03160,MER0399,2677.31,NetBanking,Android,0,0,3,3535.0,0,0.3633,488,18,0,0,1
TXN0000593,USR00840,MER0159,3734.9,UPI,iOS,0,0,1,2902.79,0,0.0637,195,18,0,0,0
TXN0000594,USR03429,MER0403,5242.24,Card,iOS,0,0,3,1455.76,0,0.4941,608,19,1,0,1
TXN0000595,USR01123,MER0468,1027.33,UPI,Web,1,0,1,3026.44,0,0.2772,270,14,1,0,0
TXN0000596,USR02808,MER0323,3127.46,Wallet,Android,0,0,2,4661.14,0,0.2622,926,10,0,0,0
TXN0000597,USR02028,MER0383,2459.15,Card,iOS,1,1,2,4927.94,0,0.0,1153,18,0,0,0
TXN0000598,USR02729,MER0140,2880.27,Wallet,Android,0,0,1,7544.57,0,0.5768,1870,17,0,0,0
TXN0000599,USR02198,MER0218,1214.51,Card,iOS,0,0,1,1191.99,0,0.2305,1686,16,1,0,0
TXN0000600,USR02249,MER0483,1446.42,Card,Android,0,0,2,1518.96,0,0.1624,758,18,0,0,0
TXN0000601,USR02157,MER0409,379.57,Card,iOS,0,1,1,1472.88,0,0.2236,77,17,0,0,0
TXN0000602,USR02727,MER0103,1304.26,Card,Android,0,2,4,1353.33,0,0.4757,128,20,0,0,0
TXN0000603,USR02587,MER0469,463.46,Card,Android,0,0,2,1160.49,0,0.1751,363,19,0,0,0
TXN0000604,USR00471,MER0250,921.02,UPI,Android,0,0,1,960.03,0,0.1232,876,19,1,0,0
TXN0000605,USR02892,MER0422,4354.1,Wallet,Web,1,1,1,1835.06,0,0.0267,683,14,1,0,0
TXN0000606,USR01877,MER0261,3144.63,UPI,iOS,1,0,1,2368.57,0,0.1551,183,23,0,0,0
TXN0000607,USR01131,MER0302,5071.58,UPI,iOS,1,0,10,4691.91,0,0.4471,616,14,1,0,1
TXN0000608,USR01800,MER0081,2491.63,Card,iOS,0,0,1,3833.0,0,0.8628,480,18,0,0,0
TXN0000609,USR03385,MER0170,6187.28,Card,Android,0,0,2,6198.77,0,0.9137,895,12,0,0,0
TXN0000610,USR03002,MER0362,3600.04,Card,Android,1,0,6,2522.88,0,0.0727,240,20,0,0,0
TXN0000611,USR02918,MER0422,1560.21,NetBanking,iOS,0,0,3,1174.24,0,0.0544,333,13,0,0,0
TXN0000612,USR01620,MER0045,2938.13,Card,iOS,0,1,2,3317.5,0,0.1124,296,8,0,1,0
TXN0000613,USR02745,MER0039,3832.94,NetBanking,iOS,0,1,2,3445.68,0,0.242,1747,19,0,0,0
TXN0000614,USR01348,MER0347,13036.99,Card,Android,0,0,3,7421.44,0,0.1083,706,23,0,0,0
TXN0000615,USR02402,MER0224,522.48,UPI,iOS,0,0,2,931.98,0,0.9596,1112,8,0,0,0
TXN0000616,USR02239,MER0425,1989.45,Card,iOS,0,0,3,1256.61,0,0.2479,1391,15,0,0,0
TXN0000617,USR00875,MER0035,1892.57,UPI,Android,1,0,2,1085.1,0,0.2648,808,20,1,0,0
TXN0000618,USR00933,MER0175,1067.37,NetBanking,Android,0,1,1,1048.97,0,0.303,1062,16,1,0,0
TXN0000619,USR00214,MER0018,4196.06,UPI,Android,0,1,2,1520.88,0,0.059,1397,13,0,0,0
TXN0000620,USR00490,MER0355,1755.25,UPI,Android,0,1,2,1279.97,0,0.0948,890,22,0,0,0
TXN0000621,USR01518,MER0429,2142.27,Card,iOS,0,3,2,2663.7,0,0.311,67,20,1,0,0
TXN0000622,USR01673,MER0079,1216.81,UPI,Android,0,0,2,3078.53,0,0.2708,1139,9,0,0,0
TXN0000623,USR00578,MER0162,3701.87,UPI,iOS,0,0,1,1381.2,0,0.1493,351,21,0,0,0
TXN0000624,USR01460,MER0423,2976.43,UPI,iOS,0,0,1,1796.96,0,0.455,449,10,0,0,0
TXN0000625,USR02115,MER0021,7121.24,Wallet,Android,0,1,4,2050.94,0,0.3505,826,18,0,0,0
TXN0000626,USR00814,MER0477,30340.27,UPI,iOS,0,0,2,6701.6,0,0.0762,215,10,0,0,0
TXN0000627,USR01184,MER0444,1359.73,Card,Android,0,0,2,3610.64,0,0.1613,678,14,0,0,0
TXN0000628,USR01287,MER0077,1606.43,Card,Android,0,0,1,4257.72,0,0.4773,786,20,0,0,0
TXN0000629,USR01768,MER0070,148.26,NetBanking,Android,0,0,2,1224.69,0,0.0509,291,21,1,0,0
TXN0000630,USR01283,MER0346,23683.15,NetBanking,iOS,0,1,3,2386.3,0,0.1577,744,18,1,0,0
TXN0000631,USR02580,MER0006,3077.54,NetBanking,Android,0,0,2,2016.7,0,0.1882,265,17,0,0,0
TXN0000632,USR01147,MER0253,1465.41,UPI,Android,0,1,1,1435.81,1,0.5328,432,10,0,0,0
TXN0000633,USR01519,MER0033,325.31,Card,Web,0,0,3,826.84,0,0.2668,1218,10,0,0,0
TXN0000634,USR01329,MER0266,1675.15,Wallet,Web,0,0,2,1877.63,0,0.1645,294,10,0,0,0
TXN0000635,USR00641,MER0176,1911.54,UPI,Web,1,0,1,1759.31,0,0.1736,542,20,0,0,0
TXN0000636,USR02401,MER0354,4765.53,UPI,Android,0,1,3,2851.5,0,0.2078,168,11,1,0,0
TXN0000637,USR00825,MER0441,375.87,NetBanking,iOS,0,1,2,324.63,0,0.9015,274,22,1,0,0
TXN0000638,USR01040,MER0245,5392.07,UPI,iOS,0,1,1,3514.83,0,0.0,715,0,1,0,0
TXN0000639,USR02775,MER0321,497.25,UPI,Android,0,0,2,571.61,0,0.1076,1941,17,1,0,0
TXN0000640,USR03322,MER0301,8560.06,UPI,Android,0,0,3,3843.72,0,0.4477,495,6,0,0,0
TXN0000641,USR02348,MER0493,4031.53,UPI,Android,0,5,1,2689.35,0,0.3983,538,7,0,0,0
TXN0000642,USR03208,MER0116,288.16,NetBanking,Web,0,1,1,712.03,0,0.1544,786,18,1,0,0
TXN0000643,USR02990,MER0120,3124.51,UPI,iOS,0,2,3,1208.09,0,0.2269,1611,18,0,0,0
TXN0000644,USR01684,MER0190,6672.53,UPI,Android,0,0,1,2902.55,0,0.1225,856,22,0,0,0
TXN0000645,USR02697,MER0369,6088.49,UPI,Android,0,0,1,4577.98,0,0.1517,694,0,1,0,0
TXN0000646,USR01150,MER0433,2479.93,Card,Web,0,1,1,2129.98,0,0.264,633,3,0,0,0
TXN0000647,USR01612,MER0140,7242.43,Wallet,iOS,1,1,2,2306.56,0,0.6976,339,21,0,0,0
TXN0000648,USR01875,MER0055,2347.89,Card,Web,0,0,2,8000.48,0,0.8864,2524,11,1,0,0
TXN0000649,USR03362,MER0305,2872.99,Card,Android,0,1,1,1235.74,0,0.2651,333,12,1,0,0
TXN0000650,USR02970,MER0299,3166.99,Card,Web,0,0,1,4691.02,0,0.3611,2011,15,0,0,0
TXN0000651,USR01713,MER0188,6188.04,UPI,Android,0,0,2,2956.75,1,0.0508,552,11,1,0,0
TXN0000652,USR02285,MER0093,2564.86,UPI,Android,0,0,1,2472.51,0,0.3625,882,8,0,0,0
TXN0000653,USR00709,MER0425,1061.05,NetBanking,Web,0,0,1,2729.62,0,0.2037,729,16,0,0,0
TXN0000654,USR02816,MER0424,3229.2,Wallet,Android,0,0,3,4853.64,0,0.4913,112,20,0,0,0
TXN0000655,USR01936,MER0374,2303.34,UPI,iOS,0,1,2,1160.34,0,0.466,180,8,1,0,0
TXN0000656,USR01865,MER0290,2107.54,Wallet,Android,0,0,2,2577.64,0,0.1783,357,9,0,0,1
TXN0000657,USR02682,MER0131,3473.69,Wallet,iOS,0,1,1,5712.68,0,0.1441,356,14,0,0,0
TXN0000658,USR02216,MER0202,1224.87,Wallet,Android,0,0,3,2024.09,0,0.1743,704,7,1,0,0
TXN0000659,USR00254,MER0035,4380.01,Wallet,Android,1,1,1,2899.77,0,0.3093,668,8,0,0,0
TXN0000660,USR01009,MER0125,7210.61,NetBanking,Android,0,0,1,2149.2,0,0.4128,1110,6,0,0,0
TXN0000661,USR00619,MER0226,397.47,UPI,Web,1,0,2,1951.91,1,0.1504,1141,19,1,0,0
TXN0000662,USR02573,MER0219,6838.68,UPI,Web,0,0,2,957.05,0,0.2117,448,12,0,0,0
TXN0000663,USR00124,MER0041,1422.49,NetBanking,iOS,0,1,1,1291.38,0,0.2982,429,17,0,0,0
TXN0000664,USR00709,MER0479,3942.93,Card,Web,0,0,1,2729.62,0,0.2808,408,9,1,0,0
TXN0000665,USR02092,MER0135,1114.01,Card,iOS,1,1,1,1603.32,1,0.1779,1568,7,0,0,0
TXN0000666,USR02432,MER0255,2507.75,UPI,Android,0,0,2,2643.01,0,0.2499,453,13,0,0,0
TXN0000667,USR01762,MER0233,2115.68,UPI,Android,0,0,2,1936.27,0,0.1874,364,0,0,0,0
TXN0000668,USR03013,MER0235,1259.3,NetBanking,iOS,0,0,1,2817.66,1,0.1117,570,16,0,0,0
TXN0000669,USR03217,MER0423,1032.04,UPI,Android,0,0,4,1937.94,0,0.4466,1162,7,1,1,0
TXN0000670,USR00463,MER0374,1883.19,Card,Android,0,0,1,843.73,0,0.4581,1037,18,0,0,0
TXN0000671,USR03334,MER0434,820.84,UPI,Android,0,1,2,2638.65,0,0.2082,186,19,0,0,0
TXN0000672,USR02151,MER0190,2239.52,NetBanking,Web,0,1,1,1713.8,0,0.1498,635,13,0,0,0
TXN0000673,USR02227,MER0133,1493.94,UPI,Android,0,0,2,2050.72,0,0.3071,355,22,1,0,0
TXN0000674,USR00333,MER0214,1123.75,NetBanking,Android,0,0,1,2359.34,0,0.4368,604,21,1,0,0
TXN0000675,USR02177,MER0281,3797.67,UPI,iOS,0,1,1,965.22,0,0.4196,1930,13,1,0,0
TXN0000676,USR02541,MER0169,615.91,NetBanking,iOS,0,0,1,1287.36,0,0.2745,131,17,0,0,0
TXN0000677,USR02033,MER0231,871.19,UPI,Android,0,1,1,2066.34,1,0.2617,1204,21,1,0,0
TXN0000678,USR00296,MER0076,873.65,Wallet,iOS,0,0,1,1050.79,0,0.0481,1094,22,0,0,0
TXN0000679,USR01832,MER0292,889.91,Card,Android,0,0,3,1626.98,0,0.0671,1256,11,0,0,0
TXN0000680,USR03276,MER0357,1458.71,UPI,Android,1,0,4,1526.47,0,0.0562,2056,14,1,0,0
TXN0000681,USR02532,MER0264,7512.82,UPI,iOS,0,0,1,7061.97,0,0.1956,1359,17,0,0,0
TXN0000682,USR00481,MER0437,930.26,Wallet,Web,0,0,2,825.93,0,0.2598,1770,17,0,0,0
TXN0000683,USR03360,MER0498,704.16,Card,iOS,0,0,2,809.33,0,0.9109,109,17,0,0,0
TXN0000684,USR03357,MER0453,1478.21,UPI,Android,0,0,3,2576.39,0,0.3411,294,10,0,0,0
TXN0000685,USR00593,MER0047,4254.32,UPI,Android,0,0,4,2814.22,1,0.3415,895,14,0,0,0
TXN0000686,USR02804,MER0441,1738.88,Wallet,Android,0,1,2,1981.12,0,0.8769,585,8,0,0,0
TXN0000687,USR01424,MER0167,2324.35,Card,Android,0,0,2,3491.33,0,0.3044,433,12,0,0,0
TXN0000688,USR02078,MER0226,11613.25,Card,Android,0,1,1,4206.17,0,0.159,1213,19,0,0,0
TXN0000689,USR01559,MER0206,298.74,Card,Android,1,2,1,342.72,0,0.112,1059,18,1,0,0
TXN0000690,USR02740,MER0143,7624.88,UPI,Android,0,1,2,905.12,0,0.1584,1878,21,0,0,0
TXN0000691,USR03489,MER0439,5063.22,UPI,Android,0,0,2,2200.49,0,0.0043,26,7,0,0,0
TXN0000692,USR02783,MER0319,2326.23,UPI,Android,0,0,2,967.66,0,0.0235,1821,13,1,0,0
TXN0000693,USR03260,MER0484,4297.71,NetBanking,Android,1,0,4,2746.83,0,0.2579,1042,16,0,0,0
TXN0000694,USR03312,MER0478,585.32,UPI,Android,0,2,1,615.61,0,0.4158,407,18,1,0,0
TXN0000695,USR00316,MER0210,515.84,Card,Android,0,1,2,567.87,0,0.4189,916,19,1,0,0
TXN0000696,USR00887,MER0364,1971.1,UPI,Android,0,1,1,2470.34,0,0.2396,2220,13,0,0,0
TXN0000697,USR02527,MER0252,590.78,UPI,Android,0,0,1,2956.05,0,0.164,720,21,1,0,0
TXN0000698,USR02066,MER0248,2878.42,Card,Android,0,0,2,1803.45,0,0.0912,700,13,0,0,0
TXN0000699,USR00176,MER0370,1438.12,Card,Android,1,1,1,1267.85,0,0.3794,412,22,0,0,0
TXN0000700,USR00333,MER0345,4066.41,Wallet,Web,0,1,3,2359.34,0,0.0469,1254,11,1,0,0
TXN0000701,USR01822,MER0456,2113.46,UPI,Android,0,0,2,2417.1,1,0.0811,461,20,0,0,0
TXN0000702,USR02157,MER0387,2261.19,Wallet,iOS,0,1,2,1472.88,0,0.7879,636,8,0,0,0
TXN0000703,USR00588,MER0312,350.08,NetBanking,iOS,0,1,1,992.25,0,0.2484,953,17,1,0,0
TXN0000704,USR00600,MER0460,483.59,NetBanking,Android,0,0,1,1179.8,0,0.0303,364,10,1,0,0
TXN0000705,USR00453,MER0052,119.42,UPI,iOS,1,0,2,746.58,0,0.4934,85,23,0,0,0
TXN0000706,USR01978,MER0382,1870.28,Card,Android,0,0,1,2165.86,0,0.2798,911,22,1,0,0
TXN0000707,USR00028,MER0197,439.9,NetBanking,Android,1,0,3,806.56,0,0.4372,2585,16,1,0,0
TXN0000708,USR02004,MER0217,2480.66,Wallet,Android,0,0,1,4997.61,0,0.8199,214,22,0,0,0
TXN0000709,USR01666,MER0391,5678.31,UPI,Android,0,0,8,4691.27,0,0.4782,692,23,0,0,0
TXN0000710,USR01631,MER0137,381.27,Wallet,Android,0,1,1,544.5,0,0.1395,1251,20,1,0,0
TXN0000711,USR02378,MER0442,240.12,Wallet,Android,0,0,1,708.38,0,0.3288,740,7,0,0,0
TXN0000712,USR01830,MER0250,8899.12,Wallet,Android,0,0,1,1497.39,0,0.136,1475,15,0,1,0
TXN0000713,USR02548,MER0175,897.34,UPI,Web,0,0,1,968.82,0,0.3268,436,8,0,0,0
TXN0000714,USR02674,MER0165,443.15,Card,Android,0,0,1,1016.16,0,0.1163,923,21,0,0,0
TXN0000715,USR03221,MER0211,235.81,Card,Android,0,1,1,401.55,0,0.477,1053,16,0,0,0
TXN0000716,USR02798,MER0472,3047.65,UPI,iOS,0,1,1,3629.28,0,0.0465,204,18,0,0,0
TXN0000717,USR01812,MER0052,2284.31,Wallet,Web,0,0,1,2724.39,0,0.4825,631,10,0,1,0
TXN0000718,USR01723,MER0254,6993.94,UPI,Android,0,0,1,2879.12,0,0.1125,942,19,0,0,0
TXN0000719,USR00825,MER0418,291.63,UPI,iOS,0,0,2,324.63,0,0.4457,268,13,0,0,1
TXN0000720,USR02099,MER0237,9700.88,Wallet,Android,0,0,1,2681.74,0,0.0539,436,10,0,0,0
TXN0000721,USR00487,MER0284,3540.93,UPI,Web,0,0,1,5082.15,1,0.2861,620,6,1,0,0
TXN0000722,USR03260,MER0175,3551.9,UPI,iOS,0,0,2,2746.83,0,0.3109,655,18,0,0,0
TXN0000723,USR02958,MER0069,5606.74,Wallet,Android,0,0,1,2823.97,0,0.9682,1652,20,0,0,0
TXN0000724,USR00420,MER0320,4311.23,Wallet,iOS,0,0,1,1916.91,0,0.3366,891,8,0,0,0
TXN0000725,USR02751,MER0460,19059.43,Wallet,Android,0,0,2,7791.35,0,0.0473,232,11,0,0,0
TXN0000726,USR00410,MER0261,1768.75,UPI,Android,0,0,2,2261.72,0,0.1535,1546,8,0,0,0
TXN0000727,USR02525,MER0217,1649.95,Card,Android,0,2,1,1741.42,0,0.8359,571,19,0,1,0
TXN0000728,USR00307,MER0065,614.18,UPI,iOS,0,1,2,3848.61,0,0.1368,684,22,0,0,0
TXN0000729,USR01709,MER0473,1492.96,UPI,Web,0,0,3,1807.39,0,0.3224,1894,7,0,0,0
TXN0000730,USR02303,MER0435,6287.73,UPI,Android,1,0,2,3012.88,0,0.4586,500,15,0,0,0
TXN0000731,USR02551,MER0451,5139.14,Card,iOS,0,1,2,2832.51,0,0.0345,1061,11,0,0,0
TXN0000732,USR01466,MER0180,1954.74,Card,iOS,0,1,1,2186.99,0,0.3486,409,13,1,0,0
TXN0000733,USR03226,MER0313,3525.32,UPI,Android,0,0,1,1090.45,0,0.3192,1493,9,0,0,0
TXN0000734,USR02711,MER0217,1915.65,Wallet,iOS,1,0,2,2655.26,0,0.8248,655,18,0,0,0
TXN0000735,USR00729,MER0118,1384.69,NetBanking,Web,0,5,1,2437.8,0,0.0556,614,12,0,0,0
TXN0000736,USR02350,MER0103,492.81,UPI,Android,0,0,1,725.75,0,0.4743,78,12,0,0,0
TXN0000737,USR02557,MER0192,1313.61,Wallet,Android,0,1,1,3098.62,0,0.6012,1130,7,1,0,0
TXN0000738,USR01168,MER0277,2166.77,Card,iOS,0,0,2,1455.16,0,0.4109,394,13,0,0,0
TXN0000739,USR02584,MER0062,22656.42,Card,iOS,1,1,1,3681.94,0,0.2101,1209,20,0,0,0
TXN0000740,USR03145,MER0352,3129.92,Card,Android,0,0,11,2120.86,0,0.2807,849,16,0,0,0
TXN0000741,USR02860,MER0229,1397.68,Card,Android,0,1,1,1980.13,0,0.5967,912,17,0,0,0
TXN0000742,USR02669,MER0441,1160.14,UPI,iOS,1,1,1,1271.7,0,0.8618,598,23,0,0,0
TXN0000743,USR02221,MER0140,401.86,Card,Android,0,0,2,2027.53,1,0.6232,636,19,0,0,0
TXN0000744,USR00947,MER0026,11727.26,UPI,Web,0,1,1,9403.05,0,0.289,322,19,0,0,0
TXN0000745,USR02784,MER0157,2674.52,UPI,Android,0,1,1,2618.51,1,0.1738,223,8,1,0,0
TXN0000746,USR01275,MER0487,1993.31,Card,Android,0,0,2,4628.25,0,0.2884,1876,19,0,0,0
TXN0000747,USR01863,MER0161,4726.62,UPI,iOS,1,0,1,5357.86,0,0.4286,1668,7,0,0,0
TXN0000748,USR01101,MER0352,831.88,Card,Android,0,0,1,1052.94,0,0.2003,226,14,0,0,0
TXN0000749,USR01096,MER0422,9679.04,Card,Android,1,0,1,2856.67,0,0.0444,296,7,1,0,0
TXN0000750,USR00552,MER0143,840.45,UPI,Android,0,0,1,1896.85,0,0.1407,665,20,0,0,0
TXN0000751,USR03365,MER0322,1849.22,Wallet,Web,0,2,1,1531.33,0,0.3787,494,22,1,0,0
TXN0000752,USR00518,MER0103,1614.96,UPI,Android,0,0,2,3723.49,0,0.4507,757,10,1,0,0
TXN0000753,USR00302,MER0182,1631.16,Card,iOS,0,0,2,2562.44,0,0.5283,398,19,0,0,0
TXN0000754,USR03277,MER0149,3354.48,UPI,Web,0,0,1,2889.22,0,0.1762,678,7,1,0,0
TXN0000755,USR01943,MER0337,3710.05,UPI,iOS,0,1,3,4541.36,0,0.3846,569,16,1,0,0
TXN0000756,USR01533,MER0438,993.96,Wallet,Android,0,0,2,1049.44,0,0.0318,1035,14,0,0,0
TXN0000757,USR02582,MER0127,1484.69,NetBanking,Android,0,1,1,1228.32,0,0.3166,894,8,1,0,0
TXN0000758,USR01342,MER0146,833.94,UPI,Android,0,0,1,1250.89,0,0.2882,951,16,0,0,0
TXN0000759,USR00448,MER0411,3977.97,UPI,Android,0,2,2,2212.64,0,0.143,513,13,0,0,0
TXN0000760,USR02554,MER0232,662.68,Card,Android,1,0,2,868.04,0,0.068,217,14,0,0,0
TXN0000761,USR00616,MER0257,3203.84,UPI,Android,0,0,2,3613.19,0,0.1997,2016,15,0,0,0
TXN0000762,USR01936,MER0353,1431.69,Wallet,iOS,0,1,2,1160.34,0,0.5841,1467,11,1,0,0
TXN0000763,USR03322,MER0069,4305.44,UPI,iOS,0,0,1,3843.72,0,0.965,659,15,0,0,0
TXN0000764,USR03277,MER0436,4370.29,UPI,iOS,0,0,1,2889.22,1,0.1251,344,2,0,0,1
TXN0000765,USR01263,MER0183,2102.89,UPI,Android,0,1,1,1759.62,0,0.1916,1227,13,0,0,0
TXN0000766,USR02732,MER0330,3201.58,UPI,Android,0,0,2,2401.14,0,0.9552,115,22,0,0,0
TXN0000767,USR02145,MER0217,2955.17,Wallet,Web,0,0,3,3926.79,0,0.814,2334,16,0,0,0
TXN0000768,USR01678,MER0377,716.32,Card,iOS,0,0,1,515.39,0,0.1399,900,21,0,0,0
TXN0000769,USR00490,MER0306,435.59,UPI,Android,1,0,2,1279.97,1,0.2331,273,8,1,0,0
TXN0000770,USR01318,MER0087,204.84,UPI,Android,0,0,2,717.04,1,0.1912,357,13,0,0,0
TXN0000771,USR02282,MER0094,6616.37,UPI,iOS,0,1,3,1954.99,0,0.1044,489,3,0,0,0
TXN0000772,USR03454,MER0439,693.36,Card,Android,0,0,3,3585.82,0,0.04,2654,12,1,0,0
TXN0000773,USR00018,MER0260,8025.34,Card,Android,0,1,1,3571.99,0,0.5322,580,20,0,0,0
TXN0000774,USR02513,MER0138,672.52,UPI,Android,0,0,1,1276.73,0,0.2316,1043,14,0,0,0
TXN0000775,USR02963,MER0072,9964.28,Wallet,Android,0,0,2,4458.31,0,0.2577,115,17,1,0,0
TXN0000776,USR03330,MER0065,475.23,Card,Android,0,0,1,2439.71,0,0.0942,1019,0,0,1,0
TXN0000777,USR01484,MER0460,1375.82,NetBanking,Android,0,0,1,1713.12,0,0.0453,1403,16,0,0,0
TXN0000778,USR00415,MER0489,4291.52,Card,Android,1,1,2,1583.67,0,0.3706,533,20,1,0,0
TXN0000779,USR00949,MER0197,1811.84,UPI,Web,0,1,3,1139.78,0,0.4569,386,10,0,0,0
TXN0000780,USR02977,MER0101,978.62,UPI,Web,0,0,3,1311.56,0,0.5123,496,13,0,0,0
TXN0000781,USR03073,MER0210,702.81,NetBanking,Android,0,0,10,2992.98,1,0.5011,778,22,1,0,0
TXN0000782,USR02230,MER0069,889.9,UPI,Android,0,1,1,2424.29,0,0.9443,711,18,0,0,0
TXN0000783,USR00430,MER0275,6388.87,UPI,Android,0,0,3,2470.38,0,0.2544,746,14,0,0,0
TXN0000784,USR00427,MER0314,3213.11,Card,Web,1,0,2,4340.43,0,0.049,392,13,0,0,0
TXN0000785,USR01674,MER0493,1568.27,Card,Android,0,0,2,1736.18,1,0.3596,540,15,0,0,0
TXN0000786,USR02059,MER0160,3884.07,Card,Web,0,0,1,3329.22,0,0.0672,1052,13,0,0,0
TXN0000787,USR00114,MER0099,1287.1,Card,iOS,0,0,1,3457.13,0,0.2986,353,7,0,0,0
TXN0000788,USR02402,MER0067,1188.63,UPI,iOS,0,0,2,931.98,0,0.4913,371,15,1,1,1
TXN0000789,USR01906,MER0189,2688.47,Card,Android,0,1,2,3823.24,0,0.1985,75,22,0,0,0
TXN0000790,USR00044,MER0301,1813.59,Wallet,iOS,0,0,2,1543.18,0,0.4385,653,8,0,0,0
TXN0000791,USR00335,MER0034,4023.55,UPI,Android,1,0,4,6413.22,0,0.1421,2333,13,1,0,0
TXN0000792,USR01591,MER0380,1145.89,UPI,iOS,0,1,1,3739.04,0,0.3252,1394,17,1,0,0
TXN0000793,USR02530,MER0231,1816.72,NetBanking,iOS,0,1,1,2598.0,1,0.273,387,16,0,0,0
TXN0000794,USR02889,MER0397,6367.79,UPI,Web,0,0,1,4220.24,0,0.0621,631,14,0,0,0
TXN0000795,USR01510,MER0232,1210.6,UPI,iOS,0,1,3,958.29,0,0.1002,325,17,0,0,0
TXN0000796,USR01034,MER0078,1868.14,UPI,Web,0,0,7,1920.67,0,0.4144,218,21,0,0,0
TXN0000797,USR03390,MER0011,6302.0,Card,Android,0,0,3,3470.2,0,0.2122,1952,12,1,0,0
TXN0000798,USR01605,MER0279,3544.15,Card,Android,0,1,1,4314.09,0,0.2696,797,22,1,0,0
TXN0000799,USR01104,MER0270,3704.49,Wallet,Android,0,0,1,3739.78,0,0.3812,122,21,0,0,0
TXN0000800,USR01549,MER0407,2116.77,UPI,Android,1,0,3,3143.46,0,0.1534,601,7,0,0,0
TXN0000801,USR00043,MER0439,2481.79,UPI,Android,0,0,1,1310.25,0,0.0,1022,18,0,0,0
TXN0000802,USR01057,MER0081,4127.18,Card,Android,0,0,2,3517.3,0,0.8206,870,14,0,0,0
TXN0000803,USR01805,MER0158,3962.81,UPI,Android,0,1,2,6221.21,0,0.1069,3158,10,0,1,0
TXN0000804,USR03215,MER0104,644.55,Card,Android,0,1,2,1979.61,0,0.0886,1571,21,0,0,0
TXN0000805,USR02584,MER0054,7760.22,Card,Android,0,0,2,3681.94,0,0.1345,633,11,0,0,0
TXN0000806,USR02735,MER0002,790.33,Wallet,iOS,0,1,1,1419.66,0,0.2993,1759,13,0,0,0
TXN0000807,USR01908,MER0042,731.8,UPI,Android,0,0,2,730.42,0,0.2918,370,7,1,0,0
TXN0000808,USR00388,MER0263,5263.8,UPI,Web,0,0,1,1017.13,0,0.0622,433,16,0,0,0
TXN0000809,USR01369,MER0076,6323.27,Wallet,Android,0,0,1,3732.77,0,0.0,1591,17,0,0,0
TXN0000810,USR03490,MER0098,2837.08,Card,Android,0,1,1,934.96,0,0.7555,176,22,0,0,0
TXN0000811,USR00155,MER0059,5271.39,UPI,Web,0,0,8,8164.07,0,0.2757,1875,13,0,0,0
TXN0000812,USR03078,MER0363,975.83,NetBanking,Web,0,0,2,474.46,0,0.1132,916,18,0,0,0
TXN0000813,USR02396,MER0318,2204.7,Card,Android,0,0,1,2273.66,0,0.1909,226,13,0,0,0
TXN0000814,USR00994,MER0482,2361.56,Card,Android,1,0,1,1907.49,0,0.8538,657,17,0,0,0
TXN0000815,USR02723,MER0056,18280.45,Wallet,Web,1,3,3,4485.39,0,0.2017,1091,10,0,0,1
TXN0000816,USR02930,MER0105,2814.06,Card,Web,0,1,1,3615.58,0,0.3098,475,19,0,0,0
TXN0000817,USR00152,MER0228,2864.7,UPI,Web,0,1,1,2970.11,0,0.0542,2760,20,1,0,0
TXN0000818,USR00373,MER0325,1144.94,UPI,Android,0,1,1,2306.35,0,0.1571,547,19,0,1,0
TXN0000819,USR02331,MER0066,5037.86,UPI,Android,0,0,1,2793.47,0,0.0868,297,8,1,0,0
TXN0000820,USR03497,MER0106,6802.24,Card,Android,0,2,1,10707.06,0,0.0377,296,8,0,0,0
TXN0000821,USR00084,MER0211,24609.46,Card,iOS,0,0,2,1439.39,0,0.4506,228,6,0,0,0
TXN0000822,USR02330,MER0010,175.06,Card,Android,0,0,2,603.7,0,0.3231,453,10,1,0,0
TXN0000823,USR00478,MER0198,21523.91,UPI,Android,1,0,3,3146.3,0,0.1755,655,18,1,0,0
TXN0000824,USR02276,MER0380,1796.99,Card,Web,0,0,2,3002.88,0,0.2645,1645,4,0,0,0
TXN0000825,USR02182,MER0264,8299.29,UPI,Android,0,0,1,5156.19,1,0.2416,74,18,1,0,0
TXN0000826,USR00317,MER0218,5822.55,Wallet,Android,0,0,2,6181.13,0,0.2514,423,6,0,0,0
TXN0000827,USR02383,MER0244,1834.59,Card,iOS,0,1,2,2835.63,0,0.1913,792,15,1,1,0
TXN0000828,USR03140,MER0474,1953.92,Card,Web,0,0,7,2713.29,0,0.1434,216,23,0,0,0
TXN0000829,USR03023,MER0261,561.02,UPI,Web,0,0,2,1087.93,0,0.1478,335,20,0,0,0
TXN0000830,USR00102,MER0268,2811.88,UPI,Android,0,1,11,1617.12,0,0.2352,584,11,0,1,0
TXN0000831,USR00861,MER0466,1740.61,Card,iOS,0,0,3,3893.3,0,0.3018,548,7,1,0,0
TXN0000832,USR00843,MER0079,3009.04,UPI,Web,0,1,1,3834.03,0,0.2643,550,18,0,0,0
TXN0000833,USR01587,MER0048,3120.28,Card,iOS,0,0,3,2558.32,0,0.3014,849,12,0,0,1
TXN0000834,USR00501,MER0225,3353.53,UPI,Android,0,2,1,1103.29,0,0.382,56,20,0,0,0
TXN0000835,USR02991,MER0160,1681.97,Card,iOS,0,0,3,1780.09,0,0.0,227,10,1,0,0
TXN0000836,USR02719,MER0102,1882.64,UPI,Android,0,0,1,2356.75,0,0.1986,852,6,0,0,0
TXN0000837,USR02830,MER0060,2813.42,UPI,Android,0,0,3,2428.76,0,0.2589,560,7,0,0,1
TXN0000838,USR00694,MER0440,240.78,Card,Android,0,0,2,1126.4,0,0.188,332,10,0,0,0
TXN0000839,USR00052,MER0308,764.99,Card,Android,0,1,3,1906.24,0,0.1793,580,6,0,0,0
TXN0000840,USR03188,MER0346,4976.63,UPI,iOS,0,1,2,6855.27,0,0.147,757,14,1,0,0
TXN0000841,USR01012,MER0060,1040.94,Card,Android,1,0,3,1828.44,0,0.2528,560,22,0,0,0
TXN0000842,USR02297,MER0171,1233.84,Wallet,Android,0,1,9,4107.15,0,0.1457,591,21,1,0,0
TXN0000843,USR03184,MER0311,8002.66,Card,Android,0,1,2,4536.58,0,0.4652,323,21,0,0,0
TXN0000844,USR00127,MER0264,1908.59,Card,iOS,0,0,1,1664.19,0,0.1633,588,10,0,0,0
TXN0000845,USR00020,MER0348,7064.81,UPI,Android,0,0,1,6713.6,0,0.2263,2360,14,0,0,0
TXN0000846,USR00020,MER0335,3874.67,UPI,Web,1,1,2,6713.6,0,0.0467,889,13,0,0,0
TXN0000847,USR00548,MER0207,1836.64,UPI,Web,1,0,1,1823.53,1,0.2264,717,8,1,0,0
TXN0000848,USR00181,MER0392,1797.22,NetBanking,iOS,0,1,2,1304.53,0,0.2827,225,7,0,0,0
TXN0000849,USR02870,MER0130,1531.93,UPI,Android,0,0,1,1948.87,0,0.8527,272,9,1,0,0
TXN0000850,USR02121,MER0041,2034.15,UPI,Android,0,1,2,1552.69,0,0.2493,191,22,0,0,0
TXN0000851,USR03431,MER0457,1493.53,UPI,Android,0,0,1,2785.17,1,0.2502,77,10,0,0,0
TXN0000852,USR02806,MER0012,2091.81,Wallet,Android,0,0,2,2050.0,0,0.3226,1391,13,0,0,0
TXN0000853,USR03372,MER0142,8658.27,UPI,Android,1,1,1,3998.49,0,0.5289,270,13,0,0,0
TXN0000854,USR00835,MER0058,19015.37,Wallet,iOS,0,2,1,8233.36,0,0.0918,832,9,0,0,0
TXN0000855,USR01008,MER0116,19438.07,UPI,iOS,0,0,1,7856.72,0,0.1739,1266,20,0,0,0
TXN0000856,USR02973,MER0198,19586.34,Wallet,Android,0,0,2,1921.47,0,0.17,1190,9,0,0,0
TXN0000857,USR00858,MER0065,5973.79,Wallet,Web,1,0,6,6138.74,0,0.1339,1139,8,0,0,0
TXN0000858,USR00201,MER0234,1525.56,UPI,Web,0,0,1,2215.52,0,0.4688,2469,18,0,0,0
TXN0000859,USR02342,MER0464,587.84,NetBanking,Android,0,1,2,2270.7,0,0.0769,36,21,0,0,0
TXN0000860,USR02804,MER0069,715.58,NetBanking,Web,0,0,2,1981.12,0,0.9152,279,8,1,1,0
TXN0000861,USR03389,MER0464,3238.71,UPI,Android,0,0,2,3842.7,0,0.0525,232,7,0,0,0
TXN0000862,USR03248,MER0206,749.76,Card,Android,1,0,2,852.11,0,0.1549,440,12,1,0,0
TXN0000863,USR00421,MER0297,1568.02,Card,iOS,0,1,2,596.31,0,0.3469,798,13,0,0,0
TXN0000864,USR02703,MER0221,8407.19,Wallet,Android,0,1,7,3429.56,0,0.1172,1041,14,0,0,0
TXN0000865,USR02962,MER0159,639.32,Card,iOS,0,0,1,1101.78,0,0.0525,228,12,1,0,1
TXN0000866,USR02444,MER0055,5126.27,Card,Web,0,0,1,2989.73,0,0.8779,617,15,1,0,0
TXN0000867,USR02870,MER0297,1314.9,UPI,Android,0,0,1,1948.87,0,0.3239,477,21,0,0,1
TXN0000868,USR02933,MER0459,2013.24,Wallet,Android,0,1,2,1294.68,0,0.1074,729,21,0,0,0
TXN0000869,USR01563,MER0261,1474.3,UPI,Android,1,0,1,867.49,0,0.1649,302,14,0,0,0
TXN0000870,USR00141,MER0300,5848.06,Card,Android,0,0,1,2513.82,0,0.2025,741,20,1,0,0
TXN0000871,USR01597,MER0322,433.58,UPI,iOS,0,0,2,649.87,0,0.3758,345,16,0,0,0
TXN0000872,USR00707,MER0195,4851.73,Wallet,iOS,0,1,2,2457.23,0,0.1667,1051,10,0,0,0
TXN0000873,USR00399,MER0061,434.35,Wallet,Web,0,0,1,1758.61,0,0.3662,260,16,0,0,1
TXN0000874,USR00438,MER0254,4539.88,UPI,Android,1,0,1,1876.91,0,0.1357,281,22,1,0,0
TXN0000875,USR02441,MER0435,2084.01,Wallet,Android,0,0,2,2230.68,0,0.4523,328,16,0,0,0
TXN0000876,USR01766,MER0158,4840.3,Wallet,Android,0,0,3,5102.15,0,0.0994,1254,15,0,0,0
TXN0000877,USR01890,MER0436,1335.39,UPI,iOS,0,2,2,6087.12,0,0.1461,734,19,0,0,0
TXN0000878,USR02609,MER0428,1002.78,UPI,Android,0,1,2,1394.61,0,0.0115,117,18,1,0,0
TXN0000879,USR01919,MER0123,10978.07,UPI,Android,0,0,2,4349.04,0,0.3234,1299,7,1,0,0
TXN0000880,USR02206,MER0288,1480.14,UPI,Android,1,5,1,2115.65,0,0.2387,439,20,0,0,0
TXN0000881,USR00302,MER0374,4074.12,Wallet,iOS,0,1,2,2562.44,0,0.5292,797,20,1,0,0
TXN0000882,USR02979,MER0248,2228.77,UPI,Android,0,0,1,2285.47,0,0.1467,233,22,0,0,0
TXN0000883,USR01571,MER0350,7708.29,Card,Android,0,0,2,3770.37,0,0.1119,1175,11,0,0,1
TXN0000884,USR00544,MER0456,2439.95,UPI,iOS,0,0,3,2234.67,0,0.1089,383,21,0,0,0
TXN0000885,USR02847,MER0314,2304.57,UPI,iOS,0,0,2,4738.88,0,0.0902,848,15,0,0,0
TXN0000886,USR02572,MER0419,2588.09,Card,Android,0,1,1,2612.42,0,0.2798,697,6,0,0,0
TXN0000887,USR00186,MER0401,6223.52,UPI,Web,1,0,2,2065.68,0,0.1871,391,19,0,0,0
TXN0000888,USR00676,MER0407,947.81,Wallet,iOS,1,1,1,696.34,0,0.2095,310,12,1,0,0
TXN0000889,USR00056,MER0427,1110.38,UPI,iOS,1,1,2,1269.4,0,0.1914,1119,15,0,0,0
TXN0000890,USR00948,MER0113,7616.06,Card,iOS,0,0,1,1577.94,1,0.8897,737,22,0,0,0
TXN0000891,USR00350,MER0010,3325.11,Card,iOS,0,0,2,1517.2,0,0.3492,514,21,1,0,0
TXN0000892,USR02485,MER0077,2380.17,Card,Web,0,1,2,1389.75,0,0.4868,389,23,0,0,0
TXN0000893,USR01829,MER0125,2015.67,Card,Android,0,0,2,1686.18,0,0.4257,361,17,0,0,0
TXN0000894,USR03431,MER0346,33743.76,UPI,Android,0,0,3,2785.17,1,0.114,219,19,0,0,0
TXN0000895,USR02623,MER0255,2638.5,Wallet,Web,0,0,2,1601.66,0,0.2119,407,13,1,0,0
TXN0000896,USR02141,MER0235,847.15,Card,Android,0,0,5,4287.69,0,0.039,432,16,0,0,0
TXN0000897,USR01783,MER0005,5407.32,Wallet,Android,0,0,1,4277.63,0,0.1429,578,12,1,0,0
TXN0000898,USR00191,MER0342,1577.89,UPI,Android,0,0,2,1862.4,0,0.1871,560,23,0,0,0
TXN0000899,USR00246,MER0183,873.05,UPI,Android,0,1,2,1315.32,0,0.2406,289,14,0,0,0
TXN0000900,USR02158,MER0381,4338.63,UPI,iOS,1,0,3,5250.24,1,0.4178,669,10,1,0,0
TXN0000901,USR00016,MER0057,1597.66,UPI,Android,0,1,2,5148.73,0,0.3382,769,18,0,0,0
TXN0000902,USR00149,MER0148,471.86,UPI,Android,0,0,1,1818.93,0,0.2033,542,13,0,0,0
TXN0000903,USR00767,MER0028,4438.56,UPI,Web,0,0,1,1901.89,0,0.2368,487,12,0,0,0
TXN0000904,USR03095,MER0143,5438.31,UPI,Android,0,2,1,4098.88,0,0.1461,685,13,1,0,0
TXN0000905,USR01607,MER0462,108.94,UPI,Web,0,0,2,650.78,0,0.3191,664,21,0,0,0
TXN0000906,USR02484,MER0246,1145.54,UPI,Android,1,0,2,1823.71,0,0.4113,1300,6,0,0,0
TXN0000907,USR01441,MER0220,8880.94,Wallet,Android,0,2,2,4952.59,0,0.3806,297,13,0,1,0
TXN0000908,USR00606,MER0137,2458.03,NetBanking,Android,0,1,2,3161.25,0,0.1168,1438,2,0,0,0
TXN0000909,USR01300,MER0133,34437.65,UPI,iOS,0,1,2,2321.28,0,0.3349,475,11,1,0,1
TXN0000910,USR00322,MER0334,3089.48,UPI,Web,0,0,1,1525.28,0,0.4462,151,18,1,0,0
TXN0000911,USR02696,MER0493,409.79,UPI,iOS,0,0,3,1144.22,0,0.3353,531,16,1,0,0
TXN0000912,USR00643,MER0374,2200.47,Wallet,Web,0,1,1,2564.75,0,0.4679,699,13,0,0,0
TXN0000913,USR01318,MER0369,493.99,NetBanking,Android,0,0,1,717.04,0,0.1561,1130,17,0,0,0
TXN0000914,USR03431,MER0237,974.39,UPI,Android,0,0,1,2785.17,0,0.0044,350,18,1,0,0
TXN0000915,USR02072,MER0050,249.95,UPI,Android,1,4,1,748.7,0,0.3078,1099,12,0,0,0
TXN0000916,USR01605,MER0362,2296.88,UPI,iOS,0,0,1,4314.09,0,0.0583,1573,9,0,0,0
TXN0000917,USR01901,MER0405,2886.58,UPI,Android,0,0,2,4814.06,0,0.2965,869,10,0,0,0
TXN0000918,USR02745,MER0256,4019.05,UPI,Android,0,0,1,3445.68,0,0.0407,1463,21,1,0,0
TXN0000919,USR00891,MER0046,4964.36,Card,iOS,0,0,2,2460.71,0,0.2168,1217,18,0,0,0
TXN0000920,USR02228,MER0357,2439.09,UPI,Android,0,1,2,1771.46,0,0.0056,949,21,1,0,0
TXN0000921,USR03055,MER0461,1792.05,UPI,iOS,0,1,4,1097.56,0,0.1896,202,18,0,0,0
TXN0000922,USR02004,MER0113,3923.54,Card,Android,0,1,2,4997.61,1,0.8831,451,9,1,0,0
TXN0000923,USR01563,MER0080,1273.8,Wallet,Android,0,1,1,867.49,0,0.0514,1025,13,1,1,0
TXN0000924,USR00508,MER0370,1717.75,UPI,Android,0,1,1,2009.42,0,0.3945,1274,8,0,0,0
TXN0000925,USR00870,MER0166,2509.27,Wallet,Web,0,0,1,3624.99,0,0.3748,332,16,0,0,0
TXN0000926,USR03312,MER0358,2295.07,UPI,Android,0,5,1,615.61,0,0.2532,408,6,0,0,0
TXN0000927,USR01895,MER0352,302.48,UPI,Android,0,0,1,1702.66,0,0.2352,502,7,0,0,0
TXN0000928,USR01055,MER0134,1413.09,UPI,Android,0,7,1,5723.37,0,0.3364,1167,15,0,0,0
TXN0000929,USR01465,MER0022,6534.0,UPI,Web,0,0,2,5214.67,1,0.2416,1085,8,0,0,0
TXN0000930,USR02024,MER0278,1956.56,UPI,Android,0,0,4,2489.23,0,0.1435,1007,5,0,0,0
TXN0000931,USR01882,MER0204,453.1,Card,Web,0,1,1,1340.42,1,0.8528,694,8,1,0,0
TXN0000932,USR02450,MER0428,2180.28,Wallet,Android,0,1,1,4897.73,0,0.0346,686,10,0,0,0
TXN0000933,USR00902,MER0179,1576.27,UPI,iOS,0,0,2,3224.03,1,0.103,604,20,1,0,0
TXN0000934,USR02273,MER0125,9205.35,UPI,Android,0,0,2,5090.13,0,0.4649,1166,12,0,0,0
TXN0000935,USR01550,MER0431,6034.22,UPI,Android,0,0,1,2649.87,0,0.1064,466,22,0,0,0
TXN0000936,USR03293,MER0368,13993.41,UPI,Web,0,0,1,4518.15,0,0.3958,718,7,1,0,0
TXN0000937,USR00553,MER0310,1592.66,Wallet,Android,0,0,5,5256.65,0,0.1803,404,10,1,1,0
TXN0000938,USR00520,MER0477,830.64,UPI,iOS,0,0,1,2336.77,0,0.0495,67,12,1,0,0
TXN0000939,USR01616,MER0392,2288.69,Card,Web,1,0,2,6764.11,0,0.3035,1237,19,0,0,1
TXN0000940,USR01780,MER0434,8776.69,Card,Android,0,0,2,3647.79,0,0.2594,536,19,0,1,0
TXN0000941,USR02419,MER0400,4568.58,Wallet,Web,0,0,2,3556.58,0,0.2261,1215,16,0,0,0
TXN0000942,USR01415,MER0201,2344.36,UPI,Android,1,0,3,2326.27,0,0.2453,304,16,0,0,0
TXN0000943,USR03199,MER0032,2970.79,UPI,Android,0,1,2,2647.18,0,0.5146,145,20,0,0,0
TXN0000944,USR01660,MER0304,1309.21,UPI,Android,0,0,2,1433.76,0,0.8745,181,6,0,0,0
TXN0000945,USR00453,MER0383,316.8,Card,iOS,0,2,1,746.58,0,0.0484,768,7,1,0,0
TXN0000946,USR00418,MER0496,31853.55,Card,Android,0,0,3,2360.01,0,0.1794,1738,18,0,0,0
TXN0000947,USR03407,MER0341,1182.92,Card,Android,0,0,1,1421.92,0,0.2355,475,22,1,0,0
TXN0000948,USR00470,MER0285,1213.69,UPI,iOS,0,0,4,3027.97,1,0.1696,168,14,1,0,0
TXN0000949,USR03318,MER0288,4997.79,UPI,Android,0,1,3,3474.71,0,0.2154,1086,9,0,0,0
TXN0000950,USR00974,MER0058,802.77,Card,Android,0,1,2,1146.68,0,0.0793,363,12,0,0,0
TXN0000951,USR00327,MER0004,2375.52,UPI,Android,0,0,1,2120.02,0,0.0657,1550,13,1,0,0
TXN0000952,USR01067,MER0023,762.55,NetBanking,Android,0,0,4,877.13,0,0.3765,318,11,1,0,0
TXN0000953,USR02152,MER0453,2971.21,Wallet,Android,1,0,3,1644.07,0,0.3118,1488,9,0,0,0
TXN0000954,USR01498,MER0396,4887.28,UPI,Android,0,0,4,4384.69,0,0.3193,885,14,1,0,0
TXN0000955,USR02750,MER0131,1238.2,Card,Web,0,0,2,2459.42,0,0.1828,1423,14,0,0,0
TXN0000956,USR02139,MER0212,1108.64,UPI,iOS,1,0,2,924.31,0,0.1848,740,7,1,0,0
TXN0000957,USR01403,MER0242,3534.23,NetBanking,Web,1,1,1,2878.07,0,0.4985,1429,9,0,0,0
TXN0000958,USR02222,MER0124,3891.28,Card,iOS,0,0,2,2830.86,0,0.0375,686,17,1,0,0
TXN0000959,USR03401,MER0212,1693.76,UPI,Web,0,2,3,844.61,0,0.1786,981,8,1,0,0
TXN0000960,USR01442,MER0174,849.2,Card,Android,1,1,1,1391.03,0,0.115,228,22,0,1,0
TXN0000961,USR00538,MER0348,2369.47,UPI,Android,0,0,2,1539.96,1,0.1917,1577,20,0,0,0
TXN0000962,USR01431,MER0379,1849.5,UPI,Android,0,2,2,6731.42,0,0.0512,1097,14,1,0,0
TXN0000963,USR02941,MER0050,4753.48,UPI,Android,0,1,2,5448.1,0,0.2961,142,19,0,0,0
TXN0000964,USR00762,MER0233,2285.38,UPI,Web,0,0,3,2927.91,0,0.1896,280,14,0,0,0
TXN0000965,USR03322,MER0496,10369.7,UPI,Android,0,1,1,3843.72,0,0.1913,427,21,0,0,0
TXN0000966,USR02060,MER0435,1189.26,NetBanking,Web,0,0,6,1399.19,0,0.4979,106,8,0,0,0
TXN0000967,USR02106,MER0397,689.23,Card,Android,0,0,1,467.7,0,0.1152,1488,20,1,0,0
TXN0000968,USR01110,MER0368,1716.03,Wallet,iOS,0,0,1,6414.07,0,0.4145,797,17,1,0,0
TXN0000969,USR03222,MER0003,572.49,UPI,iOS,0,0,1,775.31,0,0.5767,354,3,0,0,0
TXN0000970,USR00127,MER0488,860.68,Wallet,Android,0,0,1,1664.19,0,0.1695,549,18,0,0,0
TXN0000971,USR01046,MER0368,8867.49,Card,iOS,0,3,3,1568.35,0,0.3878,2342,16,1,0,0
TXN0000972,USR01465,MER0445,17514.36,Card,iOS,0,2,2,5214.67,0,0.4849,578,20,1,0,0
TXN0000973,USR01671,MER0455,1287.97,Wallet,Android,1,0,3,1284.42,0,0.4628,104,14,0,0,0
TXN0000974,USR01660,MER0128,1493.97,Card,Android,0,0,1,1433.76,0,0.6048,2217,12,1,0,0
TXN0000975,USR00518,MER0007,1127.76,Card,iOS,0,0,1,3723.49,0,0.1993,63,20,1,0,0
TXN0000976,USR00790,MER0330,1204.56,Wallet,iOS,0,0,1,1849.39,1,0.9641,1532,8,0,0,0
TXN0000977,USR00334,MER0230,15288.31,UPI,Android,0,1,2,12009.01,0,0.1381,619,5,0,0,0
TXN0000978,USR02004,MER0011,5056.53,UPI,iOS,0,0,2,4997.61,0,0.2389,681,8,0,0,0
TXN0000979,USR01229,MER0136,494.93,NetBanking,Android,0,2,1,2726.32,0,0.1046,514,8,1,0,0
TXN0000980,USR01981,MER0496,744.12,Wallet,Android,0,2,4,1176.67,0,0.1733,310,17,1,0,0
TXN0000981,USR02065,MER0182,2743.94,Card,Android,0,1,2,1383.2,0,0.5209,116,11,0,0,1
TXN0000982,USR02458,MER0131,2329.54,Wallet,Android,0,1,2,1603.44,0,0.1381,283,11,0,0,0
TXN0000983,USR01915,MER0328,2765.21,Wallet,Android,1,0,1,1209.41,0,0.4039,376,7,0,0,0
TXN0000984,USR02268,MER0333,878.88,Card,iOS,0,1,1,1878.66,0,0.4512,385,22,0,0,0
TXN0000985,USR02056,MER0167,3504.61,UPI,Web,0,1,2,1464.94,1,0.3783,489,0,0,0,1
TXN0000986,USR02284,MER0425,8627.75,Card,Web,0,0,1,9364.78,0,0.292,2016,8,0,0,0
TXN0000987,USR02159,MER0291,7523.01,UPI,Android,0,0,2,2513.22,0,0.0134,539,23,1,0,0
TXN0000988,USR01107,MER0081,3493.3,UPI,iOS,1,1,1,3663.68,0,0.8457,856,21,0,0,0
TXN0000989,USR00862,MER0163,421.67,NetBanking,Web,0,0,2,1936.05,0,0.2981,758,15,0,1,0
TXN0000990,USR02757,MER0424,6945.85,Card,Android,0,1,2,3961.73,0,0.5217,420,18,0,0,0
TXN0000991,USR01200,MER0045,1360.7,Wallet,Android,0,1,2,1968.61,0,0.0712,171,18,0,0,0
TXN0000992,USR01923,MER0007,1799.35,Card,Android,0,0,2,2480.14,0,0.228,1695,17,1,0,0
TXN0000993,USR00690,MER0329,468.84,UPI,Android,0,2,2,1403.17,0,0.1161,967,16,0,1,0
TXN0000994,USR01510,MER0221,2931.1,Card,Web,0,0,2,958.29,0,0.1848,1547,13,0,0,0
TXN0000995,USR01854,MER0127,415.79,Card,Android,0,1,2,636.1,0,0.3237,749,20,0,0,0
TXN0000996,USR02192,MER0237,9253.96,Card,Android,0,0,1,3129.98,0,0.0705,1316,0,0,0,0
TXN0000997,USR01843,MER0092,1752.89,UPI,iOS,0,1,2,2513.71,0,0.1091,513,10,0,0,0
TXN0000998,USR01263,MER0188,858.23,Wallet,Web,1,1,3,1759.62,0,0.0984,505,12,0,0,0
TXN0000999,USR03367,MER0117,6968.67,UPI,Android,0,1,1,2833.08,0,0.0864,974,10,0,0,0
TXN0001000,USR01795,MER0294,2067.68,UPI,iOS,0,0,1,2291.55,0,0.3007,153,12,0,0,0
TXN0001001,USR02830,MER0337,2206.95,Card,Android,0,1,5,2428.76,0,0.4074,957,16,0,0,0
TXN0001002,USR02579,MER0458,282.93,NetBanking,Android,1,0,2,748.42,0,0.6088,370,12,0,0,0
TXN0001003,USR01955,MER0034,1843.69,UPI,Android,0,1,11,2694.62,0,0.1139,560,17,1,0,0
TXN0001004,USR03103,MER0164,1210.37,UPI,iOS,0,0,1,934.51,0,0.7869,675,8,0,0,0
TXN0001005,USR00449,MER0133,956.95,NetBanking,Android,0,0,1,2563.59,0,0.386,397,8,0,0,0
TXN0001006,USR03224,MER0290,926.92,NetBanking,Android,0,3,2,1436.57,0,0.1399,428,14,0,0,0
TXN0001007,USR02976,MER0267,4923.45,UPI,Web,0,0,1,7005.75,0,0.3007,750,19,0,0,0
TXN0001008,USR01763,MER0439,3212.7,Wallet,Web,1,0,1,3219.65,0,0.0158,998,18,1,0,0
TXN0001009,USR02567,MER0460,4946.65,NetBanking,Android,1,1,2,1792.17,0,0.0933,3121,21,1,0,0
TXN0001010,USR01821,MER0387,3268.25,UPI,Android,0,3,1,4264.06,0,0.811,1133,9,0,1,1
TXN0001011,USR00941,MER0100,1081.1,Wallet,Android,0,0,2,1868.51,1,0.2082,944,11,0,0,0
TXN0001012,USR02800,MER0021,6955.19,UPI,Android,0,0,2,1012.17,0,0.3588,120,19,1,0,0
TXN0001013,USR00861,MER0450,2711.12,Wallet,Android,0,0,2,3893.3,0,0.4811,2189,20,0,0,0
TXN0001014,USR01101,MER0472,873.11,UPI,iOS,0,1,1,1052.94,0,0.0157,1685,16,0,0,0
TXN0001015,USR01818,MER0126,2654.0,Card,Android,0,0,3,3610.03,0,0.2606,214,8,0,1,0
TXN0001016,USR02931,MER0024,2009.89,Wallet,Android,0,1,2,2578.88,0,0.3252,1034,21,0,0,0
TXN0001017,USR01344,MER0341,1935.59,UPI,iOS,0,1,1,1924.04,0,0.2237,810,21,0,0,0
TXN0001018,USR01730,MER0295,20378.42,Wallet,Android,0,0,2,2598.37,0,0.1065,1079,13,0,0,0
TXN0001019,USR00146,MER0445,4149.99,UPI,Android,0,2,2,3261.65,0,0.5141,699,5,0,0,0
TXN0001020,USR00406,MER0288,26771.18,UPI,iOS,0,0,1,1840.27,0,0.193,683,11,1,1,1
TXN0001021,USR00196,MER0381,5199.15,NetBanking,Android,1,1,1,2577.44,0,0.3768,1622,23,0,0,0
TXN0001022,USR00253,MER0394,3026.09,NetBanking,iOS,0,1,3,2737.69,0,0.9301,1770,11,1,0,0
TXN0001023,USR03040,MER0005,5846.27,Card,Android,0,1,1,4687.31,0,0.1113,278,4,0,0,0
TXN0001024,USR02947,MER0075,4808.8,Wallet,Android,0,0,2,2275.4,0,0.0808,65,22,0,1,0
TXN0001025,USR02877,MER0391,562.64,UPI,Android,0,1,1,1316.47,0,0.5074,162,16,1,0,0
TXN0001026,USR00195,MER0090,10086.25,Card,iOS,1,0,1,1754.99,0,0.0715,233,19,1,0,0
TXN0001027,USR00272,MER0104,1316.4,Wallet,Android,0,0,4,2001.63,0,0.076,381,16,0,0,0
TXN0001028,USR00983,MER0377,2570.58,Wallet,Web,0,1,2,3479.28,0,0.1722,328,15,1,0,0
TXN0001029,USR01979,MER0103,843.16,UPI,Web,0,1,1,2121.17,0,0.4712,1815,12,0,0,0
TXN0001030,USR01170,MER0075,2243.82,UPI,Android,0,0,4,5525.26,0,0.0207,773,11,0,0,0
TXN0001031,USR01707,MER0007,10212.67,Card,Android,0,1,3,5324.53,0,0.2403,460,15,0,0,0
TXN0001032,USR00606,MER0235,15417.57,UPI,Android,0,0,1,3161.25,0,0.0935,1069,20,1,0,1
TXN0001033,USR02558,MER0319,1520.38,Wallet,Web,0,1,1,2404.57,1,0.051,697,15,1,0,0
TXN0001034,USR01099,MER0366,1757.03,UPI,Android,0,1,1,1438.43,0,0.1698,589,8,1,0,0
TXN0001035,USR00233,MER0453,3468.54,Card,Android,0,0,1,3111.84,0,0.3124,270,12,0,0,0
TXN0001036,USR02600,MER0326,1531.71,UPI,Android,0,0,1,783.65,0,0.3318,364,11,0,0,0
TXN0001037,USR03160,MER0379,16613.05,Card,Android,0,6,3,3535.0,0,0.0688,409,18,0,0,0
TXN0001038,USR00052,MER0106,5420.75,NetBanking,Android,0,0,1,1906.24,0,0.0186,210,9,0,0,0
TXN0001039,USR01529,MER0171,1304.38,Card,Android,0,0,2,1628.35,1,0.2229,862,6,0,0,0
TXN0001040,USR02896,MER0152,4527.65,NetBanking,iOS,0,0,4,3252.72,1,0.096,711,14,0,0,0
TXN0001041,USR02472,MER0033,2651.04,UPI,Android,0,0,2,1773.14,0,0.2801,372,13,0,0,0
TXN0001042,USR02998,MER0485,4018.7,UPI,iOS,0,0,2,1076.67,0,0.1987,657,10,0,0,0
TXN0001043,USR01454,MER0121,578.88,Wallet,Android,0,0,2,1339.66,0,0.2749,1496,16,1,0,0
TXN0001044,USR01303,MER0225,1703.22,UPI,Android,0,0,3,3182.42,0,0.3228,1077,7,0,0,0
TXN0001045,USR02483,MER0179,3079.03,UPI,Web,0,2,2,1416.16,0,0.0698,819,21,0,0,0
TXN0001046,USR00538,MER0023,3606.35,Card,iOS,0,2,1,1539.96,0,0.35,267,23,0,0,0
TXN0001047,USR00838,MER0452,1410.14,UPI,iOS,0,1,1,1721.41,0,0.0613,1883,6,1,0,0
TXN0001048,USR02103,MER0110,8825.33,Wallet,Android,0,0,2,7688.04,0,0.088,500,2,0,0,0
TXN0001049,USR02340,MER0051,4621.66,Card,iOS,0,7,2,2051.81,0,0.0162,1255,21,1,0,1
TXN0001050,USR00419,MER0172,896.83,UPI,iOS,0,2,2,3216.15,0,0.9093,905,9,1,0,0
TXN0001051,USR01780,MER0072,2516.2,UPI,Web,0,1,2,3647.79,0,0.2645,495,16,0,0,0
TXN0001052,USR01278,MER0500,6019.52,UPI,iOS,1,0,2,1480.14,0,0.2036,240,8,0,0,0
TXN0001053,USR01757,MER0095,1495.2,Card,Android,0,0,1,1267.13,0,0.0629,1110,20,0,0,0
TXN0001054,USR03355,MER0152,1019.06,UPI,Web,0,2,2,2415.51,0,0.0942,762,14,0,0,0
TXN0001055,USR00269,MER0136,982.69,Wallet,Android,0,0,1,949.42,0,0.0943,136,7,0,0,0
TXN0001056,USR03485,MER0014,12659.74,UPI,Android,0,0,2,6378.88,0,0.1987,633,9,1,0,0
TXN0001057,USR01574,MER0007,263.98,UPI,iOS,0,2,1,1736.08,0,0.1923,381,19,0,0,0
TXN0001058,USR02703,MER0257,3703.79,Card,Android,1,0,2,3429.56,0,0.183,587,23,0,0,0
TXN0001059,USR01486,MER0117,1471.88,UPI,Android,0,0,1,2023.19,0,0.0672,833,22,1,0,0
TXN0001060,USR01089,MER0042,1519.28,Card,Android,0,2,1,5209.47,1,0.2716,263,22,0,0,0
TXN0001061,USR02698,MER0146,2438.14,Card,Android,0,1,2,2416.33,0,0.2695,985,10,0,0,0
TXN0001062,USR02407,MER0138,1496.28,UPI,Web,0,0,1,1735.41,1,0.189,193,10,0,0,0
TXN0001063,USR00505,MER0213,1383.66,Card,iOS,0,0,3,1480.05,0,0.6974,1101,6,0,0,0
TXN0001064,USR02469,MER0497,1084.46,NetBanking,iOS,0,1,2,1464.97,0,0.0763,1085,12,1,0,0
TXN0001065,USR02636,MER0154,2472.42,UPI,Web,0,2,2,1098.18,0,0.2469,1008,6,0,0,0
TXN0001066,USR01358,MER0353,371.2,Card,Android,0,1,1,1112.31,0,0.565,123,12,0,0,0
TXN0001067,USR03240,MER0385,1232.53,UPI,iOS,1,0,2,2130.53,0,0.1057,117,18,1,0,0
TXN0001068,USR02244,MER0026,12727.22,Wallet,Android,0,0,2,7207.21,1,0.2918,109,21,1,0,0
TXN0001069,USR01168,MER0251,1637.1,UPI,iOS,0,6,2,1455.16,0,0.2037,148,0,0,0,0
TXN0001070,USR00038,MER0225,2652.1,UPI,iOS,0,1,1,2930.45,0,0.4192,662,21,0,0,0
TXN0001071,USR02363,MER0254,521.19,UPI,Web,0,0,1,1158.34,0,0.1359,897,9,1,0,0
TXN0001072,USR00732,MER0086,906.6,Card,iOS,0,0,4,1247.53,0,0.1295,482,10,1,0,0
TXN0001073,USR02648,MER0233,2954.23,UPI,Android,0,0,1,1826.65,0,0.1561,723,11,0,0,0
TXN0001074,USR01838,MER0062,3068.07,Wallet,iOS,0,8,3,2242.53,0,0.1934,672,19,1,1,0
TXN0001075,USR01634,MER0473,704.01,UPI,Android,0,0,1,1043.54,0,0.2795,607,16,0,0,0
TXN0001076,USR00574,MER0294,695.85,NetBanking,Android,0,0,1,4795.1,0,0.2824,662,18,0,0,0
TXN0001077,USR02491,MER0018,10682.47,NetBanking,Android,0,1,2,1951.64,0,0.1044,796,23,1,0,0
TXN0001078,USR00581,MER0253,1877.03,Wallet,Android,0,4,1,2793.32,0,0.4974,1015,8,0,0,0
TXN0001079,USR01463,MER0464,763.47,Card,iOS,0,1,1,1542.23,0,0.0544,1573,20,0,0,0
TXN0001080,USR02928,MER0372,1315.34,Card,Android,0,0,1,1861.87,0,0.5369,120,8,0,0,0
TXN0001081,USR03222,MER0137,1327.66,Wallet,Android,1,2,2,775.31,0,0.1693,1029,18,0,0,0
TXN0001082,USR03462,MER0447,3773.43,UPI,Android,0,1,2,4074.87,0,0.9825,561,7,0,0,0
TXN0001083,USR03354,MER0093,8214.43,Wallet,Android,0,0,1,4234.69,0,0.3473,1526,10,0,0,0
TXN0001084,USR01946,MER0124,1370.15,Card,Android,1,1,1,4267.16,0,0.0304,1300,9,0,0,0
TXN0001085,USR00702,MER0078,420.72,Wallet,iOS,0,1,1,550.93,1,0.3453,81,6,1,0,0
TXN0001086,USR02937,MER0462,479.59,Card,iOS,0,0,1,2036.56,0,0.339,281,18,1,0,0
TXN0001087,USR02806,MER0359,1434.34,Card,Android,0,1,1,2050.0,0,0.1121,677,12,0,0,0
TXN0001088,USR03467,MER0259,652.35,UPI,Android,0,1,3,1456.01,0,0.4366,677,9,0,0,0
TXN0001089,USR02279,MER0334,6297.74,UPI,Android,0,0,1,2631.85,0,0.4667,267,21,1,0,0
TXN0001090,USR00496,MER0130,1684.49,UPI,Web,0,0,1,1318.47,1,0.8624,1533,7,0,0,0
TXN0001091,USR01761,MER0036,2952.54,Card,Android,0,1,2,1494.79,0,0.1363,420,21,0,0,0
TXN0001092,USR01569,MER0423,2879.8,UPI,Android,0,0,2,4124.11,0,0.4563,421,13,0,0,0
TXN0001093,USR02951,MER0483,1111.76,NetBanking,Android,0,2,1,2435.47,0,0.134,152,16,0,0,0
TXN0001094,USR01375,MER0018,1243.54,Wallet,Android,0,0,1,2787.35,0,0.0943,592,19,1,0,0
TXN0001095,USR01151,MER0026,955.21,Wallet,Android,1,0,2,829.5,0,0.318,421,17,0,0,0
TXN0001096,USR00281,MER0280,3106.42,NetBanking,iOS,0,0,1,887.06,0,0.4439,1136,11,0,0,0
TXN0001097,USR02925,MER0022,8913.01,UPI,Android,0,0,1,6962.91,0,0.1842,382,11,0,0,0
TXN0001098,USR02644,MER0361,2169.07,Wallet,iOS,0,2,1,2986.59,0,0.2186,212,23,1,0,0
TXN0001099,USR00145,MER0473,3263.91,UPI,Android,0,0,2,3930.79,1,0.3007,551,13,0,1,0
TXN0001100,USR01519,MER0140,768.98,UPI,Android,0,0,2,826.84,0,0.6657,383,11,0,0,1
TXN0001101,USR01680,MER0148,2471.57,UPI,Android,0,0,2,603.91,0,0.1693,488,16,0,0,0
TXN0001102,USR01643,MER0432,1679.96,UPI,Android,0,0,2,726.56,0,0.1072,615,21,0,0,0
TXN0001103,USR03217,MER0179,2222.86,UPI,Android,0,0,1,1937.94,0,0.0639,615,17,1,0,0
TXN0001104,USR00528,MER0121,1717.93,UPI,Android,0,1,1,1668.82,1,0.2565,326,4,0,0,0
TXN0001105,USR01073,MER0043,1556.41,NetBanking,iOS,0,0,1,1318.96,0,0.4113,708,9,0,0,0
TXN0001106,USR00634,MER0420,1306.4,UPI,Web,0,2,1,962.13,0,0.209,1056,12,0,0,0
TXN0001107,USR00855,MER0463,711.74,NetBanking,Web,0,0,1,1007.49,0,0.4339,524,12,0,0,0
TXN0001108,USR03175,MER0040,980.02,Wallet,Android,0,1,2,1891.85,0,0.0815,865,14,0,0,0
TXN0001109,USR03293,MER0402,83545.8,Wallet,Android,0,0,3,4518.15,0,0.3523,626,11,1,0,0
TXN0001110,USR00157,MER0080,5789.97,Wallet,Android,0,0,2,5991.25,0,0.0461,581,8,0,0,0
TXN0001111,USR02213,MER0070,6796.13,NetBanking,Android,0,0,2,3608.42,1,0.0151,351,20,0,0,0
TXN0001112,USR00815,MER0191,7272.67,UPI,Android,0,1,1,2337.05,0,0.1688,431,7,0,0,0
TXN0001113,USR00674,MER0219,1843.39,Card,Android,0,2,1,1332.11,0,0.2405,2142,19,1,0,0
TXN0001114,USR01023,MER0428,6240.55,UPI,iOS,1,1,1,5067.83,0,0.0405,1972,12,1,1,0
TXN0001115,USR00681,MER0350,22222.53,UPI,Android,0,1,1,2332.48,0,0.1494,1662,8,1,0,0
TXN0001116,USR01716,MER0073,3167.16,UPI,Android,0,0,2,2868.48,0,0.1479,637,14,0,0,0
TXN0001117,USR03485,MER0293,2767.1,Card,iOS,0,0,3,6378.88,0,0.2143,663,17,1,0,0
TXN0001118,USR02053,MER0438,1913.84,NetBanking,Web,0,0,1,2463.52,0,0.0184,1837,1,0,0,0
TXN0001119,USR02532,MER0332,20531.01,UPI,Android,0,1,2,7061.97,0,0.0,343,16,0,0,0
TXN0001120,USR01727,MER0115,1493.99,NetBanking,Android,0,0,2,3987.85,0,0.3743,461,11,1,0,0
TXN0001121,USR00049,MER0065,1837.17,UPI,Android,0,0,4,3320.11,0,0.1386,911,17,1,0,0
TXN0001122,USR00295,MER0227,826.32,Card,Android,0,0,4,391.65,0,0.0892,959,21,0,0,0
TXN0001123,USR00942,MER0237,28517.01,UPI,Android,0,0,3,5823.35,0,0.0365,588,3,0,0,0
TXN0001124,USR00853,MER0177,2534.68,NetBanking,iOS,0,0,1,2884.76,0,0.3591,74,7,0,0,0
TXN0001125,USR02943,MER0055,4162.55,Card,Android,1,0,2,2020.41,0,0.8627,539,7,0,0,1
TXN0001126,USR02953,MER0060,4163.15,UPI,iOS,1,1,2,1155.18,0,0.2956,287,21,0,1,0
TXN0001127,USR02990,MER0265,399.17,NetBanking,Android,0,0,2,1208.09,0,0.2984,663,10,0,0,0
TXN0001128,USR02232,MER0473,1660.16,UPI,Web,0,0,1,4744.16,0,0.267,450,13,1,0,0
TXN0001129,USR01947,MER0299,4123.35,NetBanking,Android,1,0,2,2851.32,0,0.3884,154,7,0,0,0
TXN0001130,USR02273,MER0220,5835.02,UPI,Android,0,0,2,5090.13,0,0.3988,135,17,0,0,0
TXN0001131,USR01424,MER0466,2017.05,UPI,Android,0,1,9,3491.33,0,0.3486,317,21,0,0,1
TXN0001132,USR02346,MER0346,922.45,UPI,Android,0,0,1,2233.59,0,0.1536,1266,14,0,0,0
TXN0001133,USR02781,MER0359,8278.69,Card,Web,0,0,1,10575.05,0,0.1163,2047,13,0,0,0
TXN0001134,USR02671,MER0288,4270.8,Wallet,Android,0,1,2,2009.55,0,0.2162,1088,18,0,0,0
TXN0001135,USR02149,MER0382,396.32,Card,Android,0,1,1,760.53,0,0.2641,1355,15,0,0,0
TXN0001136,USR00204,MER0251,1545.47,UPI,iOS,0,0,1,2618.13,0,0.1704,574,17,1,0,0
TXN0001137,USR02538,MER0312,2155.59,UPI,Android,0,0,2,5340.08,0,0.3094,393,19,1,0,0
TXN0001138,USR01284,MER0309,2839.93,Card,iOS,0,0,2,3889.64,0,0.2454,63,18,0,0,0
TXN0001139,USR02603,MER0377,4227.22,UPI,Web,0,0,2,3483.81,0,0.1468,917,7,0,0,0
TXN0001140,USR01889,MER0450,17848.68,UPI,Android,0,0,2,4091.89,0,0.4518,811,11,1,0,0
TXN0001141,USR03085,MER0148,3352.14,Card,Android,0,1,3,3012.58,0,0.1721,1263,1,0,1,0
TXN0001142,USR01185,MER0350,636.88,Card,Android,0,1,1,695.92,0,0.1473,560,10,0,0,0
TXN0001143,USR03260,MER0016,4863.52,Card,Web,0,0,2,2746.83,0,0.4845,283,11,1,0,0
TXN0001144,USR02956,MER0267,3297.45,UPI,Web,0,0,2,2099.87,0,0.2921,475,17,0,0,0
TXN0001145,USR01159,MER0450,22078.33,NetBanking,iOS,0,2,1,5049.34,0,0.4732,427,19,0,0,0
TXN0001146,USR01690,MER0323,10613.04,Wallet,iOS,0,1,2,2126.76,0,0.2501,794,10,0,0,0
TXN0001147,USR01860,MER0134,1421.01,Wallet,Android,0,0,1,1520.33,0,0.326,595,18,1,0,0
TXN0001148,USR02691,MER0304,2385.01,Wallet,iOS,0,1,1,2114.92,0,0.8486,902,21,0,0,0
TXN0001149,USR02413,MER0179,2763.49,Card,iOS,0,2,2,1953.31,0,0.1065,834,9,0,0,0
TXN0001150,USR02983,MER0217,3838.07,NetBanking,Android,0,0,2,3145.4,0,0.7911,2417,8,0,0,0
TXN0001151,USR01295,MER0115,8543.95,UPI,iOS,0,0,1,2994.98,0,0.3169,298,15,0,0,0
TXN0001152,USR01767,MER0313,2528.41,UPI,iOS,0,0,10,4064.64,0,0.3524,763,16,1,0,0
TXN0001153,USR01509,MER0100,7080.06,Wallet,Web,1,0,2,4234.43,0,0.1401,405,11,0,0,0
TXN0001154,USR03184,MER0222,4858.17,Wallet,iOS,1,0,2,4536.58,0,0.0147,418,14,0,0,0
TXN0001155,USR01068,MER0470,11068.72,UPI,iOS,0,1,2,5734.85,0,0.1872,1065,3,0,0,0
TXN0001156,USR02055,MER0379,13133.13,Wallet,Web,0,1,1,4490.57,1,0.0741,847,3,1,0,0
TXN0001157,USR00421,MER0208,440.75,Card,Android,0,1,3,596.31,0,0.3008,1119,8,0,0,0
TXN0001158,USR02976,MER0485,11288.95,UPI,Android,0,0,1,7005.75,0,0.1975,1025,17,0,0,0
TXN0001159,USR01345,MER0007,1977.5,NetBanking,Web,0,0,1,1606.53,0,0.1653,1198,10,0,1,0
TXN0001160,USR01193,MER0480,987.33,Card,iOS,1,2,1,1873.6,0,0.2957,618,18,0,0,0
TXN0001161,USR02041,MER0177,8196.07,Wallet,Web,0,5,2,3270.08,0,0.3622,622,20,1,0,0
TXN0001162,USR01746,MER0411,3464.74,Wallet,Android,0,0,1,2149.49,0,0.1424,989,14,0,0,0
TXN0001163,USR02968,MER0474,1463.12,UPI,Android,0,0,2,1622.55,0,0.1415,409,17,0,0,0
TXN0001164,USR01860,MER0301,1032.31,Wallet,Android,0,2,1,1520.33,0,0.4913,145,8,1,0,0
TXN0001165,USR01810,MER0306,3851.11,UPI,Android,0,0,4,3114.87,0,0.2196,405,8,0,0,0
TXN0001166,USR00368,MER0375,5413.7,Wallet,iOS,0,0,2,3537.37,0,0.5596,646,17,0,0,0
TXN0001167,USR00077,MER0120,1100.3,Wallet,Android,1,0,1,3644.84,1,0.2017,805,9,1,0,0
TXN0001168,USR01395,MER0090,1005.31,Card,Android,0,1,3,806.39,0,0.0559,334,7,0,0,0
TXN0001169,USR03494,MER0172,2231.66,NetBanking,iOS,0,1,6,1466.54,0,0.9024,357,21,0,0,1
TXN0001170,USR03211,MER0240,279.0,Card,iOS,0,1,1,1595.55,0,0.512,172,17,1,0,0
TXN0001171,USR02202,MER0372,1374.64,UPI,Android,0,1,3,1254.75,0,0.5831,274,11,0,0,0
TXN0001172,USR02208,MER0129,4194.29,Card,Android,1,0,1,2674.08,0,0.4115,927,1,0,0,0
TXN0001173,USR01371,MER0283,4686.9,Card,iOS,0,1,2,3243.13,0,0.1496,1406,11,0,0,0
TXN0001174,USR00622,MER0002,2315.61,UPI,Android,0,0,9,1366.03,0,0.2745,292,5,0,1,1
TXN0001175,USR00030,MER0016,1873.82,UPI,iOS,1,0,4,2493.85,0,0.4392,977,17,0,0,0
TXN0001176,USR01186,MER0484,2753.87,Card,iOS,0,0,2,6121.08,0,0.2888,1372,21,0,1,0
TXN0001177,USR01108,MER0426,173.56,Wallet,iOS,0,0,12,666.7,0,0.8842,203,20,0,0,1
TXN0001178,USR00671,MER0432,2904.53,Card,Android,0,0,1,1390.79,0,0.1065,1765,16,1,0,0
TXN0001179,USR00908,MER0165,4971.59,Wallet,iOS,0,0,3,3150.41,0,0.0989,896,7,0,0,0
TXN0001180,USR00087,MER0257,4883.38,Card,Android,0,0,4,2213.39,0,0.245,512,21,0,0,0
TXN0001181,USR02128,MER0338,2095.12,NetBanking,Web,0,1,3,3712.52,0,0.22,660,14,0,0,0
TXN0001182,USR03247,MER0128,1590.85,Wallet,Android,1,0,3,937.54,0,0.549,504,12,0,0,0
TXN0001183,USR02418,MER0373,386.84,UPI,Android,0,0,1,1199.84,0,0.6353,502,6,0,0,0
TXN0001184,USR01569,MER0347,2097.64,UPI,iOS,0,1,1,4124.11,0,0.14,456,19,0,0,0
TXN0001185,USR01471,MER0204,4118.33,NetBanking,Android,0,0,1,3954.07,0,0.8576,309,22,1,0,0
TXN0001186,USR01077,MER0218,4206.38,NetBanking,Android,0,0,2,2743.11,0,0.2646,1096,16,0,0,0
TXN0001187,USR00499,MER0154,6793.99,UPI,Android,0,0,1,2132.19,0,0.2245,266,9,1,0,0
TXN0001188,USR02095,MER0402,1547.12,Wallet,Web,0,0,1,1933.32,0,0.3304,566,12,0,0,0
TXN0001189,USR01983,MER0494,457.96,NetBanking,Android,0,0,1,897.96,0,0.8937,347,12,0,0,0
TXN0001190,USR00026,MER0500,330.94,UPI,Android,1,0,1,673.37,0,0.1399,183,16,0,0,0
TXN0001191,USR01455,MER0386,746.46,Card,Android,1,1,1,1287.68,0,0.1272,211,19,0,0,0
TXN0001192,USR00974,MER0175,5397.92,Wallet,Android,0,3,2,1146.68,0,0.3005,1120,4,0,0,0
TXN0001193,USR00596,MER0391,2113.96,UPI,Android,1,1,2,1288.68,0,0.4739,704,14,0,0,1
TXN0001194,USR02461,MER0123,6530.69,Wallet,Android,0,0,1,3081.73,0,0.3723,1142,20,0,0,0
TXN0001195,USR01841,MER0449,1510.32,UPI,Android,0,0,1,1885.87,0,0.0,48,18,1,0,0
TXN0001196,USR02219,MER0134,5154.27,Card,iOS,0,1,3,5424.97,0,0.3134,414,18,0,0,0
TXN0001197,USR02498,MER0202,2801.0,UPI,Android,0,0,1,1779.81,0,0.2078,520,10,1,0,0
TXN0001198,USR03437,MER0047,2603.6,Card,Web,0,1,1,3939.57,0,0.3385,557,12,1,0,0
TXN0001199,USR02810,MER0041,2940.23,UPI,Android,0,1,1,3812.29,0,0.3163,538,17,0,0,0
TXN0001200,USR02172,MER0198,1058.52,Card,Android,1,0,3,1808.8,0,0.1192,1657,21,0,0,0
TXN0001201,USR03077,MER0276,1008.53,UPI,Android,0,0,4,1463.29,0,0.1785,640,21,0,0,0
TXN0001202,USR01672,MER0009,1963.82,UPI,iOS,0,0,1,1992.97,0,0.1752,457,11,0,0,0
TXN0001203,USR03447,MER0424,817.04,Wallet,Android,0,0,2,1552.03,0,0.5605,712,0,1,0,0
TXN0001204,USR02666,MER0058,669.11,UPI,Android,0,1,2,572.52,0,0.0981,641,10,0,0,0
TXN0001205,USR02279,MER0500,3072.79,UPI,Android,0,1,4,2631.85,0,0.1607,558,12,0,0,0
TXN0001206,USR03162,MER0136,1775.71,UPI,Android,0,0,1,2123.91,0,0.092,1151,9,0,0,0
TXN0001207,USR01803,MER0190,2684.13,Card,Android,0,0,1,5119.86,0,0.0752,909,21,0,0,0
TXN0001208,USR02523,MER0080,6121.27,UPI,Android,0,0,1,5966.71,0,0.0018,404,1,0,0,0
TXN0001209,USR00997,MER0413,832.06,Card,iOS,0,0,1,1258.2,0,0.1219,1188,16,0,0,0
TXN0001210,USR03372,MER0367,3933.24,Card,Android,0,0,1,3998.49,0,0.1932,83,20,0,0,0
TXN0001211,USR02182,MER0040,10814.08,UPI,Android,0,2,1,5156.19,0,0.049,990,14,0,0,0
TXN0001212,USR02738,MER0053,797.87,UPI,Web,0,0,2,2067.43,0,0.0292,984,15,0,0,0
TXN0001213,USR01613,MER0305,20000.02,UPI,iOS,0,0,2,4396.56,0,0.2234,1029,18,0,0,0
TXN0001214,USR03034,MER0433,1484.49,Wallet,Web,0,1,2,1644.25,0,0.2509,692,17,0,0,0
TXN0001215,USR00260,MER0055,881.38,UPI,Android,0,0,1,688.81,0,0.909,2152,23,1,0,0
TXN0001216,USR00400,MER0111,1946.77,Card,Android,0,0,1,3518.9,0,0.4819,120,5,0,0,0
TXN0001217,USR01775,MER0273,5379.55,NetBanking,Android,0,0,1,2484.85,0,0.1571,391,14,0,1,0
TXN0001218,USR02564,MER0055,1163.77,UPI,Web,0,2,7,1339.26,0,0.9016,289,10,0,0,0
TXN0001219,USR02833,MER0153,1968.29,UPI,Web,0,0,3,2748.16,0,0.2344,670,11,1,0,0
TXN0001220,USR01541,MER0006,9309.29,Wallet,Android,0,0,1,3103.71,0,0.1829,1339,19,0,0,0
TXN0001221,USR02274,MER0250,1341.96,NetBanking,Android,0,1,2,1711.63,0,0.0992,217,17,0,0,0
TXN0001222,USR01936,MER0358,1491.71,UPI,Android,0,1,2,1160.34,0,0.2066,437,18,0,0,0
TXN0001223,USR03366,MER0206,4268.96,Card,Web,0,10,1,3962.78,0,0.1955,1362,8,0,0,0
TXN0001224,USR02290,MER0129,2708.85,Card,iOS,0,1,2,2930.64,0,0.4129,69,17,0,0,0
TXN0001225,USR01459,MER0213,1585.42,UPI,iOS,0,0,2,2781.73,0,0.6581,525,5,0,0,0
TXN0001226,USR03395,MER0255,440.89,Card,iOS,0,0,3,806.42,0,0.2491,1411,11,0,0,0
TXN0001227,USR00376,MER0083,1933.14,Card,Android,1,1,2,2831.97,0,0.1644,477,10,0,0,1
TXN0001228,USR03447,MER0056,2056.41,NetBanking,iOS,1,0,2,1552.03,0,0.1703,611,16,1,0,0
TXN0001229,USR00540,MER0091,11500.07,Card,Android,0,0,2,7504.68,0,0.3075,478,20,0,0,0
TXN0001230,USR01009,MER0493,3629.04,Card,Web,0,1,1,2149.2,0,0.4243,790,6,0,0,0
TXN0001231,USR02876,MER0362,2411.88,Card,Android,1,0,1,2538.22,0,0.0746,1269,15,0,0,0
TXN0001232,USR02569,MER0063,2440.61,UPI,Android,0,0,2,1946.6,0,0.4115,524,20,1,0,0
TXN0001233,USR03397,MER0151,2069.56,Card,Android,1,0,2,2456.21,0,0.1825,2617,18,1,0,0
TXN0001234,USR02625,MER0206,778.39,UPI,Android,0,0,4,2868.91,0,0.1218,600,19,0,0,0
TXN0001235,USR02230,MER0091,1974.02,Card,iOS,1,0,2,2424.29,0,0.3313,620,17,0,0,0
TXN0001236,USR01213,MER0426,1060.09,Card,iOS,0,0,1,1460.22,0,0.8988,919,16,0,0,0
TXN0001237,USR00017,MER0471,4942.17,Wallet,Web,0,0,2,10978.27,0,0.1886,922,5,0,0,0
TXN0001238,USR00434,MER0123,1280.49,Wallet,iOS,0,0,1,2025.4,0,0.3733,352,8,1,0,0
TXN0001239,USR01043,MER0009,1432.89,UPI,Android,0,0,2,1366.74,0,0.2088,609,14,0,0,0
TXN0001240,USR00144,MER0134,1026.83,Card,Android,0,0,2,2441.01,0,0.3008,226,12,1,0,0
TXN0001241,USR01779,MER0292,983.95,UPI,Android,0,7,1,1725.61,0,0.0246,612,18,0,0,0
TXN0001242,USR02721,MER0405,2175.59,UPI,Android,0,0,1,750.37,0,0.2886,94,5,0,0,0
TXN0001243,USR03372,MER0170,1199.58,UPI,Android,0,1,2,3998.49,0,0.9065,507,4,1,0,0
TXN0001244,USR01714,MER0137,1256.67,UPI,Android,0,7,1,1507.35,0,0.1479,896,2,0,0,1
TXN0001245,USR03063,MER0125,494.73,Wallet,Web,0,0,4,1204.42,0,0.4268,19,9,1,0,0
TXN0001246,USR03450,MER0002,1891.91,NetBanking,Android,0,0,1,3417.01,0,0.3103,354,5,0,0,0
TXN0001247,USR03010,MER0008,1697.57,Card,iOS,0,2,2,2057.66,0,0.1403,1528,12,0,0,0
TXN0001248,USR01628,MER0214,2240.25,UPI,Android,0,0,1,4795.33,0,0.495,183,9,0,0,0
TXN0001249,USR01139,MER0309,2372.09,UPI,Android,0,0,1,1649.62,0,0.2292,794,10,0,0,1
TXN0001250,USR03423,MER0007,39382.24,UPI,iOS,1,0,2,2216.78,0,0.2282,266,2,0,0,0
TXN0001251,USR00847,MER0101,3165.56,Wallet,Web,1,0,1,1815.43,1,0.4642,342,16,0,0,0
TXN0001252,USR01441,MER0455,9851.58,UPI,iOS,1,0,2,4952.59,0,0.4462,1261,10,0,1,0
TXN0001253,USR00260,MER0496,242.64,Wallet,Android,0,1,4,688.81,0,0.1903,992,10,1,0,0
TXN0001254,USR02778,MER0321,1329.91,UPI,Android,0,2,8,1665.49,0,0.0636,316,9,0,0,0
TXN0001255,USR02275,MER0261,1519.54,Card,Web,0,0,2,1140.95,0,0.139,344,2,0,0,0
TXN0001256,USR00297,MER0292,3611.07,Card,Android,0,0,1,2027.38,0,0.0299,337,21,0,0,0
TXN0001257,USR00777,MER0186,8212.1,UPI,iOS,1,3,2,2442.92,0,0.28,534,14,0,0,0
TXN0001258,USR01945,MER0101,4801.65,Card,Android,0,0,2,2337.9,0,0.4459,300,12,1,0,0
TXN0001259,USR01892,MER0188,3722.65,Wallet,iOS,0,0,2,2052.3,0,0.036,1382,5,0,0,0
TXN0001260,USR02808,MER0350,29531.22,UPI,Android,0,0,2,4661.14,0,0.1182,266,17,0,0,0
TXN0001261,USR00932,MER0332,2170.29,UPI,Android,0,0,1,2128.71,0,0.0242,243,18,0,0,0
TXN0001262,USR03237,MER0339,1537.34,Card,Web,0,1,2,1990.08,0,0.3105,709,10,0,0,0
TXN0001263,USR01556,MER0305,5101.95,NetBanking,Android,0,0,2,4720.55,0,0.2744,1187,11,0,0,0
TXN0001264,USR02880,MER0031,1390.32,NetBanking,Android,0,2,2,2824.62,1,0.2441,507,2,0,0,1
TXN0001265,USR00835,MER0314,8222.63,UPI,Android,0,1,3,8233.36,0,0.0854,718,15,0,0,0
TXN0001266,USR00130,MER0441,720.19,Wallet,Android,1,0,2,2625.04,0,0.8381,741,13,0,0,0
TXN0001267,USR00193,MER0325,1363.06,Wallet,Android,0,0,2,2098.0,0,0.1974,1133,18,0,0,0
TXN0001268,USR01305,MER0290,8521.57,Wallet,iOS,0,1,1,9734.15,0,0.162,792,7,0,0,0
TXN0001269,USR03337,MER0112,6391.37,UPI,Android,0,0,6,3391.29,0,0.1073,234,20,0,0,0
TXN0001270,USR00171,MER0397,18303.18,NetBanking,Android,0,2,1,8645.94,0,0.0796,184,18,0,0,0
TXN0001271,USR01292,MER0226,1189.57,Wallet,iOS,0,0,4,2502.76,1,0.113,336,20,0,1,0
TXN0001272,USR00383,MER0132,9102.09,Card,Android,0,1,1,2146.33,0,0.264,524,18,1,0,0
TXN0001273,USR03261,MER0245,866.37,UPI,Android,0,0,1,818.51,0,0.0099,372,22,1,0,0
TXN0001274,USR02364,MER0062,3521.79,UPI,iOS,0,0,1,3114.71,0,0.1792,840,21,0,0,0
TXN0001275,USR02670,MER0464,264.49,UPI,Web,0,0,1,891.16,0,0.0359,645,9,0,0,0
TXN0001276,USR02497,MER0352,6041.56,Wallet,Android,0,0,3,1891.23,0,0.2088,695,5,0,0,0
TXN0001277,USR02300,MER0164,3278.79,Wallet,Android,1,1,2,1618.66,0,0.7574,157,16,0,0,0
TXN0001278,USR02709,MER0397,1459.33,NetBanking,Web,1,0,2,1357.63,0,0.0807,893,11,1,0,0
TXN0001279,USR00029,MER0028,786.36,UPI,Web,1,1,5,764.93,0,0.309,216,11,0,0,0
TXN0001280,USR03030,MER0194,6746.26,NetBanking,Web,0,0,1,6022.03,0,0.4979,677,19,0,0,0
TXN0001281,USR02590,MER0326,9558.66,Wallet,Android,1,0,2,6320.95,0,0.3466,364,21,1,0,0
TXN0001282,USR02589,MER0012,3483.36,UPI,Web,0,1,3,3925.75,0,0.3304,966,17,0,0,0
TXN0001283,USR01378,MER0355,4277.68,UPI,Web,0,7,2,1631.36,0,0.0713,541,7,0,0,0
TXN0001284,USR02804,MER0410,4120.98,Wallet,Android,1,0,10,1981.12,1,0.1731,584,17,0,0,1
TXN0001285,USR01337,MER0298,1263.17,Card,iOS,0,1,1,1453.2,0,0.1627,1645,16,1,0,0
TXN0001286,USR00172,MER0104,5132.06,UPI,Android,0,0,2,1750.09,0,0.0146,1726,15,0,0,0
TXN0001287,USR03178,MER0375,1035.91,Wallet,Android,0,0,7,2696.17,0,0.5176,272,18,1,0,0
TXN0001288,USR00821,MER0170,1018.07,UPI,iOS,0,0,1,2154.44,0,0.8628,798,16,0,0,0
TXN0001289,USR00357,MER0368,35163.77,Card,Android,0,1,1,9662.07,0,0.448,1416,8,0,0,0
TXN0001290,USR02177,MER0315,1392.0,NetBanking,Web,0,1,3,965.22,0,0.0873,543,11,0,0,0
TXN0001291,USR00818,MER0047,1189.43,UPI,Web,0,0,9,1539.53,0,0.3604,99,6,1,0,0
TXN0001292,USR03004,MER0050,3519.12,UPI,Web,0,0,1,3849.88,0,0.3667,915,20,0,1,0
TXN0001293,USR01554,MER0008,1319.53,Card,Android,0,0,1,2479.49,0,0.1444,235,21,0,0,0
TXN0001294,USR00016,MER0036,5976.87,Card,iOS,0,0,2,5148.73,0,0.166,1197,19,0,0,0
TXN0001295,USR03332,MER0150,2301.29,UPI,Web,0,0,2,2098.76,0,0.3387,260,11,1,0,0
TXN0001296,USR01802,MER0013,1907.95,Card,Android,0,0,1,1977.26,0,0.4703,507,17,0,0,0
TXN0001297,USR00921,MER0470,693.17,Card,iOS,0,1,2,1679.59,0,0.1934,593,10,0,0,0
TXN0001298,USR02371,MER0459,8574.81,Wallet,Android,0,0,1,7449.93,0,0.136,610,20,1,0,0
TXN0001299,USR01858,MER0087,996.06,Card,iOS,0,0,3,1533.12,0,0.154,519,19,0,0,0
TXN0001300,USR00104,MER0156,407.79,UPI,iOS,0,0,2,871.88,0,0.2319,2544,20,0,1,0
TXN0001301,USR02659,MER0372,851.22,UPI,Web,0,0,1,359.47,0,0.549,500,20,0,0,0
TXN0001302,USR01405,MER0331,8208.06,UPI,Android,0,0,2,1809.26,0,0.0726,1059,10,0,0,0
TXN0001303,USR02450,MER0291,18867.83,UPI,iOS,1,3,1,4897.73,0,0.0169,1584,11,0,1,0
TXN0001304,USR03135,MER0495,5282.13,UPI,Android,0,2,1,3477.25,0,0.1189,779,17,0,0,0
TXN0001305,USR02138,MER0315,2388.24,Wallet,iOS,0,0,3,3039.76,0,0.0687,255,8,0,1,0
TXN0001306,USR02351,MER0335,454.79,Wallet,Web,0,0,2,502.95,0,0.1022,372,5,0,1,0
TXN0001307,USR00892,MER0252,2989.49,UPI,iOS,0,0,4,2346.84,0,0.1763,740,12,0,0,0
TXN0001308,USR00832,MER0263,957.74,Wallet,Web,0,0,1,1362.61,0,0.0291,2003,7,0,0,0
TXN0001309,USR01453,MER0146,6530.53,Card,iOS,0,0,1,2656.33,0,0.2973,491,15,0,0,0
TXN0001310,USR02985,MER0261,476.94,Card,Android,0,1,2,2171.37,0,0.1669,1170,20,0,0,0
TXN0001311,USR01835,MER0460,901.25,Wallet,Web,0,0,1,1172.28,0,0.0609,179,10,0,0,0
TXN0001312,USR01219,MER0189,5473.6,UPI,Android,0,4,1,3232.21,0,0.2114,1048,22,0,0,0
TXN0001313,USR02729,MER0067,3905.22,Card,iOS,0,0,3,7544.57,0,0.5039,254,13,0,0,0
TXN0001314,USR02987,MER0300,633.79,UPI,iOS,1,0,2,792.06,1,0.2033,283,15,0,1,1
TXN0001315,USR03159,MER0393,2341.4,NetBanking,Web,0,0,1,1605.33,0,0.2541,734,8,0,0,0
TXN0001316,USR01047,MER0480,7744.96,UPI,Android,0,3,1,2728.87,0,0.3292,1080,3,1,0,0
TXN0001317,USR02484,MER0272,683.34,Card,Android,0,0,1,1823.71,0,0.5296,471,17,0,0,0
TXN0001318,USR02067,MER0395,631.17,UPI,Android,0,0,1,1776.84,0,0.3924,640,19,0,0,0
TXN0001319,USR01572,MER0126,272.27,UPI,Web,0,0,2,565.62,0,0.2041,892,10,0,0,0
TXN0001320,USR01390,MER0213,212.18,UPI,Android,0,0,2,674.83,1,0.658,379,12,0,0,0
TXN0001321,USR00401,MER0210,877.98,Wallet,Android,0,0,1,2652.91,0,0.4375,1028,18,1,0,0
TXN0001322,USR00962,MER0167,2500.08,UPI,Android,0,0,2,5294.34,0,0.3523,652,12,1,0,0
TXN0001323,USR01924,MER0359,4542.47,UPI,iOS,0,0,1,1964.73,0,0.0565,1206,2,1,0,0
TXN0001324,USR03103,MER0442,5347.72,UPI,Android,0,1,2,934.51,0,0.3763,956,14,0,0,1
TXN0001325,USR03033,MER0164,1419.77,UPI,iOS,0,0,2,1459.22,0,0.762,405,20,0,0,0
TXN0001326,USR00657,MER0068,1896.27,UPI,iOS,0,1,1,3966.27,0,0.5531,1132,10,0,0,0
TXN0001327,USR02378,MER0413,1063.29,Card,iOS,0,2,1,708.38,0,0.151,414,14,0,0,0
TXN0001328,USR00297,MER0425,7443.17,UPI,Android,0,0,1,2027.38,1,0.2686,811,18,0,0,1
TXN0001329,USR02363,MER0468,581.52,NetBanking,iOS,0,0,1,1158.34,0,0.3124,238,11,0,0,0
TXN0001330,USR01197,MER0128,1554.46,Card,Android,0,1,3,472.04,0,0.5426,652,14,0,0,0
TXN0001331,USR01575,MER0360,5487.99,UPI,Android,1,2,1,4437.88,1,0.4409,384,17,0,0,1
TXN0001332,USR02512,MER0358,1676.59,Wallet,Android,0,1,2,1741.28,0,0.283,1449,19,1,0,0
TXN0001333,USR01488,MER0396,6287.49,UPI,Web,0,0,2,4955.37,0,0.2798,891,13,0,0,0
TXN0001334,USR02827,MER0404,1108.4,Wallet,Web,0,0,2,879.62,0,0.3967,754,16,0,0,0
TXN0001335,USR01868,MER0477,5435.08,UPI,Web,0,0,3,1500.44,0,0.04,1413,12,1,0,0
TXN0001336,USR03496,MER0239,2085.0,UPI,Web,0,1,3,1507.13,0,0.1782,1473,12,0,0,0
TXN0001337,USR02234,MER0038,4156.81,NetBanking,Android,0,1,1,2959.88,0,0.056,249,7,1,0,0
TXN0001338,USR01038,MER0097,3860.49,Card,Android,1,0,1,5497.39,0,0.1238,897,9,0,0,0
TXN0001339,USR02714,MER0444,9567.66,Wallet,Web,0,0,1,5497.28,0,0.1431,1363,9,0,0,0
TXN0001340,USR01428,MER0423,513.44,UPI,Android,0,0,2,1074.99,0,0.4187,456,17,0,0,0
TXN0001341,USR01870,MER0006,1364.49,Card,iOS,0,1,1,1326.17,0,0.1768,713,13,0,0,0
TXN0001342,USR00479,MER0184,12600.45,UPI,iOS,0,0,3,1661.58,0,0.3416,706,8,0,0,0
TXN0001343,USR00418,MER0123,369.96,UPI,Android,0,0,1,2360.01,1,0.3807,458,19,1,0,0
TXN0001344,USR02013,MER0161,933.44,Wallet,Android,0,0,2,829.66,0,0.4087,1352,13,0,0,0
TXN0001345,USR00654,MER0320,3601.43,UPI,Android,0,0,1,3113.54,0,0.3107,450,17,1,0,0
TXN0001346,USR03492,MER0256,1854.82,Card,Android,1,0,4,2297.93,0,0.0424,667,19,0,0,0
TXN0001347,USR02995,MER0241,579.12,UPI,Android,0,2,2,705.39,1,0.1313,796,12,0,0,0
TXN0001348,USR02454,MER0218,1190.92,Card,Android,0,1,1,1172.23,0,0.2246,325,17,1,0,0
TXN0001349,USR02572,MER0321,2072.66,UPI,Android,0,1,1,2612.42,0,0.0638,770,3,0,0,0
TXN0001350,USR02084,MER0342,23734.71,UPI,Android,1,1,1,3053.26,0,0.2419,2958,15,0,0,1
TXN0001351,USR00212,MER0022,2300.69,Card,iOS,1,0,1,3435.94,0,0.2179,464,7,0,0,0
TXN0001352,USR01374,MER0069,17710.28,Card,iOS,0,1,2,4340.64,0,0.9424,1199,10,0,0,0
TXN0001353,USR01736,MER0171,666.8,NetBanking,Android,0,1,1,840.45,0,0.2107,335,21,0,0,0
TXN0001354,USR03204,MER0218,3975.08,UPI,iOS,0,0,1,2772.99,0,0.2697,608,14,1,0,0
TXN0001355,USR00769,MER0499,3016.53,Card,iOS,0,1,2,970.53,0,0.1306,346,11,0,0,0
TXN0001356,USR01740,MER0446,4347.78,UPI,iOS,0,0,1,2334.51,0,0.2601,315,21,0,0,0
TXN0001357,USR01205,MER0325,7055.17,Card,Web,0,0,2,4373.94,1,0.192,978,12,0,0,0
TXN0001358,USR00471,MER0019,1235.01,UPI,iOS,0,0,1,960.03,0,0.1044,438,8,1,0,0
TXN0001359,USR00361,MER0051,2870.23,UPI,Android,1,0,1,6322.25,0,0.0,668,17,0,0,0
TXN0001360,USR01279,MER0229,1064.2,Card,Web,0,1,1,1923.13,0,0.6228,271,20,0,0,0
TXN0001361,USR00289,MER0294,13196.79,UPI,iOS,0,0,3,4120.31,0,0.3043,279,15,0,0,0
TXN0001362,USR00236,MER0331,1744.61,UPI,Android,0,0,1,3177.95,0,0.1071,559,17,0,0,0
TXN0001363,USR01229,MER0071,4114.02,Wallet,iOS,0,0,1,2726.32,0,0.0863,478,11,1,0,0
TXN0001364,USR00707,MER0444,1183.97,Wallet,Android,1,1,1,2457.23,0,0.1248,143,8,0,0,0
TXN0001365,USR01942,MER0247,4292.66,Card,iOS,0,0,2,2183.37,0,0.234,619,13,0,0,0
TXN0001366,USR00062,MER0297,3034.67,UPI,iOS,0,1,3,5229.47,0,0.3536,530,10,0,1,0
TXN0001367,USR01057,MER0020,1672.3,UPI,iOS,0,1,1,3517.3,0,0.533,246,17,0,0,0
TXN0001368,USR01587,MER0413,1457.12,UPI,Android,0,0,2,2558.32,0,0.1148,518,8,1,0,0
TXN0001369,USR03372,MER0272,2552.77,Card,Android,0,2,4,3998.49,0,0.5108,599,18,1,0,0
TXN0001370,USR02221,MER0112,2581.01,Wallet,iOS,0,6,1,2027.53,1,0.1436,287,8,0,0,0
TXN0001371,USR03083,MER0160,856.47,UPI,Android,0,1,1,856.5,0,0.0337,369,18,0,0,0
TXN0001372,USR01202,MER0177,620.64,UPI,Web,0,1,1,1435.49,0,0.3529,435,11,1,0,1
TXN0001373,USR01574,MER0014,1618.51,UPI,Android,0,1,1,1736.08,0,0.1739,452,13,1,0,1
TXN0001374,USR01472,MER0472,402.08,Card,iOS,0,1,2,962.92,0,0.0212,503,14,1,0,0
TXN0001375,USR03106,MER0402,2071.62,UPI,Android,0,1,1,1370.22,1,0.3129,686,19,0,0,0
TXN0001376,USR03358,MER0443,3746.52,Card,iOS,0,0,2,2171.58,0,0.1174,421,22,0,0,0
TXN0001377,USR03369,MER0177,1529.9,Card,Web,1,1,2,1636.32,0,0.3476,171,17,1,0,0
TXN0001378,USR02632,MER0279,1792.89,UPI,iOS,0,0,1,1549.97,0,0.3094,551,9,0,0,0
TXN0001379,USR01761,MER0230,5020.44,Wallet,Android,0,1,2,1494.79,0,0.0999,842,8,0,0,0
TXN0001380,USR01893,MER0238,377.6,Wallet,Web,0,0,1,444.66,0,0.325,80,20,0,0,0
TXN0001381,USR03432,MER0295,1162.74,Card,Android,0,0,2,2412.45,0,0.0526,474,14,0,0,0
TXN0001382,USR00996,MER0226,2645.14,UPI,Android,0,0,1,1832.54,0,0.1478,141,8,1,0,0
TXN0001383,USR01214,MER0387,908.45,UPI,Android,1,0,2,2158.68,0,0.8257,460,6,0,0,0
TXN0001384,USR03140,MER0030,2217.88,UPI,Android,0,1,7,2713.29,1,0.1844,742,12,0,0,0
TXN0001385,USR01353,MER0097,1634.98,Card,iOS,0,3,1,2645.61,0,0.1344,451,8,0,0,0
TXN0001386,USR00823,MER0447,2215.84,UPI,Android,0,0,1,3861.07,0,0.9646,583,15,0,0,0
TXN0001387,USR01962,MER0442,3812.27,Wallet,Android,0,0,2,4798.42,0,0.3363,668,19,0,0,0
TXN0001388,USR01139,MER0410,2999.56,UPI,Android,0,0,2,1649.62,1,0.1843,1303,4,1,0,0
TXN0001389,USR03119,MER0185,3588.55,UPI,Android,0,2,1,1701.77,1,0.1875,140,22,0,0,0
TXN0001390,USR03182,MER0229,71442.45,NetBanking,Web,1,0,1,4031.97,0,0.6179,1342,4,0,0,0
TXN0001391,USR01072,MER0013,1986.5,Card,Web,0,0,4,1639.19,0,0.4817,356,0,0,0,0
TXN0001392,USR01854,MER0140,502.61,UPI,Android,0,0,2,636.1,0,0.655,313,6,1,0,0
TXN0001393,USR03444,MER0364,906.71,NetBanking,Web,0,1,1,5205.4,0,0.2012,1445,16,1,0,0
TXN0001394,USR02599,MER0172,6477.35,Card,Android,0,1,1,5225.73,0,0.8921,309,23,0,0,0
TXN0001395,USR00755,MER0241,670.95,Card,Web,0,5,9,3640.25,0,0.1443,366,13,1,1,1
TXN0001396,USR02068,MER0062,321.54,UPI,Android,0,0,3,1350.14,0,0.2064,423,7,0,1,0
TXN0001397,USR02170,MER0249,3279.19,Card,Android,0,1,2,3872.88,0,0.1698,244,6,0,0,0
TXN0001398,USR02288,MER0361,1650.87,Wallet,Android,0,1,1,1434.49,0,0.1974,1051,23,0,0,1
TXN0001399,USR00088,MER0287,1733.97,Card,Android,0,2,2,2522.37,1,0.0732,599,7,0,0,0
TXN0001400,USR01048,MER0279,8511.13,UPI,iOS,0,0,2,2961.79,0,0.3446,43,19,0,0,0
TXN0001401,USR02992,MER0458,3227.14,NetBanking,Android,1,0,2,2432.41,0,0.632,308,8,0,0,0
TXN0001402,USR00845,MER0118,1827.05,Card,Android,0,1,1,2298.54,1,0.0555,106,10,0,0,0
TXN0001403,USR01049,MER0150,23309.47,Wallet,iOS,0,1,1,9031.48,1,0.3744,284,22,1,0,0
TXN0001404,USR01129,MER0312,10615.38,UPI,iOS,0,1,3,3616.2,0,0.2135,875,18,0,0,0
TXN0001405,USR00621,MER0241,7027.82,Card,Android,0,1,3,5108.13,0,0.1194,588,11,0,0,1
TXN0001406,USR00545,MER0490,1075.61,NetBanking,Android,0,1,2,1976.0,0,0.3513,584,7,0,0,0
TXN0001407,USR01215,MER0030,647.12,Card,iOS,0,0,1,1011.03,0,0.1596,948,16,0,0,0
TXN0001408,USR03061,MER0062,496.01,UPI,iOS,0,1,2,1477.72,0,0.1463,221,19,0,0,0
TXN0001409,USR00006,MER0171,2077.06,Card,Android,0,0,1,2251.27,0,0.1731,264,17,1,0,0
TXN0001410,USR00992,MER0230,3679.08,UPI,Android,0,0,1,975.56,0,0.134,441,17,1,0,0
TXN0001411,USR00213,MER0446,1057.03,UPI,Android,0,2,1,1408.32,0,0.2694,407,6,0,0,0
TXN0001412,USR01966,MER0248,2247.19,UPI,Android,0,0,1,1958.24,0,0.0807,131,22,1,1,0
TXN0001413,USR00878,MER0219,446.76,UPI,iOS,0,4,3,1959.21,0,0.2719,1490,16,1,0,0
TXN0001414,USR02772,MER0084,325.66,UPI,Web,0,1,1,850.43,0,0.1601,721,10,0,0,0
TXN0001415,USR02048,MER0218,2002.58,Card,iOS,0,2,1,3032.43,0,0.2738,932,17,0,0,0
TXN0001416,USR02744,MER0266,703.25,Card,Android,0,2,9,767.8,0,0.139,404,19,1,0,0
TXN0001417,USR02223,MER0292,2426.19,UPI,Web,0,0,1,3639.79,0,0.0221,259,19,0,0,0
TXN0001418,USR01535,MER0303,2345.03,Card,Android,0,1,3,2995.38,0,0.2575,200,23,0,0,0
TXN0001419,USR03014,MER0215,6009.39,Card,Web,1,0,2,10504.24,1,0.3291,808,4,0,0,0
TXN0001420,USR01667,MER0079,1052.38,NetBanking,Android,0,0,2,3141.25,0,0.2281,1144,12,1,0,0
TXN0001421,USR03325,MER0077,1450.76,Wallet,iOS,0,0,4,2241.42,0,0.5062,2575,13,0,0,0
TXN0001422,USR03482,MER0078,902.6,NetBanking,Android,0,0,1,1106.28,0,0.347,795,6,0,0,0
TXN0001423,USR02062,MER0310,1972.5,Wallet,Android,1,1,2,2592.91,1,0.1944,3035,13,0,0,0
TXN0001424,USR02362,MER0429,4405.21,Card,Android,0,0,2,4272.91,0,0.3091,855,18,0,0,0
TXN0001425,USR00895,MER0442,2669.0,UPI,Android,0,1,7,2075.29,0,0.3517,295,13,0,0,0
TXN0001426,USR02852,MER0156,8445.23,Wallet,Android,1,0,7,5434.45,0,0.2381,521,16,0,0,0
TXN0001427,USR02351,MER0040,303.18,Wallet,Android,0,0,2,502.95,0,0.0778,736,17,1,0,0
TXN0001428,USR03159,MER0316,491.03,UPI,Android,0,3,2,1605.33,0,0.3519,1232,10,0,0,0
TXN0001429,USR00935,MER0020,7618.48,UPI,Web,1,0,1,3206.01,0,0.5373,129,16,0,0,0
TXN0001430,USR02757,MER0314,4973.89,Card,Android,1,0,1,3961.73,0,0.1182,1305,23,0,0,0
TXN0001431,USR01646,MER0192,538.61,UPI,iOS,0,0,2,1125.91,0,0.5677,412,19,0,0,0
TXN0001432,USR00649,MER0420,2081.63,NetBanking,Android,0,0,1,1791.77,0,0.1706,1766,9,0,0,0
TXN0001433,USR00600,MER0313,2421.3,UPI,iOS,0,3,2,1179.8,0,0.347,554,12,1,1,1
TXN0001434,USR01968,MER0370,8544.41,UPI,iOS,0,0,1,2586.41,0,0.3653,220,11,1,0,0
TXN0001435,USR01119,MER0203,2511.67,UPI,iOS,0,1,1,2204.52,0,0.1621,95,18,0,0,0
TXN0001436,USR00357,MER0421,19710.88,Card,Android,0,0,1,9662.07,0,0.1543,269,2,0,0,0
TXN0001437,USR01496,MER0263,2444.95,Card,Android,1,0,2,6140.71,0,0.0104,274,15,0,0,0
TXN0001438,USR02286,MER0313,2030.61,Card,Android,0,0,2,2190.62,0,0.347,585,6,0,0,0
TXN0001439,USR01117,MER0181,1588.48,UPI,Web,0,0,10,2125.46,0,0.1069,719,21,0,0,0
TXN0001440,USR03344,MER0225,1484.69,NetBanking,Android,0,0,2,1219.64,0,0.4042,749,12,0,0,0
TXN0001441,USR02729,MER0421,22894.3,UPI,iOS,0,0,2,7544.57,0,0.1991,958,19,1,0,0
TXN0001442,USR01795,MER0197,2609.47,UPI,Android,0,0,1,2291.55,0,0.4573,1030,18,0,0,0
TXN0001443,USR03272,MER0011,2101.39,UPI,Android,0,0,2,4339.4,0,0.1919,652,16,0,0,0
TXN0001444,USR01516,MER0190,1204.68,UPI,Android,0,1,1,3145.23,0,0.1551,660,12,0,0,0
TXN0001445,USR00489,MER0196,6122.97,Card,Android,0,0,1,1968.13,0,0.3354,457,9,0,0,0
TXN0001446,USR00126,MER0210,5606.03,Card,Android,0,1,11,4071.09,0,0.4564,878,15,0,0,0
TXN0001447,USR03284,MER0036,4704.5,UPI,Android,0,0,3,3581.93,0,0.1666,845,9,1,0,0
TXN0001448,USR03360,MER0065,601.08,Wallet,Android,0,0,1,809.33,0,0.1296,245,22,0,0,0
TXN0001449,USR02588,MER0163,7056.07,UPI,Android,1,1,2,6116.73,0,0.2083,1107,16,1,0,0
TXN0001450,USR00361,MER0212,2954.9,UPI,iOS,0,0,2,6322.25,0,0.1776,1714,14,0,0,0
TXN0001451,USR01028,MER0015,2557.16,Card,Android,0,0,1,2034.23,0,0.1455,346,11,0,0,0
TXN0001452,USR00144,MER0195,996.51,Card,Android,0,0,2,2441.01,0,0.1733,1238,13,0,0,0
TXN0001453,USR00180,MER0161,3310.72,NetBanking,Android,0,0,2,4508.0,0,0.4139,157,8,1,0,0
TXN0001454,USR00862,MER0018,1159.24,UPI,iOS,1,1,1,1936.05,0,0.1114,755,17,1,0,0
TXN0001455,USR02003,MER0126,230.67,UPI,Android,1,0,10,2530.79,1,0.194,1048,9,0,0,0
TXN0001456,USR00230,MER0138,1069.73,NetBanking,Web,0,1,1,1443.51,0,0.1738,450,14,0,1,0
TXN0001457,USR03447,MER0072,772.89,Card,Android,0,1,1,1552.03,0,0.2719,917,19,0,0,0
TXN0001458,USR01593,MER0376,1779.39,Card,Android,0,0,3,2176.57,0,0.3795,480,16,0,0,0
TXN0001459,USR00924,MER0037,3406.88,UPI,Android,0,2,3,3577.12,1,0.1497,617,0,1,0,0
TXN0001460,USR01807,MER0289,1606.72,UPI,Android,0,1,2,472.97,0,0.0,479,16,0,0,0
TXN0001461,USR02766,MER0333,4468.95,NetBanking,Android,0,0,1,3772.59,0,0.3919,896,17,1,0,0
TXN0001462,USR01094,MER0404,1836.55,NetBanking,Android,0,0,1,1517.9,0,0.3939,420,21,0,0,0
TXN0001463,USR00167,MER0273,43432.68,NetBanking,Web,1,1,1,4455.09,0,0.124,540,7,0,0,1
TXN0001464,USR00179,MER0272,4101.93,Wallet,iOS,0,0,1,2301.95,0,0.4868,391,13,0,0,0
TXN0001465,USR02982,MER0381,1276.3,Card,Web,0,0,1,967.42,0,0.4188,191,16,0,1,0
TXN0001466,USR00391,MER0428,9891.4,Card,Web,0,1,2,8489.52,0,0.0357,140,12,0,0,0
TXN0001467,USR02225,MER0106,1678.7,UPI,Android,1,0,1,1057.52,0,0.0117,491,11,1,0,0
TXN0001468,USR01346,MER0399,971.65,Wallet,iOS,0,2,2,1312.41,0,0.3279,1082,15,1,0,0
TXN0001469,USR02722,MER0232,39544.1,Card,Android,0,1,1,1225.71,1,0.1048,1201,7,0,0,0
TXN0001470,USR00212,MER0050,10266.6,Card,iOS,1,0,1,3435.94,0,0.331,611,9,0,0,0
TXN0001471,USR03143,MER0307,2279.12,UPI,iOS,0,0,1,2049.2,0,0.5669,497,16,0,0,0
TXN0001472,USR02444,MER0489,8034.61,UPI,iOS,0,3,2,2989.73,0,0.3655,342,3,0,0,1
TXN0001473,USR01573,MER0071,2242.49,Wallet,Android,0,2,1,986.23,0,0.0874,660,11,0,1,0
TXN0001474,USR00725,MER0008,1982.69,NetBanking,Android,0,1,1,3435.1,0,0.1825,781,21,0,0,0
TXN0001475,USR03420,MER0459,13327.44,UPI,Web,0,0,1,1349.53,0,0.1611,285,3,0,0,0
TXN0001476,USR01058,MER0299,564.79,UPI,Android,0,0,1,1495.39,0,0.3793,677,21,1,0,0
TXN0001477,USR01717,MER0110,3353.88,NetBanking,Android,0,2,1,709.71,0,0.08,885,18,0,0,0
TXN0001478,USR01380,MER0397,511.7,Card,Android,0,2,1,1519.48,0,0.1189,763,7,1,0,0
TXN0001479,USR00807,MER0197,15228.39,Card,iOS,1,1,3,2040.45,0,0.4336,267,18,1,0,0
TXN0001480,USR01459,MER0166,574.13,NetBanking,Android,0,0,3,2781.73,1,0.3699,1323,13,0,0,0
TXN0001481,USR00531,MER0145,1235.03,Card,Web,0,0,2,1337.46,1,0.1548,365,9,0,0,0
TXN0001482,USR00006,MER0300,1576.63,Card,iOS,0,0,2,2251.27,0,0.1933,938,21,0,0,0
TXN0001483,USR01015,MER0068,1548.83,Card,iOS,0,0,5,718.01,0,0.5835,2092,22,0,0,0
TXN0001484,USR00393,MER0182,716.83,Card,Android,0,0,2,1023.64,0,0.5314,249,19,0,0,0
TXN0001485,USR01452,MER0153,9159.0,UPI,Android,0,1,1,4241.55,0,0.2237,1039,22,0,0,0
TXN0001486,USR03020,MER0031,863.49,UPI,iOS,0,1,2,1897.6,0,0.2787,135,15,0,1,0
TXN0001487,USR00569,MER0382,369.38,Card,Android,0,0,3,475.72,0,0.2467,79,11,1,0,0
TXN0001488,USR00005,MER0005,913.01,UPI,Android,0,2,1,1159.02,0,0.1728,1108,10,0,1,0
TXN0001489,USR00389,MER0480,3009.46,NetBanking,iOS,0,0,3,2214.3,0,0.3109,681,10,1,0,0
TXN0001490,USR01779,MER0048,2140.01,UPI,iOS,0,1,1,1725.61,0,0.2639,175,16,0,0,0
TXN0001491,USR00962,MER0180,8470.93,Card,Web,0,0,1,5294.34,0,0.374,847,18,0,0,0
TXN0001492,USR01714,MER0050,1737.54,UPI,Android,0,1,1,1507.35,0,0.2736,297,9,1,0,0
TXN0001493,USR00103,MER0184,2978.84,UPI,Android,0,0,1,1945.25,0,0.3117,577,13,0,0,0
TXN0001494,USR01166,MER0306,1481.3,UPI,Web,0,1,2,2972.45,0,0.1836,232,21,0,0,0
TXN0001495,USR01436,MER0044,4671.5,Wallet,Web,0,1,2,3711.9,0,0.1243,1083,19,0,0,0
TXN0001496,USR01510,MER0263,2901.71,UPI,Android,0,0,2,958.29,0,0.0358,589,10,1,0,0
TXN0001497,USR01930,MER0386,233.48,UPI,Android,0,0,3,822.77,0,0.1441,641,9,0,0,0
TXN0001498,USR02733,MER0228,1955.26,Wallet,Android,0,0,4,1445.48,0,0.067,850,19,0,0,0
TXN0001499,USR01636,MER0057,1336.86,Card,iOS,0,0,3,863.33,0,0.322,345,21,0,0,0
TXN0001500,USR02945,MER0346,3238.17,Wallet,Android,1,1,3,1188.81,0,0.0981,100,13,0,0,0
TXN0001501,USR01855,MER0094,1389.79,Wallet,Android,0,0,1,866.23,0,0.0649,47,5,0,0,0
TXN0001502,USR00912,MER0009,3322.58,Card,Android,0,0,2,3249.55,0,0.1966,1476,8,1,0,0
TXN0001503,USR00802,MER0219,1009.94,UPI,iOS,0,0,1,778.99,0,0.2148,432,19,0,0,0
TXN0001504,USR01129,MER0136,2026.27,UPI,Android,0,0,1,3616.2,1,0.136,679,17,0,0,0
TXN0001505,USR02092,MER0015,1153.43,UPI,Android,1,0,1,1603.32,0,0.1113,385,12,0,0,0
TXN0001506,USR00849,MER0389,3473.86,UPI,iOS,0,1,2,2310.21,0,0.0598,474,4,0,0,0
TXN0001507,USR03200,MER0300,2602.22,Card,iOS,0,0,1,937.73,0,0.1735,1726,2,1,0,0
TXN0001508,USR01680,MER0455,794.36,Wallet,Android,0,0,1,603.91,0,0.4297,370,8,0,1,0
TXN0001509,USR03022,MER0241,1337.69,Card,Android,0,0,2,2719.77,0,0.1613,593,13,0,0,0
TXN0001510,USR02392,MER0220,6593.07,UPI,Android,1,1,1,5701.01,0,0.3746,441,22,0,0,0
TXN0001511,USR01167,MER0422,2752.11,Wallet,Android,0,0,1,1255.63,0,0.0,917,19,0,0,0
TXN0001512,USR00799,MER0041,6083.36,UPI,Android,0,1,2,3129.11,0,0.3668,244,18,0,0,0
TXN0001513,USR02604,MER0181,1884.45,UPI,Android,0,0,2,3863.35,0,0.0979,897,18,1,0,0
TXN0001514,USR01158,MER0400,125.92,UPI,Android,0,0,2,1263.99,0,0.2221,646,8,0,0,0
TXN0001515,USR00865,MER0147,6823.59,Wallet,iOS,0,0,1,5396.27,0,0.1881,739,7,0,0,0
TXN0001516,USR03257,MER0443,877.28,Card,Android,0,0,1,1746.5,1,0.1746,964,11,1,0,0
TXN0001517,USR01690,MER0143,3166.66,Card,Web,0,0,1,2126.76,0,0.1715,458,8,0,0,0
TXN0001518,USR00170,MER0207,4348.34,Card,Android,0,0,4,2306.2,0,0.1786,960,23,0,0,0
TXN0001519,USR01732,MER0449,19060.81,Card,Android,1,0,1,8987.35,0,0.0143,434,18,1,0,0
TXN0001520,USR01613,MER0122,14688.08,UPI,iOS,0,0,1,4396.56,0,0.2804,465,12,0,0,0
TXN0001521,USR03024,MER0485,6645.89,Card,Web,0,1,1,2868.59,0,0.1794,1075,14,0,0,0
TXN0001522,USR02491,MER0022,6542.68,UPI,Android,0,2,1,1951.64,0,0.2368,924,1,0,0,0
TXN0001523,USR00670,MER0133,18132.14,UPI,iOS,0,1,2,7062.24,0,0.3518,1195,20,0,0,0
TXN0001524,USR00527,MER0296,13395.08,Card,iOS,0,1,2,4899.88,0,0.4808,359,12,1,0,0
TXN0001525,USR02113,MER0298,1768.28,UPI,Android,0,0,1,1914.46,0,0.1193,899,20,0,0,0
TXN0001526,USR00166,MER0455,1901.77,Wallet,iOS,0,0,1,5058.65,0,0.4727,170,9,1,0,0
TXN0001527,USR01117,MER0480,12076.01,UPI,Android,0,0,9,2125.46,0,0.3194,1075,18,0,0,1
TXN0001528,USR00484,MER0339,7050.74,UPI,Android,0,0,2,7083.77,0,0.3089,518,19,0,0,0
TXN0001529,USR00072,MER0330,3464.65,UPI,Android,0,2,1,1503.72,0,0.9781,1044,17,0,0,0
TXN0001530,USR03216,MER0159,865.06,Card,Android,0,0,2,1351.54,0,0.0537,1009,17,0,0,0
TXN0001531,USR00315,MER0403,6497.64,UPI,Android,0,0,1,3412.4,0,0.5503,585,8,0,0,0
TXN0001532,USR00033,MER0322,393.79,Wallet,Android,0,0,1,2407.14,0,0.3079,784,10,0,0,0
TXN0001533,USR03266,MER0013,1257.17,UPI,Android,0,7,3,1776.03,0,0.4089,588,9,0,0,0
TXN0001534,USR00660,MER0417,3384.69,UPI,Android,0,2,1,3819.5,0,0.0676,391,18,0,0,0
TXN0001535,USR02858,MER0180,3601.88,UPI,iOS,0,1,1,2713.87,0,0.3559,440,19,1,0,0
TXN0001536,USR00110,MER0238,5628.31,NetBanking,iOS,0,1,2,2734.51,0,0.3466,417,14,0,0,0
TXN0001537,USR00538,MER0244,666.29,UPI,iOS,1,0,2,1539.96,0,0.2276,573,7,0,0,0
TXN0001538,USR00388,MER0410,1556.06,UPI,Web,0,0,1,1017.13,0,0.1743,401,21,0,0,0
TXN0001539,USR02472,MER0134,4079.41,UPI,Web,0,0,2,1773.14,0,0.3117,443,15,1,0,0
TXN0001540,USR02171,MER0196,20759.17,Card,Android,0,0,3,4030.67,0,0.2889,539,19,1,0,0
TXN0001541,USR01665,MER0020,2179.99,UPI,Android,0,0,3,1377.88,0,0.5305,280,19,0,0,0
TXN0001542,USR00846,MER0175,691.26,UPI,Android,0,0,8,1011.67,0,0.3649,1596,9,1,0,0
TXN0001543,USR00312,MER0045,1504.81,Wallet,Android,0,1,1,3952.47,0,0.1048,54,18,0,0,0
TXN0001544,USR01993,MER0292,4912.6,Wallet,Android,0,0,1,1383.72,0,0.0222,250,9,1,0,0
TXN0001545,USR00808,MER0447,3042.34,UPI,Web,0,0,2,1880.88,0,0.9543,845,14,0,0,1
TXN0001546,USR02066,MER0233,1688.57,UPI,Android,0,0,1,1803.45,0,0.1275,1224,19,0,0,0
TXN0001547,USR02407,MER0457,514.26,UPI,Android,0,5,2,1735.41,0,0.2172,1088,14,0,0,0
TXN0001548,USR02974,MER0489,1846.96,NetBanking,iOS,0,0,3,3796.17,0,0.3682,1083,16,1,0,0
TXN0001549,USR01729,MER0027,4367.33,Card,iOS,0,2,10,2914.22,1,0.0515,262,8,0,0,0
TXN0001550,USR00017,MER0259,13472.86,UPI,Web,0,0,2,10978.27,0,0.4339,678,9,1,0,0
TXN0001551,USR00983,MER0265,815.03,Card,Web,0,1,1,3479.28,0,0.2568,251,17,0,1,0
TXN0001552,USR02987,MER0193,1188.1,UPI,Android,0,1,1,792.06,0,0.1298,951,20,0,0,0
TXN0001553,USR01867,MER0416,259.43,UPI,iOS,0,0,2,843.67,1,0.2596,970,7,0,0,0
TXN0001554,USR02167,MER0198,11300.24,NetBanking,Android,1,0,1,4481.41,1,0.1484,108,20,0,0,0
TXN0001555,USR01603,MER0028,8526.5,UPI,Web,0,0,2,7713.86,0,0.2682,338,13,1,0,0
TXN0001556,USR00570,MER0274,1185.84,UPI,Android,0,2,1,1740.4,0,0.0538,1213,12,0,0,0
TXN0001557,USR03139,MER0101,8193.91,Card,Android,0,0,2,4222.72,0,0.4905,201,13,0,0,0
TXN0001558,USR02706,MER0178,1734.19,Card,Web,0,0,3,1413.43,0,0.2828,318,7,0,0,0
TXN0001559,USR03484,MER0251,1869.61,UPI,iOS,0,0,6,757.13,0,0.2361,1124,19,1,0,0
TXN0001560,USR02995,MER0362,711.02,Card,Android,0,0,1,705.39,0,0.1089,657,15,1,0,0
TXN0001561,USR01019,MER0140,1438.59,Card,Android,0,0,2,1368.5,0,0.6064,208,16,0,0,0
TXN0001562,USR00890,MER0191,871.72,Wallet,Android,0,0,1,1125.35,0,0.1626,633,17,0,0,0
TXN0001563,USR00870,MER0034,4166.97,UPI,iOS,0,1,2,3624.99,0,0.1621,951,14,0,0,0
TXN0001564,USR03216,MER0193,4365.67,UPI,iOS,0,0,1,1351.54,0,0.1475,658,6,1,0,0
TXN0001565,USR01950,MER0291,4194.14,NetBanking,Android,1,1,1,6332.39,0,0.0544,532,22,0,0,0
TXN0001566,USR01591,MER0309,5670.95,Card,iOS,0,0,1,3739.04,0,0.187,234,14,1,0,0
TXN0001567,USR03389,MER0147,1939.16,UPI,Android,0,5,1,3842.7,0,0.1741,297,6,0,0,0
TXN0001568,USR02112,MER0031,279.11,Card,Web,0,0,3,1299.37,0,0.2802,1477,13,0,1,0
TXN0001569,USR03184,MER0289,5010.54,UPI,iOS,0,2,1,4536.58,0,0.0291,459,19,0,0,0
TXN0001570,USR03447,MER0328,1927.56,NetBanking,Web,0,0,1,1552.03,0,0.3433,966,17,0,0,0
TXN0001571,USR00279,MER0043,3332.03,Card,Android,0,0,1,3791.71,0,0.4388,1595,18,1,0,0
TXN0001572,USR01266,MER0253,740.46,Wallet,Web,0,0,3,2285.59,0,0.5517,1587,9,0,0,0
TXN0001573,USR02570,MER0048,1202.43,Card,Web,1,0,5,1015.37,0,0.2468,442,11,0,1,0
TXN0001574,USR02847,MER0227,5460.53,Wallet,Android,0,0,1,4738.88,1,0.0566,571,18,1,0,0
TXN0001575,USR00520,MER0321,1172.16,UPI,Web,0,0,3,2336.77,0,0.062,822,8,1,0,0
TXN0001576,USR01115,MER0360,1237.75,UPI,iOS,0,1,1,3448.04,0,0.4363,113,8,1,0,0
TXN0001577,USR01919,MER0357,3449.52,UPI,Web,0,1,1,4349.04,0,0.0076,1258,12,1,0,0
TXN0001578,USR02798,MER0380,29526.71,Wallet,iOS,0,0,1,3629.28,0,0.2553,350,21,0,0,0
TXN0001579,USR00396,MER0121,3397.31,Card,Web,0,1,1,2645.85,0,0.3092,300,15,1,0,0
TXN0001580,USR02103,MER0424,3878.56,UPI,Android,0,1,9,7688.04,0,0.487,653,15,0,0,0
TXN0001581,USR01038,MER0175,5771.08,UPI,Android,0,0,3,5497.39,0,0.2811,1086,17,0,0,0
TXN0001582,USR00758,MER0188,2130.83,Card,Android,0,1,2,1182.68,0,0.1184,530,4,1,0,0
TXN0001583,USR01804,MER0394,885.48,Card,iOS,0,1,3,2165.59,0,0.9051,957,8,1,0,0
TXN0001584,USR01450,MER0164,2048.6,Card,Android,0,1,1,2057.9,1,0.7341,155,8,0,0,0
TXN0001585,USR02225,MER0038,2639.17,Card,Android,1,0,1,1057.52,0,0.1095,1178,21,0,0,0
TXN0001586,USR01112,MER0358,247.76,UPI,Android,0,0,1,652.24,0,0.2472,596,23,0,0,0
TXN0001587,USR02882,MER0332,4779.1,Card,Web,0,2,2,2186.44,0,0.0,834,20,0,0,0
TXN0001588,USR00274,MER0291,11218.27,UPI,iOS,1,0,2,3675.64,0,0.0,333,9,0,0,0
TXN0001589,USR03017,MER0072,1061.86,UPI,Android,0,0,2,1309.98,0,0.3519,328,5,1,0,0
TXN0001590,USR00105,MER0316,3913.86,UPI,Android,0,1,10,5267.15,0,0.3546,1078,22,0,1,0
TXN0001591,USR02576,MER0100,4818.3,Wallet,Web,0,1,2,2407.51,0,0.2063,495,18,0,0,0
TXN0001592,USR01213,MER0278,1214.79,UPI,Android,0,0,1,1460.22,0,0.1385,1017,18,0,0,0
TXN0001593,USR01342,MER0254,2019.06,UPI,iOS,0,0,1,1250.89,0,0.121,240,8,0,0,0
TXN0001594,USR00067,MER0387,2411.67,Card,Web,0,1,3,2722.23,0,0.8246,619,10,0,0,0
TXN0001595,USR02458,MER0489,2140.07,UPI,Web,0,0,3,1603.44,0,0.3762,403,20,1,1,0
TXN0001596,USR00580,MER0096,3708.99,Wallet,Android,0,1,1,2288.51,0,0.0441,218,17,0,0,0
TXN0001597,USR02308,MER0058,5562.33,Wallet,iOS,0,0,9,11023.94,0,0.0816,327,10,0,0,0
TXN0001598,USR02539,MER0278,1270.87,Card,Web,1,0,2,1622.49,0,0.1561,1044,8,0,0,0
TXN0001599,USR02959,MER0476,4634.39,UPI,Android,0,2,1,2411.22,0,0.1506,919,12,1,1,0
TXN0001600,USR02479,MER0080,2603.77,UPI,iOS,0,0,1,2858.11,0,0.0184,914,17,1,0,0
TXN0001601,USR01056,MER0244,501.25,UPI,iOS,0,0,2,1584.13,0,0.2106,194,19,1,0,0
TXN0001602,USR02586,MER0204,1612.18,Card,Android,0,1,1,695.23,0,0.8726,120,13,0,0,0
TXN0001603,USR02891,MER0160,1271.53,UPI,Android,1,0,1,1559.53,0,0.0716,413,19,1,0,0
TXN0001604,USR01111,MER0332,6572.51,Wallet,Android,0,0,1,3149.42,0,0.0,635,8,0,0,0
TXN0001605,USR00435,MER0148,558.98,NetBanking,Android,0,1,1,1604.94,0,0.1843,879,12,0,1,0
TXN0001606,USR03116,MER0247,5391.16,Card,Android,0,0,2,6183.41,0,0.1296,701,16,1,1,0
TXN0001607,USR00518,MER0423,5112.41,UPI,Android,0,0,1,3723.49,0,0.4292,495,12,0,0,0
TXN0001608,USR02079,MER0190,11218.92,Wallet,iOS,0,0,2,12557.85,0,0.1341,691,8,0,0,0
TXN0001609,USR00827,MER0011,735.84,UPI,Web,0,3,3,1813.07,0,0.2426,1515,18,1,0,0
TXN0001610,USR00442,MER0443,161.38,NetBanking,Web,0,0,3,945.99,0,0.2155,346,20,0,0,0
TXN0001611,USR02718,MER0138,12744.88,UPI,Web,0,0,3,4474.43,0,0.1361,819,12,0,0,0
TXN0001612,USR00504,MER0387,2719.77,Card,iOS,0,0,1,2391.59,0,0.7684,603,16,0,0,0
TXN0001613,USR02346,MER0382,4921.95,UPI,Android,0,0,1,2233.59,0,0.2583,427,18,1,0,0
TXN0001614,USR02426,MER0264,4431.27,Card,Android,0,1,3,2387.02,0,0.2011,702,23,1,0,0
TXN0001615,USR00211,MER0044,1711.0,UPI,iOS,0,0,3,1170.4,0,0.1026,160,16,1,0,0
TXN0001616,USR00606,MER0476,2385.97,UPI,Web,0,1,1,3161.25,1,0.181,393,9,0,0,0
TXN0001617,USR02781,MER0341,14312.45,UPI,Android,0,1,1,10575.05,0,0.2411,405,20,0,0,0
TXN0001618,USR01776,MER0213,4714.1,UPI,iOS,0,5,2,1766.73,0,0.628,501,13,0,0,0
TXN0001619,USR00425,MER0427,3672.42,UPI,Web,0,0,2,3636.72,0,0.205,1259,19,0,0,0
TXN0001620,USR03472,MER0395,3519.81,Wallet,iOS,0,0,1,941.0,0,0.3917,792,16,0,0,0
TXN0001621,USR00928,MER0381,3546.22,UPI,iOS,0,2,2,2771.19,0,0.3973,516,20,0,0,0
TXN0001622,USR00015,MER0084,624.04,Card,Web,0,0,2,2086.4,0,0.1188,868,17,0,0,0
TXN0001623,USR03235,MER0317,2991.0,UPI,iOS,0,0,3,1543.72,0,0.0661,788,17,0,1,0
TXN0001624,USR00059,MER0143,1063.05,Card,Android,0,1,2,2015.03,0,0.1647,534,20,0,0,0
TXN0001625,USR01937,MER0040,8979.2,NetBanking,Web,0,0,1,2167.79,0,0.1245,576,11,0,0,0
TXN0001626,USR03476,MER0170,6356.05,UPI,iOS,0,1,1,2551.09,0,0.8835,700,7,0,0,1
TXN0001627,USR02023,MER0053,10155.07,NetBanking,Android,0,0,2,3403.9,0,0.0364,786,12,0,0,0
TXN0001628,USR02047,MER0053,5628.79,Card,Web,0,0,1,3130.21,0,0.048,435,8,1,0,0
TXN0001629,USR01359,MER0364,890.95,Card,Android,0,1,1,1818.6,0,0.236,781,10,1,0,0
TXN0001630,USR00445,MER0251,450.32,UPI,Web,0,1,2,1563.51,0,0.1948,287,20,0,0,0
TXN0001631,USR02005,MER0199,5259.6,NetBanking,Web,0,0,9,1884.09,0,0.1364,374,16,0,0,0
TXN0001632,USR03141,MER0097,641.48,Wallet,Android,0,0,1,1985.18,0,0.1146,366,18,0,1,0
TXN0001633,USR00319,MER0386,14722.93,UPI,Web,0,5,2,4944.56,0,0.1923,271,11,0,1,0
TXN0001634,USR03082,MER0318,4459.36,UPI,Android,0,0,1,2894.7,0,0.2911,576,19,0,0,0
TXN0001635,USR01453,MER0293,2391.79,UPI,Web,1,6,4,2656.33,0,0.174,1108,7,0,0,0
TXN0001636,USR01877,MER0096,3097.4,UPI,iOS,0,0,2,2368.57,0,0.0411,1186,16,0,0,0
TXN0001637,USR00579,MER0062,5275.23,UPI,Android,1,0,2,3967.01,0,0.2065,229,13,0,0,0
TXN0001638,USR02177,MER0062,793.63,NetBanking,Web,0,0,2,965.22,0,0.1804,1316,18,1,0,0
TXN0001639,USR00639,MER0013,7511.02,Wallet,Android,0,0,3,2828.87,0,0.429,1671,18,0,0,0
TXN0001640,USR00957,MER0485,3914.87,UPI,Android,1,1,2,1511.3,0,0.1392,634,7,1,0,0
TXN0001641,USR02526,MER0184,2089.03,UPI,iOS,0,1,1,1963.3,0,0.3468,773,18,1,0,0
TXN0001642,USR00177,MER0330,1146.25,Card,Android,0,0,1,1856.13,0,0.9349,2487,8,0,0,0
TXN0001643,USR01566,MER0492,5056.49,NetBanking,Android,0,1,11,2075.88,0,0.2637,718,7,0,1,1
TXN0001644,USR02081,MER0469,155.59,Wallet,iOS,0,7,1,701.66,0,0.1921,850,22,1,0,0
TXN0001645,USR00463,MER0161,1104.82,Wallet,Android,0,0,1,843.73,0,0.4336,606,8,0,1,0
TXN0001646,USR01032,MER0245,2443.37,Wallet,Android,0,0,3,1508.15,1,0.0578,710,18,0,0,0
TXN0001647,USR01203,MER0232,161.03,Card,iOS,0,0,1,307.35,0,0.0734,400,9,0,0,0
TXN0001648,USR02323,MER0017,1621.83,UPI,Android,1,0,1,845.72,0,0.2575,528,14,1,0,0
TXN0001649,USR03419,MER0385,1853.14,Wallet,Android,1,2,2,1985.51,0,0.1354,1106,13,1,0,1
TXN0001650,USR02927,MER0288,1759.85,Card,Android,0,0,1,2740.48,0,0.199,368,20,0,0,0
TXN0001651,USR00665,MER0186,2970.84,Wallet,Android,0,1,1,1561.0,0,0.3238,705,12,1,0,0
TXN0001652,USR00064,MER0280,1459.15,Card,iOS,1,0,1,3351.98,0,0.4835,1296,8,0,0,0
TXN0001653,USR00182,MER0368,7945.13,UPI,Android,0,0,1,4467.1,0,0.4303,92,22,0,0,0
TXN0001654,USR02085,MER0008,477.99,UPI,Web,1,1,1,2094.12,0,0.1277,1356,7,1,0,0
TXN0001655,USR00547,MER0324,3196.34,Wallet,Android,0,0,2,2735.46,0,0.0656,369,8,0,0,0
TXN0001656,USR00810,MER0431,2907.86,UPI,Android,1,0,1,2961.95,0,0.1429,989,19,0,0,0
TXN0001657,USR02966,MER0364,1663.58,UPI,iOS,0,0,2,2579.38,0,0.2205,1449,15,1,0,0
TXN0001658,USR03059,MER0310,5165.87,Card,Android,0,0,1,4102.28,0,0.1378,1410,0,1,0,0
TXN0001659,USR02937,MER0046,1829.37,UPI,iOS,1,0,1,2036.56,0,0.2269,461,9,1,0,0
TXN0001660,USR00888,MER0373,5350.7,Card,Android,0,5,2,2632.27,0,0.5974,460,9,1,1,0
TXN0001661,USR02169,MER0376,333.8,Card,Web,1,0,1,234.45,0,0.4561,1461,13,0,0,0
TXN0001662,USR02138,MER0247,4005.71,Card,Android,0,0,3,3039.76,0,0.1901,1298,17,0,0,0
TXN0001663,USR00649,MER0292,2102.96,NetBanking,Android,0,1,2,1791.77,0,0.0744,177,12,0,0,0
TXN0001664,USR01938,MER0310,757.75,UPI,iOS,0,0,2,1119.14,0,0.1515,390,12,0,0,0
TXN0001665,USR01839,MER0061,3017.65,NetBanking,Android,1,0,1,3942.36,0,0.3923,301,15,0,0,0
TXN0001666,USR01387,MER0129,7203.69,Wallet,Web,0,0,1,6333.66,0,0.3928,139,18,0,0,0
TXN0001667,USR02631,MER0397,1506.66,Wallet,Web,0,2,2,1794.48,0,0.0959,1173,19,0,1,0
TXN0001668,USR02372,MER0487,11954.18,Wallet,iOS,0,1,7,5645.37,0,0.3324,1427,8,0,0,0
TXN0001669,USR01865,MER0136,2622.58,UPI,Android,0,0,3,2577.64,0,0.0938,77,13,0,0,0
TXN0001670,USR02541,MER0201,1605.27,Card,iOS,0,2,1,1287.36,0,0.2804,138,19,0,0,0
TXN0001671,USR02671,MER0458,696.27,UPI,Android,0,1,1,2009.55,0,0.5936,891,17,0,0,0
TXN0001672,USR01985,MER0082,2178.94,Card,Android,0,1,1,1161.5,0,0.2002,1429,3,1,0,0
TXN0001673,USR00937,MER0131,1185.94,UPI,Android,0,0,1,1894.55,0,0.1335,2262,1,0,0,0
TXN0001674,USR02655,MER0028,578.16,UPI,Android,0,0,1,1287.64,0,0.2756,510,19,0,0,0
TXN0001675,USR02512,MER0118,5418.8,NetBanking,Android,0,1,3,1741.28,1,0.0882,405,15,1,0,0
TXN0001676,USR03442,MER0319,6985.97,NetBanking,iOS,0,0,2,4444.27,0,0.0699,503,19,1,0,0
TXN0001677,USR00525,MER0175,2424.49,Card,Android,0,0,3,1261.26,0,0.3626,484,12,1,0,0
TXN0001678,USR01468,MER0492,3111.85,UPI,Android,0,0,1,2358.39,1,0.2849,1098,9,0,0,0
TXN0001679,USR03235,MER0446,1373.17,Wallet,Android,0,0,1,1543.72,0,0.2501,442,13,1,0,0
TXN0001680,USR01802,MER0448,1537.87,NetBanking,Android,0,0,2,1977.26,0,0.1613,1149,11,1,0,0
TXN0001681,USR03300,MER0364,9352.78,UPI,iOS,0,0,1,5610.92,0,0.2716,807,6,0,0,0
TXN0001682,USR00044,MER0352,3317.66,UPI,Android,0,1,1,1543.18,0,0.2615,986,18,0,0,0
TXN0001683,USR00124,MER0255,1169.55,NetBanking,iOS,0,1,1,1291.38,1,0.1818,698,18,0,0,0
TXN0001684,USR02787,MER0496,17768.34,UPI,Web,0,0,1,4200.43,0,0.1955,434,10,0,0,0
TXN0001685,USR01255,MER0048,2873.31,Card,Android,0,0,2,488.47,0,0.2086,625,13,0,0,0
TXN0001686,USR01821,MER0362,1486.67,Card,Web,0,1,1,4264.06,0,0.0933,188,21,0,0,0
TXN0001687,USR01499,MER0071,463.59,Card,Web,0,0,2,1683.27,0,0.1211,442,7,0,0,0
TXN0001688,USR01428,MER0170,303.34,UPI,Web,0,0,2,1074.99,0,0.875,480,14,0,0,0
TXN0001689,USR03289,MER0128,2115.94,Card,Android,0,1,1,2996.49,0,0.5666,1200,15,0,1,0
TXN0001690,USR00330,MER0301,3368.43,Card,Android,0,1,3,4184.97,0,0.4476,543,8,1,0,0
TXN0001691,USR02703,MER0394,5332.94,NetBanking,iOS,0,0,1,3429.56,0,0.958,1024,5,0,0,0
TXN0001692,USR03114,MER0040,10270.72,Card,Android,0,0,2,11022.02,0,0.0952,1324,13,0,0,0
TXN0001693,USR02301,MER0301,3845.17,NetBanking,Android,0,0,2,2202.49,0,0.4791,804,17,0,0,0
TXN0001694,USR01383,MER0111,539.51,UPI,Android,0,0,2,549.13,0,0.5377,740,10,0,1,0
TXN0001695,USR00561,MER0039,7062.04,UPI,Android,0,0,1,7352.19,0,0.1887,428,20,0,0,0
TXN0001696,USR02390,MER0209,1111.5,NetBanking,Android,0,1,1,1770.96,0,0.2648,675,18,1,0,0
TXN0001697,USR01641,MER0291,4965.58,UPI,Android,0,0,3,1874.36,0,0.0028,1453,7,1,0,0
TXN0001698,USR00523,MER0101,1685.93,UPI,iOS,0,0,1,5338.71,0,0.4843,352,16,1,0,0
TXN0001699,USR01259,MER0195,2065.6,UPI,Android,0,0,3,1748.01,0,0.2192,940,15,1,0,0
TXN0001700,USR03366,MER0477,3307.39,Card,Android,0,0,1,3962.78,0,0.0604,353,6,1,0,0
TXN0001701,USR00929,MER0174,3853.24,Wallet,Web,0,0,1,2307.24,1,0.1491,1172,20,0,0,0
TXN0001702,USR00625,MER0498,818.9,NetBanking,iOS,1,0,2,873.89,0,0.9297,447,19,0,0,0
TXN0001703,USR02387,MER0418,677.7,UPI,Android,0,0,1,708.03,0,0.4605,895,8,0,0,0
TXN0001704,USR00699,MER0186,4428.59,UPI,Android,0,0,1,5641.0,0,0.2459,609,13,1,0,0
TXN0001705,USR03220,MER0289,3203.04,UPI,iOS,0,0,1,1234.86,0,0.0,308,23,0,0,0
TXN0001706,USR03007,MER0355,1598.47,NetBanking,iOS,0,0,2,1677.52,0,0.1152,805,18,0,0,0
TXN0001707,USR03443,MER0233,4378.06,Card,Web,0,0,3,1114.56,0,0.183,947,19,0,0,0
TXN0001708,USR03195,MER0204,4915.86,UPI,Android,0,1,2,4248.01,0,0.8509,664,15,0,0,0
TXN0001709,USR00854,MER0165,2512.01,UPI,iOS,0,1,3,2599.76,0,0.0574,334,3,0,0,0
TXN0001710,USR00743,MER0070,1126.75,UPI,Android,0,0,1,1315.18,0,0.0549,391,14,0,0,0
TXN0001711,USR01200,MER0013,2811.12,Card,Web,0,1,2,1968.61,0,0.4536,291,16,0,0,0
TXN0001712,USR01645,MER0169,1534.06,Card,Android,0,0,4,2463.44,0,0.2288,315,12,1,0,0
TXN0001713,USR03080,MER0398,1465.18,Card,Android,0,0,2,1386.86,0,0.0532,302,12,0,0,0
TXN0001714,USR02568,MER0117,7974.6,Card,iOS,0,0,1,8334.49,0,0.0733,1029,0,1,0,1
TXN0001715,USR02256,MER0090,3426.87,UPI,iOS,0,3,1,2850.43,0,0.056,1228,7,1,1,0
TXN0001716,USR03075,MER0165,2591.35,Card,iOS,0,0,3,2117.33,0,0.1224,818,22,1,0,0
TXN0001717,USR02261,MER0300,883.47,Card,Android,0,0,1,695.35,0,0.16,246,18,1,0,0
TXN0001718,USR01327,MER0108,1346.57,UPI,Web,0,1,2,1322.11,0,0.8938,334,3,1,0,0
TXN0001719,USR01446,MER0111,63516.67,Card,iOS,0,0,2,2324.29,0,0.5108,75,16,0,0,0
TXN0001720,USR01810,MER0057,4016.6,Wallet,Android,0,0,2,3114.87,0,0.3628,375,18,0,0,0
TXN0001721,USR00311,MER0167,9696.12,Card,Web,0,2,1,1561.14,0,0.3128,386,16,1,0,0
TXN0001722,USR02597,MER0109,6209.52,Card,Android,0,1,2,6297.74,0,0.4253,739,21,0,0,0
TXN0001723,USR02285,MER0416,4691.02,Card,iOS,0,0,3,2472.51,0,0.2912,957,10,0,0,0
TXN0001724,USR02559,MER0453,1487.08,UPI,Android,0,0,2,2636.82,0,0.3364,1271,19,1,0,0
TXN0001725,USR01869,MER0186,11997.73,UPI,Android,0,0,2,4600.43,0,0.278,335,11,0,0,0
TXN0001726,USR02741,MER0043,1368.89,Card,Android,0,0,1,2389.5,0,0.4298,482,10,1,0,0
TXN0001727,USR03325,MER0044,2960.46,UPI,Android,0,0,3,2241.42,0,0.1237,519,18,0,0,0
TXN0001728,USR01995,MER0163,6061.34,Card,Android,0,0,2,7708.46,0,0.266,195,11,0,0,0
TXN0001729,USR01556,MER0232,6217.52,Card,Android,0,3,2,4720.55,0,0.0583,789,7,0,0,1
TXN0001730,USR00367,MER0265,1518.74,UPI,iOS,0,1,1,1890.68,0,0.283,211,20,1,0,0
TXN0001731,USR02726,MER0153,1640.46,NetBanking,Android,0,0,1,3044.2,0,0.2454,758,16,1,0,0
TXN0001732,USR03164,MER0178,2932.45,NetBanking,Android,0,1,2,3748.61,0,0.2865,2087,14,0,0,0
TXN0001733,USR02449,MER0142,5102.31,UPI,Android,0,1,13,1767.84,0,0.5169,1182,7,1,0,0
TXN0001734,USR03030,MER0259,8019.39,Card,Android,0,1,1,6022.03,0,0.4549,1093,18,0,0,0
TXN0001735,USR03015,MER0349,2422.32,UPI,Android,0,0,2,6441.09,0,0.2202,762,15,1,0,0
TXN0001736,USR02794,MER0022,3158.12,NetBanking,iOS,0,0,2,1508.78,0,0.2412,668,0,0,0,0
TXN0001737,USR01761,MER0240,748.34,Card,Android,0,0,1,1494.79,0,0.4546,696,13,0,0,0
TXN0001738,USR00350,MER0325,2464.74,Card,Web,0,2,1,1517.2,0,0.1556,441,12,1,0,0
TXN0001739,USR00012,MER0337,2117.72,NetBanking,iOS,0,1,4,1494.9,0,0.3647,437,19,1,0,0
TXN0001740,USR00716,MER0282,4750.57,Card,Web,0,0,2,3204.39,0,0.0371,764,12,1,0,0
TXN0001741,USR01509,MER0263,15295.27,Wallet,Android,1,0,1,4234.43,1,0.0373,158,10,0,0,0
TXN0001742,USR02603,MER0341,1824.86,UPI,iOS,1,0,5,3483.81,0,0.223,1124,15,0,0,0
TXN0001743,USR01596,MER0190,3642.5,UPI,Android,0,0,4,2466.74,1,0.0964,739,15,1,0,0
TXN0001744,USR00081,MER0284,6876.44,UPI,Android,1,2,1,2918.87,0,0.2105,169,10,0,0,0
TXN0001745,USR00737,MER0160,697.84,Wallet,Web,0,0,10,1165.83,0,0.0676,507,17,1,0,0
TXN0001746,USR03428,MER0219,3542.74,UPI,Android,0,0,1,2055.94,0,0.3041,851,15,0,0,0
TXN0001747,USR03459,MER0063,1469.45,UPI,Android,0,0,1,1899.63,0,0.4238,2283,20,0,0,0
TXN0001748,USR01321,MER0176,11496.33,Wallet,iOS,0,0,1,9566.05,0,0.1653,832,9,1,0,0
TXN0001749,USR02818,MER0072,1314.78,UPI,Android,0,1,1,3816.03,0,0.3062,473,20,0,0,0
TXN0001750,USR02518,MER0114,1737.25,Card,Android,0,5,4,1227.88,0,0.2937,176,10,1,0,1
TXN0001751,USR03260,MER0210,947.82,UPI,iOS,0,1,1,2746.83,0,0.4359,384,20,0,0,0
TXN0001752,USR03107,MER0251,3603.99,UPI,Android,0,1,2,1493.08,0,0.2186,686,22,0,0,0
TXN0001753,USR02201,MER0471,2126.91,UPI,iOS,0,0,1,1544.59,1,0.1683,1884,13,1,0,0
TXN0001754,USR01382,MER0014,9296.89,Wallet,Android,0,0,1,2465.07,0,0.1862,911,16,0,0,0
TXN0001755,USR02194,MER0450,3510.31,UPI,Web,1,2,1,2280.01,0,0.4451,819,18,1,0,0
TXN0001756,USR01117,MER0165,1623.46,UPI,Android,0,0,2,2125.46,0,0.0869,690,9,0,0,0
TXN0001757,USR01219,MER0363,1729.99,Card,Android,0,0,1,3232.21,0,0.1515,1648,19,0,0,0
TXN0001758,USR02131,MER0339,3959.47,UPI,Android,0,0,1,3504.72,0,0.3298,542,22,1,0,0
TXN0001759,USR02000,MER0486,3186.24,Card,iOS,0,0,1,3423.36,1,0.2668,1731,20,1,0,0
TXN0001760,USR02034,MER0055,12050.61,Card,Android,0,1,1,5392.96,0,0.9163,1405,15,0,0,0
TXN0001761,USR01347,MER0484,916.63,NetBanking,Android,0,0,1,1880.52,0,0.2749,223,13,0,0,0
TXN0001762,USR01432,MER0032,7953.39,Wallet,Android,0,0,3,1951.4,0,0.517,88,19,0,0,1
TXN0001763,USR00036,MER0439,9397.47,UPI,Android,0,0,1,3945.6,0,0.0075,997,15,0,0,0
TXN0001764,USR02107,MER0327,3637.85,Card,Web,0,0,1,4427.92,0,0.1132,1367,14,0,1,0
TXN0001765,USR02016,MER0241,8033.55,Card,iOS,0,0,2,2314.5,0,0.1238,556,7,0,0,0
TXN0001766,USR03274,MER0199,1752.58,UPI,Android,0,8,7,3237.95,0,0.1398,889,6,1,0,0
TXN0001767,USR01765,MER0047,1220.82,Card,Android,0,1,2,1106.83,0,0.3584,1160,7,1,0,0
TXN0001768,USR01637,MER0401,446.91,Wallet,iOS,1,2,2,1177.82,0,0.1732,315,17,0,0,0
TXN0001769,USR00237,MER0364,3006.94,Wallet,iOS,0,1,1,836.44,0,0.2396,653,18,1,0,0
TXN0001770,USR00689,MER0469,730.01,Card,Android,1,0,7,2512.85,0,0.1863,433,16,0,0,0
TXN0001771,USR01184,MER0366,1217.46,UPI,Web,0,0,1,3610.64,0,0.2066,331,14,0,0,0
TXN0001772,USR01321,MER0479,5761.67,Card,Android,0,0,3,9566.05,0,0.2212,1210,6,1,0,0
TXN0001773,USR01270,MER0444,4255.53,Card,Android,0,0,1,1726.59,0,0.1763,965,16,0,0,0
TXN0001774,USR01380,MER0213,2874.44,UPI,Web,0,0,2,1519.48,0,0.6615,552,6,0,0,0
TXN0001775,USR02692,MER0352,85365.07,NetBanking,Android,0,0,5,8412.84,0,0.2324,774,18,0,0,0
TXN0001776,USR00459,MER0133,1976.17,NetBanking,Android,0,0,3,997.54,0,0.2717,715,7,0,0,0
TXN0001777,USR01163,MER0398,5269.95,NetBanking,Web,0,2,1,6020.19,0,0.0281,854,9,0,0,0
TXN0001778,USR00571,MER0305,9429.45,Card,Web,0,0,2,7313.26,0,0.2159,593,11,0,0,0
TXN0001779,USR01078,MER0221,5211.56,Card,Web,0,1,3,1668.02,0,0.1833,497,7,0,1,0
TXN0001780,USR02396,MER0315,1810.9,UPI,iOS,0,0,1,2273.66,0,0.0519,731,20,0,0,0
TXN0001781,USR00164,MER0139,2547.73,NetBanking,iOS,1,0,2,4650.58,1,0.1971,392,8,0,0,0
TXN0001782,USR01189,MER0312,4704.06,UPI,Android,1,0,1,3524.57,0,0.2341,1033,11,0,0,0
TXN0001783,USR00083,MER0238,1764.8,UPI,Android,0,0,4,1088.76,0,0.3416,769,10,1,0,0
TXN0001784,USR03343,MER0161,2412.69,UPI,Android,0,2,1,2342.5,0,0.4079,343,10,0,0,0
TXN0001785,USR02546,MER0488,8768.1,Wallet,Web,0,0,2,4475.8,0,0.141,1961,6,0,0,0
TXN0001786,USR00853,MER0032,2373.91,UPI,Android,0,0,1,2884.76,0,0.5395,1070,20,0,0,1
TXN0001787,USR00694,MER0379,1174.52,Wallet,Web,0,0,1,1126.4,0,0.0474,126,11,0,0,0
TXN0001788,USR00347,MER0106,5691.53,Card,Android,0,1,3,4568.96,0,0.0511,64,8,0,0,0
TXN0001789,USR01656,MER0112,52685.71,UPI,Android,1,0,3,4903.98,0,0.1679,464,3,1,0,1
TXN0001790,USR02638,MER0078,8667.29,Wallet,Android,0,0,1,2851.94,0,0.3839,111,7,1,0,0
TXN0001791,USR02045,MER0052,7230.84,Wallet,Android,0,1,1,5825.67,0,0.5207,537,8,1,0,0
TXN0001792,USR03084,MER0062,2839.42,UPI,Android,0,1,2,3715.11,1,0.211,362,11,1,0,0
TXN0001793,USR01204,MER0417,12693.07,UPI,Android,0,0,11,1139.72,0,0.1065,1868,4,1,0,0
TXN0001794,USR00974,MER0464,2255.22,Card,iOS,0,0,4,1146.68,0,0.0803,453,9,0,0,0
TXN0001795,USR01674,MER0293,2883.88,UPI,Android,0,1,2,1736.18,0,0.1839,690,9,0,0,0
TXN0001796,USR00708,MER0007,1763.55,UPI,Android,0,0,1,1104.94,0,0.2019,1520,4,0,1,0
TXN0001797,USR03415,MER0433,344.05,NetBanking,Android,0,0,1,1063.58,0,0.2809,1049,11,1,0,0
TXN0001798,USR00651,MER0301,564.3,UPI,Android,0,0,2,3569.58,1,0.4341,164,17,1,0,0
TXN0001799,USR01677,MER0261,2621.85,Card,Web,1,0,2,1100.42,0,0.1505,287,4,1,0,0
TXN0001800,USR01828,MER0474,3629.21,UPI,Web,0,0,2,2781.63,0,0.1607,307,15,0,0,0
TXN0001801,USR00200,MER0205,1237.73,UPI,Android,0,0,3,1321.56,0,0.7537,1947,19,1,0,0
TXN0001802,USR01640,MER0181,3892.58,UPI,Android,0,0,1,2482.26,0,0.0291,293,16,1,0,0
TXN0001803,USR01592,MER0390,12351.04,UPI,Android,1,0,3,3241.63,0,0.2013,328,21,1,0,0
TXN0001804,USR00909,MER0264,13785.83,Wallet,iOS,0,0,1,5237.78,1,0.2104,1147,15,1,0,0
TXN0001805,USR00448,MER0359,4207.99,Wallet,Android,0,0,3,2212.64,0,0.0823,228,11,0,0,0
TXN0001806,USR00159,MER0348,438.73,Card,iOS,0,0,2,873.33,0,0.2209,963,20,0,0,0
TXN0001807,USR00031,MER0420,588.26,Wallet,Android,1,0,5,1066.42,0,0.2066,674,12,0,0,0
TXN0001808,USR01686,MER0159,317.36,UPI,iOS,0,0,2,1859.85,0,0.0619,338,13,0,0,0
TXN0001809,USR00315,MER0037,5122.0,Card,Android,0,0,1,3412.4,0,0.1387,1401,0,0,0,0
TXN0001810,USR03358,MER0239,4589.03,Wallet,Android,1,0,1,2171.58,0,0.1528,1111,5,1,0,0
TXN0001811,USR00857,MER0324,6435.2,Card,Android,1,0,3,2871.56,0,0.0587,686,19,1,0,0
TXN0001812,USR02284,MER0409,14487.21,NetBanking,iOS,0,0,1,9364.78,1,0.2348,418,16,0,0,0
TXN0001813,USR02358,MER0134,1016.05,Card,iOS,0,0,3,1193.45,0,0.2977,829,18,0,0,0
TXN0001814,USR01735,MER0373,1284.5,NetBanking,iOS,0,1,2,2027.19,0,0.6306,820,1,0,0,0
TXN0001815,USR03093,MER0417,760.81,UPI,Android,0,0,3,1449.02,0,0.121,181,15,0,0,0
TXN0001816,USR00388,MER0405,860.12,UPI,iOS,0,2,1,1017.13,0,0.3376,611,10,0,0,0
TXN0001817,USR00820,MER0405,1435.46,UPI,Android,0,0,1,3051.15,0,0.3013,1710,17,0,1,0
TXN0001818,USR00884,MER0494,10633.13,Wallet,iOS,0,1,1,3157.21,0,0.943,544,17,1,0,0
TXN0001819,USR00474,MER0331,479.32,UPI,iOS,0,1,1,1287.0,0,0.0167,1049,14,0,0,0
TXN0001820,USR01032,MER0186,1244.84,UPI,Android,0,0,1,1508.15,0,0.2768,816,14,1,0,0
TXN0001821,USR01095,MER0219,546.68,NetBanking,Web,0,6,2,2316.8,0,0.2076,1269,10,1,0,0
TXN0001822,USR02677,MER0374,1296.03,Card,Web,0,0,4,1100.52,1,0.4983,575,8,1,0,0
TXN0001823,USR01056,MER0119,1504.28,UPI,Web,0,0,1,1584.13,0,0.408,254,6,0,0,0
TXN0001824,USR03069,MER0302,985.26,UPI,Android,0,0,3,1339.15,0,0.4511,794,22,0,0,0
TXN0001825,USR02705,MER0287,1039.81,Wallet,Web,0,1,3,2139.66,0,0.0428,365,11,0,0,0
TXN0001826,USR03156,MER0334,2601.73,NetBanking,Android,0,1,1,2730.28,0,0.4692,433,12,0,0,0
TXN0001827,USR00369,MER0211,1098.77,Card,Android,0,0,2,1709.5,0,0.4401,329,15,0,0,0
TXN0001828,USR03446,MER0370,10868.16,UPI,Android,0,1,3,1583.22,0,0.3745,140,6,0,0,1
TXN0001829,USR02149,MER0036,2961.25,Card,Android,0,0,1,760.53,0,0.159,392,8,0,0,0
TXN0001830,USR03439,MER0375,1785.9,UPI,Android,0,0,1,1658.57,0,0.4773,1219,7,0,0,0
TXN0001831,USR01242,MER0406,1990.11,NetBanking,Web,0,0,3,1425.5,0,0.2947,1589,6,0,0,0
TXN0001832,USR03336,MER0443,1125.28,Wallet,Android,0,0,8,1652.77,0,0.1311,819,17,0,0,0
TXN0001833,USR02061,MER0462,4043.38,Wallet,Android,0,0,2,7477.32,0,0.3979,500,15,0,0,0
TXN0001834,USR00252,MER0175,2393.49,UPI,Web,1,0,1,2558.14,0,0.3532,346,14,1,0,0
TXN0001835,USR01436,MER0024,21420.99,UPI,Android,0,0,1,3711.9,1,0.2791,650,19,1,0,0
TXN0001836,USR00483,MER0327,1750.38,Wallet,Web,0,0,1,2263.21,1,0.1417,511,17,0,0,0
TXN0001837,USR03295,MER0046,662.86,Card,Web,0,0,3,537.18,1,0.2157,1490,7,0,0,0
TXN0001838,USR01066,MER0141,405.49,UPI,Android,0,0,1,773.97,0,0.6379,522,17,0,0,0
TXN0001839,USR00779,MER0352,228.11,Wallet,Android,0,0,11,1743.48,0,0.1717,258,20,0,0,0
TXN0001840,USR01936,MER0298,625.02,UPI,Android,0,0,4,1160.34,0,0.1613,953,7,0,0,0
TXN0001841,USR01489,MER0304,42782.06,Card,Web,0,0,1,8101.17,0,0.8871,352,17,0,0,1
TXN0001842,USR00340,MER0376,2382.33,Card,Android,0,2,2,1631.33,0,0.4532,518,3,0,0,0
TXN0001843,USR02858,MER0083,8413.54,UPI,Android,1,1,1,2713.87,0,0.1662,318,16,1,0,0
TXN0001844,USR02961,MER0396,839.32,Wallet,iOS,0,0,3,1133.37,0,0.2518,1242,5,0,0,0
TXN0001845,USR02601,MER0294,2200.78,UPI,iOS,0,0,2,12625.65,0,0.3052,988,12,0,0,0
TXN0001846,USR02159,MER0211,1076.05,Card,iOS,0,0,7,2513.22,0,0.4089,53,8,0,0,0
TXN0001847,USR01409,MER0232,2196.95,NetBanking,Android,1,0,1,1735.35,1,0.0497,2107,5,1,0,0
TXN0001848,USR01899,MER0255,1792.64,NetBanking,iOS,0,0,1,1588.21,0,0.2242,574,19,1,0,0
TXN0001849,USR01824,MER0276,717.18,UPI,iOS,0,1,1,759.63,1,0.148,137,11,0,0,1
TXN0001850,USR00579,MER0167,2575.99,Card,Android,0,0,1,3967.01,0,0.3145,449,7,0,0,0
TXN0001851,USR00287,MER0112,2515.56,Card,iOS,0,1,3,1344.34,0,0.1345,1337,9,0,0,0
TXN0001852,USR00887,MER0085,1637.86,Wallet,Android,0,0,1,2470.34,0,0.9382,385,20,1,0,1
TXN0001853,USR01591,MER0171,4439.13,UPI,Android,0,2,2,3739.04,0,0.2084,1779,19,1,0,0
TXN0001854,USR00562,MER0131,2086.1,Card,Android,1,0,2,1905.34,0,0.1171,260,19,0,0,0
TXN0001855,USR00374,MER0259,1119.44,UPI,Android,0,1,5,1534.42,0,0.4194,1156,6,0,0,0
TXN0001856,USR02982,MER0457,487.9,NetBanking,Android,0,0,1,967.42,0,0.2046,273,20,0,0,0
TXN0001857,USR01313,MER0055,1174.28,NetBanking,Android,0,0,1,1679.23,0,0.9099,505,13,0,0,0
TXN0001858,USR02045,MER0155,150000.0,UPI,Android,0,1,1,5825.67,0,0.9375,190,6,0,0,1
TXN0001859,USR01835,MER0025,2484.11,Card,iOS,1,0,2,1172.28,0,0.1186,331,21,0,0,0
TXN0001860,USR02573,MER0488,7965.66,UPI,Android,0,0,4,957.05,0,0.1584,487,15,0,0,0
TXN0001861,USR02590,MER0351,26961.8,UPI,Web,0,0,2,6320.95,0,0.2638,866,7,0,0,0
TXN0001862,USR01037,MER0121,2701.88,UPI,Android,0,0,2,1479.83,0,0.3147,733,13,1,0,0
TXN0001863,USR02968,MER0208,3398.98,Wallet,Android,0,0,1,1622.55,0,0.3605,905,6,1,0,0
TXN0001864,USR01300,MER0362,4235.71,UPI,Android,1,1,2,2321.28,0,0.0641,322,22,0,0,0
TXN0001865,USR02924,MER0479,1040.16,Card,iOS,0,0,1,990.6,0,0.2479,1187,17,1,0,0
TXN0001866,USR01417,MER0287,1256.04,NetBanking,iOS,0,0,1,1724.19,0,0.0784,1260,21,0,0,0
TXN0001867,USR00389,MER0136,734.11,UPI,Android,0,1,3,2214.3,0,0.1112,346,20,0,0,0
TXN0001868,USR02661,MER0349,1174.66,Card,Android,0,0,1,661.3,0,0.2286,343,8,0,0,0
TXN0001869,USR00106,MER0343,4103.77,NetBanking,Android,0,0,1,1836.55,0,0.2705,862,13,0,0,0
TXN0001870,USR02704,MER0322,1444.22,Wallet,Android,0,0,3,2475.69,0,0.3514,416,13,0,0,0
TXN0001871,USR00152,MER0023,1631.55,UPI,Android,0,1,2,2970.11,0,0.326,225,7,0,0,0
TXN0001872,USR00724,MER0354,15758.55,UPI,iOS,0,0,3,6778.92,0,0.2209,216,19,0,0,0
TXN0001873,USR02112,MER0010,778.6,Wallet,Android,0,0,1,1299.37,0,0.2959,105,12,0,1,0
TXN0001874,USR03296,MER0453,20832.42,UPI,Web,0,1,1,6083.54,0,0.3471,487,12,0,0,0
TXN0001875,USR01430,MER0441,1298.69,Card,Android,0,0,2,1476.79,1,0.8479,532,10,0,0,0
TXN0001876,USR00423,MER0282,1713.01,UPI,Android,1,5,1,2378.75,0,0.0246,2342,18,0,0,0
TXN0001877,USR00816,MER0324,4354.77,Wallet,Web,0,3,1,4431.75,0,0.0685,553,13,0,0,0
TXN0001878,USR03137,MER0034,1841.16,UPI,Android,0,1,1,2556.84,0,0.155,429,19,0,0,0
TXN0001879,USR02544,MER0438,3816.08,UPI,Web,1,0,1,1783.1,0,0.0506,528,13,0,0,0
TXN0001880,USR00352,MER0136,2536.99,Wallet,Android,1,2,2,1409.44,0,0.1579,397,9,0,0,1
TXN0001881,USR01348,MER0132,15453.1,UPI,Android,1,0,1,7421.44,0,0.2495,414,17,1,0,0
TXN0001882,USR00926,MER0355,1580.98,Card,Web,0,0,1,1455.27,1,0.0726,749,14,0,1,0
TXN0001883,USR00623,MER0470,608.52,NetBanking,Android,0,2,1,888.57,0,0.1641,828,22,1,0,0
TXN0001884,USR02963,MER0248,4213.29,Card,Android,0,0,1,4458.31,0,0.1056,196,19,0,0,0
TXN0001885,USR02162,MER0254,3826.96,UPI,Android,1,0,1,5466.14,0,0.1842,743,20,0,0,0
TXN0001886,USR00629,MER0275,8179.86,NetBanking,Android,0,0,1,2991.35,0,0.227,1472,7,1,1,0
TXN0001887,USR02278,MER0146,5034.63,UPI,Android,0,1,1,2572.05,0,0.3223,215,10,0,0,0
TXN0001888,USR01448,MER0299,1653.86,UPI,iOS,0,0,1,1857.08,0,0.402,414,9,0,0,0
TXN0001889,USR00216,MER0481,566.19,UPI,Android,1,0,2,1159.8,0,0.4227,334,13,0,0,0
TXN0001890,USR01575,MER0192,12801.75,Card,iOS,0,0,1,4437.88,0,0.5908,1232,0,1,0,0
TXN0001891,USR00649,MER0387,1880.65,UPI,iOS,0,0,2,1791.77,0,0.7773,301,11,1,0,0
TXN0001892,USR00859,MER0387,1596.77,UPI,iOS,0,0,1,1843.57,0,0.8324,499,7,1,0,0
TXN0001893,USR03077,MER0426,4247.96,UPI,Web,0,0,1,1463.29,0,0.8863,369,12,1,0,0
TXN0001894,USR02486,MER0362,556.43,UPI,Web,0,0,1,844.46,0,0.0813,809,8,0,0,0
TXN0001895,USR00470,MER0461,2289.35,Wallet,Android,0,0,1,3027.97,0,0.1654,586,7,0,0,0
TXN0001896,USR02980,MER0358,3494.47,Card,Android,0,1,2,4337.63,0,0.2581,1005,8,0,0,0
TXN0001897,USR02011,MER0489,826.93,Card,iOS,0,2,2,2243.17,0,0.3519,723,21,1,0,0
TXN0001898,USR03062,MER0358,899.29,UPI,Android,0,0,2,753.15,0,0.2587,1218,6,0,0,0
TXN0001899,USR02615,MER0419,1792.34,NetBanking,Android,1,0,3,3262.22,0,0.2726,1073,9,0,1,1
TXN0001900,USR01188,MER0446,2062.77,UPI,Web,0,1,2,3270.58,0,0.2585,697,14,0,0,0
TXN0001901,USR01873,MER0492,1290.94,UPI,Android,0,0,2,2253.67,0,0.26,881,15,0,0,0
TXN0001902,USR01858,MER0298,8724.37,UPI,Android,0,1,1,1533.12,0,0.1426,500,13,0,1,0
TXN0001903,USR02520,MER0356,1226.37,NetBanking,Android,0,0,2,2358.62,0,0.399,666,10,1,0,0
TXN0001904,USR00870,MER0484,4119.97,Card,Android,0,0,2,3624.99,0,0.259,953,21,0,0,0
TXN0001905,USR01166,MER0191,2527.82,UPI,Android,0,1,3,2972.45,0,0.1119,975,7,1,0,0
TXN0001906,USR00857,MER0060,2827.58,UPI,Web,0,0,2,2871.56,0,0.2274,1085,19,0,0,0
TXN0001907,USR01037,MER0443,7664.9,Card,Android,0,1,1,1479.83,0,0.1285,374,7,0,0,0
TXN0001908,USR00565,MER0316,5761.99,UPI,Android,0,0,10,6775.32,0,0.3216,107,2,0,0,0
TXN0001909,USR00128,MER0215,1573.55,Card,Android,0,0,1,1070.12,0,0.2863,598,7,0,0,0
TXN0001910,USR03291,MER0359,2100.75,UPI,Android,0,1,9,1316.26,0,0.0984,300,8,0,0,1
TXN0001911,USR00261,MER0017,628.58,UPI,Android,0,2,3,691.4,0,0.2248,526,12,1,0,0
TXN0001912,USR03108,MER0239,1706.77,Wallet,Android,0,1,1,1473.24,0,0.1905,1542,21,1,0,0
TXN0001913,USR00011,MER0133,5680.01,Card,iOS,0,0,3,5882.9,0,0.3058,1769,13,0,0,0
TXN0001914,USR02721,MER0145,825.84,UPI,Android,0,0,2,750.37,0,0.157,283,16,0,0,0
TXN0001915,USR01150,MER0485,1328.2,UPI,Android,0,0,2,2129.98,0,0.2159,1663,3,0,0,0
TXN0001916,USR01812,MER0276,1815.59,Wallet,iOS,0,1,2,2724.39,0,0.1542,186,16,1,0,0
TXN0001917,USR00988,MER0071,8122.9,Wallet,Android,0,0,3,8435.96,0,0.0801,767,10,0,0,0
TXN0001918,USR01718,MER0183,602.56,Wallet,Android,0,0,2,2620.06,0,0.2119,538,13,1,0,0
TXN0001919,USR01581,MER0122,4297.38,Wallet,Android,1,0,2,1538.54,0,0.258,313,1,0,0,0
TXN0001920,USR01855,MER0455,3904.84,UPI,Android,1,0,3,866.23,0,0.4847,615,16,0,0,1
TXN0001921,USR01377,MER0146,3358.17,UPI,Android,0,0,2,3122.85,1,0.28,272,15,1,0,0
TXN0001922,USR01878,MER0179,2602.41,UPI,Android,0,0,2,1694.35,0,0.0437,268,19,0,0,0
TXN0001923,USR02890,MER0168,5655.81,UPI,Android,0,0,2,2730.06,0,0.1569,435,14,0,0,0
TXN0001924,USR01521,MER0088,324.01,Wallet,Android,0,1,13,884.08,0,0.0956,1635,23,0,0,0
TXN0001925,USR01265,MER0391,3620.89,UPI,Android,0,1,2,1951.04,0,0.4666,1125,6,0,0,0
TXN0001926,USR00462,MER0289,438.42,Card,iOS,0,0,2,626.54,0,0.0218,1234,4,0,0,0
TXN0001927,USR01260,MER0219,6032.1,UPI,Android,0,0,2,1218.69,0,0.244,209,16,0,0,1
TXN0001928,USR00440,MER0198,877.6,Wallet,Android,0,0,1,1056.52,1,0.1602,368,10,1,0,0
TXN0001929,USR00639,MER0334,5174.63,Wallet,Web,0,0,2,2828.87,0,0.4683,755,12,0,0,0
TXN0001930,USR03333,MER0048,1055.95,Wallet,iOS,0,1,2,1262.25,0,0.265,510,8,1,0,0
TXN0001931,USR00313,MER0466,16599.04,UPI,Android,0,0,2,3588.47,0,0.3575,1413,19,0,0,0
TXN0001932,USR01688,MER0283,944.84,NetBanking,Android,0,0,2,1436.42,0,0.1733,256,22,1,0,0
TXN0001933,USR02921,MER0114,12253.38,Wallet,Web,0,0,1,5567.45,0,0.3156,932,12,0,0,0
TXN0001934,USR03337,MER0269,5065.33,Card,iOS,1,0,1,3391.29,0,0.3966,131,6,0,1,0
TXN0001935,USR00514,MER0427,5693.92,Card,iOS,0,0,2,4474.06,0,0.2297,153,23,0,0,0
TXN0001936,USR00573,MER0087,4126.13,UPI,Android,0,1,2,3678.32,0,0.2254,800,18,1,0,0
TXN0001937,USR01305,MER0262,5728.14,Card,Web,0,0,1,9734.15,0,0.4398,1319,14,0,0,0
TXN0001938,USR01941,MER0299,143.03,NetBanking,Android,0,2,1,967.78,0,0.3632,418,22,0,0,0
TXN0001939,USR03360,MER0406,1668.65,UPI,iOS,1,1,8,809.33,0,0.3066,375,11,0,0,0
TXN0001940,USR00728,MER0284,902.97,UPI,Android,0,1,3,1349.72,0,0.2845,780,21,0,0,0
TXN0001941,USR00576,MER0369,5253.35,UPI,Android,0,0,3,2379.17,0,0.1284,842,16,1,0,0
TXN0001942,USR00887,MER0387,3027.02,NetBanking,Android,0,0,1,2470.34,0,0.7831,305,14,1,0,0
TXN0001943,USR03061,MER0446,3335.7,Card,iOS,1,1,1,1477.72,0,0.2226,247,19,0,0,0
TXN0001944,USR00106,MER0181,3111.96,NetBanking,Android,0,0,1,1836.55,0,0.0819,587,22,1,0,0
TXN0001945,USR01331,MER0352,586.98,Card,Android,0,0,1,3639.36,0,0.2545,228,17,0,0,0
TXN0001946,USR00417,MER0125,1949.06,UPI,Web,0,0,1,1316.03,0,0.4193,1242,19,0,0,0
TXN0001947,USR00550,MER0423,21269.87,Card,Android,0,2,1,4253.19,0,0.405,941,14,1,0,0
TXN0001948,USR03209,MER0476,3943.84,UPI,Android,0,0,2,1792.03,1,0.2155,1069,5,0,0,0
TXN0001949,USR00006,MER0148,3277.77,UPI,Android,0,1,3,2251.27,0,0.2002,1054,16,0,0,0
TXN0001950,USR01126,MER0281,6159.47,UPI,Android,0,0,7,4194.83,0,0.3477,2039,10,1,0,0
TXN0001951,USR03204,MER0412,2168.23,Card,Android,0,0,1,2772.99,0,0.142,191,7,0,0,0
TXN0001952,USR02129,MER0014,892.37,UPI,iOS,0,0,5,1809.77,0,0.169,863,19,0,1,0
TXN0001953,USR00252,MER0353,1781.76,UPI,iOS,1,1,1,2558.14,0,0.6352,261,9,0,0,0
TXN0001954,USR01628,MER0411,1248.22,Wallet,Android,1,5,3,4795.33,0,0.0978,705,13,1,0,0
TXN0001955,USR03399,MER0436,2619.1,UPI,Android,0,1,2,4211.75,0,0.1088,356,20,1,0,0
TXN0001956,USR01402,MER0099,1024.82,NetBanking,Android,0,0,3,3091.68,0,0.2961,1008,15,0,0,0
TXN0001957,USR01851,MER0379,2451.28,Card,Android,0,0,1,7255.68,0,0.0676,296,22,0,0,0
TXN0001958,USR01862,MER0394,3389.02,Card,Web,0,0,2,3276.17,0,0.9409,48,19,0,0,0
TXN0001959,USR02312,MER0002,5079.52,UPI,Android,0,3,2,3635.34,0,0.3436,101,0,1,0,0
TXN0001960,USR00656,MER0353,1118.64,UPI,Android,0,0,8,1203.22,0,0.6216,928,21,1,0,0
TXN0001961,USR02939,MER0314,1234.57,Card,Android,1,3,1,1858.66,0,0.0793,586,11,0,0,0
TXN0001962,USR03461,MER0485,503.11,NetBanking,iOS,0,1,1,1046.23,0,0.1621,932,18,0,0,0
TXN0001963,USR00499,MER0022,1614.09,Card,Android,0,1,1,2132.19,0,0.247,512,9,0,0,0
TXN0001964,USR02865,MER0483,2223.35,UPI,Android,0,0,1,4224.99,0,0.1801,147,8,0,0,0
TXN0001965,USR02860,MER0286,1800.24,Wallet,Android,0,1,3,1980.13,0,0.2484,353,9,0,0,0
TXN0001966,USR02596,MER0138,600.75,NetBanking,iOS,0,0,1,1888.76,0,0.2062,1164,13,1,1,0
TXN0001967,USR01299,MER0194,2156.37,Card,Android,0,0,1,1368.18,0,0.5633,104,19,1,1,0
TXN0001968,USR01641,MER0384,1185.31,UPI,Android,0,0,1,1874.36,0,0.2311,331,20,0,0,0
TXN0001969,USR02938,MER0499,9098.96,UPI,Web,1,1,1,7295.48,1,0.1505,2173,7,0,0,0
TXN0001970,USR00536,MER0159,2246.61,NetBanking,iOS,0,1,3,1246.85,0,0.063,516,6,1,0,0
TXN0001971,USR02901,MER0492,2327.73,UPI,Android,1,0,2,1932.53,0,0.2545,1361,21,1,0,0
TXN0001972,USR03223,MER0315,1906.81,UPI,Android,0,0,4,1127.57,0,0.0698,1432,18,1,0,0
TXN0001973,USR02387,MER0097,152.09,Card,Android,0,0,4,708.03,0,0.1565,344,16,1,0,0
TXN0001974,USR01195,MER0299,1004.16,Card,iOS,0,0,1,1505.33,0,0.3836,380,14,1,0,0
TXN0001975,USR01958,MER0401,3318.16,UPI,Android,0,0,1,1576.48,0,0.23,311,20,0,0,0
TXN0001976,USR00176,MER0028,1740.14,Card,iOS,0,0,1,1267.85,0,0.3162,277,19,0,0,0
TXN0001977,USR03262,MER0040,14109.43,NetBanking,Android,0,0,1,3919.44,0,0.1038,114,18,0,0,0
TXN0001978,USR01199,MER0003,15244.98,Wallet,Android,0,1,2,4697.81,0,0.5362,709,21,0,0,0
TXN0001979,USR00200,MER0286,1559.74,UPI,iOS,1,0,3,1321.56,1,0.2925,520,21,1,0,1
TXN0001980,USR02781,MER0029,8390.27,Wallet,iOS,0,1,1,10575.05,0,0.3102,1125,23,0,0,0
TXN0001981,USR02302,MER0467,1329.14,Card,iOS,0,0,3,2786.0,0,0.8462,348,19,0,0,0
TXN0001982,USR02180,MER0064,868.78,UPI,Android,0,0,1,1286.5,0,0.2472,951,7,1,0,0
TXN0001983,USR00190,MER0036,1334.0,UPI,Android,0,0,1,1881.59,0,0.1526,562,12,1,0,0
TXN0001984,USR02628,MER0129,664.08,NetBanking,Android,0,1,1,1070.14,0,0.34,318,15,1,0,0
TXN0001985,USR02231,MER0382,1015.22,UPI,Android,0,0,1,2067.43,1,0.2446,1009,14,0,0,0
TXN0001986,USR02778,MER0454,2115.42,UPI,Android,0,1,2,1665.49,0,0.3585,572,6,0,0,0
TXN0001987,USR02896,MER0126,10496.8,Card,Android,0,0,1,3252.72,0,0.2366,1125,17,0,0,0
TXN0001988,USR00742,MER0260,3236.8,Wallet,Web,0,1,2,1737.84,0,0.4989,859,19,0,0,0
TXN0001989,USR00738,MER0387,794.35,UPI,Web,0,1,6,1053.29,0,0.7935,986,17,0,0,0
TXN0001990,USR03234,MER0399,3442.23,Card,iOS,0,0,1,1743.72,0,0.3393,758,8,1,0,0
TXN0001991,USR01859,MER0077,3374.64,Wallet,Web,1,0,2,2764.06,0,0.4699,1618,2,0,0,1
TXN0001992,USR01533,MER0420,969.43,Wallet,Android,0,1,11,1049.44,0,0.2007,215,8,0,0,0
TXN0001993,USR01006,MER0434,16950.6,Wallet,Web,0,0,2,2295.63,0,0.2115,954,14,1,0,0
TXN0001994,USR02237,MER0368,1823.12,UPI,Android,0,1,1,2213.34,0,0.4263,649,5,1,1,0
TXN0001995,USR02639,MER0264,6438.74,Wallet,Android,0,0,1,4235.77,0,0.226,211,9,0,0,0
TXN0001996,USR00009,MER0196,2182.2,Card,Android,0,0,2,2074.6,0,0.2556,352,0,0,0,0
TXN0001997,USR01935,MER0445,2258.6,UPI,Android,0,0,3,4011.67,0,0.4663,1508,14,0,0,0
TXN0001998,USR03477,MER0432,1209.21,UPI,iOS,0,0,1,2223.98,0,0.1167,1084,13,0,0,0
TXN0001999,USR00983,MER0260,4125.04,Card,Android,0,0,1,3479.28,0,0.5287,1203,20,0,0,0
TXN0002000,USR00984,MER0372,2692.81,UPI,iOS,1,2,1,2079.15,0,0.5712,834,7,0,0,1
TXN0002001,USR03074,MER0200,3741.47,Card,Web,0,1,1,4928.0,0,0.1117,812,16,0,0,0
TXN0002002,USR00218,MER0372,685.57,UPI,iOS,0,0,2,1628.32,0,0.5568,423,22,0,0,0
TXN0002003,USR01392,MER0045,2927.78,Card,Android,0,1,2,1250.51,0,0.1198,1234,16,0,0,0
TXN0002004,USR01604,MER0451,5100.45,UPI,iOS,1,0,3,2538.4,0,0.0316,1292,12,1,0,0
TXN0002005,USR02793,MER0258,304.94,Card,Android,1,7,1,1340.82,0,0.2368,1389,14,1,0,0
TXN0002006,USR00452,MER0300,9781.1,Card,Android,0,0,3,3919.46,1,0.1304,297,21,0,0,0
TXN0002007,USR01520,MER0095,4969.82,UPI,Android,0,0,1,6072.96,0,0.0,523,14,1,0,0
TXN0002008,USR00534,MER0265,4095.54,NetBanking,Android,0,0,3,3755.08,0,0.3053,158,7,0,0,0
TXN0002009,USR02757,MER0002,8552.31,Card,Android,0,0,2,3961.73,0,0.3217,349,15,0,0,0
TXN0002010,USR02213,MER0446,11280.74,Wallet,Android,0,0,1,3608.42,0,0.2759,283,9,1,1,0
TXN0002011,USR01739,MER0375,6271.06,UPI,Android,0,0,4,3202.34,0,0.5201,376,19,0,0,0
TXN0002012,USR01376,MER0228,6022.1,Wallet,iOS,0,3,1,5322.24,0,0.0793,714,4,0,0,0
TXN0002013,USR00537,MER0418,741.97,Wallet,Web,0,1,1,2100.17,1,0.4089,187,16,0,0,0
TXN0002014,USR03227,MER0406,221.43,UPI,Web,0,0,2,1001.24,0,0.2884,851,19,0,0,0
TXN0002015,USR02267,MER0060,1743.26,NetBanking,Android,0,1,1,973.83,0,0.2731,74,8,0,0,0
TXN0002016,USR01118,MER0027,16168.03,UPI,iOS,1,1,1,1551.24,0,0.0591,270,18,0,0,0
TXN0002017,USR01449,MER0127,1279.05,Wallet,iOS,1,0,1,2417.33,0,0.329,613,18,1,0,0
TXN0002018,USR02542,MER0001,1602.05,Card,Android,0,1,2,2045.26,0,0.2125,1100,9,0,0,0
TXN0002019,USR02519,MER0287,1131.32,UPI,Android,0,2,2,1776.45,0,0.0771,138,17,0,0,0
TXN0002020,USR01614,MER0265,2520.18,Card,Android,0,1,1,4033.91,0,0.2787,550,8,1,0,0
TXN0002021,USR01061,MER0269,9354.71,UPI,Android,0,0,1,4535.37,0,0.4447,444,12,1,0,0
TXN0002022,USR02310,MER0037,1176.83,Wallet,Web,0,2,1,1057.17,0,0.1941,284,18,0,1,0
TXN0002023,USR02304,MER0460,2158.4,Wallet,Android,0,1,1,2676.14,0,0.0787,217,8,1,0,0
TXN0002024,USR02099,MER0489,17285.72,Card,Android,0,1,2,2681.74,0,0.3834,466,19,0,0,1
TXN0002025,USR00255,MER0296,1517.51,UPI,iOS,0,0,2,4481.02,0,0.463,501,12,0,0,0
TXN0002026,USR01655,MER0003,4411.81,NetBanking,iOS,0,0,2,3126.11,0,0.6005,337,8,1,0,0
TXN0002027,USR02149,MER0198,339.93,Wallet,iOS,0,4,6,760.53,0,0.2004,711,2,0,0,1
TXN0002028,USR03326,MER0360,11365.06,Card,Android,0,0,1,2850.67,0,0.4614,767,13,1,0,0
TXN0002029,USR01840,MER0375,647.25,UPI,iOS,1,1,2,611.38,0,0.4847,382,16,1,0,0
TXN0002030,USR01200,MER0122,3439.87,Card,Android,0,2,2,1968.61,0,0.232,1449,12,0,0,0
TXN0002031,USR01946,MER0412,3363.21,UPI,iOS,0,1,1,4267.16,0,0.1795,593,16,0,0,0
TXN0002032,USR00621,MER0484,3730.83,Wallet,Web,0,0,7,5108.13,0,0.2855,320,3,0,0,0
TXN0002033,USR00318,MER0255,1499.28,UPI,iOS,0,6,3,1926.93,0,0.2404,180,7,0,0,0
TXN0002034,USR02374,MER0191,723.85,UPI,Android,0,1,1,1655.98,0,0.135,355,6,0,0,0
TXN0002035,USR03452,MER0264,1152.89,UPI,Web,0,2,2,768.75,0,0.2056,420,18,0,0,0
TXN0002036,USR02962,MER0014,1283.37,UPI,Android,0,0,1,1101.78,0,0.1916,642,10,0,0,0
TXN0002037,USR02043,MER0262,4447.55,Card,Android,0,0,1,3417.92,0,0.4396,670,4,0,0,0
TXN0002038,USR00141,MER0014,2274.44,Wallet,iOS,0,1,3,2513.82,0,0.2058,1184,15,0,0,0
TXN0002039,USR03458,MER0018,1248.79,NetBanking,Android,0,7,3,1508.4,0,0.0742,459,2,1,0,1
TXN0002040,USR01574,MER0277,3849.95,UPI,Android,0,1,2,1736.08,0,0.391,493,1,0,0,0
TXN0002041,USR01014,MER0256,1657.64,UPI,Android,0,1,1,835.02,1,0.1132,1253,18,0,0,0
TXN0002042,USR03124,MER0494,2045.38,UPI,Android,0,1,1,776.41,0,0.9208,797,0,1,0,1
TXN0002043,USR02613,MER0254,4320.88,Wallet,Android,0,0,1,3473.6,0,0.1163,395,19,1,0,0
TXN0002044,USR02624,MER0490,5059.94,NetBanking,iOS,0,0,2,2008.6,0,0.3183,599,21,0,0,0
TXN0002045,USR00973,MER0404,1450.99,UPI,iOS,0,0,2,2058.19,0,0.4401,455,0,0,0,1
TXN0002046,USR03472,MER0169,774.58,UPI,Web,0,0,1,941.0,0,0.2952,928,17,0,0,0
TXN0002047,USR01586,MER0464,2535.92,NetBanking,Web,0,4,5,1127.59,0,0.0639,438,21,0,0,0
TXN0002048,USR01860,MER0242,2654.33,Card,Web,0,1,2,1520.33,0,0.5255,213,21,0,0,0
TXN0002049,USR02629,MER0298,18488.68,UPI,Android,0,0,1,2701.82,0,0.1936,283,21,0,0,0
TXN0002050,USR02310,MER0051,473.45,UPI,Android,1,1,1,1057.17,0,0.0189,1173,8,0,0,0
TXN0002051,USR00604,MER0107,1821.91,UPI,iOS,0,0,2,2218.3,0,0.1418,474,8,0,0,0
TXN0002052,USR01059,MER0262,1280.31,UPI,Web,0,1,1,2203.85,0,0.4645,112,13,1,0,0
TXN0002053,USR01265,MER0136,6423.76,Card,iOS,0,0,1,1951.04,0,0.1317,337,19,1,0,0
TXN0002054,USR03317,MER0300,1673.15,Card,iOS,0,2,3,1017.64,0,0.1977,1091,9,1,0,0
TXN0002055,USR02501,MER0040,3407.79,UPI,iOS,0,6,1,6218.5,0,0.027,148,21,0,0,0
TXN0002056,USR01283,MER0126,1069.67,Card,Android,0,0,1,2386.3,1,0.1994,1013,9,0,0,0
TXN0002057,USR02572,MER0333,1418.91,UPI,Android,1,0,3,2612.42,0,0.4621,339,7,1,0,0
TXN0002058,USR02585,MER0307,436.4,UPI,Android,0,0,1,686.02,0,0.5052,270,13,1,0,0
TXN0002059,USR01380,MER0492,1281.9,UPI,iOS,0,0,2,1519.48,0,0.2089,527,15,0,0,0
TXN0002060,USR01411,MER0450,4617.46,UPI,Android,0,0,3,2175.74,0,0.4777,336,8,1,0,0
TXN0002061,USR03131,MER0406,1041.5,NetBanking,Android,0,7,3,2195.81,0,0.2815,1729,14,0,0,0
TXN0002062,USR01967,MER0001,11145.6,UPI,Android,0,0,2,2253.71,0,0.2082,561,9,0,0,0
TXN0002063,USR00524,MER0302,1059.87,UPI,Android,0,2,1,2197.51,0,0.4706,561,19,0,0,0
TXN0002064,USR02520,MER0115,813.48,Wallet,Android,0,0,2,2358.62,0,0.3548,947,19,1,0,0
TXN0002065,USR02064,MER0134,5934.69,UPI,Web,0,1,1,1850.09,0,0.3494,583,19,1,0,0
TXN0002066,USR01782,MER0105,4322.27,UPI,Web,0,0,1,1755.01,0,0.2898,1141,15,0,0,0
TXN0002067,USR02538,MER0228,4454.66,UPI,Android,0,1,2,5340.08,0,0.0784,538,12,1,0,0
TXN0002068,USR03175,MER0062,2368.16,UPI,Android,0,1,2,1891.85,0,0.2058,1083,16,0,0,0
TXN0002069,USR01157,MER0266,1505.36,UPI,Android,0,1,1,1180.93,0,0.1658,893,22,0,0,0
TXN0002070,USR01468,MER0084,2475.43,Card,Android,1,1,3,2358.39,0,0.191,417,0,0,0,0
TXN0002071,USR00664,MER0251,917.61,UPI,iOS,0,0,1,2453.42,0,0.1932,290,12,0,1,0
TXN0002072,USR02265,MER0313,139.39,UPI,iOS,0,1,10,875.08,0,0.3298,274,7,1,1,1
TXN0002073,USR01410,MER0090,3300.36,Wallet,Android,1,1,1,1105.33,0,0.0962,389,12,1,0,0
TXN0002074,USR01199,MER0052,16522.58,UPI,iOS,0,5,1,4697.81,0,0.4752,485,5,0,0,0
TXN0002075,USR02438,MER0404,6911.53,UPI,Web,0,0,5,1910.36,0,0.3678,244,18,0,0,1
TXN0002076,USR01429,MER0370,7536.98,UPI,Android,0,0,1,9567.24,0,0.4114,672,13,1,0,0
TXN0002077,USR01626,MER0131,463.23,UPI,Web,0,1,1,970.64,0,0.1741,537,11,1,0,0
TXN0002078,USR01541,MER0444,3606.89,Card,Android,0,0,7,3103.71,0,0.1144,261,16,0,0,0
TXN0002079,USR00905,MER0111,956.6,UPI,Android,0,1,12,733.12,0,0.5388,559,14,0,0,0
TXN0002080,USR00441,MER0464,5322.54,UPI,Android,0,0,2,3630.73,0,0.0712,275,8,0,0,0
TXN0002081,USR02896,MER0057,501.59,Card,Android,0,0,1,3252.72,0,0.3332,524,13,0,0,0
TXN0002082,USR00322,MER0331,14094.23,Wallet,Android,0,0,3,1525.28,0,0.0873,1096,6,0,0,0
TXN0002083,USR01138,MER0010,7559.14,Card,Android,0,1,2,3516.18,0,0.3505,704,22,1,0,0
TXN0002084,USR02337,MER0099,1933.9,UPI,Android,0,0,1,2344.33,0,0.3347,949,16,0,0,0
TXN0002085,USR00460,MER0203,2950.39,UPI,iOS,0,1,1,5203.03,0,0.2469,212,8,0,0,0
TXN0002086,USR02295,MER0043,5354.09,UPI,Android,0,2,6,2764.89,0,0.4244,138,21,0,0,1
TXN0002087,USR02566,MER0229,2138.15,UPI,Android,0,0,1,1573.43,0,0.614,579,11,0,0,0
TXN0002088,USR02321,MER0117,1422.69,UPI,Android,0,1,1,1399.62,0,0.0735,724,13,0,0,0
TXN0002089,USR01068,MER0050,7587.96,Card,iOS,1,0,1,5734.85,0,0.3027,2268,11,0,0,0
TXN0002090,USR00070,MER0481,2696.66,NetBanking,iOS,0,1,1,3074.59,0,0.4117,275,8,0,0,0
TXN0002091,USR03106,MER0491,1740.74,Wallet,Android,0,0,2,1370.22,0,0.0099,1838,12,0,0,0
TXN0002092,USR01143,MER0482,1781.6,UPI,Web,0,0,3,1110.19,0,0.7632,1141,15,0,0,1
TXN0002093,USR02818,MER0078,4647.82,Wallet,Android,1,1,4,3816.03,0,0.37,537,11,1,0,1
TXN0002094,USR00693,MER0191,1632.94,UPI,iOS,0,0,1,1392.25,1,0.1058,755,19,1,0,0
TXN0002095,USR00569,MER0164,1233.6,Wallet,Android,0,0,1,475.72,0,0.7716,1004,15,0,0,0
TXN0002096,USR02724,MER0163,171.97,Card,Web,0,0,1,570.91,0,0.2627,968,19,0,0,0
TXN0002097,USR03290,MER0209,472.89,Card,Android,0,0,3,883.01,1,0.3472,852,19,1,0,0
TXN0002098,USR03013,MER0256,2731.99,UPI,Web,0,1,1,2817.66,0,0.0782,785,10,1,0,0
TXN0002099,USR02630,MER0243,13360.73,Card,Web,0,1,1,3548.4,0,0.0,359,20,0,0,0
TXN0002100,USR00864,MER0146,3437.44,Card,Android,0,1,2,4806.03,0,0.2551,869,14,1,0,0
TXN0002101,USR03197,MER0490,3552.22,Card,Android,0,0,1,1477.57,0,0.2975,1143,15,0,1,0
TXN0002102,USR02338,MER0490,5451.77,Card,Android,0,0,4,6380.2,0,0.2936,151,7,0,1,0
TXN0002103,USR00603,MER0166,1416.77,UPI,Android,0,0,2,5558.94,1,0.3688,1107,21,1,0,0
TXN0002104,USR00453,MER0111,523.58,Card,Android,1,0,3,746.58,0,0.4867,760,17,0,0,0
TXN0002105,USR03050,MER0267,1316.55,UPI,Android,1,1,8,1327.33,0,0.3017,957,21,1,0,0
TXN0002106,USR00964,MER0185,2822.24,UPI,Android,0,1,1,2883.36,1,0.1486,1291,21,1,0,0
TXN0002107,USR02681,MER0494,3507.61,Card,Android,0,0,1,2470.91,0,0.8903,654,6,0,0,0
TXN0002108,USR00486,MER0215,19819.78,UPI,Android,0,1,1,1832.87,0,0.2621,107,0,0,0,0
TXN0002109,USR00982,MER0020,3683.39,UPI,Android,0,0,1,4279.3,0,0.5132,537,18,1,0,0
TXN0002110,USR00993,MER0063,558.9,UPI,Android,0,0,3,1387.08,0,0.4463,476,9,0,0,0
TXN0002111,USR00984,MER0038,1439.56,Card,Android,0,1,1,2079.15,0,0.0599,628,14,0,0,0
TXN0002112,USR02362,MER0192,2595.8,NetBanking,Android,0,1,4,4272.91,0,0.61,370,17,1,0,0
TXN0002113,USR03201,MER0159,4039.99,Card,Web,0,1,2,5214.89,1,0.0905,1254,0,0,0,0
TXN0002114,USR03187,MER0429,2539.84,Wallet,iOS,0,0,1,1623.3,0,0.339,805,21,0,0,0
TXN0002115,USR02596,MER0446,10064.87,UPI,Web,1,0,1,1888.76,0,0.2712,429,11,1,0,0
TXN0002116,USR00709,MER0071,24050.24,UPI,Android,0,0,1,2729.62,0,0.0679,717,9,0,0,0
TXN0002117,USR03363,MER0473,381.03,UPI,Android,0,1,1,528.17,0,0.2572,208,17,0,0,0
TXN0002118,USR01898,MER0293,2645.77,UPI,Android,0,0,1,938.89,0,0.2053,750,15,1,0,0
TXN0002119,USR01911,MER0154,4091.07,NetBanking,Android,1,0,2,2649.48,0,0.242,1125,8,0,0,0
TXN0002120,USR02455,MER0204,16675.52,UPI,Web,0,0,1,3062.69,0,0.8356,394,7,0,0,1
TXN0002121,USR02692,MER0221,12356.33,UPI,iOS,0,1,2,8412.84,0,0.1874,270,13,0,0,0
TXN0002122,USR03336,MER0086,966.48,Card,Web,0,3,1,1652.77,1,0.0998,976,15,1,0,0
TXN0002123,USR02039,MER0434,526.25,Card,Web,1,1,3,2525.23,0,0.1507,1066,9,0,0,0
TXN0002124,USR02136,MER0007,1750.89,Card,Android,0,1,1,2848.94,0,0.2051,1329,20,1,0,1
TXN0002125,USR02610,MER0035,3691.66,UPI,Android,1,1,1,2265.75,1,0.3184,449,17,0,1,1
TXN0002126,USR00893,MER0137,13172.58,NetBanking,Android,0,0,1,1388.04,1,0.1631,206,13,0,1,0
TXN0002127,USR01077,MER0072,2364.51,UPI,iOS,0,1,2,2743.11,0,0.2932,216,17,0,0,0
TXN0002128,USR02190,MER0031,3921.49,UPI,Android,0,1,1,7590.65,0,0.2923,2344,17,0,0,0
TXN0002129,USR00225,MER0192,480.52,Wallet,Android,0,2,1,2065.38,0,0.61,643,22,1,0,0
TXN0002130,USR01122,MER0189,2718.83,NetBanking,Web,1,0,2,1024.61,0,0.1751,209,22,0,0,0
TXN0002131,USR02513,MER0063,1045.63,NetBanking,iOS,0,1,1,1276.73,0,0.3852,1054,12,1,0,0
TXN0002132,USR03417,MER0406,3983.41,Card,Web,0,0,3,5705.35,0,0.2603,1179,12,0,0,1
TXN0002133,USR01819,MER0442,818.72,Wallet,Android,0,1,1,1395.94,0,0.3736,456,23,0,0,0
TXN0002134,USR01399,MER0360,1321.9,UPI,iOS,0,7,1,563.16,0,0.4696,145,15,1,0,1
TXN0002135,USR01542,MER0262,1891.33,Wallet,iOS,0,0,1,1054.12,0,0.476,391,4,1,0,1
TXN0002136,USR02399,MER0474,980.15,Wallet,Android,0,0,2,2067.54,0,0.1596,1359,15,0,0,0
TXN0002137,USR01906,MER0176,8411.23,UPI,Android,0,1,12,3823.24,0,0.18,568,9,0,1,1
TXN0002138,USR00082,MER0214,1861.24,UPI,Android,0,0,2,2172.09,0,0.4242,725,17,0,0,0
TXN0002139,USR01888,MER0008,2477.08,Wallet,Android,0,0,2,4041.73,0,0.1572,821,14,1,0,0
TXN0002140,USR01401,MER0354,737.08,UPI,iOS,0,1,2,957.28,0,0.2259,641,17,0,0,0
TXN0002141,USR02453,MER0047,1618.19,NetBanking,Web,0,1,1,2990.03,0,0.3925,649,7,1,0,0
TXN0002142,USR03063,MER0333,442.63,Wallet,Web,0,0,2,1204.42,0,0.4878,553,19,0,0,0
TXN0002143,USR03369,MER0392,2721.71,Wallet,Android,0,0,1,1636.32,0,0.2884,439,8,0,0,0
TXN0002144,USR02136,MER0109,2311.83,UPI,iOS,0,0,1,2848.94,0,0.4375,553,15,0,0,0
TXN0002145,USR01269,MER0307,3661.57,Card,Android,0,0,3,2468.23,0,0.561,331,15,0,0,0
TXN0002146,USR01554,MER0152,2900.39,Wallet,Android,0,0,1,2479.49,0,0.0834,343,18,0,0,0
TXN0002147,USR00618,MER0200,14457.1,UPI,Web,0,0,2,2583.65,1,0.1312,920,14,0,1,0
TXN0002148,USR03276,MER0265,332.82,UPI,Web,0,0,1,1526.47,0,0.2739,340,9,1,0,0
TXN0002149,USR02966,MER0125,1314.54,Card,Web,0,1,1,2579.38,0,0.3851,851,20,0,0,0
TXN0002150,USR02989,MER0399,3611.37,UPI,Android,0,2,1,2519.71,0,0.3097,889,14,0,0,0
TXN0002151,USR01149,MER0198,1086.14,UPI,iOS,0,0,2,2859.1,1,0.1519,427,14,0,0,0
TXN0002152,USR01128,MER0231,3041.07,UPI,Android,0,1,3,2443.92,0,0.2553,960,8,0,0,0
TXN0002153,USR02999,MER0408,155.41,UPI,iOS,0,0,3,444.7,0,0.3608,384,20,0,0,0
TXN0002154,USR01906,MER0114,3680.09,Card,Android,1,0,3,3823.24,0,0.2916,1098,7,0,0,0
TXN0002155,USR02467,MER0227,18765.23,UPI,Android,0,0,2,6189.24,0,0.082,813,5,1,0,0
TXN0002156,USR01715,MER0497,6553.38,Card,Web,0,0,3,3944.29,0,0.0949,301,19,1,0,0
TXN0002157,USR01550,MER0200,664.96,Wallet,Android,0,0,2,2649.87,1,0.1602,733,20,0,0,0
TXN0002158,USR02213,MER0058,6322.38,Card,Web,0,0,1,3608.42,0,0.0436,1007,21,1,0,0
TXN0002159,USR02846,MER0143,7424.82,Card,Android,0,3,2,2101.85,0,0.1559,479,7,0,0,0
TXN0002160,USR01170,MER0478,39376.98,UPI,Web,0,0,1,5525.26,0,0.3709,856,9,0,0,0
TXN0002161,USR02833,MER0380,3680.26,UPI,Web,0,2,2,2748.16,0,0.2508,831,10,1,0,1
TXN0002162,USR00855,MER0405,358.83,Card,Android,0,0,2,1007.49,1,0.3112,747,18,0,0,0
TXN0002163,USR01410,MER0127,1437.8,Wallet,Android,0,0,3,1105.33,0,0.3571,557,13,0,0,0
TXN0002164,USR03195,MER0420,12750.8,Wallet,iOS,0,0,1,4248.01,0,0.2047,180,3,0,0,0
TXN0002165,USR03341,MER0197,1951.35,UPI,Android,0,1,1,2347.21,0,0.4272,292,16,0,0,0
TXN0002166,USR03234,MER0398,3515.06,UPI,Android,0,0,1,1743.72,1,0.0591,607,22,1,0,0
TXN0002167,USR01107,MER0441,1903.99,Card,Android,0,1,4,3663.68,0,0.8972,178,22,1,0,1
TXN0002168,USR02952,MER0105,1522.75,NetBanking,Android,0,0,1,1224.36,0,0.2593,745,17,0,0,0
TXN0002169,USR03277,MER0470,457.71,NetBanking,Android,0,0,1,2889.22,0,0.2084,1690,16,0,0,0
TXN0002170,USR03424,MER0317,1831.84,NetBanking,Android,0,1,2,3817.37,0,0.0623,750,19,0,0,0
TXN0002171,USR00074,MER0366,1698.9,UPI,Android,0,0,1,1793.89,0,0.2189,1655,20,0,0,0
TXN0002172,USR02608,MER0379,1013.39,Wallet,Web,0,1,1,1383.91,0,0.075,424,21,0,0,0
TXN0002173,USR03489,MER0085,820.56,UPI,Android,0,0,2,2200.49,0,0.9388,1278,10,0,0,0
TXN0002174,USR02677,MER0373,730.54,UPI,Android,0,0,2,1100.52,0,0.6051,743,14,1,0,0
TXN0002175,USR00817,MER0107,3506.0,Card,iOS,0,0,2,2907.01,0,0.1097,962,13,0,0,0
TXN0002176,USR02670,MER0136,796.67,UPI,iOS,0,0,3,891.16,0,0.0889,216,18,1,0,0
TXN0002177,USR00369,MER0059,1699.06,UPI,Android,1,0,2,1709.5,0,0.3539,1276,18,1,0,0
TXN0002178,USR01683,MER0091,1214.08,UPI,Android,0,0,2,753.5,0,0.3172,1410,12,1,0,0
TXN0002179,USR02192,MER0490,2325.53,UPI,Android,0,1,1,3129.98,0,0.2833,1559,7,1,0,0
TXN0002180,USR01598,MER0165,6215.64,UPI,Web,0,1,1,2455.82,0,0.1109,418,11,0,0,0
TXN0002181,USR02450,MER0194,2285.3,Card,Web,0,0,2,4897.73,0,0.5431,1180,13,0,0,0
TXN0002182,USR00841,MER0240,5462.5,UPI,Android,1,1,4,1432.96,0,0.4863,610,22,0,0,1
TXN0002183,USR02122,MER0357,12671.48,Card,Android,0,2,2,5977.28,0,0.0,1388,4,0,0,0
TXN0002184,USR02257,MER0287,454.95,Card,iOS,0,0,1,618.01,0,0.0565,1123,17,0,0,0
TXN0002185,USR02219,MER0269,4190.01,UPI,Web,0,1,2,5424.97,0,0.4534,634,11,0,0,0
TXN0002186,USR01013,MER0419,924.22,Wallet,Android,0,1,2,837.23,1,0.2547,499,11,0,0,0
TXN0002187,USR01069,MER0248,3063.86,UPI,Web,0,0,1,2093.07,0,0.0473,2648,7,0,0,0
TXN0002188,USR00903,MER0385,2769.04,Wallet,Web,0,0,1,1323.69,0,0.1971,888,8,0,1,0
TXN0002189,USR01617,MER0456,210.85,NetBanking,Android,0,0,6,581.96,0,0.0822,1275,4,0,0,0
TXN0002190,USR02051,MER0339,2664.76,NetBanking,Android,0,1,2,2044.5,0,0.2694,888,13,1,0,0
TXN0002191,USR01269,MER0018,511.51,Card,Android,0,0,1,2468.23,1,0.0939,478,11,0,0,0
TXN0002192,USR01435,MER0132,1864.6,Wallet,Web,0,1,2,2227.1,0,0.2262,707,11,0,0,0
TXN0002193,USR01003,MER0309,2862.48,UPI,Android,0,0,1,1056.4,1,0.188,827,11,1,0,0
TXN0002194,USR00766,MER0240,345.21,NetBanking,Web,0,1,3,1007.11,0,0.4838,1094,22,0,1,0
TXN0002195,USR02302,MER0143,837.91,UPI,Web,0,0,4,2786.0,1,0.164,1188,10,1,0,0
TXN0002196,USR02857,MER0168,7806.6,Card,iOS,0,0,1,7000.61,0,0.1728,435,9,0,0,0
TXN0002197,USR01018,MER0040,20183.83,Card,Android,0,0,1,7814.12,0,0.1149,149,12,0,0,0
TXN0002198,USR03012,MER0118,3371.28,Wallet,Android,0,0,3,2803.89,0,0.1028,533,18,0,0,0
TXN0002199,USR01999,MER0392,794.46,Card,Android,0,0,2,3291.14,1,0.3122,775,4,1,0,0
TXN0002200,USR00587,MER0006,1873.55,UPI,Android,0,0,3,6617.3,0,0.2235,391,17,0,0,0
TXN0002201,USR01281,MER0419,3202.45,UPI,iOS,0,0,1,3137.85,0,0.3099,1583,22,1,0,0
TXN0002202,USR00027,MER0170,1082.51,Wallet,Android,0,1,2,2660.02,0,0.8592,1504,21,0,0,0
TXN0002203,USR00138,MER0404,4383.14,NetBanking,Android,0,1,1,4175.99,1,0.4075,680,22,1,0,0
TXN0002204,USR01177,MER0129,12668.68,UPI,iOS,0,6,3,2065.53,0,0.4645,837,6,0,0,0
TXN0002205,USR01591,MER0415,2499.78,Card,Android,0,0,1,3739.04,0,0.1707,246,15,0,1,0
TXN0002206,USR02792,MER0286,7424.47,Card,Web,0,1,1,2113.11,0,0.2717,1029,20,1,0,0
TXN0002207,USR00471,MER0426,1397.03,UPI,iOS,0,1,3,960.03,0,0.854,1380,19,0,0,0
TXN0002208,USR02938,MER0032,16603.28,UPI,Android,0,0,2,7295.48,0,0.5446,1113,8,0,0,0
TXN0002209,USR00821,MER0399,3976.28,Card,Web,0,0,2,2154.44,0,0.3375,1178,1,0,0,0
TXN0002210,USR00485,MER0136,584.88,UPI,Android,0,0,2,685.03,0,0.1167,764,21,1,0,0
TXN0002211,USR02450,MER0180,4050.21,Wallet,Android,0,0,2,4897.73,0,0.36,1120,23,0,0,0
TXN0002212,USR02711,MER0023,2038.58,UPI,Android,0,0,1,2655.26,0,0.3695,556,14,0,1,0
TXN0002213,USR02118,MER0478,9011.47,Card,Android,0,0,3,5801.43,0,0.3704,991,9,0,0,0
TXN0002214,USR00405,MER0321,1848.5,UPI,Web,0,0,3,3103.84,0,0.0505,904,8,0,0,0
TXN0002215,USR00404,MER0491,9425.55,Card,Web,0,1,2,2861.66,0,0.0532,1396,18,0,0,0
TXN0002216,USR01366,MER0285,457.21,UPI,iOS,0,0,1,822.35,0,0.1745,647,9,0,0,0
TXN0002217,USR01578,MER0080,1641.08,UPI,Android,0,5,2,1478.36,0,0.0187,83,13,1,0,0
TXN0002218,USR03496,MER0169,1215.64,Card,Android,0,0,2,1507.13,0,0.2886,1032,14,1,0,0
TXN0002219,USR01003,MER0220,726.37,Card,Android,0,0,1,1056.4,0,0.3799,916,10,1,0,0
TXN0002220,USR00675,MER0074,8369.94,Card,Android,0,0,9,1841.46,0,0.2427,194,7,1,0,1
TXN0002221,USR03311,MER0466,1742.48,UPI,Web,0,1,3,2512.88,0,0.3609,560,18,0,0,0
TXN0002222,USR00539,MER0479,2108.32,UPI,Android,0,0,2,2760.17,0,0.2878,939,18,1,0,0
TXN0002223,USR00093,MER0282,1008.35,UPI,Android,0,1,1,1710.0,0,0.0303,384,8,0,0,0
TXN0002224,USR01480,MER0293,3158.17,UPI,iOS,0,1,1,3223.43,0,0.1781,413,6,0,0,0
TXN0002225,USR01404,MER0352,336.85,UPI,iOS,0,2,2,380.92,0,0.2414,697,6,1,0,0
TXN0002226,USR02169,MER0340,99.62,UPI,Web,1,0,2,234.45,0,0.5564,657,14,1,0,0
TXN0002227,USR03073,MER0032,2097.45,Card,Web,0,0,5,2992.98,0,0.5388,462,22,0,0,0
TXN0002228,USR03266,MER0266,2620.47,UPI,Android,0,0,3,1776.03,0,0.1125,794,22,0,0,0
TXN0002229,USR01014,MER0389,1663.85,UPI,Web,0,0,2,835.02,0,0.1272,1307,16,0,0,0
TXN0002230,USR03433,MER0404,2687.57,Wallet,Web,0,0,3,2776.96,0,0.4218,1188,18,0,0,1
TXN0002231,USR02215,MER0299,3367.56,Wallet,Web,0,0,1,3392.99,0,0.4211,779,17,0,0,0
TXN0002232,USR00244,MER0449,3769.92,Card,Web,0,0,1,5139.58,0,0.0267,425,20,0,0,0
TXN0002233,USR03285,MER0294,18849.09,UPI,iOS,1,0,3,2928.61,0,0.2883,336,1,1,0,0
TXN0002234,USR00483,MER0192,1110.37,Card,Android,0,0,1,2263.21,0,0.5783,762,16,1,0,0
TXN0002235,USR02061,MER0222,2318.89,UPI,Web,1,0,3,7477.32,0,0.0,616,0,1,0,0
TXN0002236,USR02768,MER0346,2147.14,Card,Android,0,0,1,3743.05,0,0.142,252,14,0,0,0
TXN0002237,USR00874,MER0444,10144.27,NetBanking,Web,0,0,2,5562.18,0,0.1274,978,11,1,0,0
TXN0002238,USR00948,MER0115,9779.54,Card,Android,0,0,2,1577.94,0,0.3421,664,6,0,0,0
TXN0002239,USR01667,MER0147,17918.45,NetBanking,Android,1,0,2,3141.25,0,0.1941,501,7,0,0,1
TXN0002240,USR03097,MER0326,1135.79,UPI,Web,0,0,1,1553.44,0,0.3237,1371,13,0,0,0
TXN0002241,USR00783,MER0382,5322.66,UPI,Android,0,0,3,2283.67,1,0.2245,646,13,0,0,0
TXN0002242,USR02323,MER0200,412.3,UPI,Android,0,0,1,845.72,1,0.1156,500,21,0,0,0
TXN0002243,USR01585,MER0322,4155.26,UPI,iOS,0,0,2,3578.33,0,0.3732,550,15,1,0,0
TXN0002244,USR00392,MER0004,4577.92,UPI,Android,0,0,2,5055.83,0,0.0947,538,4,1,0,0
TXN0002245,USR02489,MER0146,920.15,NetBanking,Web,1,0,1,921.15,1,0.2431,555,11,1,0,0
TXN0002246,USR02914,MER0478,3115.19,UPI,Web,0,0,2,2746.58,0,0.3843,1364,17,1,0,0
TXN0002247,USR02015,MER0289,4920.23,NetBanking,Android,0,2,1,4963.92,0,0.0376,460,10,0,0,0
TXN0002248,USR00618,MER0435,4350.02,Wallet,iOS,0,0,1,2583.65,0,0.4923,1555,7,0,0,0
TXN0002249,USR00546,MER0109,1173.59,Card,Android,0,0,2,1260.03,0,0.4327,1318,13,0,0,0
TXN0002250,USR01483,MER0146,4069.48,NetBanking,iOS,0,0,1,1218.43,0,0.3039,940,8,1,0,0
TXN0002251,USR01773,MER0488,2124.92,UPI,Android,0,0,1,2163.45,1,0.1809,1444,19,1,0,0
TXN0002252,USR01933,MER0499,544.92,Wallet,Android,0,1,1,1953.04,0,0.1099,495,3,1,0,0
TXN0002253,USR00853,MER0439,4345.0,Card,Web,1,0,1,2884.76,0,0.0112,1029,22,1,0,0
TXN0002254,USR01753,MER0159,2083.69,Card,Android,0,0,1,1651.74,0,0.0803,1600,19,1,1,0
TXN0002255,USR01033,MER0401,3384.4,Card,Web,0,0,1,3475.52,0,0.1848,972,11,0,0,0
TXN0002256,USR02402,MER0230,735.4,NetBanking,Android,0,0,3,931.98,0,0.15,13,20,0,0,0
TXN0002257,USR02788,MER0422,617.34,NetBanking,Web,0,0,1,2974.85,0,0.0,1188,19,0,0,0
TXN0002258,USR02285,MER0426,578.98,UPI,iOS,0,0,1,2472.51,0,0.9499,2405,20,1,0,0
TXN0002259,USR00005,MER0218,3610.28,UPI,iOS,0,1,5,1159.02,0,0.2458,546,4,0,0,0
TXN0002260,USR03473,MER0153,1337.08,UPI,Android,0,0,2,2142.66,0,0.196,958,8,0,0,0
TXN0002261,USR00084,MER0488,2744.13,Wallet,iOS,0,2,3,1439.39,0,0.1412,581,9,1,0,0
TXN0002262,USR03498,MER0226,564.54,UPI,Android,0,0,3,1882.21,0,0.1481,1118,8,1,0,0
TXN0002263,USR00112,MER0216,1340.23,Card,iOS,1,1,1,2993.91,1,0.0765,919,22,0,0,1
TXN0002264,USR01808,MER0333,3238.58,UPI,Web,0,0,1,2088.64,0,0.4999,69,13,0,0,0
TXN0002265,USR00371,MER0469,685.37,NetBanking,iOS,0,3,2,775.7,0,0.1832,301,18,1,0,0
TXN0002266,USR00334,MER0066,16823.51,Wallet,Android,0,0,6,12009.01,0,0.1243,802,18,1,0,0
TXN0002267,USR02392,MER0493,5370.0,Card,Web,1,0,2,5701.01,0,0.4254,791,7,0,1,0
TXN0002268,USR02548,MER0212,793.58,UPI,iOS,1,1,2,968.82,0,0.2047,379,20,0,1,0
TXN0002269,USR00414,MER0013,1468.83,Wallet,iOS,0,0,2,2519.6,0,0.4465,1294,12,0,0,0
TXN0002270,USR03419,MER0155,799.47,UPI,Web,1,1,1,1985.51,0,0.9184,421,5,1,0,0
TXN0002271,USR01122,MER0232,2675.83,Card,Android,0,1,2,1024.61,0,0.1014,1692,14,0,0,0
TXN0002272,USR01115,MER0339,10137.78,NetBanking,Android,0,0,1,3448.04,0,0.3348,2106,12,0,1,0
TXN0002273,USR01040,MER0284,1582.69,Card,Android,1,0,1,3514.83,0,0.2432,1405,16,0,0,0
TXN0002274,USR01615,MER0068,2649.96,NetBanking,iOS,0,1,1,6168.65,0,0.5682,548,6,1,1,0
TXN0002275,USR00623,MER0245,658.01,UPI,Android,0,0,1,888.57,0,0.0146,1137,22,0,0,0
TXN0002276,USR01487,MER0117,5231.85,Card,iOS,0,0,1,4304.46,0,0.0837,675,8,0,0,0
TXN0002277,USR00735,MER0135,6669.87,NetBanking,Android,0,0,2,7992.55,0,0.2161,990,21,1,0,0
TXN0002278,USR00180,MER0356,6144.2,Card,iOS,1,1,1,4508.0,0,0.4175,222,6,0,0,0
TXN0002279,USR01291,MER0402,1129.64,NetBanking,Android,0,0,3,1230.42,0,0.3485,332,17,1,0,0
TXN0002280,USR02353,MER0079,2354.8,Wallet,Android,0,0,2,2688.52,0,0.2727,81,13,1,0,0
TXN0002281,USR02671,MER0302,10862.6,UPI,Android,0,0,2,2009.55,0,0.491,1550,8,0,0,0
TXN0002282,USR01237,MER0212,702.84,UPI,iOS,1,1,2,1078.44,0,0.1527,939,7,0,0,0
TXN0002283,USR01134,MER0169,50515.33,Card,Android,0,2,1,2383.0,0,0.2888,255,14,0,0,0
TXN0002284,USR02757,MER0357,10680.53,Wallet,iOS,0,2,2,3961.73,0,0.0822,1901,21,1,0,0
TXN0002285,USR02385,MER0125,3520.0,Wallet,Android,0,3,1,2574.14,0,0.4008,1548,17,0,0,0
TXN0002286,USR02913,MER0383,711.61,UPI,iOS,0,0,2,2993.92,0,0.0,1146,11,0,0,0
TXN0002287,USR03172,MER0201,11236.82,Card,Android,0,0,2,11551.72,0,0.301,404,14,0,0,0
TXN0002288,USR02875,MER0048,596.19,Card,Android,0,1,1,907.9,0,0.2427,1053,17,1,0,0
TXN0002289,USR03278,MER0397,2114.67,UPI,Web,0,1,1,2191.16,0,0.0813,177,13,0,0,0
TXN0002290,USR01459,MER0426,1230.89,Card,Web,0,1,1,2781.73,1,0.9361,164,23,0,0,0
TXN0002291,USR01382,MER0282,4041.94,NetBanking,Android,0,0,2,2465.07,1,0.0675,1917,23,0,0,0
TXN0002292,USR01126,MER0362,8109.55,Card,Android,1,0,1,4194.83,0,0.1208,708,23,0,0,0
TXN0002293,USR00824,MER0074,4785.94,UPI,iOS,0,1,2,2166.83,0,0.2339,658,18,0,0,0
TXN0002294,USR02621,MER0170,4100.64,Card,Web,0,1,1,5676.37,1,0.8834,419,22,0,0,1
TXN0002295,USR02501,MER0175,2758.65,UPI,Android,0,0,1,6218.5,0,0.3366,691,22,0,0,0
TXN0002296,USR02805,MER0382,2855.75,Card,iOS,0,0,2,2330.6,0,0.2221,1494,5,0,0,0
TXN0002297,USR00586,MER0177,8081.75,NetBanking,Android,0,3,1,2399.44,0,0.4112,1082,20,0,0,0
TXN0002298,USR01720,MER0365,2786.17,Card,Android,1,0,1,2786.28,1,0.0544,681,19,1,0,0
TXN0002299,USR00777,MER0154,3218.28,Wallet,Android,0,1,1,2442.92,0,0.2447,625,7,1,0,0
TXN0002300,USR03126,MER0301,1492.76,Card,iOS,1,1,2,1858.5,0,0.4604,867,19,1,0,0
TXN0002301,USR00936,MER0105,2112.45,UPI,iOS,0,0,2,3191.04,1,0.2852,275,20,1,0,0
TXN0002302,USR00504,MER0280,3654.35,Card,iOS,0,1,2,2391.59,0,0.3683,287,3,0,0,0
TXN0002303,USR01995,MER0041,6793.39,Card,Android,0,1,1,7708.46,0,0.2672,349,16,0,1,0
TXN0002304,USR03077,MER0368,1861.21,UPI,Android,0,1,3,1463.29,0,0.4193,612,13,0,0,0
TXN0002305,USR03206,MER0015,10750.76,UPI,Android,1,0,1,7842.61,0,0.1474,277,16,1,0,0
TXN0002306,USR00337,MER0500,2800.62,Card,Android,0,0,3,2292.47,0,0.1809,245,16,0,0,0
TXN0002307,USR01141,MER0420,3027.61,UPI,Android,1,1,1,2129.99,0,0.1814,180,17,0,0,0
TXN0002308,USR00538,MER0290,792.62,UPI,iOS,0,2,2,1539.96,0,0.1551,1266,10,1,0,0
TXN0002309,USR01078,MER0455,821.63,UPI,Android,0,6,4,1668.02,0,0.4818,1346,7,0,0,0
TXN0002310,USR01869,MER0405,4243.81,NetBanking,Web,0,2,1,4600.43,0,0.3552,1152,10,0,0,0
TXN0002311,USR00983,MER0072,3265.66,UPI,iOS,0,1,4,3479.28,0,0.2838,820,14,0,0,0
TXN0002312,USR00237,MER0373,546.25,Wallet,Android,0,0,1,836.44,0,0.622,164,10,1,0,0
TXN0002313,USR01786,MER0189,2275.51,UPI,Web,1,0,1,2011.11,0,0.201,3039,16,0,0,0
TXN0002314,USR00185,MER0428,4951.12,UPI,Android,1,0,2,2706.61,0,0.0297,313,11,0,0,0
TXN0002315,USR00794,MER0432,2804.74,UPI,Android,0,0,2,1253.95,0,0.1009,637,16,0,0,0
TXN0002316,USR00002,MER0478,2632.17,UPI,iOS,0,0,2,1000.98,0,0.4128,644,8,0,0,0
TXN0002317,USR00304,MER0226,1316.63,UPI,Web,0,0,2,3567.03,0,0.1216,957,12,0,0,0
TXN0002318,USR01528,MER0097,1049.78,UPI,Android,0,0,2,2549.62,1,0.1745,705,17,1,0,0
TXN0002319,USR02978,MER0063,3891.1,Card,Android,0,0,2,5039.15,0,0.3649,452,13,0,0,0
TXN0002320,USR02712,MER0083,33332.57,UPI,iOS,0,0,2,3728.21,0,0.1115,363,11,0,0,1
TXN0002321,USR00346,MER0496,959.86,UPI,Android,0,0,2,1198.05,0,0.2107,393,15,0,0,0
TXN0002322,USR00122,MER0294,1556.02,UPI,Web,1,0,2,2435.2,0,0.3074,1456,0,0,0,1
TXN0002323,USR01184,MER0176,2758.55,Wallet,Android,0,4,2,3610.64,1,0.2263,1008,7,0,1,1
TXN0002324,USR02283,MER0225,5942.33,UPI,Web,0,0,1,4411.06,0,0.3473,310,18,1,0,0
TXN0002325,USR02614,MER0087,767.48,Card,Android,0,0,2,2101.56,0,0.1974,1697,9,0,0,0
TXN0002326,USR02881,MER0286,6407.18,Card,Web,0,1,8,1246.33,0,0.2613,341,13,0,0,0
TXN0002327,USR01198,MER0213,1653.6,UPI,iOS,0,0,2,1712.3,0,0.6918,121,13,0,0,0
TXN0002328,USR00589,MER0400,5028.35,UPI,Web,0,0,2,2480.55,1,0.2096,193,20,1,0,0
TXN0002329,USR00093,MER0011,1071.32,Card,Android,1,1,2,1710.0,0,0.2136,16,5,0,0,0
TXN0002330,USR00515,MER0466,16660.63,NetBanking,Android,0,0,2,1203.43,0,0.3229,821,13,0,0,0
TXN0002331,USR00229,MER0031,2252.76,Wallet,Android,0,0,2,2203.6,0,0.2961,864,8,1,0,0
TXN0002332,USR03013,MER0209,4966.96,UPI,Web,0,1,2,2817.66,0,0.312,1311,20,0,0,0
TXN0002333,USR00940,MER0171,978.82,UPI,Android,1,0,1,1187.22,0,0.1801,340,23,0,0,0
TXN0002334,USR02881,MER0359,34305.24,UPI,Android,0,1,6,1246.33,0,0.1201,1016,18,0,0,0
TXN0002335,USR01937,MER0330,704.28,UPI,Android,0,0,1,2167.79,1,0.9836,692,17,1,0,0
TXN0002336,USR01887,MER0099,3670.87,NetBanking,iOS,0,3,1,1948.15,0,0.2599,480,19,0,0,0
TXN0002337,USR01592,MER0246,3358.71,UPI,iOS,0,0,3,3241.63,0,0.4014,1061,13,1,0,0
TXN0002338,USR02868,MER0268,726.01,UPI,Android,1,0,2,1588.85,0,0.236,699,19,1,0,0
TXN0002339,USR00153,MER0232,6680.72,UPI,iOS,0,1,1,1722.44,1,0.0591,530,17,0,0,1
TXN0002340,USR00325,MER0011,10048.78,Wallet,Android,0,0,2,2790.97,0,0.1931,1421,23,0,0,0
TXN0002341,USR01482,MER0090,171.83,Card,Web,0,0,8,804.1,0,0.0284,749,8,1,0,0
TXN0002342,USR01381,MER0252,2315.66,UPI,Web,0,0,2,2143.43,0,0.1202,740,8,1,0,0
TXN0002343,USR01910,MER0131,3433.44,UPI,Android,1,0,1,2171.65,0,0.1653,302,10,0,0,0
TXN0002344,USR02583,MER0273,10148.13,UPI,Android,0,0,1,7762.17,0,0.1287,1357,20,0,0,0
TXN0002345,USR02057,MER0082,28349.25,UPI,iOS,0,1,1,10008.35,0,0.1441,1017,11,0,0,0
TXN0002346,USR00902,MER0368,7862.68,NetBanking,iOS,0,0,1,3224.03,0,0.3816,468,6,1,0,0
TXN0002347,USR01146,MER0095,9206.47,Card,Web,1,1,3,7996.24,1,0.0216,306,15,1,0,0
TXN0002348,USR02634,MER0325,18279.33,Card,Android,1,1,2,3729.43,0,0.1645,457,15,0,0,0
TXN0002349,USR00706,MER0419,4618.27,Card,Android,0,0,1,2473.14,0,0.2534,698,17,0,0,0
TXN0002350,USR01765,MER0180,817.49,Card,Android,0,7,1,1106.83,0,0.3012,851,6,0,0,0
TXN0002351,USR01886,MER0070,1324.51,Wallet,Android,0,0,2,2072.46,0,0.0421,1756,11,0,0,0
TXN0002352,USR02626,MER0003,3826.88,UPI,Web,1,0,3,1643.53,0,0.5565,707,7,0,0,0
TXN0002353,USR02501,MER0181,3342.11,Card,Web,0,0,1,6218.5,0,0.1329,1801,19,0,0,0
TXN0002354,USR01627,MER0058,11654.6,Card,Android,0,0,3,2201.85,0,0.108,405,9,0,0,0
TXN0002355,USR01083,MER0441,4208.41,UPI,Android,0,0,1,5257.08,0,0.8619,1712,16,1,0,0
TXN0002356,USR01288,MER0487,4199.23,UPI,iOS,0,0,2,3417.23,0,0.3286,460,9,1,0,0
TXN0002357,USR01441,MER0491,4098.5,Wallet,Android,0,0,1,4952.59,0,0.053,51,6,0,0,0
TXN0002358,USR00768,MER0462,1485.39,NetBanking,iOS,0,0,2,4030.51,0,0.3345,204,10,1,0,1
TXN0002359,USR02189,MER0294,3495.24,UPI,iOS,0,0,2,1591.55,0,0.3007,173,0,0,0,1
TXN0002360,USR00730,MER0163,1811.5,UPI,iOS,1,0,2,2548.03,0,0.2646,322,16,0,0,0
TXN0002361,USR02271,MER0224,6678.63,Card,Android,0,0,2,1639.78,0,0.9232,615,22,0,0,0
TXN0002362,USR02631,MER0130,2124.61,Wallet,iOS,0,0,3,1794.48,0,0.8364,830,12,0,0,0
TXN0002363,USR03367,MER0421,6711.03,Card,iOS,0,0,1,2833.08,0,0.2053,480,15,0,1,0
TXN0002364,USR00417,MER0219,1971.6,NetBanking,iOS,0,0,2,1316.03,0,0.282,371,7,0,0,0
TXN0002365,USR02660,MER0193,30243.69,Wallet,iOS,0,0,2,12335.08,0,0.2117,669,11,0,0,0
TXN0002366,USR00301,MER0345,1521.4,UPI,Web,0,0,1,1060.76,0,0.0905,475,14,0,0,0
TXN0002367,USR01181,MER0187,2197.31,UPI,Android,0,0,1,1950.16,0,0.1058,1252,18,1,0,0
TXN0002368,USR00618,MER0179,5399.64,UPI,Android,1,0,3,2583.65,0,0.0723,937,19,1,0,0
TXN0002369,USR00568,MER0114,7812.5,Wallet,Android,0,0,1,1371.39,0,0.3211,71,10,1,1,1
TXN0002370,USR00614,MER0034,1945.3,Card,iOS,0,0,3,2483.5,0,0.1285,1060,5,1,0,0
TXN0002371,USR00154,MER0019,10823.43,NetBanking,Android,0,2,1,6419.66,0,0.0977,506,23,1,0,0
TXN0002372,USR02881,MER0202,1181.08,Card,Android,0,1,1,1246.33,0,0.2009,831,9,0,0,0
TXN0002373,USR00214,MER0498,2082.68,Card,Android,0,4,3,1520.88,0,0.8627,684,22,1,0,1
TXN0002374,USR01395,MER0131,790.7,UPI,Web,0,0,2,806.39,0,0.1409,733,17,1,0,0
TXN0002375,USR02448,MER0321,803.36,UPI,iOS,0,0,3,3993.3,0,0.0626,387,22,0,0,0
TXN0002376,USR03467,MER0163,1199.1,NetBanking,Android,0,1,9,1456.01,0,0.2824,930,18,0,0,0
TXN0002377,USR02988,MER0152,6702.55,Card,Android,0,0,2,3430.85,0,0.0514,446,18,1,0,0
TXN0002378,USR00481,MER0082,452.85,NetBanking,Android,0,0,1,825.93,0,0.1904,255,14,1,0,0
TXN0002379,USR03458,MER0282,2784.67,UPI,Web,0,1,1,1508.4,0,0.0499,755,12,0,0,0
TXN0002380,USR02288,MER0330,1557.38,Card,Web,0,1,2,1434.49,0,1.0,1197,7,1,0,0
TXN0002381,USR00629,MER0176,2478.99,Card,iOS,0,0,1,2991.35,0,0.1736,509,7,0,0,0
TXN0002382,USR01571,MER0264,6885.11,UPI,Android,0,0,10,3770.37,0,0.1971,245,22,1,0,1
TXN0002383,USR03213,MER0239,9854.16,Card,Web,0,0,1,6344.26,0,0.1746,380,10,1,0,0
TXN0002384,USR01376,MER0136,6853.01,NetBanking,Android,0,0,1,5322.24,1,0.1098,702,13,1,0,0
TXN0002385,USR00643,MER0346,41041.15,UPI,iOS,0,1,1,2564.75,0,0.1209,372,16,0,0,0
TXN0002386,USR03063,MER0277,1326.09,Card,Android,0,1,1,1204.42,0,0.4628,1341,9,0,0,0
TXN0002387,USR03336,MER0033,481.09,Card,Android,0,0,1,1652.77,0,0.2702,289,16,0,0,0
TXN0002388,USR03415,MER0247,770.58,Wallet,Android,0,0,1,1063.58,0,0.1473,1113,13,0,0,0
TXN0002389,USR03345,MER0195,1309.24,Wallet,Android,0,0,1,5046.09,0,0.2068,544,16,0,0,0
TXN0002390,USR03056,MER0398,2597.43,UPI,Web,1,0,1,1701.01,0,0.02,1725,8,0,0,0
TXN0002391,USR01591,MER0154,6780.79,UPI,iOS,0,0,1,3739.04,0,0.2841,215,19,1,0,0
TXN0002392,USR00674,MER0478,2496.25,Card,Web,0,0,2,1332.11,0,0.3991,320,18,0,0,0
TXN0002393,USR02161,MER0308,7473.69,NetBanking,iOS,0,1,1,5524.76,0,0.1805,452,13,1,1,1
TXN0002394,USR00773,MER0066,2713.36,NetBanking,Android,1,0,1,1420.89,0,0.1224,745,8,0,0,0
TXN0002395,USR01657,MER0202,193.5,Card,Android,0,0,2,632.99,0,0.2206,248,21,0,0,0
TXN0002396,USR02297,MER0442,3615.68,UPI,iOS,0,0,3,4107.15,0,0.3291,665,19,0,0,0
TXN0002397,USR03314,MER0128,206.36,NetBanking,Android,0,1,1,600.86,0,0.5908,217,22,1,0,0
TXN0002398,USR01012,MER0353,1343.75,UPI,Android,0,1,1,1828.44,0,0.5599,998,11,1,0,0
TXN0002399,USR00882,MER0392,20465.3,UPI,Android,0,1,3,6719.61,0,0.3344,447,21,0,0,0
TXN0002400,USR02572,MER0347,5459.78,UPI,iOS,0,0,2,2612.42,1,0.1362,1436,12,1,0,0
TXN0002401,USR00023,MER0046,5642.71,Card,iOS,1,0,1,3682.23,0,0.2858,285,19,0,0,0
TXN0002402,USR01983,MER0188,749.46,UPI,Android,0,0,3,897.96,1,0.1036,350,12,0,0,0
TXN0002403,USR02611,MER0175,949.33,UPI,Web,0,0,2,2040.89,0,0.2843,851,12,0,0,0
TXN0002404,USR01929,MER0172,4936.75,Wallet,Web,1,0,2,4536.01,0,0.881,928,5,0,1,0
TXN0002405,USR01344,MER0440,4071.92,Card,iOS,0,1,3,1924.04,0,0.2125,888,11,0,0,0
TXN0002406,USR02900,MER0003,1375.51,UPI,Android,0,0,1,1076.5,0,0.5473,884,3,0,0,0
TXN0002407,USR01299,MER0270,415.52,UPI,iOS,0,2,1,1368.18,0,0.3334,620,15,0,0,0
TXN0002408,USR02487,MER0492,29506.3,Card,Android,0,1,4,3413.8,0,0.2772,604,12,1,0,0
TXN0002409,USR01625,MER0438,1741.5,UPI,Android,0,0,1,837.78,0,0.0358,3068,21,0,0,0
TXN0002410,USR00094,MER0304,4607.65,UPI,iOS,0,0,2,2714.76,0,0.8554,527,14,1,0,0
TXN0002411,USR01857,MER0499,1184.18,NetBanking,Web,1,1,2,2050.35,0,0.1179,2216,17,1,0,0
TXN0002412,USR00174,MER0202,1781.68,Card,Android,1,0,3,4518.61,0,0.2308,1378,18,0,0,0
TXN0002413,USR03259,MER0306,2267.99,UPI,Android,0,3,2,1323.11,0,0.1689,870,6,0,0,0
TXN0002414,USR02106,MER0272,665.53,Card,Android,0,0,1,467.7,0,0.5285,1526,8,0,0,0
TXN0002415,USR01303,MER0024,3578.59,Card,Android,0,0,1,3182.42,0,0.3056,475,22,1,0,0
TXN0002416,USR01702,MER0021,10121.51,Card,iOS,0,0,2,2195.99,0,0.3649,129,2,0,0,1
TXN0002417,USR02168,MER0449,4161.86,Card,Android,0,1,2,2769.76,0,0.0652,500,14,1,0,0
TXN0002418,USR00911,MER0087,818.38,Card,Android,0,0,1,1368.81,0,0.1707,530,23,0,0,0
TXN0002419,USR01010,MER0178,3006.76,UPI,Web,1,0,2,2175.02,0,0.2816,729,19,0,0,0
TXN0002420,USR01466,MER0312,1693.08,UPI,Web,0,1,1,2186.99,0,0.2197,443,8,0,0,0
TXN0002421,USR00906,MER0288,15888.35,UPI,Web,0,0,1,6709.47,1,0.1934,201,18,0,0,0
TXN0002422,USR02653,MER0258,82204.19,Wallet,Android,0,0,2,8681.18,0,0.2462,305,15,1,0,0
TXN0002423,USR00364,MER0490,2097.83,Wallet,Web,0,2,3,1677.59,0,0.3009,729,11,1,0,0
TXN0002424,USR02894,MER0394,364.31,Wallet,Android,0,1,3,1081.94,0,0.94,982,8,0,0,0
TXN0002425,USR01220,MER0471,3863.35,UPI,Android,1,1,1,3885.93,1,0.1798,742,12,0,0,0
TXN0002426,USR01965,MER0330,2707.66,Card,Android,0,1,2,2964.17,0,1.0,827,20,0,0,0
TXN0002427,USR00553,MER0490,2391.83,Card,Web,0,1,2,5256.65,0,0.3373,419,22,1,0,0
TXN0002428,USR01349,MER0301,1712.27,UPI,Android,0,5,5,2111.3,0,0.5005,466,18,0,0,0
TXN0002429,USR02642,MER0271,5911.69,NetBanking,Web,0,0,2,4541.19,0,0.3605,619,6,0,0,0
TXN0002430,USR00948,MER0408,1496.29,UPI,Web,0,0,2,1577.94,0,0.3913,324,13,1,0,0
TXN0002431,USR00463,MER0435,290.36,Card,Web,0,0,1,843.73,0,0.4565,1155,0,1,0,0
TXN0002432,USR01827,MER0035,1649.05,Wallet,Android,0,0,3,2110.48,0,0.2583,241,10,1,0,0
TXN0002433,USR00569,MER0456,323.07,Card,Android,0,1,3,475.72,0,0.0718,1430,15,0,0,0
TXN0002434,USR01102,MER0346,871.9,Card,Android,0,0,1,797.39,0,0.1783,456,22,0,0,0
TXN0002435,USR01577,MER0449,2000.28,UPI,Android,0,1,1,1977.24,0,0.0447,584,14,0,0,0
TXN0002436,USR01975,MER0358,1449.19,Card,Android,0,1,1,2049.03,0,0.2825,344,8,0,0,0
TXN0002437,USR02238,MER0464,1294.21,UPI,iOS,0,0,1,1882.08,0,0.046,366,21,0,0,0
TXN0002438,USR02369,MER0138,1675.4,Card,Web,0,0,2,1678.09,0,0.1897,1955,18,0,0,0
TXN0002439,USR02956,MER0094,3995.7,Wallet,Web,0,2,3,2099.87,0,0.0959,788,7,0,0,0
TXN0002440,USR00232,MER0098,1504.57,UPI,Android,0,1,2,1294.19,0,0.7122,587,7,0,0,0
TXN0002441,USR01269,MER0127,6541.14,Card,Android,1,0,1,2468.23,0,0.3556,820,12,0,0,0
TXN0002442,USR00004,MER0107,3125.5,UPI,Android,0,0,2,1453.1,0,0.1786,426,8,1,0,0
TXN0002443,USR00034,MER0221,6924.4,Card,Web,0,2,1,2477.97,0,0.1458,321,7,1,0,0
TXN0002444,USR00743,MER0100,3351.43,UPI,Android,0,1,4,1315.18,0,0.2348,797,7,0,0,0
TXN0002445,USR02094,MER0080,9341.08,Card,Android,1,0,3,3187.06,0,0.0,679,18,0,0,0
TXN0002446,USR03131,MER0262,910.55,UPI,Android,0,0,2,2195.81,0,0.468,777,9,0,0,0
TXN0002447,USR02708,MER0397,1331.36,UPI,iOS,0,1,2,878.14,0,0.0749,1068,11,0,0,0
TXN0002448,USR02263,MER0068,11555.58,Card,Android,0,0,1,5052.98,0,0.5753,365,17,0,0,0
TXN0002449,USR02724,MER0256,1487.04,UPI,Web,0,0,3,570.91,0,0.0954,668,15,1,1,0
TXN0002450,USR00602,MER0330,949.04,Card,Web,0,0,2,1737.79,0,0.9687,762,11,0,0,0
TXN0002451,USR02940,MER0353,843.78,NetBanking,Web,0,0,2,552.57,0,0.5725,229,14,1,0,0
TXN0002452,USR03116,MER0053,26448.57,UPI,Android,0,1,2,6183.41,0,0.0519,769,0,1,0,0
TXN0002453,USR00333,MER0367,8484.72,UPI,Web,0,1,2,2359.34,0,0.1942,908,12,1,0,0
TXN0002454,USR01645,MER0014,863.04,Card,Android,0,0,3,2463.44,0,0.1868,806,21,1,0,0
TXN0002455,USR02906,MER0119,1292.53,Wallet,Android,0,0,1,2364.33,0,0.4473,538,15,0,0,0
TXN0002456,USR01667,MER0160,811.37,UPI,Android,0,0,1,3141.25,0,0.0252,336,11,0,0,0
TXN0002457,USR02942,MER0427,25865.47,UPI,iOS,0,0,1,2946.08,0,0.2054,588,14,0,0,0
TXN0002458,USR03275,MER0096,17737.56,Wallet,Android,0,3,1,3653.62,0,0.0466,800,8,0,0,1
TXN0002459,USR01662,MER0392,2302.87,Card,Android,0,1,3,2499.48,0,0.3168,2063,22,0,0,1
TXN0002460,USR00209,MER0495,1877.05,Wallet,Web,0,0,2,1834.84,0,0.1288,1285,21,1,0,0
TXN0002461,USR01191,MER0480,1716.52,UPI,Android,0,0,2,1214.25,0,0.3576,1553,9,0,0,0
TXN0002462,USR00754,MER0152,1951.21,UPI,Android,1,0,2,2230.39,0,0.1337,1042,21,0,0,0
TXN0002463,USR01660,MER0048,1775.07,Card,Web,1,3,1,1433.76,0,0.2922,280,19,0,0,0
TXN0002464,USR02051,MER0112,2579.38,UPI,Web,0,1,1,2044.5,0,0.1443,875,3,1,0,0
TXN0002465,USR01624,MER0385,1459.84,Card,Android,0,0,1,2821.1,0,0.1316,546,0,0,0,0
TXN0002466,USR00685,MER0099,2903.61,UPI,Android,0,1,1,3266.33,0,0.2881,656,13,1,0,0
TXN0002467,USR01055,MER0323,9288.25,Card,Android,0,1,1,5723.37,0,0.2835,25,6,0,0,0
TXN0002468,USR02379,MER0187,9549.09,NetBanking,Android,0,1,1,5144.2,0,0.1742,398,5,0,0,0
TXN0002469,USR00095,MER0384,33527.67,NetBanking,Android,0,8,3,13838.43,0,0.2176,1730,20,0,0,0
TXN0002470,USR00750,MER0303,4292.5,UPI,Android,0,0,1,3544.35,0,0.2778,1232,16,0,0,0
TXN0002471,USR03124,MER0293,954.18,UPI,iOS,0,1,2,776.41,0,0.1672,1056,19,0,0,0
TXN0002472,USR00348,MER0391,1315.55,NetBanking,Android,0,0,1,805.83,0,0.4892,1080,20,0,0,0
TXN0002473,USR01452,MER0478,15072.48,Card,Android,0,1,2,4241.55,0,0.3869,217,11,0,0,0
TXN0002474,USR00725,MER0183,2067.39,Card,Android,1,0,1,3435.1,0,0.2133,368,12,0,0,0
TXN0002475,USR00367,MER0265,1643.92,Wallet,Android,0,1,1,1890.68,0,0.2802,507,15,1,0,0
TXN0002476,USR01480,MER0313,1224.38,UPI,iOS,0,1,2,3223.43,0,0.3165,292,17,0,0,0
TXN0002477,USR01826,MER0412,3380.99,UPI,iOS,0,1,1,2651.7,0,0.1799,607,7,0,0,0
TXN0002478,USR00617,MER0242,1849.45,Wallet,Web,0,1,3,913.52,0,0.4683,611,10,0,0,0
TXN0002479,USR00273,MER0188,603.72,Card,Android,0,2,1,1058.22,1,0.0965,249,17,0,0,0
TXN0002480,USR00472,MER0424,6687.06,Card,Android,0,1,3,5139.04,0,0.5239,287,13,0,0,0
TXN0002481,USR02281,MER0477,1418.05,NetBanking,iOS,0,4,1,2344.93,0,0.0421,420,20,0,0,0
TXN0002482,USR03011,MER0285,11559.61,UPI,Android,0,0,1,5744.07,0,0.1654,633,21,0,0,0
TXN0002483,USR00632,MER0052,4253.32,Wallet,Android,0,1,2,1017.85,0,0.4896,1352,9,0,0,0
TXN0002484,USR01122,MER0145,473.65,UPI,iOS,0,0,2,1024.61,0,0.1523,1666,15,1,0,0
TXN0002485,USR01204,MER0232,431.57,NetBanking,Android,1,0,3,1139.72,0,0.074,563,6,0,0,0
TXN0002486,USR01263,MER0352,1953.63,UPI,Android,0,2,1,1759.62,1,0.1887,140,22,0,0,0
TXN0002487,USR00856,MER0335,2153.66,UPI,Android,1,0,1,1866.07,0,0.0547,578,7,0,0,0
TXN0002488,USR00194,MER0411,882.71,Card,Android,0,0,4,573.98,0,0.0663,257,20,0,0,0
TXN0002489,USR01839,MER0015,15841.97,NetBanking,Android,0,1,2,3942.36,0,0.0956,1038,18,0,0,0
TXN0002490,USR01251,MER0233,420.8,Wallet,Android,0,1,1,774.09,0,0.1831,655,10,0,0,0
TXN0002491,USR01198,MER0351,1073.97,Card,iOS,0,0,1,1712.3,0,0.2124,640,13,0,0,0
TXN0002492,USR00927,MER0494,5394.23,NetBanking,Android,0,1,2,1780.67,1,0.9103,381,16,0,0,0
TXN0002493,USR03253,MER0072,1409.47,Card,Android,0,0,1,753.55,0,0.2919,594,16,0,0,0
TXN0002494,USR02137,MER0440,3978.39,Wallet,Android,0,5,1,2350.95,0,0.174,410,6,0,0,1
TXN0002495,USR01466,MER0004,1360.46,UPI,Android,0,0,1,2186.99,0,0.0992,513,18,0,0,0
TXN0002496,USR00719,MER0099,3261.81,UPI,Android,0,0,1,1524.46,0,0.274,483,20,0,0,0
TXN0002497,USR02804,MER0424,3360.04,UPI,Web,0,0,2,1981.12,0,0.5327,138,18,0,0,0
TXN0002498,USR03110,MER0394,2381.25,NetBanking,Android,0,3,1,2184.0,0,0.9387,1269,18,0,1,0
TXN0002499,USR00114,MER0487,2158.24,UPI,Web,0,1,1,3457.13,0,0.3524,330,14,0,0,0
TXN0002500,USR03254,MER0301,1504.43,UPI,Web,1,0,3,1464.61,0,0.4543,339,0,0,0,0
TXN0002501,USR02448,MER0308,12447.61,UPI,Android,1,0,2,3993.3,0,0.1849,352,7,1,0,0
TXN0002502,USR00350,MER0268,656.53,UPI,Android,1,1,3,1517.2,0,0.2165,684,3,1,0,0
TXN0002503,USR02637,MER0256,2485.52,Card,Android,0,0,1,4647.54,1,0.0546,776,14,1,0,0
TXN0002504,USR00376,MER0257,1714.22,UPI,Web,0,0,1,2831.97,0,0.1946,473,20,0,0,0
TXN0002505,USR00179,MER0147,1629.0,Wallet,Web,0,0,2,2301.95,0,0.1092,124,6,0,0,0
TXN0002506,USR00404,MER0427,2691.42,Wallet,iOS,0,2,2,2861.66,1,0.1726,340,15,0,0,1
TXN0002507,USR01610,MER0179,3355.12,Card,Web,0,0,3,1768.83,0,0.1044,250,12,1,0,0
TXN0002508,USR02169,MER0306,310.89,UPI,iOS,0,3,3,234.45,0,0.2035,753,18,1,0,0
TXN0002509,USR01426,MER0335,1190.32,Wallet,Android,0,0,1,1197.71,0,0.0954,356,8,1,1,0
TXN0002510,USR00427,MER0269,5040.01,Card,Web,0,1,1,4340.43,0,0.4572,85,12,1,0,0
TXN0002511,USR00698,MER0306,2621.71,UPI,Android,0,0,1,1758.66,0,0.1885,1089,11,0,0,0
TXN0002512,USR02984,MER0025,1198.81,UPI,Android,1,1,4,4229.82,0,0.1353,972,11,1,0,0
TXN0002513,USR03370,MER0158,2754.5,UPI,iOS,0,0,2,1338.7,0,0.0839,136,13,0,0,0
TXN0002514,USR02640,MER0225,1890.81,Card,iOS,0,1,1,3603.92,0,0.3496,804,12,1,0,0
TXN0002515,USR00362,MER0198,1196.69,UPI,Android,0,0,2,1731.33,0,0.1582,300,10,1,0,0
TXN0002516,USR02870,MER0455,2368.76,Wallet,Android,0,0,3,1948.87,0,0.4604,1351,18,1,0,0
TXN0002517,USR02422,MER0449,3275.15,Card,Android,0,1,1,3635.17,0,0.041,554,15,0,0,0
TXN0002518,USR01842,MER0356,2047.01,UPI,Android,0,0,1,1515.57,0,0.441,317,7,1,0,0
TXN0002519,USR00502,MER0177,2450.57,UPI,Android,0,1,2,2326.13,0,0.4069,533,19,0,0,0
TXN0002520,USR03489,MER0026,1699.54,Card,Android,0,0,1,2200.49,1,0.3108,1072,13,0,0,0
TXN0002521,USR01550,MER0378,7577.76,UPI,Android,0,3,2,2649.87,0,0.2318,229,13,0,0,0
TXN0002522,USR00155,MER0442,12930.0,UPI,Android,1,1,2,8164.07,0,0.3676,686,7,0,0,0
TXN0002523,USR00735,MER0245,9450.18,Card,Android,0,0,1,7992.55,0,0.015,326,2,1,0,0
TXN0002524,USR01405,MER0414,2833.55,UPI,Web,0,0,1,1809.26,0,0.269,659,8,0,0,0
TXN0002525,USR00219,MER0466,8259.8,UPI,iOS,0,1,2,3881.13,0,0.3057,535,12,0,0,0
TXN0002526,USR01134,MER0274,10850.31,Card,Android,1,0,2,2383.0,0,0.0568,799,11,0,0,0
TXN0002527,USR01640,MER0105,1079.04,Card,iOS,0,0,2,2482.26,0,0.3276,959,11,0,0,0
TXN0002528,USR03321,MER0012,2476.19,UPI,Android,0,0,2,2399.45,0,0.3763,1241,9,0,0,0
TXN0002529,USR00303,MER0379,7872.59,Wallet,Android,0,0,13,2172.43,1,0.0684,353,9,0,0,1
TXN0002530,USR02020,MER0282,3304.8,Card,Web,0,0,4,4388.35,0,0.0649,1354,7,0,0,0
TXN0002531,USR03206,MER0077,5379.02,UPI,Android,0,0,7,7842.61,0,0.439,1114,23,0,0,0
TXN0002532,USR02822,MER0028,1725.46,Wallet,Android,0,2,2,3161.75,0,0.2801,469,20,0,0,0
TXN0002533,USR03238,MER0485,9747.56,Card,iOS,0,0,1,4355.37,0,0.1831,371,13,0,0,0
TXN0002534,USR00597,MER0161,888.29,NetBanking,Android,0,0,2,2223.15,0,0.422,426,12,1,0,0
TXN0002535,USR02805,MER0164,4500.96,UPI,Web,0,2,2,2330.6,0,0.7782,369,6,0,0,0
TXN0002536,USR03426,MER0315,2434.62,UPI,Web,0,1,1,1604.55,0,0.0361,618,20,0,1,0
TXN0002537,USR01142,MER0183,970.59,Card,Android,0,0,1,1342.31,0,0.2617,191,6,0,0,0
TXN0002538,USR01746,MER0457,3000.29,NetBanking,iOS,0,0,2,2149.49,0,0.1981,121,17,1,0,0
TXN0002539,USR01858,MER0341,1301.63,Wallet,Web,0,0,1,1533.12,0,0.2809,157,6,1,0,0
TXN0002540,USR01728,MER0179,1083.03,Card,Web,0,0,1,2515.55,0,0.0741,700,23,0,0,0
TXN0002541,USR01015,MER0134,311.49,Wallet,Android,0,0,2,718.01,0,0.3136,1342,10,1,0,0
TXN0002542,USR03399,MER0431,6422.43,UPI,Android,0,2,2,4211.75,0,0.0968,878,7,0,0,0
TXN0002543,USR03348,MER0296,6402.24,Card,Android,0,0,1,4358.28,0,0.4128,1318,6,0,0,0
TXN0002544,USR01333,MER0460,2577.77,Card,Android,1,1,1,2276.59,0,0.0978,296,19,0,0,0
TXN0002545,USR02819,MER0173,2505.15,UPI,Android,1,1,1,3491.18,0,0.2676,945,13,0,1,0
TXN0002546,USR01392,MER0011,1037.11,UPI,Android,0,1,2,1250.51,0,0.2402,959,15,1,0,0
TXN0002547,USR02782,MER0450,908.34,UPI,Android,0,1,2,1207.15,0,0.4311,1959,9,1,0,0
TXN0002548,USR02047,MER0120,846.45,UPI,Android,0,0,1,3130.21,0,0.226,913,16,1,0,0
TXN0002549,USR01646,MER0423,1119.29,UPI,Android,0,0,2,1125.91,0,0.4122,671,23,0,0,0
TXN0002550,USR00449,MER0355,3552.24,UPI,Android,0,0,2,2563.59,0,0.0785,826,0,0,0,0
TXN0002551,USR02292,MER0116,3949.07,Card,Android,0,0,1,3954.29,0,0.1694,1010,18,0,0,0
TXN0002552,USR01124,MER0379,8382.78,Card,iOS,0,0,1,2465.5,0,0.0885,108,20,0,0,0
TXN0002553,USR00760,MER0041,1755.06,UPI,Android,0,0,1,3803.0,0,0.314,304,9,0,0,0
TXN0002554,USR00677,MER0197,724.68,Card,Android,0,1,1,1226.26,0,0.4765,872,13,0,0,0
TXN0002555,USR03437,MER0179,4124.09,UPI,Android,0,0,1,3939.57,0,0.0372,438,18,1,0,0
TXN0002556,USR00362,MER0329,1962.86,Card,Android,1,1,2,1731.33,0,0.061,629,8,0,0,0
TXN0002557,USR02795,MER0268,357.95,NetBanking,Android,1,1,1,1479.22,0,0.209,185,12,1,1,0
TXN0002558,USR03032,MER0307,3697.47,Wallet,iOS,0,1,3,2518.61,0,0.5548,845,8,0,0,0
TXN0002559,USR00109,MER0239,1803.19,Card,iOS,0,0,2,1585.29,0,0.1436,42,7,1,0,0
TXN0002560,USR02063,MER0370,271.59,Card,Android,1,1,2,1313.23,0,0.368,1721,21,0,0,0
TXN0002561,USR02021,MER0081,5962.68,UPI,Web,0,0,2,6817.9,0,0.8178,582,17,1,0,0
TXN0002562,USR01256,MER0360,429.46,UPI,iOS,0,0,2,808.09,0,0.4465,1119,16,1,0,0
TXN0002563,USR02334,MER0026,769.32,UPI,Web,1,0,1,1120.92,0,0.2575,110,13,0,0,0
TXN0002564,USR01431,MER0043,2443.31,Card,Android,0,0,1,6731.42,0,0.4247,609,16,0,0,0
TXN0002565,USR01539,MER0362,1582.56,NetBanking,Android,0,1,1,1232.92,0,0.0743,579,14,0,0,0
TXN0002566,USR01511,MER0080,6551.42,Wallet,iOS,0,1,3,1937.12,0,0.0,937,20,1,0,0
TXN0002567,USR02803,MER0386,1298.57,Card,iOS,0,1,3,1128.0,0,0.1645,639,13,0,0,0
TXN0002568,USR02217,MER0067,1212.25,Card,iOS,0,0,2,6032.96,0,0.4173,736,21,0,0,0
TXN0002569,USR01327,MER0074,1544.75,Card,Android,0,0,1,1322.11,0,0.1968,692,13,0,0,0
TXN0002570,USR03244,MER0467,5610.95,UPI,Android,0,1,2,6785.99,0,0.8676,319,11,0,0,0
TXN0002571,USR02808,MER0089,2006.78,Wallet,Web,0,1,1,4661.14,0,0.7604,830,16,0,0,0
TXN0002572,USR03265,MER0457,5608.02,Card,Android,0,1,1,4570.35,0,0.2002,1117,3,1,0,0
TXN0002573,USR02557,MER0175,5553.28,Card,iOS,0,0,2,3098.62,0,0.3217,804,12,0,1,0
TXN0002574,USR01371,MER0399,1906.41,UPI,Android,0,1,3,3243.13,0,0.2866,819,11,0,0,0
TXN0002575,USR02706,MER0470,411.7,Card,Android,0,0,2,1413.43,0,0.2174,646,8,0,0,0
TXN0002576,USR01153,MER0059,1681.98,UPI,iOS,0,1,1,7526.1,0,0.3578,245,18,1,0,0
TXN0002577,USR00949,MER0166,671.35,UPI,iOS,0,1,1,1139.78,0,0.38,320,13,1,0,0
TXN0002578,USR01579,MER0288,525.06,Card,Android,0,0,1,617.38,0,0.2212,407,13,1,1,0
TXN0002579,USR03393,MER0433,3258.83,NetBanking,Android,0,0,1,4967.38,0,0.275,1989,20,0,0,0
TXN0002580,USR01988,MER0094,793.92,Card,Android,0,1,1,1365.05,0,0.0979,398,9,0,0,0
TXN0002581,USR01343,MER0094,4905.59,UPI,iOS,1,0,2,3426.32,0,0.134,984,9,0,0,0
TXN0002582,USR01617,MER0185,772.5,UPI,Android,0,0,2,581.96,0,0.17,1445,14,0,0,0
TXN0002583,USR01020,MER0103,7474.09,UPI,Android,0,1,2,6805.53,0,0.4472,1826,18,0,0,0
TXN0002584,USR02306,MER0134,7201.29,UPI,Android,0,0,1,4205.48,0,0.3321,1313,19,0,0,0
TXN0002585,USR01227,MER0065,183.48,UPI,iOS,0,0,2,309.4,0,0.1684,591,0,0,0,0
TXN0002586,USR01941,MER0415,418.6,UPI,Android,0,0,2,967.78,0,0.2165,727,20,0,0,0
TXN0002587,USR01295,MER0399,1955.91,UPI,Android,0,1,1,2994.98,1,0.2879,1540,21,0,0,0
TXN0002588,USR01123,MER0073,1880.71,UPI,Android,1,0,2,3026.44,0,0.1737,153,22,0,0,0
TXN0002589,USR03396,MER0269,764.77,UPI,Android,1,1,1,3521.02,0,0.3848,2902,17,1,0,0
TXN0002590,USR01211,MER0324,2110.42,Wallet,Android,0,0,2,3286.09,0,0.1037,1154,7,1,0,0
TXN0002591,USR00247,MER0314,5769.26,NetBanking,iOS,0,0,3,2737.52,0,0.0886,292,17,0,0,0
TXN0002592,USR01326,MER0492,2173.87,Wallet,Android,0,2,2,1283.89,0,0.2154,636,8,0,0,0
TXN0002593,USR01863,MER0321,7438.7,UPI,iOS,0,1,3,5357.86,0,0.1064,672,16,0,0,0
TXN0002594,USR00332,MER0344,1003.72,UPI,Android,0,3,2,959.78,0,0.1938,162,20,0,0,0
TXN0002595,USR01070,MER0017,6586.69,Card,Android,1,0,3,2439.63,0,0.2087,1554,14,1,0,1
TXN0002596,USR00582,MER0040,1063.63,Wallet,Android,0,0,3,2398.9,0,0.0914,363,7,0,0,0
TXN0002597,USR01753,MER0310,784.39,Card,Web,0,0,2,1651.74,0,0.1552,309,19,0,0,0
TXN0002598,USR02531,MER0454,1470.09,Wallet,Android,0,0,7,687.86,0,0.3337,1070,17,1,0,0
TXN0002599,USR03390,MER0200,3367.22,Card,Android,0,0,1,3470.2,0,0.1628,391,21,0,0,0
TXN0002600,USR01362,MER0322,5650.04,NetBanking,Android,0,0,3,9630.26,1,0.3841,825,20,0,0,0
TXN0002601,USR03022,MER0106,3849.46,Wallet,Android,1,0,1,2719.77,0,0.041,821,17,1,0,0
TXN0002602,USR00751,MER0229,2373.44,UPI,Android,1,1,2,3421.36,0,0.6847,400,18,0,0,0
TXN0002603,USR02732,MER0376,1249.73,UPI,Web,0,0,3,2401.14,0,0.4081,1347,21,0,0,0
TXN0002604,USR01970,MER0330,2119.05,Card,Android,0,2,4,4153.8,1,0.9634,975,19,1,0,0
TXN0002605,USR02654,MER0058,3258.7,UPI,Web,0,2,1,2717.77,0,0.0323,276,0,0,0,0
TXN0002606,USR02645,MER0440,1689.24,UPI,Android,0,0,1,1531.26,0,0.2261,1186,19,0,0,0
TXN0002607,USR01864,MER0464,3036.96,Card,Android,0,0,3,1071.22,0,0.0452,468,19,0,0,0
TXN0002608,USR00901,MER0239,1348.92,Card,iOS,0,0,2,1747.46,0,0.214,323,7,0,0,0
TXN0002609,USR01842,MER0171,1155.63,Wallet,Android,0,2,1,1515.57,1,0.1676,690,15,0,0,0
TXN0002610,USR02894,MER0266,2901.69,UPI,Android,0,0,4,1081.94,0,0.1394,1524,13,0,0,0
TXN0002611,USR03398,MER0401,5451.67,NetBanking,Android,0,0,2,2818.65,0,0.226,1061,17,1,0,0
TXN0002612,USR03247,MER0227,989.89,UPI,Android,1,0,2,937.54,0,0.1544,695,17,0,0,0
TXN0002613,USR00636,MER0016,503.55,NetBanking,iOS,0,0,1,1628.83,0,0.4518,340,12,0,0,0
TXN0002614,USR02091,MER0037,2018.2,UPI,Android,1,1,2,3806.62,0,0.1894,1419,21,0,0,0
TXN0002615,USR00367,MER0406,841.97,Card,iOS,0,1,5,1890.68,0,0.2645,154,12,1,0,0
TXN0002616,USR02342,MER0394,2217.4,NetBanking,Android,0,0,1,2270.7,0,0.9509,262,19,0,0,0
TXN0002617,USR03474,MER0387,1465.32,UPI,Web,0,0,1,2221.28,0,0.7938,797,20,0,0,0
TXN0002618,USR00185,MER0064,8164.45,Wallet,Web,0,0,2,2706.61,0,0.2407,598,10,0,0,0
TXN0002619,USR02299,MER0086,628.78,Card,Android,0,0,2,2049.22,0,0.1054,809,19,0,0,0
TXN0002620,USR03310,MER0198,703.01,UPI,Web,0,1,1,1705.36,0,0.1786,1027,10,0,0,0
TXN0002621,USR02966,MER0116,2926.14,Card,Android,0,1,11,2579.38,0,0.1741,934,14,1,0,0
TXN0002622,USR01374,MER0194,6010.19,UPI,Android,0,1,3,4340.64,0,0.5746,1423,9,0,0,0
TXN0002623,USR00364,MER0280,247.74,Card,Web,1,1,1,1677.59,0,0.425,591,13,0,0,0
TXN0002624,USR03234,MER0141,475.46,UPI,Android,1,0,1,1743.72,0,0.655,476,3,0,0,0
TXN0002625,USR03225,MER0062,1954.87,Card,iOS,0,1,2,2484.62,0,0.226,2036,17,0,0,0
TXN0002626,USR02027,MER0202,4138.06,Card,Android,0,0,1,1638.66,0,0.1865,1255,11,0,0,0
TXN0002627,USR03427,MER0362,7944.64,UPI,Web,0,0,1,2145.37,0,0.0773,1489,15,0,0,0
TXN0002628,USR00017,MER0310,7748.35,UPI,Android,0,2,1,10978.27,1,0.1447,424,8,1,0,0
TXN0002629,USR02159,MER0161,2114.25,Card,Android,0,0,2,2513.22,0,0.3979,724,8,0,0,0
TXN0002630,USR00135,MER0156,1333.45,UPI,Android,0,5,2,2560.79,0,0.2078,455,11,1,0,0
TXN0002631,USR03275,MER0292,5482.87,Card,iOS,0,0,3,3653.62,0,0.0386,897,14,0,0,0
TXN0002632,USR02382,MER0087,3069.86,NetBanking,iOS,0,0,1,1073.68,0,0.1988,1081,16,1,0,0
TXN0002633,USR03198,MER0417,3837.78,UPI,iOS,1,0,1,1633.23,0,0.0552,781,16,1,0,0
TXN0002634,USR01970,MER0435,3869.57,Card,Android,0,0,2,4153.8,0,0.4567,729,1,1,0,1
TXN0002635,USR00292,MER0013,1165.58,NetBanking,Android,0,1,2,2241.09,0,0.4588,1310,16,0,0,0
TXN0002636,USR00093,MER0486,1636.23,NetBanking,iOS,0,0,1,1710.0,0,0.2844,568,17,0,0,0
TXN0002637,USR01175,MER0012,5661.9,UPI,Android,0,0,3,2202.5,0,0.3576,1319,5,1,0,0
TXN0002638,USR02603,MER0230,2483.71,Wallet,Android,0,1,2,3483.81,0,0.1061,1298,5,1,0,0
TXN0002639,USR00529,MER0334,1049.76,UPI,Android,0,0,1,4078.26,0,0.4735,561,15,0,0,0
TXN0002640,USR02983,MER0164,2308.81,Card,iOS,0,0,4,3145.4,1,0.7645,491,7,0,0,0
TXN0002641,USR00839,MER0102,1832.34,UPI,Android,0,0,1,2354.88,0,0.1742,802,1,1,0,0
TXN0002642,USR01738,MER0024,395.23,UPI,Android,0,1,1,1541.96,0,0.2616,135,11,0,0,0
TXN0002643,USR00711,MER0364,2132.64,Card,Web,0,1,4,1897.04,0,0.2521,742,18,0,0,0
TXN0002644,USR01631,MER0019,745.61,UPI,Android,0,0,3,544.5,0,0.1157,1155,5,1,0,0
TXN0002645,USR01583,MER0243,32365.11,UPI,Android,0,0,1,1360.49,0,0.0972,1490,22,0,0,1
TXN0002646,USR00020,MER0197,2446.9,UPI,Android,0,0,1,6713.6,0,0.4557,478,18,1,0,0
TXN0002647,USR01988,MER0484,2197.16,NetBanking,Web,0,0,3,1365.05,0,0.269,605,23,0,0,0
TXN0002648,USR02754,MER0466,3665.12,Card,iOS,0,1,2,1920.79,0,0.3445,700,22,0,0,0
TXN0002649,USR03277,MER0409,3995.28,Card,iOS,0,0,3,2889.22,1,0.2065,604,12,1,0,0
TXN0002650,USR01158,MER0366,582.38,UPI,iOS,0,0,2,1263.99,0,0.1654,760,4,0,0,0
TXN0002651,USR03083,MER0272,378.46,NetBanking,Android,0,2,1,856.5,0,0.5182,1319,18,1,0,0
TXN0002652,USR03076,MER0175,2053.99,Card,iOS,0,3,1,2013.36,0,0.2818,139,17,1,0,0
TXN0002653,USR03460,MER0084,474.75,UPI,Web,0,1,3,467.71,1,0.1518,302,19,1,0,0
TXN0002654,USR01306,MER0485,1302.78,Card,Android,0,0,2,2048.89,0,0.158,89,21,0,0,0
TXN0002655,USR02979,MER0193,5509.92,UPI,Android,0,0,6,2285.47,0,0.1805,974,7,0,0,0
TXN0002656,USR01978,MER0215,1543.84,UPI,Android,1,0,3,2165.86,0,0.2662,857,15,1,0,0
TXN0002657,USR00204,MER0071,636.99,UPI,iOS,0,1,1,2618.13,0,0.0477,762,20,0,0,0
TXN0002658,USR00947,MER0139,7611.9,UPI,Android,0,0,1,9403.05,0,0.2113,367,13,0,0,0
TXN0002659,USR02353,MER0318,3613.9,UPI,Android,0,0,2,2688.52,0,0.2475,2140,10,0,0,0
TXN0002660,USR00563,MER0214,3329.19,Wallet,Web,1,2,3,2736.05,0,0.4676,967,6,1,0,0
TXN0002661,USR01522,MER0293,2125.3,UPI,Android,0,0,1,1756.41,1,0.2421,855,5,1,0,0
TXN0002662,USR02713,MER0106,5644.29,UPI,Android,0,0,2,2023.79,0,0.0524,469,20,1,0,0
TXN0002663,USR00525,MER0042,537.66,UPI,Android,0,0,1,1261.26,0,0.3155,190,8,0,0,0
TXN0002664,USR01739,MER0443,2245.24,UPI,Web,0,6,2,3202.34,0,0.1882,433,21,0,1,1
TXN0002665,USR00753,MER0217,14007.09,UPI,iOS,0,2,1,4841.02,0,0.8531,456,12,1,0,0
TXN0002666,USR01878,MER0181,390.94,UPI,iOS,0,0,2,1694.35,0,0.0792,1686,9,0,0,0
TXN0002667,USR00843,MER0144,3508.74,UPI,Android,0,0,3,3834.03,0,0.5846,534,21,0,0,0
TXN0002668,USR03379,MER0329,4340.87,NetBanking,Android,0,0,1,1883.72,0,0.0714,493,16,0,0,0
TXN0002669,USR00269,MER0282,2164.49,UPI,Android,0,1,2,949.42,0,0.0463,525,7,1,0,0
TXN0002670,USR03373,MER0195,3257.61,UPI,iOS,0,0,1,2129.12,1,0.163,871,14,0,0,0
TXN0002671,USR02772,MER0466,1325.12,Card,Android,0,0,2,850.43,0,0.319,1110,8,1,0,0
TXN0002672,USR02995,MER0451,317.1,Card,Android,0,0,5,705.39,0,0.0092,188,11,0,0,0
TXN0002673,USR02981,MER0100,9388.88,UPI,Android,0,1,1,3672.37,0,0.1763,716,1,1,0,0
TXN0002674,USR00657,MER0322,1590.07,Wallet,iOS,0,0,1,3966.27,1,0.3563,277,11,0,0,0
TXN0002675,USR03259,MER0485,553.71,Card,Android,0,0,1,1323.11,0,0.1353,1096,20,1,0,0
TXN0002676,USR02080,MER0245,20762.48,Card,Android,0,0,4,16508.54,0,0.0794,633,12,0,0,0
TXN0002677,USR03368,MER0016,2177.4,Card,Android,0,0,2,3264.48,0,0.4528,1184,7,1,0,0
TXN0002678,USR03074,MER0067,5439.87,Wallet,Web,0,0,1,4928.0,0,0.5169,623,9,1,0,0
TXN0002679,USR02029,MER0334,3656.6,UPI,Android,1,0,2,2819.0,0,0.4895,464,13,0,0,1
TXN0002680,USR01311,MER0451,3102.63,NetBanking,iOS,0,1,2,906.66,0,0.0257,136,2,0,0,0
TXN0002681,USR00411,MER0065,3057.55,UPI,Android,0,0,4,2352.16,0,0.1141,366,13,0,0,0
TXN0002682,USR00354,MER0274,918.45,UPI,Web,0,0,2,1507.24,0,0.0783,680,2,1,0,0
TXN0002683,USR01364,MER0249,4025.33,UPI,Web,0,2,1,2600.06,0,0.229,572,19,0,0,0
TXN0002684,USR02839,MER0143,3879.4,Card,Android,0,0,1,7422.71,0,0.175,248,18,1,0,0
TXN0002685,USR01769,MER0316,8949.53,Wallet,Android,0,0,2,4875.05,0,0.3568,867,14,0,0,0
TXN0002686,USR01687,MER0439,932.07,Card,iOS,0,0,2,935.31,0,0.0294,404,10,0,0,0
TXN0002687,USR00856,MER0120,2368.43,UPI,iOS,0,9,2,1866.07,1,0.2287,833,15,0,0,1
TXN0002688,USR01976,MER0028,1926.06,Wallet,Android,0,0,3,7297.62,0,0.286,737,21,0,0,0
TXN0002689,USR02234,MER0180,556.89,NetBanking,Android,0,6,1,2959.88,0,0.3331,1151,18,0,0,0
TXN0002690,USR03438,MER0158,838.13,UPI,iOS,0,1,1,2597.23,0,0.119,1516,21,0,0,0
TXN0002691,USR02553,MER0364,6155.11,UPI,iOS,0,1,1,1841.04,0,0.2089,513,19,0,0,0
TXN0002692,USR02126,MER0269,474.05,Card,Android,0,1,1,1139.09,0,0.459,846,17,1,0,0
TXN0002693,USR03186,MER0009,1936.85,Card,Android,0,0,1,1201.77,0,0.194,1172,15,0,0,0
TXN0002694,USR01488,MER0170,2969.22,UPI,Web,0,0,2,4955.37,0,0.8411,458,10,0,0,0
TXN0002695,USR03273,MER0368,1673.37,UPI,Android,1,0,3,2091.04,0,0.345,1123,20,1,0,0
TXN0002696,USR01295,MER0239,2758.64,Card,Android,0,2,1,2994.98,0,0.1841,862,18,1,0,0
TXN0002697,USR00448,MER0282,6873.72,Wallet,Web,0,0,3,2212.64,1,0.0405,868,22,0,0,0
TXN0002698,USR01462,MER0133,1913.85,UPI,iOS,0,0,3,1320.85,0,0.3061,240,19,0,0,0
TXN0002699,USR00451,MER0160,2602.76,Card,Android,0,0,2,2073.73,0,0.0517,696,9,0,0,0
TXN0002700,USR00415,MER0066,3831.92,Wallet,iOS,1,1,2,1583.67,0,0.1432,131,11,0,0,0
TXN0002701,USR03085,MER0041,1816.47,UPI,Android,0,0,1,3012.58,0,0.3308,804,19,0,0,0
TXN0002702,USR02782,MER0019,2478.04,UPI,Android,0,1,2,1207.15,0,0.1031,1356,13,0,0,0
TXN0002703,USR00775,MER0313,4742.12,UPI,Android,0,1,1,2605.29,0,0.3308,251,8,1,0,0
TXN0002704,USR02933,MER0079,2337.28,Card,Web,0,0,11,1294.68,0,0.3095,395,21,1,0,0
TXN0002705,USR00242,MER0287,1270.22,Card,Android,0,0,2,1493.02,0,0.0746,548,15,0,1,0
TXN0002706,USR00996,MER0477,1272.31,Wallet,Android,0,0,2,1832.54,0,0.0475,462,15,1,0,0
TXN0002707,USR02472,MER0349,901.66,Card,Android,0,1,1,1773.14,0,0.234,597,12,0,0,0
TXN0002708,USR01064,MER0288,5879.73,UPI,Android,0,0,2,11052.79,0,0.2375,543,13,1,0,0
TXN0002709,USR02557,MER0059,1523.04,UPI,Android,0,0,2,3098.62,0,0.327,844,10,0,0,0
TXN0002710,USR03061,MER0245,1830.57,UPI,Android,0,7,2,1477.72,0,0.0491,471,11,0,0,0
TXN0002711,USR00232,MER0446,1044.45,Card,iOS,0,0,2,1294.19,0,0.2829,226,7,0,0,0
TXN0002712,USR00084,MER0193,1867.92,NetBanking,Android,0,0,2,1439.39,0,0.1511,321,12,1,0,0
TXN0002713,USR03291,MER0414,1779.04,UPI,Web,0,0,2,1316.26,0,0.262,456,12,0,0,0
TXN0002714,USR01822,MER0355,1072.02,Card,Web,0,0,3,2417.1,0,0.0746,749,19,0,0,0
TXN0002715,USR01773,MER0134,939.01,UPI,Android,0,0,1,2163.45,0,0.3846,316,17,0,0,0
TXN0002716,USR01623,MER0071,1541.93,Card,Android,0,0,1,1911.08,0,0.1072,370,19,0,0,0
TXN0002717,USR01518,MER0009,1450.09,Card,iOS,0,0,11,2663.7,1,0.1739,250,18,0,0,0
TXN0002718,USR02416,MER0139,1363.79,Wallet,Android,0,0,4,2702.47,0,0.1883,896,10,0,0,0
TXN0002719,USR02030,MER0167,7017.27,NetBanking,Android,0,1,2,2175.98,0,0.363,689,20,0,0,0
TXN0002720,USR00572,MER0328,452.94,NetBanking,Android,0,0,1,1436.24,0,0.3578,72,6,1,0,0
TXN0002721,USR02194,MER0287,9307.19,Card,iOS,0,0,1,2280.01,0,0.0889,313,16,0,0,0
TXN0002722,USR02340,MER0240,2402.99,Wallet,iOS,0,0,1,2051.81,0,0.5049,266,20,0,0,0
TXN0002723,USR00398,MER0362,1397.65,Card,Web,0,0,2,722.31,0,0.0831,1172,20,1,0,0
TXN0002724,USR01319,MER0386,10864.75,Card,iOS,0,1,3,1292.77,0,0.1945,406,19,1,0,0
TXN0002725,USR02767,MER0357,1783.38,UPI,Android,0,8,1,1202.37,0,0.0156,301,18,0,0,0
TXN0002726,USR02166,MER0449,7919.48,NetBanking,Android,0,0,1,2516.34,0,0.0096,623,17,0,0,0
TXN0002727,USR00478,MER0180,1372.85,NetBanking,iOS,0,1,2,3146.3,0,0.3406,1297,13,0,0,0
TXN0002728,USR00141,MER0412,2136.59,Card,iOS,0,1,1,2513.82,0,0.174,1287,13,0,0,0
TXN0002729,USR02035,MER0211,2550.85,UPI,iOS,0,0,3,4955.4,1,0.45,514,23,0,0,0
TXN0002730,USR01617,MER0093,163.24,UPI,Android,0,0,1,581.96,0,0.3532,992,7,0,0,0
TXN0002731,USR03364,MER0073,2293.15,UPI,iOS,0,0,3,3880.73,0,0.176,436,21,0,0,0
TXN0002732,USR01828,MER0046,10188.62,Wallet,Web,1,1,2,2781.63,0,0.2163,230,6,0,0,0
TXN0002733,USR03261,MER0478,687.17,UPI,Android,0,1,2,818.51,0,0.3539,783,12,0,0,0
TXN0002734,USR00751,MER0085,13574.17,Card,Android,0,0,1,3421.36,0,0.887,295,19,0,0,0
TXN0002735,USR01566,MER0418,8865.63,UPI,Web,0,1,1,2075.88,0,0.4487,613,12,0,0,0
TXN0002736,USR00489,MER0392,16176.82,Card,Web,0,0,2,1968.13,0,0.2519,644,13,0,0,0
TXN0002737,USR02010,MER0220,16625.75,Wallet,Android,0,0,2,4432.65,0,0.3924,441,8,0,0,0
TXN0002738,USR00660,MER0457,19845.43,Wallet,Android,0,0,2,3819.5,1,0.2145,415,11,0,0,0
TXN0002739,USR01723,MER0455,3461.17,Card,iOS,0,0,3,2879.12,0,0.4697,482,22,0,0,0
TXN0002740,USR01205,MER0463,4904.05,UPI,Android,0,0,2,4373.94,0,0.4509,495,14,1,0,0
TXN0002741,USR00651,MER0249,4198.52,UPI,Android,0,1,1,3569.58,0,0.2038,618,6,0,0,0
TXN0002742,USR00339,MER0150,1858.91,Wallet,Android,0,0,1,1954.13,0,0.3503,1728,18,0,0,0
TXN0002743,USR01793,MER0022,1717.19,Wallet,Android,0,6,2,1620.82,0,0.2282,622,12,0,0,0
TXN0002744,USR03316,MER0421,7832.51,UPI,Android,0,0,1,4790.87,0,0.2035,572,13,0,0,0
TXN0002745,USR00696,MER0437,717.63,UPI,Android,1,0,1,1055.05,1,0.2698,641,0,0,0,0
TXN0002746,USR01418,MER0269,303.6,Card,Android,0,1,1,860.57,0,0.3942,383,8,0,0,0
TXN0002747,USR00787,MER0036,1807.8,Wallet,iOS,0,0,11,1462.73,0,0.1237,407,16,0,0,0
TXN0002748,USR02832,MER0412,991.06,Card,Web,0,0,1,1715.74,0,0.2249,213,15,0,0,0
TXN0002749,USR01453,MER0150,1653.13,UPI,iOS,0,0,2,2656.33,0,0.3533,473,8,0,0,0
TXN0002750,USR03411,MER0275,1415.78,NetBanking,Android,0,2,1,1649.48,0,0.2483,1115,14,0,0,0
TXN0002751,USR00859,MER0330,1341.47,Card,Web,0,0,2,1843.57,0,0.9716,123,9,0,0,0
TXN0002752,USR00283,MER0073,4839.65,Card,Web,1,0,3,2287.85,0,0.1938,1188,18,1,0,0
TXN0002753,USR02039,MER0032,2130.34,UPI,Android,0,1,1,2525.23,0,0.5589,283,15,0,0,0
TXN0002754,USR02281,MER0040,5143.73,UPI,Web,1,0,1,2344.93,0,0.0952,773,17,1,0,0
TXN0002755,USR03468,MER0480,5742.04,UPI,Android,0,1,4,5204.29,0,0.3096,762,17,0,0,0
TXN0002756,USR03050,MER0479,1184.63,UPI,Android,0,3,1,1327.33,0,0.2916,484,15,0,0,0
TXN0002757,USR03095,MER0214,4369.43,NetBanking,iOS,0,0,2,4098.88,0,0.5249,417,8,0,0,0
TXN0002758,USR02220,MER0213,2120.86,Card,Android,0,1,2,5650.78,0,0.7494,333,7,1,0,0
TXN0002759,USR01260,MER0204,1478.74,NetBanking,Web,0,1,2,1218.69,0,0.8693,805,15,0,0,0
TXN0002760,USR01502,MER0176,1449.25,Card,Android,0,2,4,826.65,0,0.1745,679,9,0,0,0
TXN0002761,USR00469,MER0272,2198.24,UPI,iOS,0,0,2,1132.3,0,0.5052,343,13,0,0,0
TXN0002762,USR01509,MER0179,1521.48,Card,iOS,0,1,2,4234.43,1,0.0994,851,17,0,0,0
TXN0002763,USR01276,MER0309,8044.78,Card,Android,0,0,1,3295.31,0,0.1748,1723,21,0,0,0
TXN0002764,USR00126,MER0190,2631.1,Wallet,iOS,0,3,1,4071.09,0,0.152,319,14,0,0,0
TXN0002765,USR00716,MER0315,8260.43,Card,Android,0,0,2,3204.39,0,0.0689,1284,6,0,1,0
TXN0002766,USR01872,MER0473,2511.84,UPI,Android,0,1,3,2252.21,0,0.2773,1398,17,0,0,1
TXN0002767,USR01293,MER0103,1456.46,Card,Android,1,0,1,2674.57,0,0.471,196,11,1,0,0
TXN0002768,USR03478,MER0032,771.14,Wallet,Web,0,0,1,2307.65,0,0.5219,834,12,0,0,0
TXN0002769,USR01675,MER0264,1029.04,Card,iOS,1,1,1,1770.21,0,0.2176,320,16,0,0,0
TXN0002770,USR03356,MER0060,3242.04,UPI,iOS,0,0,1,5855.15,0,0.2601,1180,13,0,0,0
TXN0002771,USR02313,MER0116,3270.73,UPI,Android,0,1,1,1753.07,1,0.1171,3045,13,0,0,0
TXN0002772,USR00142,MER0395,1443.36,Wallet,iOS,0,0,2,731.94,0,0.3637,254,13,1,0,0
TXN0002773,USR00713,MER0209,875.55,UPI,iOS,0,1,1,1960.17,0,0.315,1031,9,0,0,0
TXN0002774,USR02471,MER0275,3103.9,Card,Web,0,1,1,1897.2,0,0.1979,864,21,0,0,0
TXN0002775,USR01908,MER0389,1110.06,UPI,iOS,0,0,2,730.42,0,0.0993,226,9,1,0,0
TXN0002776,USR01057,MER0065,1430.93,UPI,Android,0,0,2,3517.3,0,0.118,349,22,0,0,0
TXN0002777,USR01828,MER0240,24289.2,UPI,Web,0,0,2,2781.63,0,0.5071,153,18,1,0,0
TXN0002778,USR03161,MER0018,1458.59,UPI,iOS,0,1,2,1199.71,0,0.1208,20,16,0,0,0
TXN0002779,USR01361,MER0250,2625.58,UPI,Android,0,0,1,2454.13,0,0.1389,307,19,0,0,0
TXN0002780,USR00158,MER0113,224.56,Card,iOS,0,1,1,808.94,0,0.8631,378,18,0,0,0
TXN0002781,USR01089,MER0456,5446.26,UPI,Android,0,1,3,5209.47,0,0.123,606,12,0,0,0
TXN0002782,USR03276,MER0131,2295.77,UPI,iOS,1,7,1,1526.47,0,0.1661,155,18,0,0,0
TXN0002783,USR02667,MER0101,6154.02,Card,Android,0,1,3,2074.66,0,0.4902,1265,18,0,0,0
TXN0002784,USR02932,MER0008,1804.95,Card,iOS,0,0,3,3071.19,0,0.2362,359,11,0,0,0
TXN0002785,USR03191,MER0067,2624.55,UPI,Android,0,1,1,4086.29,0,0.5148,652,2,0,0,0
TXN0002786,USR00412,MER0109,1562.73,Wallet,Web,0,0,1,1909.45,0,0.4087,363,9,1,0,0
TXN0002787,USR00990,MER0115,13902.64,UPI,Android,0,1,2,11850.89,0,0.3467,263,6,0,0,0
TXN0002788,USR00210,MER0370,5641.77,Card,Android,0,0,1,1671.8,0,0.4085,501,9,0,0,0
TXN0002789,USR00017,MER0444,16135.46,UPI,Android,0,0,1,10978.27,0,0.1438,959,2,1,0,0
TXN0002790,USR02922,MER0428,2930.23,UPI,Android,0,0,2,6925.53,0,0.031,881,14,0,0,0
TXN0002791,USR03280,MER0479,1463.63,UPI,iOS,1,0,1,1156.25,0,0.2873,486,11,0,0,0
TXN0002792,USR00546,MER0450,702.4,Wallet,Android,0,1,2,1260.03,0,0.4479,858,14,1,0,0
TXN0002793,USR02528,MER0228,963.91,UPI,Android,0,1,1,1123.5,0,0.0768,566,20,0,0,0
TXN0002794,USR01873,MER0195,7332.61,Card,Web,0,0,3,2253.67,0,0.2286,1080,13,0,0,0
TXN0002795,USR00243,MER0325,312.18,Wallet,Android,0,0,2,898.13,0,0.1652,521,16,1,0,0
TXN0002796,USR03206,MER0160,6100.41,UPI,Android,0,4,1,7842.61,0,0.0485,399,5,0,0,0
TXN0002797,USR03050,MER0302,504.31,UPI,Android,0,1,3,1327.33,1,0.5112,479,23,0,0,0
TXN0002798,USR01987,MER0500,9176.79,UPI,Web,0,1,4,8640.57,0,0.2153,61,18,1,0,0
TXN0002799,USR02478,MER0100,4623.05,UPI,Android,1,0,1,2284.91,0,0.1934,552,18,0,1,0
TXN0002800,USR01391,MER0385,3695.69,NetBanking,Android,0,0,1,3438.43,0,0.1227,1010,11,0,0,0
TXN0002801,USR02775,MER0468,499.91,UPI,Android,0,0,2,571.61,0,0.2701,1041,14,1,0,0
TXN0002802,USR01558,MER0269,3875.66,UPI,iOS,0,0,3,1565.59,0,0.4423,1872,17,1,0,0
TXN0002803,USR03463,MER0179,5761.25,UPI,Android,0,0,2,4774.04,0,0.1482,504,17,1,0,0
TXN0002804,USR00221,MER0128,10411.58,Card,Web,0,0,2,6066.8,0,0.5638,408,5,0,0,0
TXN0002805,USR00603,MER0084,34643.16,UPI,Android,0,0,1,5558.94,0,0.0919,779,7,0,0,0
TXN0002806,USR03391,MER0161,579.82,UPI,iOS,0,0,2,4834.88,0,0.4218,650,15,1,0,0
TXN0002807,USR01011,MER0374,1356.52,UPI,Android,0,0,2,1507.01,0,0.5001,505,12,0,0,0
TXN0002808,USR01088,MER0258,656.75,NetBanking,Web,0,1,1,1500.43,0,0.2336,289,7,0,0,0
TXN0002809,USR02770,MER0111,808.19,Card,Android,0,1,2,1543.65,0,0.4959,811,8,0,0,0
TXN0002810,USR00663,MER0272,3970.56,UPI,Android,1,1,1,1443.69,0,0.5387,910,13,0,0,0
TXN0002811,USR01798,MER0405,2151.37,Wallet,Android,0,1,1,2962.3,0,0.3183,903,23,0,0,0
TXN0002812,USR01002,MER0007,11426.98,Wallet,Android,0,1,3,649.99,0,0.2459,217,10,1,0,1
TXN0002813,USR00693,MER0011,480.65,Card,Android,0,0,2,1392.25,0,0.2217,530,14,1,0,0
TXN0002814,USR03376,MER0480,1095.18,NetBanking,Android,0,0,1,2512.21,0,0.3551,670,11,0,0,0
TXN0002815,USR00700,MER0375,3533.39,UPI,Android,1,1,1,2145.48,0,0.5005,969,14,0,0,0
TXN0002816,USR00331,MER0288,1804.85,Wallet,Android,0,0,1,2426.06,0,0.2014,853,14,0,0,0
TXN0002817,USR02359,MER0454,1041.96,Wallet,Android,1,0,1,877.95,0,0.3528,521,23,0,0,0
TXN0002818,USR03036,MER0295,1065.06,Card,Android,0,1,1,1213.96,0,0.0829,976,9,0,0,0
TXN0002819,USR00447,MER0261,1261.87,Card,Android,0,0,2,1469.98,0,0.1346,660,13,1,0,0
TXN0002820,USR02478,MER0106,1745.91,UPI,Web,0,1,2,2284.91,0,0.0194,200,19,0,0,0
TXN0002821,USR01893,MER0406,481.33,UPI,Android,1,0,1,444.66,0,0.2841,1094,12,0,0,0
TXN0002822,USR02906,MER0383,3569.67,UPI,iOS,0,0,2,2364.33,0,0.0745,395,8,0,1,0
TXN0002823,USR00445,MER0148,4755.58,NetBanking,Android,1,0,1,1563.51,0,0.1801,615,20,0,0,0
TXN0002824,USR03416,MER0369,4452.66,UPI,Android,0,2,3,5415.75,0,0.1684,154,22,0,0,0
TXN0002825,USR02167,MER0364,3210.79,Card,Web,1,0,1,4481.41,0,0.2391,658,11,0,0,0
TXN0002826,USR02948,MER0048,464.29,UPI,iOS,0,1,1,711.0,0,0.2924,453,15,0,0,0
TXN0002827,USR01267,MER0081,2445.32,UPI,iOS,0,1,1,892.2,0,0.8591,501,21,1,0,0
TXN0002828,USR03302,MER0298,1418.0,UPI,Android,0,1,2,906.84,0,0.1854,1220,8,0,0,0
TXN0002829,USR02193,MER0312,1013.37,NetBanking,iOS,0,1,2,4181.16,0,0.2373,885,9,1,0,0
TXN0002830,USR00445,MER0330,367.1,UPI,Web,0,1,1,1563.51,0,0.9522,171,12,1,0,0
TXN0002831,USR03231,MER0187,780.81,UPI,Android,0,0,1,1492.15,1,0.1497,627,19,0,0,0
TXN0002832,USR02786,MER0418,1304.94,UPI,Android,0,0,2,1162.36,0,0.4084,409,14,0,0,0
TXN0002833,USR01051,MER0223,589.43,Card,Web,0,0,2,634.77,0,0.1451,687,18,1,0,0
TXN0002834,USR01910,MER0104,2992.55,Card,Android,0,1,2,2171.65,0,0.0879,266,22,0,0,0
TXN0002835,USR01359,MER0058,1524.63,UPI,Android,0,0,2,1818.6,0,0.0585,376,6,0,0,0
TXN0002836,USR01903,MER0439,7680.36,UPI,Android,0,2,1,2952.12,0,0.0,373,20,0,0,0
TXN0002837,USR03379,MER0354,3124.18,UPI,Android,0,1,2,1883.72,0,0.1959,2359,19,1,0,0
TXN0002838,USR03147,MER0231,3638.23,UPI,Android,0,0,1,3616.99,0,0.231,1167,9,0,0,0
TXN0002839,USR00755,MER0105,7898.68,Wallet,Android,0,1,2,3640.25,0,0.2388,302,9,1,0,0
TXN0002840,USR03402,MER0049,581.75,Wallet,Android,0,2,2,2004.69,0,0.9322,685,20,1,0,0
TXN0002841,USR01533,MER0077,938.95,UPI,Android,0,1,1,1049.44,0,0.4868,1532,12,0,0,0
TXN0002842,USR02467,MER0053,6500.12,Card,Android,0,0,1,6189.24,0,0.0311,728,19,0,0,0
TXN0002843,USR02675,MER0265,4523.99,UPI,iOS,0,4,3,3083.07,0,0.2935,561,17,1,0,0
TXN0002844,USR01691,MER0099,1039.02,UPI,iOS,0,1,6,3755.4,1,0.3227,534,17,0,0,0
TXN0002845,USR01599,MER0064,1629.13,Card,Android,0,0,4,2065.84,0,0.2218,803,10,0,0,0
TXN0002846,USR01598,MER0142,3116.75,Card,Android,0,0,2,2455.82,0,0.5182,841,9,0,1,0
TXN0002847,USR03019,MER0350,2797.07,UPI,Web,0,0,2,2085.52,0,0.136,287,9,0,0,0
TXN0002848,USR01353,MER0249,5911.59,UPI,iOS,0,0,1,2645.61,0,0.2366,759,18,1,0,0
TXN0002849,USR00980,MER0077,1062.87,UPI,Web,1,0,1,645.77,0,0.42,874,13,1,0,1
TXN0002850,USR01266,MER0375,2080.93,UPI,Web,1,2,1,2285.59,0,0.4583,665,22,0,0,0
TXN0002851,USR00683,MER0245,5282.65,Card,Android,0,1,1,3415.92,0,0.034,501,19,0,0,0
TXN0002852,USR01371,MER0094,2668.61,Wallet,Android,0,1,2,3243.13,0,0.1005,1497,13,0,0,0
TXN0002853,USR00400,MER0346,3720.38,UPI,Android,0,0,2,3518.9,0,0.1311,699,23,0,0,0
TXN0002854,USR00315,MER0497,5752.72,Card,Android,0,0,1,3412.4,0,0.0544,975,3,0,0,0
TXN0002855,USR02534,MER0271,1203.79,NetBanking,iOS,0,1,1,1307.47,0,0.3518,1081,19,0,0,0
TXN0002856,USR00272,MER0081,2470.93,UPI,Android,0,0,1,2001.63,0,0.8474,511,16,0,0,0
TXN0002857,USR01989,MER0155,5223.46,Card,Web,1,0,2,2748.39,0,0.9052,546,19,1,0,0
TXN0002858,USR02730,MER0300,8746.29,UPI,iOS,1,1,1,5506.18,0,0.1762,335,18,1,0,0
TXN0002859,USR02536,MER0500,5899.05,Card,Web,0,0,2,2551.52,0,0.1901,1583,21,0,0,0
TXN0002860,USR01562,MER0465,7857.37,Wallet,Android,0,0,1,1544.92,0,0.2347,938,14,1,0,0
TXN0002861,USR00678,MER0467,1307.5,Wallet,Android,1,0,1,828.62,0,0.8426,731,17,1,0,0
TXN0002862,USR03258,MER0417,1816.07,UPI,Android,0,0,3,2661.28,0,0.0987,1089,16,0,1,0
TXN0002863,USR02924,MER0288,1362.15,Wallet,iOS,0,0,2,990.6,0,0.2129,979,19,0,0,0
TXN0002864,USR02143,MER0324,4335.33,Card,Android,0,0,2,3251.93,0,0.0742,823,5,0,1,0
TXN0002865,USR00304,MER0367,5277.55,Wallet,Web,0,1,1,3567.03,0,0.2413,355,10,1,0,0
TXN0002866,USR00124,MER0358,3604.27,Wallet,Android,0,1,2,1291.38,0,0.2065,380,8,0,0,0
TXN0002867,USR01104,MER0320,1058.09,Card,iOS,0,0,2,3739.78,0,0.2805,1049,14,0,0,0
TXN0002868,USR00552,MER0068,5366.4,UPI,Android,0,0,2,1896.85,0,0.6073,1108,13,0,0,0
TXN0002869,USR03012,MER0440,10107.79,UPI,iOS,1,0,1,2803.89,0,0.1439,261,4,0,0,0
TXN0002870,USR00721,MER0005,8478.05,Wallet,iOS,0,0,2,5920.79,0,0.1801,964,8,0,0,0
TXN0002871,USR00990,MER0213,17266.02,UPI,Android,0,3,1,11850.89,0,0.6965,1730,8,0,0,1
TXN0002872,USR03416,MER0218,4328.96,Card,Web,0,0,2,5415.75,0,0.2727,813,11,0,0,0
TXN0002873,USR02864,MER0499,2521.02,Card,iOS,0,1,2,2638.23,0,0.1357,210,9,0,0,0
TXN0002874,USR00766,MER0045,1583.46,Wallet,Android,1,0,2,1007.11,0,0.0891,939,8,1,0,0
TXN0002875,USR01343,MER0238,5143.05,Wallet,Web,0,0,2,3426.32,0,0.341,1551,7,0,0,0
TXN0002876,USR01806,MER0179,2613.86,UPI,Web,0,0,2,1635.45,0,0.0823,346,17,1,0,0
TXN0002877,USR02325,MER0049,1945.28,Card,Android,1,0,2,1302.39,0,1.0,115,1,0,0,0
TXN0002878,USR03277,MER0112,5247.89,Wallet,Android,1,0,2,2889.22,0,0.1478,104,15,0,0,0
TXN0002879,USR03049,MER0212,2610.43,UPI,Web,1,0,2,1557.57,0,0.1948,1509,12,0,0,0
TXN0002880,USR03421,MER0459,527.91,Card,iOS,0,0,2,1160.33,0,0.1192,1543,17,0,0,0
TXN0002881,USR00143,MER0195,4915.46,Card,Android,0,0,1,2838.15,0,0.1782,451,18,0,0,0
TXN0002882,USR00828,MER0441,4671.63,UPI,Android,0,0,1,1288.3,0,0.897,1472,14,0,0,0
TXN0002883,USR01971,MER0367,1261.06,UPI,Android,0,0,1,1351.38,0,0.1725,728,14,0,0,0
TXN0002884,USR00172,MER0410,4900.27,UPI,Android,0,0,2,1750.09,0,0.1981,1873,1,0,0,0
TXN0002885,USR01244,MER0427,1318.8,Wallet,Android,0,1,1,2683.64,0,0.215,1178,16,0,1,1
TXN0002886,USR00538,MER0357,1433.8,UPI,Android,0,0,2,1539.96,0,0.0475,957,19,0,0,0
TXN0002887,USR03266,MER0367,1064.76,UPI,Android,0,1,1,1776.03,1,0.2478,1201,20,0,0,0
TXN0002888,USR00222,MER0078,9203.82,Card,iOS,1,0,2,3584.36,0,0.3632,1781,21,0,0,0
TXN0002889,USR00520,MER0359,7242.12,UPI,iOS,0,7,1,2336.77,1,0.0706,1384,20,1,1,1
TXN0002890,USR00683,MER0025,3025.35,UPI,iOS,0,0,2,3415.92,0,0.104,1112,10,0,1,0
TXN0002891,USR00521,MER0369,6890.84,UPI,Android,0,0,1,3117.49,0,0.1616,199,15,0,0,0
TXN0002892,USR01990,MER0327,13713.57,UPI,Android,0,1,1,4392.66,0,0.0737,901,13,1,0,0
TXN0002893,USR01276,MER0379,3061.17,UPI,iOS,0,0,1,3295.31,0,0.0667,347,7,1,0,0
TXN0002894,USR03194,MER0322,4301.63,Card,iOS,0,2,2,4118.85,0,0.3819,353,23,0,1,0
TXN0002895,USR00913,MER0185,11947.46,UPI,Android,0,0,1,7406.18,0,0.1455,914,22,0,1,0
TXN0002896,USR01881,MER0185,3364.27,UPI,iOS,0,0,1,6487.25,0,0.1785,624,16,1,0,0
TXN0002897,USR02311,MER0299,2555.19,UPI,Android,0,0,5,2481.48,0,0.3525,764,18,1,0,0
TXN0002898,USR02191,MER0237,10486.34,UPI,Android,0,0,1,2356.71,0,0.0808,1120,18,0,0,0
TXN0002899,USR02788,MER0171,1974.24,UPI,iOS,1,0,2,2974.85,1,0.2086,1407,13,0,0,0
TXN0002900,USR00707,MER0245,4322.32,UPI,Android,0,0,1,2457.23,0,0.023,1010,11,0,0,0
TXN0002901,USR01777,MER0269,817.76,UPI,Android,1,0,2,589.59,0,0.3902,1000,20,0,0,0
TXN0002902,USR02803,MER0120,953.65,Card,Web,0,1,2,1128.0,1,0.2126,399,16,1,0,0
TXN0002903,USR03021,MER0320,603.23,NetBanking,Android,0,1,1,540.61,0,0.3202,841,12,0,0,0
TXN0002904,USR02163,MER0158,10774.74,UPI,Android,0,1,2,3206.94,0,0.1078,638,7,0,0,0
TXN0002905,USR02282,MER0134,2770.35,Card,Android,0,2,2,1954.99,1,0.2891,384,11,1,0,0
TXN0002906,USR03025,MER0210,1639.69,UPI,Web,0,0,1,1034.01,1,0.435,1125,8,0,1,0
TXN0002907,USR02188,MER0052,6480.68,UPI,Android,0,1,1,2151.58,0,0.5605,175,11,0,0,0
TXN0002908,USR03321,MER0302,1853.11,UPI,Web,0,0,1,2399.45,0,0.4879,1414,20,0,0,0
TXN0002909,USR00447,MER0367,658.01,UPI,Android,0,1,2,1469.98,0,0.203,358,19,0,0,0
TXN0002910,USR01218,MER0478,10846.72,Card,Web,0,0,1,3192.02,1,0.4541,722,12,0,0,0
TXN0002911,USR00393,MER0142,1074.29,UPI,iOS,1,1,1,1023.64,0,0.5452,1454,15,0,0,0
TXN0002912,USR00318,MER0270,3487.97,Wallet,Android,0,0,1,1926.93,1,0.3939,263,12,1,1,1
TXN0002913,USR01652,MER0252,699.16,Card,iOS,0,0,2,1272.53,0,0.159,734,13,0,0,0
TXN0002914,USR00791,MER0366,3043.77,Card,Android,0,0,2,2419.01,0,0.2089,553,21,0,0,0
TXN0002915,USR01426,MER0313,517.17,UPI,Android,0,2,1,1197.71,0,0.3354,569,8,0,0,0
TXN0002916,USR01533,MER0404,1045.14,UPI,Android,0,0,1,1049.44,0,0.3647,330,9,0,0,0
TXN0002917,USR02174,MER0426,1974.13,Card,iOS,0,1,1,3308.96,0,0.9128,841,20,0,0,0
TXN0002918,USR03310,MER0057,862.32,UPI,Android,0,2,3,1705.36,0,0.3442,216,18,0,0,0
TXN0002919,USR02973,MER0178,1469.38,Card,iOS,0,0,1,1921.47,0,0.2975,726,20,0,0,0
TXN0002920,USR01325,MER0327,258.42,UPI,iOS,1,0,8,1416.34,0,0.0917,767,18,1,0,0
TXN0002921,USR01140,MER0272,598.4,Card,Android,0,0,3,1450.1,0,0.4982,403,17,1,0,0
TXN0002922,USR02698,MER0242,34844.42,Card,Android,0,0,2,2416.33,0,0.4527,1034,14,0,0,0
TXN0002923,USR00433,MER0087,1664.05,UPI,iOS,0,0,1,1361.97,1,0.1623,720,11,1,0,0
TXN0002924,USR01892,MER0287,900.82,Wallet,Android,0,0,2,2052.3,0,0.1204,271,22,0,0,0
TXN0002925,USR01481,MER0371,1662.12,Card,Android,0,4,2,1177.77,0,0.1664,870,9,0,0,0
TXN0002926,USR00640,MER0020,1538.5,UPI,Android,0,1,2,3043.84,0,0.4852,639,12,1,0,0
TXN0002927,USR02158,MER0296,8398.79,UPI,Android,1,0,3,5250.24,0,0.4151,461,23,0,0,0
TXN0002928,USR01123,MER0454,2648.85,Card,iOS,0,1,4,3026.44,0,0.3291,1352,13,0,0,0
TXN0002929,USR00650,MER0287,814.55,Card,Android,0,0,1,1082.16,0,0.0626,88,17,0,0,0
TXN0002930,USR02287,MER0477,2314.52,NetBanking,Web,0,0,2,2598.07,0,0.0336,1824,20,1,0,0
TXN0002931,USR00610,MER0177,76239.15,Card,iOS,0,0,1,2590.9,0,0.4178,390,8,1,0,0
TXN0002932,USR02355,MER0002,1520.85,UPI,Web,0,1,1,2761.03,0,0.2925,1509,5,0,0,0
TXN0002933,USR00568,MER0342,1535.64,UPI,iOS,0,0,2,1371.39,0,0.1837,681,7,0,0,0
TXN0002934,USR01522,MER0107,2932.5,Card,Android,0,0,2,1756.41,0,0.169,496,21,0,0,0
TXN0002935,USR02828,MER0005,1752.63,Card,Android,0,0,1,3684.2,0,0.1442,632,20,0,0,0
TXN0002936,USR00801,MER0091,1058.28,NetBanking,Android,0,0,2,3506.11,0,0.2876,452,12,0,0,0
TXN0002937,USR02687,MER0468,1231.29,Card,iOS,0,0,4,1995.42,0,0.3003,924,19,1,0,0
TXN0002938,USR02527,MER0391,4858.19,NetBanking,iOS,1,0,1,2956.05,0,0.438,369,8,1,0,0
TXN0002939,USR03160,MER0138,2628.65,Wallet,Android,0,0,2,3535.0,0,0.1668,360,11,0,0,0
TXN0002940,USR00592,MER0300,3922.02,Card,iOS,0,0,1,4869.55,1,0.1874,593,18,1,0,0
TXN0002941,USR02503,MER0170,7127.71,Card,Android,0,0,4,3889.32,0,0.8381,747,10,0,0,0
TXN0002942,USR03279,MER0089,530.96,Card,iOS,1,0,4,997.5,0,0.7622,1089,9,1,0,0
TXN0002943,USR02671,MER0495,1793.21,Card,Android,0,0,2,2009.55,0,0.1114,488,20,0,0,0
TXN0002944,USR00658,MER0407,1302.79,Wallet,Android,1,0,1,4073.37,1,0.2244,323,14,1,0,0
TXN0002945,USR02878,MER0182,7608.11,UPI,Android,0,2,3,6349.0,0,0.5447,941,8,0,0,0
TXN0002946,USR00376,MER0177,3177.89,NetBanking,Web,0,0,1,2831.97,0,0.3664,1543,7,1,0,0
TXN0002947,USR02061,MER0408,54745.51,Card,iOS,0,0,5,7477.32,0,0.3719,346,8,0,0,0
TXN0002948,USR01742,MER0231,2386.98,UPI,Android,0,0,1,5723.68,1,0.2502,166,11,0,0,0
TXN0002949,USR01859,MER0189,2289.98,UPI,Android,1,2,1,2764.06,0,0.2499,576,12,0,0,0
TXN0002950,USR01819,MER0194,528.91,UPI,Android,0,1,1,1395.94,0,0.5518,1529,11,1,0,0
TXN0002951,USR00111,MER0224,3028.84,Card,Android,1,0,2,3801.43,0,0.9271,86,12,1,0,0
TXN0002952,USR01779,MER0261,4770.58,UPI,iOS,0,2,3,1725.61,0,0.1619,654,20,0,0,0
TXN0002953,USR03279,MER0021,753.18,UPI,Android,0,0,1,997.5,0,0.4202,502,12,0,0,0
TXN0002954,USR01529,MER0241,579.32,UPI,Android,0,0,1,1628.35,0,0.1285,500,22,0,0,0
TXN0002955,USR00970,MER0220,2339.93,UPI,Android,0,0,1,4013.37,0,0.3647,809,21,0,0,0
TXN0002956,USR03482,MER0138,329.93,NetBanking,iOS,0,0,4,1106.28,0,0.1918,1684,21,1,0,0
TXN0002957,USR00347,MER0178,1709.72,Card,Android,0,0,1,4568.96,0,0.2625,118,17,1,0,0
TXN0002958,USR01702,MER0213,3386.32,UPI,Android,0,0,1,2195.99,0,0.7015,440,9,0,0,0
TXN0002959,USR01795,MER0184,769.44,NetBanking,Android,0,0,3,2291.55,0,0.3361,319,22,0,0,0
TXN0002960,USR01673,MER0455,3666.84,UPI,iOS,0,4,1,3078.53,0,0.4256,780,17,0,0,0
TXN0002961,USR03227,MER0265,3948.89,NetBanking,Web,0,0,5,1001.24,0,0.3026,909,19,0,0,0
TXN0002962,USR01477,MER0252,642.53,NetBanking,Android,0,0,2,990.4,0,0.1644,331,17,0,0,0
TXN0002963,USR03407,MER0132,1593.13,Card,Android,0,1,3,1421.92,0,0.2927,564,19,0,0,0
TXN0002964,USR00234,MER0459,1394.22,Card,iOS,0,1,3,2879.03,0,0.1214,748,7,0,0,0
TXN0002965,USR02569,MER0012,3392.24,Wallet,Android,0,0,2,1946.6,1,0.3612,889,0,1,0,1
TXN0002966,USR02076,MER0276,1811.07,UPI,Android,0,1,1,3147.85,0,0.1511,513,21,0,0,0
TXN0002967,USR00842,MER0085,1201.47,UPI,Android,0,2,1,1668.18,1,0.9249,177,8,0,0,1
TXN0002968,USR00798,MER0385,1260.12,UPI,Android,0,0,3,1906.1,0,0.1476,504,15,0,0,0
TXN0002969,USR02519,MER0190,2776.08,UPI,Android,0,2,1,1776.45,0,0.1636,945,19,0,0,0
TXN0002970,USR02232,MER0147,6678.63,UPI,Android,0,0,3,4744.16,0,0.1659,136,14,1,0,0
TXN0002971,USR02140,MER0029,472.49,Wallet,Android,0,1,2,3280.13,0,0.2993,509,9,1,0,0
TXN0002972,USR00178,MER0396,1813.53,UPI,Android,0,0,2,1587.59,0,0.2305,702,15,0,0,0
TXN0002973,USR02093,MER0199,493.87,UPI,Android,0,1,11,1823.26,0,0.142,2089,18,0,0,0
TXN0002974,USR03435,MER0133,2425.99,UPI,Web,0,1,2,3260.86,0,0.3365,406,0,0,0,0
TXN0002975,USR00061,MER0423,4433.05,UPI,Android,0,0,1,5037.82,0,0.4559,762,12,0,0,0
TXN0002976,USR01642,MER0010,6884.49,Wallet,Web,1,0,1,9325.5,1,0.3376,895,19,0,0,1
TXN0002977,USR01731,MER0235,3037.65,Wallet,Web,0,0,2,2226.64,1,0.0644,674,8,1,0,0
TXN0002978,USR03139,MER0081,6745.9,Card,Android,0,0,2,4222.72,0,0.8141,1146,12,1,0,0
TXN0002979,USR00990,MER0064,6459.21,Card,Web,0,0,1,11850.89,0,0.3053,712,17,0,0,0
TXN0002980,USR01665,MER0011,731.61,Wallet,Android,0,1,1,1377.88,0,0.1869,527,9,0,0,1
TXN0002981,USR02511,MER0094,1535.48,UPI,Android,1,0,1,1656.55,0,0.1029,880,12,0,0,0
TXN0002982,USR00212,MER0474,1075.52,UPI,iOS,0,0,2,3435.94,0,0.1029,226,18,0,0,0
TXN0002983,USR02804,MER0223,1336.74,UPI,Android,0,0,1,1981.12,0,0.2218,1364,23,1,0,0
TXN0002984,USR02878,MER0500,15941.29,UPI,iOS,1,0,2,6349.0,0,0.1853,303,18,1,0,0
TXN0002985,USR02519,MER0134,571.26,NetBanking,Web,0,1,1,1776.45,0,0.3575,391,16,0,0,0
TXN0002986,USR02269,MER0382,834.66,Wallet,Web,0,0,1,1120.93,0,0.2212,469,16,0,0,0
TXN0002987,USR02617,MER0045,915.81,UPI,Android,0,0,2,1474.77,0,0.0929,555,10,0,0,0
TXN0002988,USR02737,MER0055,28759.39,UPI,iOS,1,0,2,7136.14,0,0.8524,572,17,0,0,0
TXN0002989,USR03162,MER0009,1371.63,Card,iOS,0,1,3,2123.91,0,0.1652,649,15,0,0,0
TXN0002990,USR01499,MER0450,1133.46,NetBanking,Android,0,0,1,1683.27,0,0.4676,1142,20,0,0,0
TXN0002991,USR01597,MER0336,294.31,NetBanking,Android,0,1,2,649.87,0,0.0359,565,14,0,0,0
TXN0002992,USR02233,MER0372,7795.96,Card,iOS,0,2,2,8140.84,0,0.5966,685,20,1,0,0
TXN0002993,USR00676,MER0464,804.62,Card,Android,0,0,1,696.34,0,0.0559,1806,20,0,0,0
TXN0002994,USR02997,MER0167,1117.4,UPI,iOS,0,1,2,2222.87,0,0.3284,905,12,1,0,0
TXN0002995,USR02697,MER0362,8874.12,UPI,Android,0,0,4,4577.98,0,0.0543,1046,13,0,0,0
TXN0002996,USR02209,MER0252,6865.61,UPI,iOS,0,1,3,1466.36,0,0.193,1288,11,0,0,0
TXN0002997,USR01056,MER0272,2782.64,Card,Android,0,0,3,1584.13,0,0.4533,936,20,0,0,1
TXN0002998,USR01217,MER0331,1489.91,NetBanking,Android,0,1,3,1983.71,0,0.0915,248,1,0,0,0
TXN0002999,USR01523,MER0235,1057.9,Wallet,Web,0,1,1,933.5,0,0.0836,435,10,1,0,0
TXN0003000,USR02319,MER0013,2544.59,UPI,Android,0,1,2,3118.65,0,0.499,311,22,0,0,0
TXN0003001,USR02724,MER0038,1551.18,UPI,iOS,1,0,1,570.91,0,0.0602,467,12,0,0,0
TXN0003002,USR02352,MER0251,8773.06,UPI,Android,0,0,2,8482.24,0,0.1808,56,12,0,0,0
TXN0003003,USR03255,MER0285,2918.01,Card,Android,1,0,3,3048.35,0,0.1472,730,19,0,0,0
TXN0003004,USR03363,MER0367,361.22,Wallet,Web,0,1,2,528.17,0,0.2111,265,11,0,0,0
TXN0003005,USR02468,MER0287,2449.14,Wallet,Android,0,2,2,3733.06,0,0.1028,462,9,0,0,0
TXN0003006,USR01299,MER0095,1544.4,Wallet,Android,0,2,2,1368.18,0,0.0315,855,16,0,0,0
TXN0003007,USR02097,MER0184,2076.91,Card,Android,0,0,1,1210.19,0,0.3262,223,15,0,0,0
TXN0003008,USR01488,MER0222,2879.43,Card,Android,0,0,5,4955.37,0,0.0,505,18,0,0,0
TXN0003009,USR02202,MER0492,10510.2,NetBanking,Web,0,3,2,1254.75,0,0.2631,151,18,0,0,1
TXN0003010,USR02843,MER0267,1062.66,Card,Android,0,0,2,978.41,0,0.3106,424,22,0,0,0
TXN0003011,USR01293,MER0318,3293.04,UPI,Android,0,1,2,2674.57,0,0.2932,487,7,0,0,0
TXN0003012,USR01771,MER0368,552.87,UPI,Android,0,0,1,1987.27,0,0.392,406,20,0,0,0
TXN0003013,USR00160,MER0182,872.52,UPI,Android,0,0,2,1785.04,0,0.5432,240,11,1,0,0
TXN0003014,USR02579,MER0483,266.28,UPI,iOS,0,1,1,748.42,0,0.1789,395,8,0,0,0
TXN0003015,USR01715,MER0338,3841.82,Card,Android,0,0,1,3944.29,1,0.2226,461,14,0,0,0
TXN0003016,USR01609,MER0425,713.15,Card,Android,0,0,3,1434.24,0,0.301,640,21,0,0,0
TXN0003017,USR01864,MER0375,712.84,UPI,Android,0,0,2,1071.22,0,0.4609,546,22,0,0,0
TXN0003018,USR00755,MER0311,1465.46,UPI,Android,0,1,2,3640.25,0,0.4181,914,15,0,0,0
TXN0003019,USR02093,MER0016,1297.32,UPI,Web,0,1,3,1823.26,0,0.4826,284,9,0,0,0
TXN0003020,USR02609,MER0292,590.53,Wallet,iOS,0,0,1,1394.61,0,0.0105,1103,9,0,0,0
TXN0003021,USR01224,MER0065,3412.54,UPI,Android,0,0,2,2078.74,0,0.116,622,17,0,0,0
TXN0003022,USR00460,MER0302,6988.64,UPI,Android,0,0,2,5203.03,0,0.4688,1331,19,0,0,0
TXN0003023,USR01354,MER0351,1572.93,Card,iOS,0,0,2,1484.05,0,0.1946,799,7,1,0,0
TXN0003024,USR00696,MER0273,807.5,Card,Android,1,0,1,1055.05,0,0.1297,1936,7,1,0,0
TXN0003025,USR01309,MER0155,1017.4,UPI,Android,0,0,2,4638.47,0,0.921,682,19,1,0,0
TXN0003026,USR02194,MER0030,1559.35,Wallet,Web,0,0,2,2280.01,0,0.1958,2286,8,0,0,0
TXN0003027,USR00397,MER0336,732.18,UPI,iOS,0,0,2,1331.78,0,0.0332,1005,16,1,0,0
TXN0003028,USR02616,MER0350,661.11,Card,Android,0,1,1,581.66,0,0.155,1058,7,1,0,0
TXN0003029,USR00787,MER0239,2173.84,Card,Android,0,0,2,1462.73,0,0.2128,1070,16,0,0,0
TXN0003030,USR03132,MER0359,2618.78,UPI,iOS,0,1,1,2179.24,0,0.1344,378,17,1,0,0
TXN0003031,USR02564,MER0390,3162.95,UPI,iOS,1,0,3,1339.26,0,0.176,650,19,0,0,0
TXN0003032,USR00955,MER0257,1879.55,Card,Android,0,3,3,2974.93,0,0.2245,995,18,0,0,0
TXN0003033,USR01972,MER0024,1298.64,UPI,Android,0,0,1,2117.76,0,0.3497,530,16,0,0,0
TXN0003034,USR00388,MER0436,2042.66,UPI,Web,0,0,2,1017.13,1,0.1549,1043,23,1,0,1
TXN0003035,USR00350,MER0234,1626.69,UPI,Android,0,0,1,1517.2,0,0.4543,487,7,0,0,0
TXN0003036,USR03347,MER0337,3706.4,UPI,iOS,0,0,2,4654.81,0,0.3485,363,12,0,1,0
TXN0003037,USR02809,MER0456,10626.5,Wallet,Web,0,0,2,2956.05,0,0.0972,1313,5,0,0,0
TXN0003038,USR00541,MER0182,2492.95,Card,Android,0,0,2,1728.92,0,0.5897,496,22,0,0,0
TXN0003039,USR00990,MER0311,9827.76,NetBanking,Web,0,0,2,11850.89,0,0.4208,869,17,1,0,0
TXN0003040,USR00692,MER0010,2756.98,UPI,Android,0,0,1,4749.4,0,0.3234,1189,21,0,0,0
TXN0003041,USR01384,MER0443,4715.39,Card,iOS,0,0,1,1907.4,0,0.1892,419,9,1,0,0
TXN0003042,USR01020,MER0030,7514.04,UPI,Android,0,0,4,6805.53,0,0.1915,1499,0,0,0,1
TXN0003043,USR01149,MER0271,2768.1,UPI,Android,0,0,1,2859.1,0,0.3871,1205,11,0,0,0
TXN0003044,USR01853,MER0176,2437.53,UPI,iOS,0,1,2,1574.7,0,0.1912,69,8,0,0,0
TXN0003045,USR00662,MER0018,3452.63,UPI,iOS,0,0,3,1926.05,0,0.1016,991,15,0,0,0
TXN0003046,USR03090,MER0232,3511.88,Card,Android,0,0,2,2484.93,0,0.0658,673,13,0,0,0
TXN0003047,USR02547,MER0468,2755.2,UPI,Android,0,0,1,1532.69,0,0.2974,750,7,0,0,0
TXN0003048,USR02662,MER0084,2533.34,UPI,Android,0,1,1,1924.28,0,0.1608,1017,16,0,0,0
TXN0003049,USR00594,MER0147,6897.97,Wallet,Web,0,1,5,4863.25,0,0.1831,400,19,0,0,0
TXN0003050,USR02479,MER0095,1605.41,UPI,iOS,0,0,4,2858.11,0,0.0385,185,16,1,0,0
TXN0003051,USR02927,MER0063,9598.33,Wallet,Android,0,0,1,2740.48,0,0.4056,155,16,1,0,0
TXN0003052,USR00614,MER0116,971.83,Wallet,Android,0,1,1,2483.5,0,0.159,308,7,0,0,0
TXN0003053,USR02630,MER0286,4217.53,UPI,Web,0,0,1,3548.4,0,0.2624,991,10,0,0,0
TXN0003054,USR01252,MER0391,747.35,UPI,iOS,0,0,2,2057.0,0,0.4518,409,21,1,0,0
TXN0003055,USR02757,MER0346,27940.09,NetBanking,iOS,0,0,10,3961.73,0,0.1448,278,19,0,0,0
TXN0003056,USR01675,MER0386,1116.02,Wallet,iOS,1,0,1,1770.21,0,0.1308,1205,20,0,0,0
TXN0003057,USR02808,MER0358,4889.08,NetBanking,Android,0,5,1,4661.14,0,0.2636,1327,17,0,0,0
TXN0003058,USR00516,MER0192,1911.28,UPI,Android,0,0,1,1570.99,0,0.5845,1596,20,1,0,0
TXN0003059,USR01362,MER0451,4601.35,Card,Android,1,0,3,9630.26,0,0.0146,941,18,1,0,0
TXN0003060,USR00958,MER0087,3990.4,UPI,Android,1,0,1,4284.78,1,0.1605,1247,6,0,0,0
TXN0003061,USR00870,MER0350,48701.08,UPI,iOS,0,0,1,3624.99,0,0.1187,1331,19,1,0,0
TXN0003062,USR01080,MER0056,297.86,UPI,iOS,0,0,1,805.48,0,0.1935,1255,11,1,0,0
TXN0003063,USR01339,MER0383,1306.47,Card,Web,0,0,4,2540.21,0,0.0303,336,16,0,0,0
TXN0003064,USR00446,MER0044,1898.16,Card,Android,0,0,5,1073.74,0,0.1354,99,9,1,0,0
TXN0003065,USR02475,MER0109,2263.91,Wallet,iOS,0,0,1,2250.73,0,0.4137,271,10,0,0,0
TXN0003066,USR01926,MER0196,1841.62,UPI,Web,0,0,2,1736.4,0,0.2884,928,6,0,0,0
TXN0003067,USR02903,MER0348,3600.31,NetBanking,Android,0,1,1,1812.96,0,0.2322,291,10,0,0,0
TXN0003068,USR02468,MER0023,2004.71,UPI,Android,0,0,1,3733.06,0,0.3464,265,16,0,0,0
TXN0003069,USR00522,MER0129,977.13,NetBanking,Web,0,0,4,1493.0,0,0.3966,290,7,0,0,0
TXN0003070,USR00245,MER0167,1049.42,Card,Android,0,0,6,1752.31,0,0.2883,991,11,1,0,0
TXN0003071,USR01480,MER0366,2386.29,UPI,iOS,0,0,3,3223.43,0,0.1995,492,13,1,0,0
TXN0003072,USR01684,MER0481,7243.06,Wallet,Android,1,0,1,2902.55,0,0.3969,612,9,0,0,0
TXN0003073,USR00841,MER0308,2461.53,Card,Android,0,0,1,1432.96,1,0.1772,72,17,1,0,0
TXN0003074,USR02738,MER0254,832.33,UPI,Web,0,1,2,2067.43,0,0.1196,381,13,0,0,0
TXN0003075,USR02036,MER0169,1709.91,UPI,Android,0,1,10,4805.37,0,0.2746,330,19,0,0,0
TXN0003076,USR02618,MER0412,6922.39,NetBanking,Android,0,1,2,2652.6,0,0.1475,1054,22,0,0,0
TXN0003077,USR00382,MER0054,1331.0,NetBanking,Android,0,0,2,2177.76,0,0.1449,372,22,0,0,0
TXN0003078,USR02853,MER0065,2137.68,Card,Android,0,2,1,2843.2,0,0.0819,1049,20,0,0,0
TXN0003079,USR00722,MER0101,261.85,UPI,Android,0,1,2,880.34,0,0.5159,482,13,1,0,0
TXN0003080,USR01569,MER0135,3247.65,UPI,iOS,0,0,2,4124.11,0,0.1668,1157,17,1,0,0
TXN0003081,USR01538,MER0231,6355.28,UPI,Android,0,0,1,3580.1,0,0.2237,539,16,0,0,0
TXN0003082,USR02872,MER0474,8946.58,Card,Android,0,1,1,7839.24,0,0.0888,1958,23,1,0,0
TXN0003083,USR00969,MER0326,1701.5,UPI,Android,0,1,1,1933.19,0,0.3204,325,8,0,0,0
TXN0003084,USR00843,MER0192,1181.99,UPI,iOS,0,0,2,3834.03,0,0.5602,439,17,0,0,0
TXN0003085,USR01189,MER0106,2647.54,Wallet,Android,0,0,3,3524.57,0,0.0,1410,17,0,0,0
TXN0003086,USR01263,MER0325,1860.56,NetBanking,Web,0,0,1,1759.62,0,0.1647,521,18,0,0,0
TXN0003087,USR00636,MER0127,758.62,UPI,Web,0,0,1,1628.83,1,0.3041,269,7,1,0,0
TXN0003088,USR00618,MER0489,3938.21,UPI,Android,0,3,2,2583.65,0,0.4286,1452,7,0,0,0
TXN0003089,USR00810,MER0239,5328.65,Card,Android,0,2,1,2961.95,0,0.1769,213,21,0,0,0
TXN0003090,USR01637,MER0276,765.7,UPI,iOS,0,0,1,1177.82,0,0.1274,1424,12,0,0,0
TXN0003091,USR01202,MER0452,2302.76,UPI,Android,0,0,2,1435.49,0,0.076,259,20,0,0,1
TXN0003092,USR01373,MER0153,7162.07,UPI,Web,0,0,1,8148.31,0,0.2161,439,9,0,0,0
TXN0003093,USR02517,MER0236,6777.62,UPI,Web,0,0,2,3119.54,0,0.1851,390,5,1,0,0
TXN0003094,USR00844,MER0266,18388.7,Wallet,iOS,0,0,1,4468.92,0,0.1736,729,12,0,1,0
TXN0003095,USR03185,MER0136,897.14,UPI,Android,0,0,1,2072.79,0,0.1136,589,7,0,0,0
TXN0003096,USR02632,MER0028,2565.79,Card,Android,0,1,1,1549.97,0,0.2534,1066,22,1,1,0
TXN0003097,USR00612,MER0142,8403.59,UPI,Android,0,0,1,3452.45,0,0.5538,927,11,0,0,0
TXN0003098,USR01099,MER0057,680.22,Card,Android,0,0,2,1438.43,1,0.3643,580,13,0,0,0
TXN0003099,USR00643,MER0338,1612.48,Card,iOS,1,0,2,2564.75,0,0.258,476,18,0,0,0
TXN0003100,USR00955,MER0004,1855.27,Wallet,Android,0,0,1,2974.93,0,0.1176,1198,9,0,0,0
TXN0003101,USR01280,MER0159,1667.04,UPI,iOS,0,1,1,1928.33,0,0.0665,503,7,0,0,0
TXN0003102,USR00459,MER0443,734.15,Card,iOS,0,1,2,997.54,0,0.1705,538,14,0,0,0
TXN0003103,USR00051,MER0285,1710.52,NetBanking,Android,0,1,1,2074.17,0,0.1599,1357,16,0,0,0
TXN0003104,USR01536,MER0336,4813.85,UPI,iOS,0,0,1,2768.06,0,0.0417,199,6,0,0,0
TXN0003105,USR02454,MER0335,284.77,UPI,Web,0,0,1,1172.23,0,0.0783,793,13,1,0,0
TXN0003106,USR01061,MER0150,2139.78,UPI,Android,0,0,1,4535.37,0,0.4146,518,12,0,0,0
TXN0003107,USR03012,MER0317,4320.43,NetBanking,iOS,0,0,1,2803.89,0,0.117,295,13,0,0,0
TXN0003108,USR01293,MER0111,3787.81,UPI,Android,0,0,2,2674.57,0,0.5085,746,11,0,0,0
TXN0003109,USR03153,MER0318,1673.95,UPI,iOS,0,0,1,3770.98,0,0.2321,79,5,0,0,0
TXN0003110,USR00826,MER0342,9321.45,NetBanking,Web,0,0,3,6549.13,0,0.2327,315,13,1,0,0
TXN0003111,USR01888,MER0439,9994.31,UPI,iOS,0,1,1,4041.73,0,0.0,408,6,1,0,0
TXN0003112,USR02672,MER0460,1621.31,UPI,Android,0,0,3,1765.68,0,0.0581,1759,10,1,0,0
TXN0003113,USR00207,MER0012,4886.16,Card,Android,1,0,2,10613.62,0,0.326,764,7,0,0,0
TXN0003114,USR03256,MER0150,1625.09,UPI,Web,0,0,1,909.92,0,0.3781,404,2,0,0,0
TXN0003115,USR01278,MER0274,4868.24,UPI,iOS,0,1,1,1480.14,0,0.0821,269,8,0,0,0
TXN0003116,USR01743,MER0161,2245.71,UPI,Android,0,4,1,4468.46,0,0.39,538,22,0,0,0
TXN0003117,USR02200,MER0310,3625.8,Card,iOS,0,1,1,3705.48,0,0.1488,579,2,0,1,0
TXN0003118,USR02251,MER0428,868.3,Card,Android,0,0,3,416.39,0,0.0621,233,22,1,0,1
TXN0003119,USR00083,MER0130,1125.36,UPI,Web,0,0,3,1088.76,1,0.8309,1534,11,1,0,0
TXN0003120,USR03036,MER0447,328.19,Card,Android,0,2,7,1213.96,0,0.9426,1107,8,1,1,1
TXN0003121,USR02183,MER0442,6480.19,NetBanking,Android,0,0,2,4950.5,0,0.3276,1304,8,0,0,0
TXN0003122,USR03496,MER0458,708.55,UPI,Android,0,0,1,1507.13,1,0.5932,368,9,0,0,0
TXN0003123,USR01651,MER0037,203.53,NetBanking,Android,0,0,3,534.17,0,0.1593,116,13,1,0,0
TXN0003124,USR02148,MER0147,1028.0,NetBanking,iOS,0,2,3,3749.41,0,0.2391,411,8,1,0,0
TXN0003125,USR01544,MER0063,3456.83,UPI,iOS,0,2,1,1542.27,0,0.3628,706,14,0,0,0
TXN0003126,USR03115,MER0061,535.07,Card,iOS,0,1,2,1025.97,0,0.3415,711,9,0,0,0
TXN0003127,USR02914,MER0027,3321.31,Wallet,Android,0,1,1,2746.58,0,0.0739,630,19,1,0,0
TXN0003128,USR03181,MER0220,3206.69,Card,iOS,0,2,1,2221.96,0,0.4066,426,22,0,0,0
TXN0003129,USR01765,MER0044,1182.95,Wallet,Web,0,0,1,1106.83,0,0.176,830,22,0,0,0
TXN0003130,USR02771,MER0148,7159.91,UPI,iOS,0,0,2,6079.76,0,0.2181,588,16,0,1,0
TXN0003131,USR01256,MER0491,1011.33,NetBanking,iOS,0,0,1,808.09,0,0.0278,1189,18,0,0,0
TXN0003132,USR01614,MER0442,4238.32,UPI,Android,0,0,2,4033.91,0,0.33,873,6,0,0,0
TXN0003133,USR02661,MER0469,363.9,Card,Web,0,2,1,661.3,0,0.1714,583,15,1,0,0
TXN0003134,USR00285,MER0019,460.66,Wallet,Android,0,1,1,892.63,0,0.0652,243,8,1,0,0
TXN0003135,USR02487,MER0331,3010.9,UPI,iOS,0,4,1,3413.8,0,0.1004,446,18,0,0,0
TXN0003136,USR00056,MER0317,1102.64,Card,Android,0,0,1,1269.4,0,0.09,842,19,1,0,0
TXN0003137,USR02033,MER0067,2677.52,Card,Android,0,1,2,2066.34,0,0.4878,435,10,0,0,0
TXN0003138,USR01671,MER0454,2700.66,NetBanking,Android,0,3,4,1284.42,0,0.3554,667,23,0,0,1
TXN0003139,USR01641,MER0203,2283.89,UPI,Web,0,0,1,1874.36,0,0.238,1312,19,0,0,0
TXN0003140,USR01731,MER0489,1181.35,Card,Android,1,0,2,2226.64,0,0.3839,807,11,0,1,0
TXN0003141,USR01722,MER0057,1150.74,UPI,Android,1,0,1,5817.29,0,0.3682,1299,20,0,0,0
TXN0003142,USR01426,MER0326,654.93,UPI,Web,0,1,2,1197.71,0,0.338,694,9,0,0,0
TXN0003143,USR01580,MER0066,1393.39,UPI,Android,0,6,1,3856.55,0,0.0941,222,20,0,0,0
TXN0003144,USR01989,MER0475,1545.19,Card,Web,0,0,4,2748.39,0,0.2225,1118,19,0,0,0
TXN0003145,USR02673,MER0304,1692.15,Card,Web,1,0,1,1494.15,0,0.8604,548,18,0,0,0
TXN0003146,USR01933,MER0038,1974.17,UPI,iOS,0,0,1,1953.04,0,0.0756,414,14,0,0,0
TXN0003147,USR02249,MER0108,5506.42,UPI,Android,0,0,2,1518.96,0,0.9519,162,19,1,0,0
TXN0003148,USR02929,MER0180,16568.28,UPI,Web,0,0,1,1662.88,0,0.3552,621,19,0,0,0
TXN0003149,USR03464,MER0007,20636.59,Wallet,iOS,0,0,10,5487.46,0,0.1947,326,9,0,0,0
TXN0003150,USR00381,MER0005,2114.64,UPI,Android,0,0,1,1328.41,0,0.1821,606,16,0,0,0
TXN0003151,USR02496,MER0463,1687.23,Card,iOS,0,0,3,811.71,0,0.4493,92,16,0,0,0
TXN0003152,USR00789,MER0491,621.4,Wallet,Android,1,0,2,845.88,0,0.0473,330,21,1,0,0
TXN0003153,USR00689,MER0269,1102.71,Wallet,Android,0,0,1,2512.85,0,0.4786,1239,21,0,0,0
TXN0003154,USR02776,MER0452,4262.81,Card,iOS,0,0,1,6191.51,0,0.0974,691,8,0,0,0
TXN0003155,USR00241,MER0328,2296.07,UPI,iOS,1,0,2,2434.51,0,0.3643,710,21,0,0,0
TXN0003156,USR02968,MER0015,981.89,UPI,Android,0,1,2,1622.55,0,0.1061,1155,18,1,0,0
TXN0003157,USR02697,MER0358,2117.92,UPI,iOS,0,0,4,4577.98,0,0.2703,940,17,1,0,1
TXN0003158,USR03482,MER0010,1420.67,Wallet,Web,0,0,1,1106.28,0,0.2696,246,21,0,0,0
TXN0003159,USR02338,MER0409,2942.66,UPI,Android,0,0,1,6380.2,0,0.1963,618,17,0,0,0
TXN0003160,USR03056,MER0184,536.39,UPI,Android,0,2,2,1701.01,0,0.382,510,8,0,0,0
TXN0003161,USR00415,MER0071,671.55,UPI,Android,1,0,2,1583.67,0,0.0836,117,12,1,0,0
TXN0003162,USR03115,MER0130,824.4,UPI,Web,1,1,2,1025.97,0,0.8323,134,12,0,0,0
TXN0003163,USR00562,MER0342,887.98,UPI,Android,0,1,5,1905.34,0,0.2357,959,21,0,0,0
TXN0003164,USR01101,MER0424,849.9,UPI,Android,0,1,1,1052.94,0,0.5285,227,15,1,0,0
TXN0003165,USR00449,MER0286,3757.41,UPI,Web,0,0,1,2563.59,0,0.2719,1068,8,0,0,0
TXN0003166,USR01406,MER0081,5325.59,Card,iOS,0,0,1,3702.19,1,0.8185,954,8,0,0,0
TXN0003167,USR02622,MER0451,2286.05,UPI,Android,0,1,1,3867.54,0,0.0445,983,14,0,0,0
TXN0003168,USR00939,MER0396,432.86,Card,Web,0,0,13,1163.56,0,0.3245,247,5,0,0,0
TXN0003169,USR02878,MER0205,3990.23,Card,Android,0,0,1,6349.0,0,0.6955,993,18,1,1,0
TXN0003170,USR02123,MER0278,3784.57,Card,Android,0,0,2,2481.51,0,0.1312,915,3,1,0,0
TXN0003171,USR02202,MER0482,2264.06,UPI,Android,0,0,2,1254.75,0,0.856,488,21,0,0,0
TXN0003172,USR03286,MER0189,3528.51,Card,iOS,0,0,1,2877.13,0,0.1614,788,15,0,0,0
TXN0003173,USR01512,MER0013,5682.95,UPI,Android,1,0,3,2515.41,0,0.4743,1720,9,0,0,1
TXN0003174,USR01207,MER0073,5373.77,UPI,Web,1,0,2,1626.62,0,0.1672,916,12,0,0,0
TXN0003175,USR03481,MER0301,922.73,UPI,Android,0,0,4,1373.7,0,0.4213,315,4,1,0,0
TXN0003176,USR01950,MER0499,17566.66,NetBanking,Android,0,1,3,6332.39,0,0.1449,574,21,0,0,0
TXN0003177,USR02152,MER0370,1296.39,UPI,Web,0,0,1,1644.07,0,0.4414,442,9,0,1,0
TXN0003178,USR01038,MER0309,10897.84,UPI,iOS,0,1,1,5497.39,0,0.152,791,17,0,0,0
TXN0003179,USR00755,MER0162,5767.42,UPI,Android,0,0,1,3640.25,1,0.1854,538,19,1,0,0
TXN0003180,USR00595,MER0220,326.06,Card,Android,0,0,1,1423.07,1,0.3588,385,16,0,0,0
TXN0003181,USR00783,MER0020,1083.4,UPI,Android,1,0,3,2283.67,0,0.5706,590,21,0,0,0
TXN0003182,USR00684,MER0186,302.62,Card,Android,0,1,2,766.48,0,0.3623,954,20,0,0,1
TXN0003183,USR02614,MER0312,5444.36,UPI,Web,0,0,2,2101.56,0,0.2304,65,12,0,0,0
TXN0003184,USR00203,MER0453,2195.48,UPI,Android,0,1,1,1225.43,0,0.3325,630,20,0,0,0
TXN0003185,USR02203,MER0462,22831.75,Card,Android,0,0,1,5412.09,0,0.378,209,14,1,0,0
TXN0003186,USR03323,MER0411,713.65,UPI,iOS,0,0,1,903.18,0,0.1364,859,23,1,0,0
TXN0003187,USR02680,MER0011,2067.25,UPI,Web,0,1,2,1174.95,0,0.2346,352,22,0,0,0
TXN0003188,USR01411,MER0406,6027.31,Wallet,Android,0,2,3,2175.74,0,0.2446,930,7,0,0,0
TXN0003189,USR00208,MER0110,2218.87,NetBanking,Android,0,0,1,2007.72,0,0.0702,835,14,0,0,0
TXN0003190,USR02920,MER0309,3157.16,UPI,iOS,0,0,1,3380.08,0,0.2023,1718,6,0,1,0
TXN0003191,USR00012,MER0474,1191.44,Card,Web,0,0,2,1494.9,0,0.131,1102,16,0,0,0
TXN0003192,USR02385,MER0444,3605.85,UPI,iOS,0,0,3,2574.14,0,0.134,630,15,0,0,0
TXN0003193,USR02349,MER0333,3090.56,Card,Android,0,0,2,1730.78,0,0.4233,1290,20,0,0,0
TXN0003194,USR00672,MER0150,883.62,Card,Android,0,1,1,666.16,0,0.3577,1053,18,0,1,0
TXN0003195,USR02590,MER0261,8179.6,Card,Web,0,5,1,6320.95,0,0.1315,465,21,0,0,0
TXN0003196,USR00615,MER0352,23611.35,UPI,iOS,1,0,1,3139.97,0,0.2394,359,5,1,0,1
TXN0003197,USR00790,MER0258,558.74,UPI,iOS,0,0,1,1849.39,0,0.2576,1715,15,0,0,0
TXN0003198,USR02842,MER0203,2467.65,Card,Web,0,2,1,1359.22,0,0.2151,1618,18,0,0,0
TXN0003199,USR03427,MER0202,809.27,Card,Web,0,1,3,2145.37,0,0.1734,65,9,0,0,0
TXN0003200,USR00927,MER0300,2645.73,Card,Android,0,2,9,1780.67,0,0.1848,571,8,0,0,1
TXN0003201,USR03225,MER0018,4072.48,UPI,Android,0,0,2,2484.62,1,0.0724,1289,10,0,0,0
TXN0003202,USR03197,MER0500,618.34,UPI,Android,0,1,2,1477.57,1,0.2248,1459,5,0,0,0
TXN0003203,USR02693,MER0052,2948.22,Card,Web,0,0,1,4800.97,0,0.4957,1414,18,1,0,0
TXN0003204,USR00491,MER0493,5257.87,UPI,Android,0,0,1,1199.93,0,0.3602,601,9,0,0,0
TXN0003205,USR01048,MER0018,2660.64,Wallet,iOS,0,0,1,2961.79,1,0.0763,229,0,0,0,0
TXN0003206,USR02372,MER0257,2230.62,Card,Android,0,0,2,5645.37,0,0.198,665,18,0,0,0
TXN0003207,USR03498,MER0209,3187.0,Wallet,Android,0,0,1,1882.21,0,0.2959,379,16,0,0,0
TXN0003208,USR02851,MER0287,2132.59,UPI,Android,0,0,2,3910.5,0,0.0737,405,8,0,0,0
TXN0003209,USR01471,MER0217,943.62,UPI,Web,0,0,1,3954.07,0,0.8003,170,20,1,0,0
TXN0003210,USR00824,MER0449,25834.83,NetBanking,Android,0,0,2,2166.83,0,0.0267,316,8,0,0,0
TXN0003211,USR03362,MER0009,607.57,Card,Web,0,0,1,1235.74,0,0.1709,383,21,0,0,0
TXN0003212,USR00967,MER0493,941.43,UPI,Android,0,0,2,785.36,0,0.4048,786,0,1,0,0
TXN0003213,USR01198,MER0345,907.29,NetBanking,Android,0,0,2,1712.3,0,0.0261,787,14,0,0,0
TXN0003214,USR03376,MER0390,39143.06,UPI,Android,0,1,1,2512.21,0,0.2056,1449,19,1,0,0
TXN0003215,USR01966,MER0070,2125.84,Card,Android,0,0,2,1958.24,0,0.0234,134,18,1,1,0
TXN0003216,USR00927,MER0033,262.57,UPI,iOS,1,0,10,1780.67,0,0.263,657,20,0,0,0
TXN0003217,USR00019,MER0199,5588.45,Wallet,Android,1,0,1,4462.25,0,0.1465,534,18,1,0,0
TXN0003218,USR01505,MER0162,7693.4,NetBanking,Android,1,0,3,1758.02,0,0.1861,656,18,0,0,0
TXN0003219,USR03452,MER0392,2027.99,UPI,Android,0,1,2,768.75,0,0.3178,846,14,0,0,0
TXN0003220,USR01514,MER0449,4828.17,UPI,Web,0,1,1,3818.73,0,0.0579,567,19,0,0,0
TXN0003221,USR02449,MER0214,2898.49,Card,Android,0,1,2,1767.84,0,0.4907,599,18,0,0,0
TXN0003222,USR00886,MER0385,1007.26,UPI,iOS,0,0,1,1766.19,0,0.1704,1359,9,1,0,0
TXN0003223,USR02715,MER0030,712.29,UPI,Web,0,0,2,1322.57,0,0.2108,462,15,0,0,0
TXN0003224,USR02716,MER0372,1881.16,Card,Web,0,0,2,2014.47,0,0.5857,660,7,0,0,0
TXN0003225,USR02130,MER0050,1130.07,UPI,iOS,0,1,3,1540.22,0,0.2769,865,14,0,0,0
TXN0003226,USR02702,MER0334,10903.54,NetBanking,iOS,0,1,1,4374.19,1,0.4493,1285,8,0,0,0
TXN0003227,USR02026,MER0192,6245.37,Card,Android,1,0,9,7331.87,1,0.5896,190,20,0,0,1
TXN0003228,USR01325,MER0208,557.78,UPI,iOS,0,0,1,1416.34,0,0.3364,133,21,0,0,0
TXN0003229,USR02583,MER0139,4069.03,UPI,Web,0,0,1,7762.17,0,0.1701,565,9,1,0,0
TXN0003230,USR02923,MER0202,5197.11,Wallet,Android,0,0,2,2727.18,0,0.1768,365,20,0,0,0
TXN0003231,USR02944,MER0438,4864.37,Card,iOS,0,0,1,1655.77,0,0.0279,557,17,0,0,0
TXN0003232,USR00746,MER0405,2553.86,NetBanking,Web,0,0,1,3147.22,0,0.325,1836,12,1,0,0
TXN0003233,USR02369,MER0171,3424.62,UPI,Android,0,0,1,1678.09,0,0.2317,119,17,1,0,0
TXN0003234,USR00016,MER0147,2534.82,UPI,iOS,0,0,2,5148.73,0,0.1833,1355,9,0,0,0
TXN0003235,USR02002,MER0255,296.21,Card,Android,0,1,3,1556.79,0,0.2466,472,16,1,0,0
TXN0003236,USR02000,MER0343,1762.19,UPI,Android,0,1,2,3423.36,0,0.3178,784,20,0,0,0
TXN0003237,USR01273,MER0092,6668.51,UPI,iOS,0,1,3,5889.04,0,0.1849,1118,9,1,0,0
TXN0003238,USR03480,MER0364,2627.4,Card,Android,0,1,2,3305.68,0,0.2538,838,23,0,0,0
TXN0003239,USR03091,MER0475,806.66,UPI,Android,1,0,1,2608.2,0,0.2086,178,19,0,0,0
TXN0003240,USR00136,MER0423,2784.56,UPI,Web,0,0,1,1408.5,0,0.4296,2735,19,0,0,0
TXN0003241,USR00731,MER0275,1030.01,UPI,Android,0,1,1,962.57,0,0.2515,75,9,0,0,0
TXN0003242,USR00728,MER0160,1698.92,UPI,Android,0,0,2,1349.72,1,0.0366,1120,21,1,1,0
TXN0003243,USR03142,MER0162,2505.37,UPI,Android,0,0,1,1947.05,0,0.1487,565,12,0,0,0
TXN0003244,USR01817,MER0371,1576.41,UPI,Web,0,3,2,4221.07,0,0.16,1298,13,0,0,0
TXN0003245,USR02552,MER0228,5189.36,NetBanking,Android,0,0,2,4386.53,0,0.0593,587,9,0,0,0
TXN0003246,USR02835,MER0054,4574.74,UPI,Web,0,1,2,2502.23,0,0.1548,672,16,1,0,0
TXN0003247,USR02687,MER0339,4314.06,UPI,Android,1,0,1,1995.42,0,0.3024,505,16,0,0,0
TXN0003248,USR00312,MER0070,6319.56,NetBanking,Android,0,0,3,3952.47,0,0.0523,400,12,1,0,0
TXN0003249,USR00492,MER0494,924.14,Wallet,Android,0,0,1,671.43,0,0.9123,444,19,0,0,0
TXN0003250,USR01384,MER0209,519.34,UPI,Android,0,0,9,1907.4,0,0.2984,1209,6,0,0,0
TXN0003251,USR01185,MER0171,654.9,Wallet,Web,0,0,1,695.92,0,0.1823,1723,4,0,0,0
TXN0003252,USR02615,MER0028,1558.42,Wallet,iOS,0,0,2,3262.22,0,0.2786,1607,11,0,0,0
TXN0003253,USR00547,MER0084,6549.96,Card,Android,0,0,1,2735.46,0,0.16,387,12,0,0,0
TXN0003254,USR01301,MER0474,4931.25,Card,Android,0,0,2,2297.27,0,0.1247,1376,8,0,0,0
TXN0003255,USR00829,MER0269,508.34,Card,Android,0,1,1,1059.49,0,0.3695,1488,22,1,0,0
TXN0003256,USR00661,MER0451,1741.64,NetBanking,iOS,0,1,3,1892.56,1,0.0462,232,12,0,0,0
TXN0003257,USR00605,MER0478,3814.7,Card,iOS,0,1,2,3353.27,0,0.3637,373,5,1,0,0
TXN0003258,USR00685,MER0025,5943.14,Wallet,Android,0,0,1,3266.33,0,0.0821,253,15,0,0,0
TXN0003259,USR01976,MER0191,2077.37,UPI,Web,0,0,2,7297.62,0,0.1429,610,14,0,0,0
TXN0003260,USR01436,MER0420,719.37,Card,iOS,0,0,2,3711.9,0,0.1541,923,12,0,0,0
TXN0003261,USR01524,MER0248,1338.19,NetBanking,Android,0,0,1,1368.68,0,0.0854,207,4,1,0,0
TXN0003262,USR01678,MER0255,79.23,UPI,Android,0,1,2,515.39,0,0.2569,370,7,1,0,0
TXN0003263,USR02594,MER0286,2944.46,UPI,Web,0,1,8,2761.44,0,0.2812,270,9,1,0,0
TXN0003264,USR03017,MER0351,1908.65,Wallet,Android,0,5,1,1309.98,0,0.2299,1213,14,0,1,0
TXN0003265,USR01843,MER0470,5822.54,Card,Android,1,1,2,2513.71,0,0.1686,1348,13,0,0,0
TXN0003266,USR02248,MER0444,681.03,Card,iOS,0,0,3,1120.87,1,0.1119,1090,19,0,0,0
TXN0003267,USR02585,MER0313,732.86,NetBanking,Android,0,0,1,686.02,0,0.3192,1085,11,0,0,0
TXN0003268,USR02417,MER0289,3377.16,UPI,Android,0,1,3,2220.98,0,0.015,1207,7,0,0,0
TXN0003269,USR00470,MER0181,1235.38,Card,Web,0,0,1,3027.97,0,0.0978,627,17,0,0,0
TXN0003270,USR03441,MER0059,5060.26,Card,Android,0,0,2,2752.11,0,0.3757,738,17,0,0,0
TXN0003271,USR00577,MER0355,835.6,UPI,iOS,0,0,2,720.99,0,0.0899,219,5,1,0,0
TXN0003272,USR01442,MER0002,855.66,UPI,Android,0,0,1,1391.03,1,0.3077,269,7,1,0,0
TXN0003273,USR02285,MER0350,2603.94,Card,iOS,0,0,1,2472.51,0,0.1005,374,4,0,1,0
TXN0003274,USR01412,MER0249,1958.14,Card,iOS,0,1,4,2275.77,0,0.2249,960,18,0,1,0
TXN0003275,USR00851,MER0394,3077.6,Card,Android,0,0,1,1845.03,0,0.9689,703,20,1,0,0
TXN0003276,USR03232,MER0475,2526.44,Card,Web,0,0,1,3443.0,0,0.2346,913,0,1,0,0
TXN0003277,USR00251,MER0277,2733.1,Card,iOS,0,0,9,2439.84,0,0.415,565,0,0,0,0
TXN0003278,USR00861,MER0287,2368.33,UPI,Web,0,0,2,3893.3,0,0.0258,1075,15,0,0,0
TXN0003279,USR03476,MER0244,1235.25,UPI,Android,0,1,2,2551.09,0,0.2094,126,16,1,0,0
TXN0003280,USR02555,MER0187,513.08,Card,iOS,0,0,1,476.72,0,0.0866,846,23,0,0,0
TXN0003281,USR00305,MER0045,2195.08,Card,Web,0,1,1,4401.27,0,0.1022,296,15,0,0,0
TXN0003282,USR02642,MER0016,7687.59,Wallet,iOS,0,1,1,4541.19,0,0.4436,513,7,0,0,0
TXN0003283,USR03394,MER0362,3986.51,UPI,Web,0,0,2,2736.03,0,0.1537,582,21,0,0,0
TXN0003284,USR00343,MER0458,571.82,Wallet,Android,0,0,10,1042.84,0,0.6189,564,18,0,0,0
TXN0003285,USR01450,MER0027,18787.42,NetBanking,iOS,0,0,1,2057.9,1,0.0634,407,5,0,0,0
TXN0003286,USR01639,MER0164,548.04,UPI,Android,0,0,3,1002.78,0,0.7525,117,5,1,0,0
TXN0003287,USR00459,MER0305,298.92,Card,Android,0,0,2,997.54,0,0.2322,584,8,0,0,0
TXN0003288,USR00702,MER0353,340.91,NetBanking,iOS,0,2,2,550.93,0,0.6051,344,9,1,1,1
TXN0003289,USR00609,MER0368,7068.48,UPI,Android,0,0,2,7705.03,0,0.4536,673,7,0,0,0
TXN0003290,USR00649,MER0348,9545.67,Card,Web,1,0,2,1791.77,0,0.2246,316,23,0,1,0
TXN0003291,USR01413,MER0042,3476.4,Card,iOS,0,1,1,3281.74,0,0.3086,274,13,1,0,0
TXN0003292,USR01624,MER0127,5158.54,UPI,Web,0,0,1,2821.1,0,0.3116,939,2,1,0,0
TXN0003293,USR00833,MER0235,662.75,Wallet,iOS,0,0,1,1412.1,0,0.0385,1113,8,0,0,0
TXN0003294,USR01014,MER0032,605.61,UPI,Web,0,0,1,835.02,0,0.5238,1916,9,1,0,0
TXN0003295,USR00673,MER0172,10879.82,UPI,Android,0,0,3,3500.71,0,0.8596,531,5,1,0,0
TXN0003296,USR02787,MER0193,994.82,UPI,iOS,0,2,1,4200.43,0,0.1805,1060,20,0,0,0
TXN0003297,USR00742,MER0490,1193.91,Wallet,Android,0,0,1,1737.84,0,0.3039,722,17,0,0,0
TXN0003298,USR03177,MER0159,2481.36,UPI,iOS,0,2,4,5642.25,0,0.0673,1143,7,0,0,0
TXN0003299,USR01886,MER0486,1712.66,Card,Android,0,1,2,2072.46,0,0.2851,2046,10,1,0,0
TXN0003300,USR02810,MER0351,2652.3,UPI,iOS,0,0,2,3812.29,0,0.2625,1211,12,1,0,0
TXN0003301,USR02228,MER0347,2599.59,Card,Android,0,0,6,1771.46,0,0.1638,127,8,0,0,0
TXN0003302,USR00932,MER0410,2433.9,Card,Web,0,0,1,2128.71,0,0.1855,933,17,0,0,0
TXN0003303,USR02105,MER0422,2149.33,UPI,Web,0,0,1,5784.62,0,0.0288,77,9,0,1,0
TXN0003304,USR00960,MER0112,3957.07,UPI,iOS,0,2,1,1046.65,0,0.1191,649,15,0,0,1
TXN0003305,USR00415,MER0211,1506.3,UPI,Android,0,1,3,1583.67,0,0.4147,634,6,0,0,0
TXN0003306,USR00892,MER0265,3801.6,UPI,iOS,0,1,1,2346.84,0,0.3126,1990,9,0,0,0
TXN0003307,USR00965,MER0489,12282.92,UPI,iOS,0,0,2,2240.01,0,0.3857,485,20,0,1,0
TXN0003308,USR00473,MER0021,37306.21,Card,Android,0,0,8,2894.6,0,0.39,745,23,0,0,0
TXN0003309,USR00083,MER0239,499.59,UPI,iOS,1,0,2,1088.76,0,0.1907,707,18,1,0,0
TXN0003310,USR03304,MER0108,2734.82,UPI,Web,0,0,1,3076.01,0,0.9371,1044,8,0,0,0
TXN0003311,USR01797,MER0104,554.69,Card,Android,0,0,6,511.89,0,0.0279,947,13,0,0,0
TXN0003312,USR01408,MER0381,1583.39,NetBanking,Android,0,0,1,2419.43,1,0.3612,409,10,0,0,0
TXN0003313,USR03255,MER0101,4068.14,Card,Web,0,0,2,3048.35,0,0.447,156,11,0,0,0
TXN0003314,USR00787,MER0397,271.15,NetBanking,Android,0,1,1,1462.73,0,0.0837,211,10,1,0,0
TXN0003315,USR01411,MER0497,3082.19,Card,Web,0,0,2,2175.74,0,0.093,1227,16,1,1,0
TXN0003316,USR02964,MER0389,1744.28,Wallet,Android,0,0,2,2584.01,0,0.0965,485,15,0,0,0
TXN0003317,USR02213,MER0085,3171.74,UPI,Android,0,3,1,3608.42,0,0.9171,858,17,0,0,0
TXN0003318,USR01398,MER0072,11659.87,Card,Web,0,5,1,4266.67,1,0.2337,431,8,1,0,0
TXN0003319,USR00896,MER0219,1501.05,UPI,Android,1,0,4,3913.59,0,0.2789,318,13,0,0,1
TXN0003320,USR00123,MER0276,35363.81,Card,Android,0,1,1,4421.95,1,0.1391,2367,22,1,0,0
TXN0003321,USR00298,MER0390,26168.41,Wallet,Android,0,0,3,2788.58,0,0.2014,878,7,1,0,0
TXN0003322,USR00567,MER0212,3022.94,Card,Web,0,1,2,2811.13,0,0.1999,1539,18,0,0,0
TXN0003323,USR02754,MER0084,571.51,UPI,Android,0,0,2,1920.79,0,0.1385,450,22,1,0,0
TXN0003324,USR02238,MER0496,4733.48,Card,Android,0,0,1,1882.08,0,0.1733,1858,8,0,0,0
TXN0003325,USR01518,MER0453,2176.11,Card,Android,0,0,3,2663.7,0,0.3231,242,10,0,0,0
TXN0003326,USR02741,MER0328,1554.66,UPI,iOS,0,0,3,2389.5,0,0.3626,617,18,1,0,0
TXN0003327,USR00563,MER0348,2081.25,UPI,Android,0,0,1,2736.05,0,0.1868,246,11,0,0,0
TXN0003328,USR00739,MER0468,2402.27,Card,Android,0,0,2,3325.3,0,0.2964,543,19,1,0,0
TXN0003329,USR01375,MER0238,1125.42,UPI,Android,0,0,1,2787.35,0,0.3503,162,17,0,0,1
TXN0003330,USR03211,MER0073,1709.12,UPI,iOS,0,2,1,1595.55,0,0.1504,106,7,0,0,0
TXN0003331,USR02150,MER0303,1636.0,Wallet,iOS,0,0,2,2643.92,0,0.2269,427,19,0,0,0
TXN0003332,USR02979,MER0226,3524.05,NetBanking,iOS,1,1,13,2285.47,0,0.1414,989,12,0,0,0
TXN0003333,USR00869,MER0400,12082.72,UPI,iOS,0,1,1,8750.47,0,0.2186,823,12,0,0,0
TXN0003334,USR02970,MER0386,14384.22,NetBanking,Web,0,0,1,4691.02,0,0.1864,604,8,0,0,0
TXN0003335,USR00254,MER0236,2368.5,Wallet,iOS,0,0,1,2899.77,0,0.2531,1026,13,0,0,0
TXN0003336,USR00797,MER0184,1989.26,Card,iOS,0,0,1,3728.87,0,0.3754,523,7,0,0,0
TXN0003337,USR01831,MER0212,620.65,Card,Android,0,0,3,1879.92,0,0.2127,142,13,0,0,0
TXN0003338,USR00177,MER0317,8565.13,NetBanking,Web,0,0,1,1856.13,0,0.0852,475,9,1,0,1
TXN0003339,USR03004,MER0319,38935.24,Card,iOS,0,2,1,3849.88,0,0.076,178,7,1,0,0
TXN0003340,USR03036,MER0256,701.42,UPI,iOS,1,1,1,1213.96,0,0.1032,587,16,1,0,0
TXN0003341,USR01896,MER0266,3461.98,UPI,Android,0,0,1,1075.48,1,0.15,1238,14,1,1,0
TXN0003342,USR01071,MER0496,3904.98,UPI,Android,0,2,1,1546.23,0,0.1859,506,15,0,0,0
TXN0003343,USR00347,MER0127,1642.74,UPI,Web,0,0,1,4568.96,0,0.3324,326,9,0,0,0
TXN0003344,USR02167,MER0087,2477.96,UPI,Android,0,0,1,4481.41,0,0.2158,495,15,0,1,0
TXN0003345,USR01882,MER0400,1159.18,UPI,Android,0,0,2,1340.42,0,0.1879,463,9,0,0,0
TXN0003346,USR02660,MER0468,5430.25,UPI,Android,0,1,1,12335.08,0,0.3436,386,14,1,0,0
TXN0003347,USR02109,MER0305,3681.67,UPI,Android,0,4,1,4149.15,0,0.2616,206,13,0,0,0
TXN0003348,USR00450,MER0201,2096.85,Wallet,Android,0,0,1,1320.25,0,0.2454,548,15,1,0,0
TXN0003349,USR00427,MER0175,1536.07,UPI,iOS,0,1,1,4340.43,0,0.3037,688,4,0,0,0
TXN0003350,USR02733,MER0234,1697.91,Card,Android,0,1,8,1445.48,0,0.4557,1627,9,0,0,0
TXN0003351,USR00557,MER0027,5569.31,Card,Android,0,0,1,2524.27,0,0.039,116,19,0,0,0
TXN0003352,USR03285,MER0265,3716.15,NetBanking,iOS,1,0,2,2928.61,0,0.315,1210,9,0,0,0
TXN0003353,USR00371,MER0135,698.77,UPI,iOS,0,1,2,775.7,0,0.1897,145,20,0,0,0
TXN0003354,USR02550,MER0133,1890.15,UPI,iOS,1,0,1,3214.55,0,0.2846,373,14,0,0,0
TXN0003355,USR03414,MER0281,7789.74,Card,Web,0,0,3,4502.36,0,0.3779,708,8,0,0,0
TXN0003356,USR01545,MER0482,995.01,Card,Android,0,0,1,2440.93,0,0.8258,1421,18,0,0,0
TXN0003357,USR00199,MER0103,2357.67,Wallet,Android,0,0,3,2081.03,0,0.4711,2017,18,1,0,0
TXN0003358,USR03069,MER0456,1297.46,UPI,Android,0,0,1,1339.15,0,0.1166,1482,12,0,0,0
TXN0003359,USR00656,MER0260,2573.95,UPI,Android,0,0,1,1203.22,1,0.5366,1570,7,0,0,0
TXN0003360,USR01847,MER0487,2748.94,UPI,Web,0,1,2,4396.43,0,0.3232,1033,14,1,0,0
TXN0003361,USR03446,MER0192,1052.42,Card,Android,0,0,1,1583.22,0,0.5756,595,23,0,0,0
TXN0003362,USR02607,MER0499,1507.52,UPI,Android,0,0,2,3875.25,0,0.1898,220,16,1,0,0
TXN0003363,USR00163,MER0330,986.01,UPI,Android,0,0,2,756.59,0,0.983,2270,20,0,0,0
TXN0003364,USR02872,MER0335,5495.86,Card,Android,1,1,1,7839.24,0,0.0442,416,8,0,0,0
TXN0003365,USR00565,MER0282,3464.59,UPI,iOS,0,0,2,6775.32,0,0.0619,915,7,0,0,0
TXN0003366,USR02623,MER0226,877.16,UPI,iOS,0,0,3,1601.66,0,0.0978,1462,11,1,0,0
TXN0003367,USR02174,MER0263,4633.68,UPI,iOS,0,0,1,3308.96,0,0.0,382,17,0,0,0
TXN0003368,USR01008,MER0426,3377.84,Wallet,Android,1,0,1,7856.72,0,0.9541,1133,4,0,0,0
TXN0003369,USR01483,MER0397,558.43,Card,Android,0,0,2,1218.43,1,0.1142,594,13,0,0,0
TXN0003370,USR00413,MER0012,3006.74,Card,iOS,0,0,3,1657.77,0,0.342,638,6,0,0,0
TXN0003371,USR03454,MER0348,3026.42,Card,Android,1,0,3,3585.82,0,0.2183,146,8,0,0,0
TXN0003372,USR00835,MER0418,15581.96,NetBanking,Android,0,0,1,8233.36,0,0.4399,272,14,0,0,0
TXN0003373,USR01081,MER0373,54496.06,UPI,Web,0,1,2,15733.32,0,0.6105,756,11,1,0,1
TXN0003374,USR01761,MER0249,1420.74,UPI,Android,0,1,1,1494.79,0,0.1848,2000,9,0,0,0
TXN0003375,USR02354,MER0168,1602.15,Wallet,Android,0,1,1,1505.03,0,0.1294,792,18,1,0,0
TXN0003376,USR01769,MER0337,12590.92,Card,Web,1,0,2,4875.05,1,0.3753,1396,21,0,0,1
TXN0003377,USR01768,MER0332,2982.96,NetBanking,Web,0,0,1,1224.69,0,0.0161,238,20,0,0,0
TXN0003378,USR02040,MER0188,4693.26,Card,Android,0,1,2,2150.71,0,0.0357,681,14,1,0,0
TXN0003379,USR03002,MER0204,1526.01,Card,Web,0,0,1,2522.88,0,0.8473,906,12,0,0,0
TXN0003380,USR01383,MER0185,256.68,Card,Android,0,0,1,549.13,1,0.1527,839,17,0,0,0
TXN0003381,USR02913,MER0023,4925.15,UPI,iOS,1,1,2,2993.92,0,0.4098,1419,19,0,0,0
TXN0003382,USR02755,MER0016,7058.99,NetBanking,Android,0,1,2,2753.94,0,0.461,234,9,0,0,1
TXN0003383,USR03364,MER0042,8527.12,Card,Web,1,0,2,3880.73,0,0.3013,495,18,0,0,0
TXN0003384,USR03197,MER0212,1418.78,UPI,iOS,0,1,1,1477.57,0,0.201,399,14,0,0,0
TXN0003385,USR02794,MER0256,2423.77,UPI,Android,0,0,1,1508.78,0,0.0643,552,7,0,0,0
TXN0003386,USR00864,MER0205,7818.94,UPI,Android,0,0,3,4806.03,0,0.7182,366,9,0,0,0
TXN0003387,USR02711,MER0478,2811.68,UPI,Android,0,0,1,2655.26,0,0.3944,1460,6,0,0,0
TXN0003388,USR02578,MER0113,1704.38,UPI,Android,0,0,3,1560.01,0,0.8493,130,23,0,0,0
TXN0003389,USR01014,MER0197,852.49,UPI,Android,0,0,3,835.02,0,0.4561,670,11,1,0,0
TXN0003390,USR02373,MER0124,293.03,Wallet,Android,0,1,1,543.32,0,0.0298,522,15,0,0,0
TXN0003391,USR00886,MER0150,1025.18,Card,iOS,0,0,1,1766.19,0,0.3644,631,20,1,0,0
TXN0003392,USR01831,MER0293,1079.13,UPI,iOS,0,1,1,1879.92,0,0.227,1683,15,1,0,0
TXN0003393,USR02789,MER0155,514.72,UPI,Android,0,0,4,1711.41,1,0.9397,963,20,0,0,0
TXN0003394,USR00660,MER0159,4026.82,Wallet,Android,0,0,2,3819.5,0,0.0551,918,21,0,0,0
TXN0003395,USR01180,MER0336,6322.92,Card,Android,1,0,1,1944.93,0,0.092,1003,7,0,0,0
TXN0003396,USR02784,MER0416,4311.21,UPI,Android,0,0,1,2618.51,0,0.2696,1072,8,0,0,0
TXN0003397,USR01589,MER0107,4480.61,NetBanking,Android,0,1,1,1900.36,1,0.1806,721,9,1,0,0
TXN0003398,USR03363,MER0056,1303.62,UPI,Android,0,0,1,528.17,0,0.1808,942,20,0,0,0
TXN0003399,USR00028,MER0120,2130.41,UPI,Android,0,0,1,806.56,0,0.2086,748,18,0,0,0
TXN0003400,USR02527,MER0289,1630.28,UPI,Android,0,0,2,2956.05,1,0.044,306,6,0,0,0
TXN0003401,USR02850,MER0480,417.64,NetBanking,Android,0,1,1,1231.05,0,0.3022,1908,10,0,0,0
TXN0003402,USR03213,MER0081,11795.13,Wallet,Web,0,0,1,6344.26,0,0.7986,1210,17,0,0,0
TXN0003403,USR00549,MER0022,3143.93,Card,Web,0,0,1,1221.81,0,0.2719,761,5,0,0,0
TXN0003404,USR03445,MER0265,6513.19,Card,Android,0,0,2,2233.38,0,0.3128,162,0,0,0,0
TXN0003405,USR01373,MER0496,10990.25,UPI,Android,0,0,1,8148.31,0,0.1879,340,14,0,0,0
TXN0003406,USR01233,MER0277,378.51,UPI,Android,0,0,3,1675.52,0,0.367,1772,19,0,0,0
TXN0003407,USR01245,MER0463,999.8,UPI,Android,0,0,1,807.8,0,0.4679,542,8,0,0,0
TXN0003408,USR02234,MER0322,4199.93,Wallet,Web,0,0,4,2959.88,0,0.3242,376,20,1,0,0
TXN0003409,USR02308,MER0016,25830.7,Card,Android,1,1,1,11023.94,0,0.4777,284,7,1,0,0
TXN0003410,USR01659,MER0214,11700.49,UPI,Android,0,0,1,4394.25,0,0.4847,520,12,0,0,0
TXN0003411,USR00249,MER0386,6082.79,NetBanking,Web,0,1,1,3321.87,0,0.1446,882,21,0,0,0
TXN0003412,USR03454,MER0255,2234.79,UPI,Android,0,0,1,3585.82,0,0.2535,840,7,0,0,0
TXN0003413,USR00778,MER0098,745.57,UPI,Android,0,0,2,1644.38,0,0.7299,362,9,0,0,0
TXN0003414,USR00329,MER0091,4241.26,UPI,Web,1,1,2,3035.6,0,0.3252,761,20,1,0,0
TXN0003415,USR02091,MER0332,2046.64,NetBanking,Android,0,0,2,3806.62,0,0.0474,308,20,1,0,0
TXN0003416,USR01444,MER0232,5249.34,UPI,Web,0,1,2,1907.9,0,0.075,1174,18,1,0,0
TXN0003417,USR02155,MER0288,855.65,UPI,Android,0,0,1,3069.12,0,0.1567,1786,8,0,0,0
TXN0003418,USR03065,MER0187,1934.86,UPI,iOS,0,0,2,1352.4,0,0.112,819,22,0,0,0
TXN0003419,USR00341,MER0170,2214.43,NetBanking,Android,0,0,2,1849.53,0,0.8306,1059,15,0,0,0
TXN0003420,USR00995,MER0334,8104.57,UPI,Android,0,0,2,9887.79,0,0.4592,546,6,0,0,0
TXN0003421,USR01809,MER0004,3262.68,Card,Android,0,2,1,6676.76,0,0.0746,1319,23,0,0,0
TXN0003422,USR02758,MER0218,669.73,Wallet,iOS,0,0,6,3106.83,0,0.1786,1323,18,0,0,0
TXN0003423,USR02103,MER0186,4988.01,Card,iOS,0,0,1,7688.04,0,0.2734,886,20,0,0,0
TXN0003424,USR01340,MER0390,1253.05,UPI,Android,0,5,1,1907.08,0,0.1767,483,20,0,0,1
TXN0003425,USR02136,MER0365,6033.93,UPI,Web,0,0,2,2848.94,0,0.1442,770,23,0,0,0
TXN0003426,USR03430,MER0213,1921.37,UPI,Web,0,0,2,3549.1,0,0.6426,718,18,0,0,0
TXN0003427,USR01681,MER0132,1520.41,Wallet,iOS,0,1,1,1153.71,0,0.2497,1554,10,0,0,0
TXN0003428,USR03093,MER0118,543.61,Wallet,iOS,0,0,1,1449.02,0,0.0866,1551,11,0,0,0
TXN0003429,USR02730,MER0106,7401.26,UPI,Android,0,1,2,5506.18,1,0.0781,435,14,0,0,1
TXN0003430,USR01055,MER0137,1086.99,UPI,Android,0,0,1,5723.37,0,0.1536,786,14,1,0,0
TXN0003431,USR00874,MER0381,23917.34,UPI,Android,0,0,2,5562.18,0,0.4092,236,7,1,0,0
TXN0003432,USR02696,MER0023,983.3,Card,Android,0,0,1,1144.22,1,0.3405,346,8,1,0,0
TXN0003433,USR00727,MER0014,121.65,UPI,Android,0,0,2,956.41,1,0.1708,1307,8,0,0,0
TXN0003434,USR01179,MER0270,959.08,NetBanking,Android,0,2,1,1690.47,0,0.363,318,19,1,0,0
TXN0003435,USR00824,MER0112,1097.23,UPI,iOS,0,4,4,2166.83,0,0.1499,1320,12,0,0,1
TXN0003436,USR02123,MER0416,1472.09,UPI,Android,0,0,9,2481.51,0,0.2659,221,6,0,0,0
TXN0003437,USR01030,MER0377,1280.84,Card,Android,0,0,2,1750.77,0,0.1628,2864,7,0,0,0
TXN0003438,USR02305,MER0385,1224.31,NetBanking,iOS,0,2,1,2073.96,0,0.1443,211,16,1,0,0
TXN0003439,USR03272,MER0229,2293.13,UPI,Android,0,0,2,4339.4,0,0.6101,1203,16,0,0,0
TXN0003440,USR02904,MER0219,511.3,Wallet,Android,0,2,1,1237.95,0,0.2558,471,14,0,0,0
TXN0003441,USR03318,MER0213,5972.7,UPI,Web,0,1,1,3474.71,0,0.6402,207,8,0,0,0
TXN0003442,USR00086,MER0099,5839.21,Card,Android,0,0,2,2585.14,0,0.338,138,16,1,1,0
TXN0003443,USR01595,MER0284,1657.41,Card,Android,0,0,1,2092.89,0,0.2668,723,13,0,0,0
TXN0003444,USR00771,MER0432,1975.03,Wallet,iOS,0,0,1,2102.83,0,0.0201,985,8,0,0,0
TXN0003445,USR03213,MER0129,2682.08,Card,iOS,0,0,1,6344.26,0,0.4271,296,7,0,0,0
TXN0003446,USR02492,MER0029,2479.0,UPI,iOS,0,0,1,2476.19,0,0.3306,985,8,0,0,0
TXN0003447,USR01121,MER0283,12572.95,Wallet,Android,0,0,2,1902.48,0,0.1437,939,11,1,0,0
TXN0003448,USR01973,MER0200,1335.03,UPI,iOS,0,0,1,1643.65,0,0.1326,129,18,0,0,0
TXN0003449,USR02120,MER0399,2310.35,UPI,Android,0,0,2,1826.18,0,0.3505,637,20,0,0,0
TXN0003450,USR01735,MER0429,2408.3,UPI,Android,0,0,10,2027.19,0,0.3854,871,11,1,0,0
TXN0003451,USR01661,MER0476,5411.26,Card,iOS,0,0,1,12151.61,0,0.1379,615,12,0,0,0
TXN0003452,USR00194,MER0197,1288.95,Wallet,Android,0,0,1,573.98,0,0.4577,930,16,0,0,0
TXN0003453,USR01584,MER0451,7080.76,Card,iOS,0,0,2,8644.18,0,0.0525,1798,13,0,0,0
TXN0003454,USR01219,MER0059,10273.59,UPI,Web,1,0,2,3232.21,0,0.339,1340,9,1,0,0
TXN0003455,USR02864,MER0187,3396.73,UPI,Android,0,1,2,2638.23,1,0.1,749,7,0,0,0
TXN0003456,USR03028,MER0133,38070.73,NetBanking,Android,0,0,1,9683.02,0,0.3348,917,22,0,0,0
TXN0003457,USR02627,MER0462,13197.0,UPI,iOS,1,0,1,5952.41,0,0.409,323,17,0,0,0
TXN0003458,USR00109,MER0301,1775.97,UPI,Web,0,0,1,1585.29,0,0.489,228,19,0,0,0
TXN0003459,USR02945,MER0183,671.88,Wallet,Android,0,1,1,1188.81,0,0.2395,721,15,1,0,0
TXN0003460,USR01388,MER0077,1424.76,Wallet,iOS,0,1,2,2482.17,0,0.477,191,13,1,0,0
TXN0003461,USR01458,MER0392,3307.69,UPI,Android,0,0,1,2369.0,0,0.3118,419,16,1,0,0
TXN0003462,USR03309,MER0328,1145.25,Card,Web,0,2,2,1086.08,0,0.3489,496,22,1,0,0
TXN0003463,USR03036,MER0427,755.63,Wallet,Android,1,0,2,1213.96,1,0.1905,488,18,0,0,0
TXN0003464,USR00179,MER0220,3989.07,UPI,iOS,0,1,3,2301.95,0,0.3694,890,6,0,0,0
TXN0003465,USR01260,MER0075,1192.07,NetBanking,iOS,0,2,2,1218.69,0,0.0894,849,14,0,0,0
TXN0003466,USR02624,MER0168,3495.67,UPI,Android,0,0,3,2008.6,0,0.1283,524,9,0,0,0
TXN0003467,USR01886,MER0311,976.67,Card,Web,0,1,3,2072.46,0,0.4808,367,15,1,1,0
TXN0003468,USR00902,MER0121,6298.12,UPI,Web,1,0,1,3224.03,0,0.2857,552,17,0,0,0
TXN0003469,USR01837,MER0036,2265.55,UPI,Android,0,1,1,1660.47,0,0.1594,851,11,0,0,0
TXN0003470,USR03034,MER0412,3704.45,UPI,Android,0,1,4,1644.25,0,0.1559,2111,13,0,1,0
TXN0003471,USR00782,MER0266,7588.38,UPI,iOS,0,0,1,3946.65,0,0.1008,883,13,1,0,0
TXN0003472,USR02612,MER0199,4868.69,NetBanking,Android,0,1,3,5441.16,0,0.1613,746,16,1,0,0
TXN0003473,USR02572,MER0277,2206.06,Card,Android,0,0,3,2612.42,0,0.4282,1001,11,0,0,0
TXN0003474,USR03100,MER0370,15837.73,UPI,Android,0,0,1,4611.78,1,0.3864,798,11,0,0,0
TXN0003475,USR01043,MER0001,1054.66,UPI,Android,1,0,1,1366.74,0,0.2681,292,3,0,0,0
TXN0003476,USR00756,MER0221,4348.62,UPI,iOS,0,0,7,2667.08,0,0.1991,1103,14,0,0,0
TXN0003477,USR01917,MER0128,5570.09,Card,Android,0,0,2,7706.08,0,0.5817,591,10,1,0,0
TXN0003478,USR01860,MER0046,378.47,Card,Android,0,0,1,1520.33,0,0.1948,626,9,0,0,0
TXN0003479,USR01434,MER0018,536.39,UPI,Web,1,1,3,1364.51,0,0.0408,1013,17,0,0,0
TXN0003480,USR02728,MER0221,1632.13,Card,Android,1,0,3,1280.98,0,0.1624,333,5,1,0,0
TXN0003481,USR02797,MER0272,6833.35,UPI,Android,0,0,1,4336.2,0,0.5304,90,16,0,0,0
TXN0003482,USR00860,MER0254,4019.42,Wallet,Android,1,0,3,3147.17,0,0.1724,1036,15,1,0,0
TXN0003483,USR02785,MER0392,1646.93,Card,Web,0,1,1,758.68,0,0.3171,131,6,0,0,0
TXN0003484,USR00808,MER0229,2371.32,UPI,Web,0,1,1,1880.88,0,0.646,685,6,0,0,0
TXN0003485,USR01427,MER0295,2411.96,UPI,Android,0,0,1,4430.92,0,0.1097,1315,22,0,0,0
TXN0003486,USR00096,MER0409,3641.93,UPI,iOS,1,1,2,2495.82,0,0.1895,616,11,1,0,0
TXN0003487,USR01192,MER0329,1208.77,NetBanking,Android,0,0,1,1124.66,1,0.0708,1055,0,0,0,0
TXN0003488,USR03355,MER0456,1518.18,Wallet,iOS,0,0,1,2415.51,0,0.1091,335,15,0,0,0
TXN0003489,USR01549,MER0111,4201.9,NetBanking,Android,0,0,1,3143.46,0,0.5412,787,16,0,0,0
TXN0003490,USR02486,MER0394,850.52,Card,Android,0,0,2,844.46,0,0.9152,375,12,0,0,0
TXN0003491,USR00378,MER0349,815.27,NetBanking,Web,0,0,1,1324.93,0,0.2394,697,17,1,0,0
TXN0003492,USR02225,MER0292,885.03,UPI,Android,0,0,2,1057.52,0,0.0538,575,13,0,0,0
TXN0003493,USR01301,MER0002,6046.55,Card,Android,0,0,2,2297.27,0,0.316,226,15,1,0,0
TXN0003494,USR02604,MER0271,9932.12,UPI,iOS,0,0,2,3863.35,0,0.3877,932,8,1,0,0
TXN0003495,USR03249,MER0430,1436.5,Wallet,Android,0,2,1,1318.83,0,0.0305,94,23,1,0,0
TXN0003496,USR01861,MER0323,1203.55,NetBanking,Web,1,1,1,1214.14,0,0.2793,217,15,0,0,0
TXN0003497,USR00360,MER0003,417.8,Card,Android,0,0,2,1232.49,0,0.5435,1204,10,0,1,0
TXN0003498,USR01667,MER0144,10304.33,Wallet,Android,0,0,2,3141.25,0,0.5732,253,15,0,0,0
TXN0003499,USR00431,MER0285,3389.22,Wallet,Android,0,0,1,1689.5,0,0.1552,775,7,1,0,0
TXN0003500,USR01574,MER0406,2837.81,UPI,Android,0,1,1,1736.08,0,0.2898,1113,22,0,0,0
TXN0003501,USR00215,MER0223,286.73,Card,Android,0,0,2,1550.54,0,0.1342,1315,20,0,0,0
TXN0003502,USR02242,MER0429,3634.91,Card,Android,0,2,1,3710.33,0,0.3245,220,1,1,0,0
TXN0003503,USR01087,MER0398,813.89,Card,iOS,0,0,3,937.63,0,0.0173,818,15,0,0,0
TXN0003504,USR00706,MER0134,3846.32,Card,Web,0,0,1,2473.14,0,0.2992,321,12,0,0,0
TXN0003505,USR00061,MER0098,3463.33,UPI,iOS,0,1,3,5037.82,0,0.7613,222,20,0,0,0
TXN0003506,USR03109,MER0452,1253.58,UPI,iOS,0,0,2,1557.11,0,0.0,445,22,0,1,0
TXN0003507,USR02931,MER0295,3831.8,NetBanking,Web,0,2,3,2578.88,0,0.0896,874,0,1,0,0
TXN0003508,USR02842,MER0425,740.77,Card,iOS,0,1,2,1359.22,0,0.276,859,12,0,0,0
TXN0003509,USR00204,MER0462,1647.32,Card,Android,0,0,2,2618.13,0,0.363,173,19,0,0,0
TXN0003510,USR01224,MER0213,2272.68,UPI,Android,0,0,1,2078.74,0,0.6901,994,10,1,0,0
TXN0003511,USR03400,MER0023,7256.13,UPI,iOS,0,0,1,2909.95,0,0.3655,250,18,1,0,0
TXN0003512,USR02026,MER0455,12482.52,UPI,Web,0,1,2,7331.87,1,0.4241,1586,20,0,0,0
TXN0003513,USR00450,MER0292,2724.03,UPI,Web,1,0,3,1320.25,0,0.0103,384,21,0,0,0
TXN0003514,USR00494,MER0061,1151.38,UPI,Android,0,1,1,1156.47,0,0.3279,2042,23,0,0,0
TXN0003515,USR00921,MER0265,4687.99,UPI,Web,0,1,1,1679.59,0,0.3497,1390,18,1,1,0
TXN0003516,USR03404,MER0014,910.92,UPI,Android,0,2,1,3354.65,0,0.1491,627,21,0,0,0
TXN0003517,USR00594,MER0145,19840.36,UPI,Android,1,1,1,4863.25,0,0.1605,461,7,0,0,1
TXN0003518,USR03161,MER0174,5372.78,Card,Web,0,0,1,1199.71,0,0.1296,1376,21,0,0,0
TXN0003519,USR02374,MER0228,2188.36,Card,Android,0,0,1,1655.98,1,0.0667,314,11,0,0,0
TXN0003520,USR03227,MER0283,1734.07,Card,iOS,0,0,2,1001.24,0,0.1414,660,23,0,0,0
TXN0003521,USR02892,MER0420,1698.46,NetBanking,Android,1,1,2,1835.06,1,0.2286,1061,9,0,0,0
TXN0003522,USR01163,MER0176,4924.54,Card,Web,0,2,1,6020.19,0,0.1403,552,15,0,0,0
TXN0003523,USR02898,MER0368,524.21,Wallet,Android,1,0,1,855.53,0,0.4153,733,9,0,0,0
TXN0003524,USR00592,MER0472,4471.45,UPI,iOS,0,0,2,4869.55,0,0.0036,1476,7,1,0,0
TXN0003525,USR01019,MER0375,1942.52,UPI,Android,0,0,1,1368.5,0,0.5,615,8,0,0,0
TXN0003526,USR00742,MER0128,2236.6,UPI,Android,0,0,1,1737.84,0,0.5948,476,14,1,0,0
TXN0003527,USR00467,MER0339,13058.38,NetBanking,Android,0,0,1,3284.05,0,0.28,161,9,1,0,0
TXN0003528,USR00316,MER0141,1978.87,NetBanking,Android,0,0,1,567.87,0,0.6249,210,19,0,0,1
TXN0003529,USR00656,MER0239,391.82,UPI,Android,0,0,4,1203.22,0,0.2075,909,17,0,0,0
TXN0003530,USR00421,MER0318,1853.2,Wallet,Android,0,2,9,596.31,0,0.2077,404,19,0,0,1
TXN0003531,USR01332,MER0147,294.66,UPI,Web,0,1,3,746.14,0,0.2031,357,15,0,0,0
TXN0003532,USR00250,MER0002,1416.99,Card,Android,0,1,1,2228.43,0,0.2958,1337,17,0,0,0
TXN0003533,USR00215,MER0419,1793.65,UPI,iOS,0,0,2,1550.54,0,0.3067,388,23,0,0,0
TXN0003534,USR03465,MER0364,3763.65,Card,iOS,0,0,3,2930.06,1,0.2383,444,18,0,0,0
TXN0003535,USR00307,MER0062,1293.04,UPI,Web,0,0,2,3848.61,0,0.175,856,14,0,0,0
TXN0003536,USR00260,MER0189,382.8,Card,Android,0,0,2,688.81,1,0.2181,99,0,0,0,0
TXN0003537,USR00106,MER0131,601.53,UPI,Android,0,0,2,1836.55,0,0.1822,1276,3,0,0,0
TXN0003538,USR00464,MER0489,4815.49,Card,Android,0,0,2,3235.57,0,0.3533,283,10,0,0,0
TXN0003539,USR01848,MER0471,5968.27,UPI,Android,1,1,1,2676.27,0,0.1741,1757,6,0,0,0
TXN0003540,USR02896,MER0346,1283.73,Card,Android,0,1,1,3252.72,0,0.1669,1440,15,0,0,0
TXN0003541,USR02573,MER0221,1864.47,UPI,iOS,1,1,2,957.05,0,0.1553,391,18,1,0,0
TXN0003542,USR02031,MER0027,9978.46,UPI,iOS,0,1,1,5367.0,0,0.0468,531,12,0,0,0
TXN0003543,USR00298,MER0124,1650.37,Card,iOS,0,0,1,2788.58,0,0.0217,1040,6,0,0,0
TXN0003544,USR02711,MER0047,605.98,UPI,Web,0,0,1,2655.26,0,0.365,573,9,0,0,0
TXN0003545,USR00131,MER0395,599.25,UPI,Android,0,2,1,1362.37,1,0.3951,323,15,0,0,0
TXN0003546,USR02209,MER0045,908.65,UPI,iOS,0,0,1,1466.36,0,0.0744,1351,4,1,0,0
TXN0003547,USR01433,MER0339,17742.2,Card,Android,0,2,2,6146.87,0,0.2806,1614,3,0,0,1
TXN0003548,USR03088,MER0477,886.6,Card,Web,1,0,5,1014.92,0,0.0618,1490,23,0,0,0
TXN0003549,USR01077,MER0154,1263.87,UPI,Android,0,1,3,2743.11,0,0.2549,1063,23,0,0,0
TXN0003550,USR02235,MER0343,1480.08,UPI,iOS,0,0,2,1398.85,0,0.255,826,18,1,0,0
TXN0003551,USR01540,MER0440,1921.86,Card,iOS,0,2,2,5134.31,0,0.1738,756,18,1,0,0
TXN0003552,USR01828,MER0214,3831.9,Wallet,Android,0,0,1,2781.63,0,0.4436,1221,15,1,0,0
TXN0003553,USR03286,MER0225,1353.75,UPI,Android,0,0,2,2877.13,0,0.4004,502,8,0,0,0
TXN0003554,USR02495,MER0101,1611.01,UPI,Web,0,0,3,3084.16,0,0.5283,246,9,0,0,0
TXN0003555,USR01451,MER0214,7622.39,Wallet,Android,0,1,2,6114.94,0,0.4383,779,22,0,0,0
TXN0003556,USR01566,MER0437,6962.61,UPI,iOS,0,0,3,2075.88,0,0.3231,415,7,0,0,0
TXN0003557,USR02466,MER0332,6569.75,UPI,Android,0,0,1,1419.16,0,0.0,59,10,1,0,0
TXN0003558,USR01212,MER0101,425.89,UPI,Android,1,0,1,946.6,0,0.4844,281,13,0,0,0
TXN0003559,USR00588,MER0264,614.26,NetBanking,Android,0,0,1,992.25,0,0.1907,448,22,1,0,0
TXN0003560,USR01637,MER0354,1623.93,Card,Android,0,1,1,1177.82,0,0.2318,527,10,1,0,0
TXN0003561,USR00239,MER0039,3593.72,UPI,Android,0,1,2,1628.5,0,0.2411,84,21,1,0,0
TXN0003562,USR00594,MER0382,973.91,UPI,Android,0,1,4,4863.25,0,0.2869,984,18,1,0,1
TXN0003563,USR01473,MER0101,4771.63,UPI,iOS,1,2,2,4710.55,0,0.5075,762,19,0,0,0
TXN0003564,USR02789,MER0148,1146.34,UPI,iOS,0,0,1,1711.41,0,0.2006,646,18,0,0,0
TXN0003565,USR02735,MER0209,337.94,NetBanking,Android,0,1,2,1419.66,0,0.3055,1020,0,1,0,0
TXN0003566,USR00913,MER0253,2690.04,UPI,iOS,0,0,3,7406.18,0,0.4808,1278,8,1,0,0
TXN0003567,USR01477,MER0459,625.98,Card,Web,1,0,2,990.4,0,0.1083,239,7,0,0,0
TXN0003568,USR00538,MER0112,1528.22,Wallet,Android,1,0,2,1539.96,0,0.1423,2158,0,0,1,0
TXN0003569,USR02644,MER0128,5870.65,UPI,Android,0,0,1,2986.59,0,0.5341,700,18,0,0,0
TXN0003570,USR00863,MER0190,5697.65,UPI,Web,0,1,1,4640.97,0,0.1536,323,12,1,0,0
TXN0003571,USR02799,MER0429,2258.38,UPI,Android,0,0,2,1200.12,0,0.3345,593,19,0,0,0
TXN0003572,USR02948,MER0483,689.46,Card,Web,0,0,2,711.0,0,0.1843,669,17,0,0,0
TXN0003573,USR02412,MER0228,856.77,UPI,Web,0,1,2,1496.27,0,0.0777,473,14,0,0,0
TXN0003574,USR01156,MER0347,868.94,Card,Android,0,1,2,1042.71,0,0.0938,448,17,0,0,0
TXN0003575,USR03336,MER0459,2594.05,UPI,Android,0,3,1,1652.77,0,0.0909,200,18,0,0,0
TXN0003576,USR02402,MER0424,1864.51,UPI,Web,1,0,1,931.98,0,0.5062,502,17,1,0,0
TXN0003577,USR02261,MER0341,594.64,UPI,Android,0,2,4,695.35,0,0.2217,197,8,0,0,0
TXN0003578,USR02998,MER0271,524.62,UPI,Android,0,1,1,1076.67,0,0.4071,357,22,0,0,0
TXN0003579,USR03086,MER0493,2054.44,Wallet,Android,0,0,1,1696.1,0,0.3913,428,19,0,0,0
TXN0003580,USR00273,MER0120,1420.11,NetBanking,iOS,0,0,2,1058.22,0,0.1948,1026,15,0,0,0
TXN0003581,USR03086,MER0182,3919.21,NetBanking,iOS,0,1,2,1696.1,0,0.56,1285,19,0,0,0
TXN0003582,USR02678,MER0357,702.6,Card,Web,0,0,1,1204.11,0,0.0595,2819,13,0,0,0
TXN0003583,USR00723,MER0011,17485.53,UPI,Android,0,1,1,3016.04,0,0.2078,1151,7,0,0,0
TXN0003584,USR01077,MER0251,4497.53,Card,Android,0,1,2,2743.11,0,0.1844,238,19,1,0,0
TXN0003585,USR02635,MER0428,1127.73,UPI,iOS,0,1,2,1589.72,0,0.0149,601,21,1,0,0
TXN0003586,USR00759,MER0089,1377.25,NetBanking,Android,0,0,2,2001.42,0,0.7524,1839,9,0,0,0
TXN0003587,USR01584,MER0402,20284.7,Card,Web,1,2,2,8644.18,0,0.3565,714,1,0,1,1
TXN0003588,USR02412,MER0207,530.39,UPI,Android,0,1,1,1496.27,0,0.164,237,9,0,0,0
TXN0003589,USR02277,MER0431,12795.58,Wallet,Android,0,0,3,3060.67,0,0.1275,710,15,0,0,0
TXN0003590,USR03185,MER0318,1268.45,UPI,Android,0,0,1,2072.79,0,0.2169,65,17,0,0,0
TXN0003591,USR00391,MER0079,15072.57,Wallet,iOS,0,6,2,8489.52,0,0.2284,1090,12,0,0,0
TXN0003592,USR01033,MER0368,3056.92,UPI,iOS,0,0,1,3475.52,0,0.402,528,16,1,0,0
TXN0003593,USR03448,MER0029,1327.04,Wallet,Web,1,0,1,1147.48,0,0.2679,427,9,0,0,0
TXN0003594,USR01991,MER0122,3351.71,NetBanking,iOS,0,0,2,4257.47,0,0.2887,298,14,0,0,0
TXN0003595,USR00871,MER0445,9266.86,UPI,Web,0,1,2,5257.78,0,0.448,292,18,0,0,0
TXN0003596,USR01015,MER0438,531.88,Card,Android,0,2,2,718.01,0,0.0213,967,1,0,0,0
TXN0003597,USR01188,MER0024,2059.47,UPI,Web,0,2,3,3270.58,0,0.2831,367,18,0,0,0
TXN0003598,USR01940,MER0190,6995.55,Wallet,Web,0,0,1,1993.05,0,0.0717,878,6,0,0,0
TXN0003599,USR00996,MER0048,1780.44,Card,Android,0,0,1,1832.54,0,0.2332,174,6,0,0,0
TXN0003600,USR02177,MER0136,564.45,NetBanking,Android,0,1,2,965.22,0,0.1167,1937,12,0,0,0
TXN0003601,USR01559,MER0484,111.49,Wallet,Web,0,1,1,342.72,0,0.3173,524,0,1,0,0
TXN0003602,USR02137,MER0098,8568.0,UPI,Android,0,0,4,2350.95,0,0.8,612,7,0,0,0
TXN0003603,USR00543,MER0321,1428.98,UPI,iOS,0,0,1,2235.23,0,0.0789,978,15,1,0,0
TXN0003604,USR02183,MER0403,20780.46,Card,Android,0,0,2,4950.5,0,0.5178,250,16,0,0,0
TXN0003605,USR03237,MER0441,2522.75,UPI,Android,0,0,1,1990.08,0,0.9034,1121,6,0,0,0
TXN0003606,USR00473,MER0178,3051.78,UPI,Android,0,0,1,2894.6,0,0.2735,615,22,0,0,0
TXN0003607,USR01147,MER0349,1543.45,Card,Android,0,0,2,1435.81,0,0.1865,2357,16,0,0,0
TXN0003608,USR02428,MER0242,11452.16,Card,iOS,0,0,3,2441.7,0,0.4401,478,13,0,0,0
TXN0003609,USR02161,MER0054,1084.2,Card,iOS,0,0,1,5524.76,0,0.1551,358,14,0,0,0
TXN0003610,USR02362,MER0112,4742.77,UPI,Android,0,0,2,4272.91,1,0.1594,770,10,0,0,0
TXN0003611,USR01959,MER0375,1088.42,UPI,Android,0,0,2,1384.96,0,0.4647,611,13,0,0,0
TXN0003612,USR02390,MER0344,1444.98,UPI,Android,1,0,2,1770.96,0,0.176,1084,17,0,0,0
TXN0003613,USR02133,MER0261,3137.56,Card,Android,0,1,1,2962.23,0,0.155,1826,23,0,0,0
TXN0003614,USR00260,MER0391,540.92,Card,Android,1,1,1,688.81,0,0.4519,451,12,0,0,0
TXN0003615,USR02630,MER0346,3864.96,Card,iOS,0,0,1,3548.4,0,0.1642,634,20,0,0,0
TXN0003616,USR01564,MER0170,970.99,NetBanking,iOS,0,0,2,1038.25,0,0.8958,88,16,0,0,0
TXN0003617,USR00181,MER0147,481.95,NetBanking,Android,0,0,1,1304.53,1,0.1936,237,18,0,0,0
TXN0003618,USR01432,MER0473,2442.77,UPI,Android,0,0,1,1951.4,0,0.3487,290,18,0,0,0
TXN0003619,USR01524,MER0486,2180.18,Wallet,Android,0,0,2,1368.68,0,0.3055,622,1,0,0,0
TXN0003620,USR00304,MER0016,2296.64,UPI,Web,1,0,1,3567.03,1,0.4678,803,19,1,0,0
TXN0003621,USR03487,MER0396,5492.54,Card,Android,0,0,2,1504.57,0,0.2768,577,10,0,0,0
TXN0003622,USR00779,MER0067,4338.36,UPI,Web,0,1,1,1743.48,0,0.4616,1124,10,1,0,0
TXN0003623,USR01158,MER0431,2207.63,UPI,iOS,0,2,1,1263.99,0,0.1219,174,20,0,0,0
TXN0003624,USR01544,MER0295,2670.24,NetBanking,Web,0,0,3,1542.27,0,0.0727,1460,12,0,0,0
TXN0003625,USR02914,MER0344,2669.87,Card,iOS,0,0,1,2746.58,0,0.1489,2053,13,0,0,0
TXN0003626,USR02601,MER0351,27317.25,UPI,iOS,0,3,1,12625.65,0,0.2156,375,12,1,0,0
TXN0003627,USR02699,MER0303,4455.95,Wallet,Android,0,0,2,1511.79,0,0.2543,361,3,0,0,0
TXN0003628,USR00830,MER0126,3008.81,UPI,Android,0,0,1,1767.86,0,0.2202,723,17,0,0,0
TXN0003629,USR02960,MER0404,1036.73,UPI,Android,0,0,1,1643.25,0,0.3993,1114,15,0,0,0
TXN0003630,USR02905,MER0278,3235.45,UPI,Web,0,0,1,3499.92,0,0.0962,336,18,0,0,0
TXN0003631,USR01624,MER0273,4055.89,Card,Android,0,0,3,2821.1,0,0.1591,1031,5,0,0,0
TXN0003632,USR01911,MER0160,4606.83,Card,iOS,0,0,3,2649.48,0,0.055,609,12,0,0,0
TXN0003633,USR00130,MER0006,2361.54,Card,Android,0,0,1,2625.04,0,0.1733,1177,13,0,0,0
TXN0003634,USR02662,MER0278,1217.07,Card,Android,0,0,1,1924.28,0,0.1216,557,20,0,0,0
TXN0003635,USR03364,MER0173,11549.6,Card,Android,0,0,3,3880.73,1,0.2272,687,8,1,0,0
TXN0003636,USR01654,MER0330,1749.28,UPI,Android,0,0,1,3979.97,0,1.0,1600,7,0,0,0
TXN0003637,USR01892,MER0183,991.24,UPI,Android,0,0,3,2052.3,0,0.2216,750,19,0,0,0
TXN0003638,USR01748,MER0487,552.98,UPI,Android,0,0,2,1511.49,0,0.2865,58,10,1,0,0
TXN0003639,USR00290,MER0341,703.59,Card,iOS,0,3,2,1459.06,0,0.2563,736,17,0,1,0
TXN0003640,USR02170,MER0228,55470.09,Wallet,Android,0,0,2,3872.88,0,0.0369,1056,7,0,0,0
TXN0003641,USR02526,MER0355,4696.54,UPI,Android,0,1,2,1963.3,0,0.0835,197,12,0,1,0
TXN0003642,USR03248,MER0325,7051.93,UPI,iOS,0,1,3,852.11,0,0.1643,544,19,1,0,0
TXN0003643,USR03255,MER0311,4145.18,Card,iOS,0,1,4,3048.35,0,0.4747,254,6,0,0,0
TXN0003644,USR01722,MER0290,5491.89,UPI,Android,0,0,1,5817.29,0,0.1554,1114,9,1,0,0
TXN0003645,USR03357,MER0466,1038.9,Card,Web,0,0,1,2576.39,0,0.3378,630,15,1,0,0
TXN0003646,USR01851,MER0159,34083.8,Card,Android,0,0,4,7255.68,0,0.0965,1224,13,1,0,0
TXN0003647,USR02248,MER0217,2868.87,UPI,iOS,0,7,2,1120.87,0,0.8159,400,21,0,0,0
TXN0003648,USR02107,MER0127,5436.37,UPI,iOS,0,0,10,4427.92,0,0.3334,514,8,1,0,0
TXN0003649,USR03496,MER0285,774.12,NetBanking,Android,0,0,1,1507.13,0,0.1367,690,18,0,0,0
TXN0003650,USR02582,MER0494,993.71,UPI,Android,0,0,3,1228.32,0,0.9217,899,22,1,0,0
TXN0003651,USR00421,MER0305,344.54,UPI,Android,1,0,2,596.31,0,0.2382,334,19,0,0,1
TXN0003652,USR00252,MER0104,2610.5,UPI,Android,1,0,1,2558.14,0,0.0134,390,22,0,0,0
TXN0003653,USR01435,MER0461,2648.11,Wallet,Android,0,0,1,2227.1,0,0.1546,134,15,0,0,0
TXN0003654,USR01805,MER0396,4629.06,Wallet,iOS,0,1,1,6221.21,0,0.2797,796,21,1,0,0
TXN0003655,USR02341,MER0221,1186.68,Card,Android,0,3,1,3554.94,0,0.1745,776,14,0,0,0
TXN0003656,USR01686,MER0074,8211.86,Card,Android,0,0,1,1859.85,0,0.1692,649,17,0,0,0
TXN0003657,USR01802,MER0202,2231.63,UPI,Android,0,1,2,1977.26,0,0.2435,237,16,0,0,0
TXN0003658,USR03226,MER0403,1441.0,UPI,iOS,0,0,1,1090.45,0,0.5653,263,18,0,0,0
TXN0003659,USR01173,MER0289,1296.9,UPI,Android,0,1,3,1848.02,0,0.0311,575,15,0,0,0
TXN0003660,USR01728,MER0093,777.12,UPI,iOS,0,1,9,2515.55,0,0.3308,1182,7,0,0,0
TXN0003661,USR01951,MER0080,996.57,Card,Android,0,0,2,1112.42,0,0.0185,1043,22,0,0,0
TXN0003662,USR01640,MER0484,1870.95,Card,Android,0,0,2,2482.26,0,0.2404,615,20,0,0,0
TXN0003663,USR03389,MER0224,6092.39,NetBanking,iOS,1,0,1,3842.7,0,0.9136,1275,18,1,0,0
TXN0003664,USR03368,MER0343,5962.42,Card,iOS,0,1,1,3264.48,0,0.2717,1330,21,0,0,0
TXN0003665,USR01796,MER0181,1610.08,Card,iOS,0,0,2,975.76,1,0.0943,772,2,1,0,0
TXN0003666,USR01578,MER0046,2864.77,NetBanking,Web,0,0,11,1478.36,0,0.3151,224,20,0,0,0
TXN0003667,USR02062,MER0206,9037.84,UPI,Web,0,2,2,2592.91,0,0.1457,1406,7,0,0,0
TXN0003668,USR00634,MER0347,1211.78,UPI,Web,0,1,1,962.13,0,0.1078,506,8,0,0,0
TXN0003669,USR01491,MER0167,2647.37,Card,Android,0,0,1,1261.29,0,0.2913,264,9,0,0,0
TXN0003670,USR00760,MER0302,5162.24,Card,Android,0,0,2,3803.0,0,0.4655,345,12,1,0,0
TXN0003671,USR00505,MER0220,358.46,Wallet,Web,0,0,1,1480.05,0,0.407,115,18,0,0,0
TXN0003672,USR00334,MER0169,10220.57,Card,iOS,0,0,1,12009.01,0,0.2809,750,17,0,0,0
TXN0003673,USR02055,MER0128,2286.97,NetBanking,Android,0,0,3,4490.57,0,0.5827,582,20,0,0,0
TXN0003674,USR00002,MER0131,1124.81,UPI,Android,0,0,1,1000.98,1,0.1919,1053,5,0,0,0
TXN0003675,USR02262,MER0128,904.72,Wallet,iOS,0,0,1,1681.01,0,0.5875,1286,10,1,1,1
TXN0003676,USR01512,MER0360,3700.72,UPI,iOS,0,1,1,2515.41,1,0.4679,1537,22,0,0,0
TXN0003677,USR01283,MER0169,4600.13,UPI,Android,0,0,1,2386.3,0,0.2726,1734,0,0,0,0
TXN0003678,USR02693,MER0371,10863.28,UPI,Android,0,0,1,4800.97,0,0.1319,279,9,0,0,0
TXN0003679,USR01886,MER0156,6325.6,Card,Android,0,1,1,2072.46,0,0.2353,1718,21,0,0,0
TXN0003680,USR02568,MER0164,2371.84,UPI,Web,0,1,2,8334.49,0,0.7929,663,16,1,0,0
TXN0003681,USR02484,MER0463,731.68,UPI,Android,0,0,2,1823.71,0,0.3951,389,19,0,0,0
TXN0003682,USR00113,MER0439,4131.63,Card,Web,0,1,2,527.63,0,0.0435,888,15,0,0,0
TXN0003683,USR00755,MER0201,7162.86,Card,iOS,0,0,2,3640.25,0,0.283,106,18,1,0,0
TXN0003684,USR01995,MER0135,8618.59,UPI,Web,0,1,2,7708.46,0,0.1344,1570,12,0,0,0
TXN0003685,USR03415,MER0358,1035.32,Card,Web,0,2,1,1063.58,0,0.2469,924,23,1,0,1
TXN0003686,USR00540,MER0035,6852.32,Wallet,Android,1,2,1,7504.68,0,0.3237,827,10,0,0,0
TXN0003687,USR00370,MER0229,228.16,Card,Android,0,0,2,965.23,0,0.6173,450,10,0,0,0
TXN0003688,USR03294,MER0300,3516.78,Card,iOS,0,0,2,6447.05,0,0.2166,909,19,1,0,0
TXN0003689,USR03384,MER0338,3160.11,Wallet,Android,0,0,2,3600.73,0,0.237,1023,19,0,0,0
TXN0003690,USR00586,MER0054,1363.17,Wallet,Android,0,0,1,2399.44,0,0.1525,501,1,1,0,0
TXN0003691,USR01406,MER0002,2310.88,UPI,iOS,1,2,2,3702.19,0,0.295,547,16,1,0,0
TXN0003692,USR02194,MER0139,13687.28,UPI,Web,0,0,1,2280.01,0,0.2103,797,10,0,1,0
TXN0003693,USR00684,MER0060,608.27,UPI,Android,0,0,7,766.48,0,0.2751,746,3,0,0,0
TXN0003694,USR01142,MER0254,1559.93,Card,Android,0,0,3,1342.31,0,0.1084,1241,12,1,0,0
TXN0003695,USR01384,MER0460,2160.56,NetBanking,Web,0,5,1,1907.4,1,0.0609,679,17,0,0,0
TXN0003696,USR02246,MER0144,4215.04,UPI,Android,0,0,2,2898.66,0,0.559,1074,10,0,0,0
TXN0003697,USR01079,MER0227,575.01,Card,Web,0,0,1,852.38,0,0.0936,579,10,1,0,1
TXN0003698,USR01443,MER0108,7451.65,UPI,Android,0,0,1,3191.88,0,0.9105,391,16,0,0,0
TXN0003699,USR01014,MER0022,1093.16,Card,Android,0,0,3,835.02,1,0.2172,168,13,1,1,0
TXN0003700,USR02659,MER0352,135.35,Wallet,Android,0,0,3,359.47,0,0.2245,271,9,0,1,0
TXN0003701,USR00536,MER0129,1097.7,Wallet,Android,0,0,2,1246.85,0,0.4321,777,23,0,0,0
TXN0003702,USR00808,MER0274,1580.58,NetBanking,Android,0,0,3,1880.88,1,0.0101,1090,11,0,0,0
TXN0003703,USR00875,MER0342,882.14,Card,iOS,0,0,2,1085.1,0,0.202,695,6,0,0,0
TXN0003704,USR03171,MER0420,3843.52,Card,Android,1,1,2,2800.21,0,0.1792,651,12,0,0,1
TXN0003705,USR03306,MER0093,5068.2,Wallet,Web,0,0,2,3373.61,0,0.336,689,21,1,0,0
TXN0003706,USR01751,MER0291,1174.42,Card,Android,1,0,2,851.11,0,0.0359,429,17,0,0,0
TXN0003707,USR00548,MER0456,2213.99,NetBanking,Android,0,1,1,1823.53,0,0.0815,285,9,0,0,0
TXN0003708,USR02647,MER0242,888.69,UPI,iOS,0,1,1,878.39,0,0.454,676,18,1,0,0
TXN0003709,USR01723,MER0021,581.94,UPI,Android,0,1,3,2879.12,0,0.384,41,8,1,0,0
TXN0003710,USR02975,MER0131,12452.13,UPI,iOS,0,1,4,7476.83,0,0.171,353,8,0,0,0
TXN0003711,USR01260,MER0398,1647.71,Wallet,Android,0,1,1,1218.69,0,0.0151,151,11,0,0,0
TXN0003712,USR03496,MER0397,705.52,UPI,Web,0,0,3,1507.13,0,0.0887,298,6,0,0,0
TXN0003713,USR02825,MER0158,2227.53,Wallet,Android,0,0,2,1913.38,0,0.135,45,17,0,0,0
TXN0003714,USR00784,MER0099,6778.82,Card,Android,0,7,3,4469.55,0,0.3182,1114,9,1,0,0
TXN0003715,USR02540,MER0146,13956.28,Card,iOS,0,0,1,6313.13,0,0.2496,707,13,1,0,0
TXN0003716,USR01005,MER0122,4728.46,Card,Android,1,0,1,3442.45,0,0.2884,1030,21,1,0,0
TXN0003717,USR01225,MER0371,2298.72,UPI,Web,0,0,1,1917.07,0,0.1686,1881,21,0,0,0
TXN0003718,USR00877,MER0421,1028.72,UPI,Android,0,1,2,546.97,0,0.1524,1114,17,0,0,0
TXN0003719,USR02388,MER0024,4235.9,Card,Android,0,1,2,5552.81,0,0.3158,208,18,0,0,0
TXN0003720,USR00921,MER0371,2149.4,NetBanking,Android,0,1,1,1679.59,0,0.166,311,20,0,0,0
TXN0003721,USR02236,MER0377,2037.3,UPI,Android,0,0,2,3349.56,0,0.1666,460,23,0,0,0
TXN0003722,USR02039,MER0307,5342.79,UPI,iOS,0,0,2,2525.23,1,0.5411,380,22,1,0,0
TXN0003723,USR02628,MER0436,319.43,Wallet,Android,0,0,1,1070.14,0,0.1612,888,8,0,0,0
TXN0003724,USR03478,MER0020,3952.23,UPI,iOS,1,0,2,2307.65,0,0.4983,1636,17,0,0,0
TXN0003725,USR00031,MER0350,1027.43,UPI,Android,0,0,1,1066.42,0,0.1002,1397,13,0,0,0
TXN0003726,USR03466,MER0064,967.63,Wallet,Web,0,0,2,507.64,0,0.2452,313,9,1,0,0
TXN0003727,USR00383,MER0449,1163.89,Wallet,Android,0,0,9,2146.33,0,0.059,188,12,0,0,0
TXN0003728,USR01844,MER0250,2839.93,UPI,Android,0,0,1,2798.24,0,0.1065,1635,23,0,0,0
TXN0003729,USR01194,MER0046,3443.86,NetBanking,Android,0,0,5,3465.79,0,0.2113,1408,20,1,0,0
TXN0003730,USR02237,MER0374,2877.44,Card,Android,0,3,3,2213.34,0,0.4927,440,10,1,0,0
TXN0003731,USR02527,MER0375,1322.61,UPI,Android,0,0,1,2956.05,1,0.512,998,15,1,0,0
TXN0003732,USR03010,MER0233,3094.56,Card,Web,0,1,2,2057.66,0,0.1887,815,8,0,0,0
TXN0003733,USR01407,MER0156,609.94,Wallet,Android,0,1,1,2422.12,1,0.2584,259,9,0,0,0
TXN0003734,USR03266,MER0009,1044.5,Card,Android,0,1,3,1776.03,0,0.2049,227,12,0,0,0
TXN0003735,USR01129,MER0454,1116.56,Card,iOS,0,1,3,3616.2,0,0.3626,1100,8,0,0,0
TXN0003736,USR00714,MER0093,6621.18,UPI,Android,0,1,13,3834.18,0,0.3567,800,12,0,0,0
TXN0003737,USR01327,MER0422,1677.53,UPI,Android,0,1,3,1322.11,0,0.0323,151,13,0,0,0
TXN0003738,USR01850,MER0295,3199.26,Card,iOS,0,0,1,2421.95,0,0.0378,179,10,0,0,0
TXN0003739,USR02339,MER0343,9556.84,UPI,Android,0,0,1,3478.36,0,0.3198,1309,9,0,0,0
TXN0003740,USR02915,MER0348,2206.28,Wallet,iOS,0,0,2,2911.84,0,0.2164,377,17,1,0,0
TXN0003741,USR00787,MER0430,2158.06,UPI,iOS,0,2,2,1462.73,0,0.003,517,21,1,0,0
TXN0003742,USR01062,MER0017,3927.01,UPI,Android,0,0,1,3936.69,0,0.2144,197,19,0,0,0
TXN0003743,USR03286,MER0496,2572.06,UPI,iOS,0,5,1,2877.13,0,0.186,1025,9,0,0,0
TXN0003744,USR01540,MER0022,12512.34,Wallet,Android,0,1,2,5134.31,0,0.2066,636,21,0,0,0
TXN0003745,USR00846,MER0500,41629.63,Card,Web,0,0,1,1011.67,0,0.2201,452,9,1,0,0
TXN0003746,USR03450,MER0131,2382.41,UPI,Android,0,2,1,3417.01,0,0.1064,1609,18,1,0,0
TXN0003747,USR01572,MER0423,980.63,Card,Android,0,0,1,565.62,0,0.3847,210,13,0,1,0
TXN0003748,USR03448,MER0042,8440.72,Card,Android,0,0,1,1147.48,0,0.3053,557,11,0,0,0
TXN0003749,USR03218,MER0231,2294.07,Wallet,Android,0,2,2,1900.14,0,0.2736,1767,7,0,0,0
TXN0003750,USR03172,MER0271,13128.72,UPI,Android,0,0,2,11551.72,0,0.3902,1900,21,0,1,0
TXN0003751,USR02037,MER0478,131.54,UPI,Android,0,1,2,175.76,0,0.4167,668,19,0,0,0
TXN0003752,USR02795,MER0062,106.49,Wallet,Web,0,0,1,1479.22,0,0.1915,1360,15,0,0,0
TXN0003753,USR03362,MER0019,3549.24,Card,Android,0,1,3,1235.74,0,0.0603,982,7,0,0,0
TXN0003754,USR00942,MER0325,3359.08,Card,Android,0,1,2,5823.35,0,0.13,732,16,0,0,0
TXN0003755,USR00133,MER0025,1130.71,UPI,Android,0,0,1,1414.49,0,0.1197,2521,8,0,0,0
TXN0003756,USR01123,MER0389,2456.59,Wallet,iOS,0,1,1,3026.44,0,0.1214,313,11,1,0,0
TXN0003757,USR02230,MER0020,1311.54,NetBanking,iOS,0,0,1,2424.29,0,0.4834,928,7,0,0,0
TXN0003758,USR01916,MER0486,1847.04,UPI,Web,0,0,2,1633.31,0,0.3135,413,7,1,0,0
TXN0003759,USR00283,MER0267,2107.93,UPI,iOS,0,0,2,2287.85,0,0.2978,262,18,1,0,0
TXN0003760,USR01963,MER0475,2020.38,UPI,iOS,0,0,1,3557.97,0,0.2857,690,13,0,0,0
TXN0003761,USR00611,MER0064,4186.16,UPI,Android,0,0,2,3952.26,0,0.253,789,10,0,0,0
TXN0003762,USR01770,MER0137,2527.36,Card,Web,1,0,1,2720.91,0,0.1511,464,3,0,0,0
TXN0003763,USR02015,MER0228,9209.54,UPI,Android,1,0,2,4963.92,0,0.0974,540,11,0,1,0
TXN0003764,USR02229,MER0015,313.55,Card,iOS,1,0,2,865.26,0,0.0997,911,18,0,0,0
TXN0003765,USR01444,MER0052,1016.25,UPI,Web,0,0,1,1907.9,0,0.5327,158,23,1,0,0
TXN0003766,USR01430,MER0165,2368.1,UPI,Android,0,0,2,1476.79,0,0.0622,133,19,0,1,0
TXN0003767,USR02376,MER0369,1783.95,NetBanking,Android,0,0,2,2972.62,0,0.1275,624,22,1,0,0
TXN0003768,USR02623,MER0355,795.01,UPI,Android,0,1,1,1601.66,0,0.0789,732,22,0,0,0
TXN0003769,USR02828,MER0044,2291.13,NetBanking,Web,0,4,1,3684.2,0,0.1699,314,18,0,0,0
TXN0003770,USR01168,MER0030,1287.12,Card,Android,0,1,1,1455.16,1,0.1765,793,12,0,0,0
TXN0003771,USR01485,MER0329,1558.79,UPI,Android,0,0,2,1757.48,0,0.1031,439,17,0,0,0
TXN0003772,USR01158,MER0180,1033.66,Card,Android,0,0,1,1263.99,0,0.3554,1339,8,1,0,1
TXN0003773,USR01847,MER0397,1994.17,NetBanking,iOS,1,0,3,4396.43,0,0.0472,230,15,0,0,0
TXN0003774,USR00446,MER0150,1782.15,Wallet,iOS,0,1,1,1073.74,0,0.3748,918,20,0,0,0
TXN0003775,USR01506,MER0182,12696.43,UPI,iOS,1,0,3,5136.86,1,0.5563,166,8,0,0,1
TXN0003776,USR00661,MER0110,454.95,UPI,Web,0,1,3,1892.56,0,0.0796,1545,22,0,0,0
TXN0003777,USR01864,MER0134,332.95,Card,Android,0,0,1,1071.22,0,0.3443,2941,7,0,0,0
TXN0003778,USR02977,MER0354,2568.37,UPI,Android,0,0,1,1311.56,0,0.2201,75,16,1,0,0
TXN0003779,USR03449,MER0236,2089.9,UPI,iOS,0,1,1,709.54,0,0.1864,1875,21,1,0,0
TXN0003780,USR01562,MER0330,317.26,NetBanking,Android,0,0,2,1544.92,0,0.9896,1266,16,1,0,0
TXN0003781,USR00198,MER0040,2881.69,Card,iOS,0,0,1,1684.15,0,0.0316,252,14,0,0,0
TXN0003782,USR00798,MER0268,5896.33,Wallet,Web,0,0,1,1906.1,0,0.1761,49,9,1,0,0
TXN0003783,USR00367,MER0230,966.57,Card,Android,0,1,3,1890.68,0,0.098,1282,22,0,0,0
TXN0003784,USR02658,MER0456,9768.07,UPI,Android,0,0,1,3292.86,0,0.0945,332,4,0,0,0
TXN0003785,USR03447,MER0212,1298.76,UPI,Web,0,0,2,1552.03,0,0.1794,1453,6,0,0,0
TXN0003786,USR01939,MER0052,778.36,Wallet,Android,0,0,1,652.39,0,0.5059,1047,8,0,0,0
TXN0003787,USR00619,MER0349,1106.23,UPI,Android,0,0,1,1951.91,0,0.2176,187,8,1,0,0
TXN0003788,USR00075,MER0075,3143.77,Card,Android,0,0,2,1607.5,0,0.0511,244,23,0,0,0
TXN0003789,USR03417,MER0455,9896.78,UPI,Android,0,0,10,5705.35,0,0.4727,665,14,0,0,0
TXN0003790,USR01108,MER0192,2195.42,UPI,Android,0,2,1,666.7,0,0.596,865,23,1,0,0
TXN0003791,USR00393,MER0393,2747.24,UPI,Android,0,0,2,1023.64,0,0.2235,312,17,1,0,0
TXN0003792,USR00620,MER0328,1611.84,UPI,Android,0,0,1,1705.68,1,0.3414,364,20,0,0,0
TXN0003793,USR00894,MER0233,11706.51,Wallet,Android,0,0,2,1312.74,0,0.1793,1301,19,0,0,0
TXN0003794,USR02296,MER0293,6456.41,Card,iOS,0,1,1,2566.4,0,0.2674,748,18,1,0,0
TXN0003795,USR03122,MER0092,3087.11,Wallet,Android,0,1,3,2199.13,0,0.1331,407,23,1,0,0
TXN0003796,USR00963,MER0038,800.17,Wallet,Web,0,0,4,1724.65,0,0.0402,458,9,0,0,0
TXN0003797,USR02406,MER0384,931.48,Card,Web,1,4,2,2946.58,0,0.2448,510,14,0,0,0
TXN0003798,USR00228,MER0480,2016.77,UPI,Android,0,1,1,6000.96,0,0.3274,819,23,0,0,0
TXN0003799,USR00036,MER0431,1916.23,Card,Android,0,0,3,3945.6,0,0.1521,1029,4,1,0,0
TXN0003800,USR00193,MER0153,5379.75,UPI,iOS,0,1,1,2098.0,0,0.1859,129,16,0,0,0
TXN0003801,USR03231,MER0180,2015.62,Wallet,Android,0,1,1,1492.15,0,0.3358,285,12,1,0,0
TXN0003802,USR02037,MER0180,107.5,Wallet,Android,0,1,2,175.76,0,0.3137,64,12,0,0,0
TXN0003803,USR02819,MER0352,3011.43,Card,Android,1,1,2,3491.18,0,0.2512,354,11,0,0,0
TXN0003804,USR00077,MER0312,2879.84,UPI,Android,0,0,1,3644.84,0,0.2331,257,19,1,0,0
TXN0003805,USR00078,MER0399,8537.02,UPI,Android,0,0,4,5044.89,1,0.2584,323,14,0,0,0
TXN0003806,USR02971,MER0473,2787.67,UPI,Web,0,0,2,5517.59,0,0.3461,1114,20,1,0,0
TXN0003807,USR00360,MER0197,1508.04,UPI,iOS,0,0,3,1232.49,0,0.4574,970,19,1,0,0
TXN0003808,USR00544,MER0332,2638.36,NetBanking,Android,0,0,2,2234.67,0,0.0001,497,17,0,0,0
TXN0003809,USR01817,MER0251,2179.08,UPI,Android,0,0,2,4221.07,0,0.1944,346,5,1,0,0
TXN0003810,USR02123,MER0478,7405.58,NetBanking,Android,1,0,1,2481.51,0,0.4004,908,17,1,0,0
TXN0003811,USR00802,MER0178,3559.28,Card,Android,0,1,2,778.99,0,0.2814,229,12,0,0,0
TXN0003812,USR01557,MER0094,848.92,UPI,iOS,0,1,1,1823.93,0,0.1421,1188,20,0,0,0
TXN0003813,USR02363,MER0190,2036.14,UPI,Android,0,2,3,1158.34,0,0.1541,395,20,0,0,0
TXN0003814,USR01550,MER0310,2621.5,UPI,iOS,0,0,1,2649.87,0,0.1371,426,11,0,0,0
TXN0003815,USR01340,MER0477,2434.26,Card,Android,1,0,1,1907.08,0,0.0181,450,13,1,0,0
TXN0003816,USR00252,MER0415,1036.98,Card,Android,0,1,4,2558.14,0,0.1791,2024,17,0,0,0
TXN0003817,USR01582,MER0010,25695.47,UPI,iOS,0,0,1,15049.95,0,0.3138,201,17,0,1,1
TXN0003818,USR02810,MER0255,17328.96,UPI,iOS,0,0,3,3812.29,0,0.2397,296,11,1,1,0
TXN0003819,USR02194,MER0080,873.66,UPI,Android,1,1,1,2280.01,1,0.0106,146,13,1,0,0
TXN0003820,USR03126,MER0182,2281.43,UPI,Web,0,1,1,1858.5,0,0.5581,410,14,0,0,0
TXN0003821,USR00442,MER0472,511.22,Card,Web,0,1,4,945.99,0,0.021,681,8,0,0,0
TXN0003822,USR00039,MER0493,6667.79,Card,Android,0,1,3,1010.83,1,0.3681,168,18,1,0,0
TXN0003823,USR01919,MER0077,10099.54,UPI,iOS,0,1,2,4349.04,0,0.5022,587,19,0,0,0
TXN0003824,USR00626,MER0071,6776.53,Wallet,iOS,0,1,2,628.32,0,0.0917,825,13,0,0,0
TXN0003825,USR02079,MER0349,4934.65,UPI,Android,0,1,2,12557.85,0,0.2504,519,9,1,0,0
TXN0003826,USR03164,MER0206,5685.14,Wallet,Android,0,0,5,3748.61,0,0.1052,127,11,0,0,0
TXN0003827,USR01180,MER0217,3166.23,Card,iOS,1,1,2,1944.93,0,0.8419,977,13,0,0,1
TXN0003828,USR01924,MER0437,4491.95,Card,Android,0,0,2,1964.73,0,0.2563,1379,18,0,0,0
TXN0003829,USR02386,MER0461,424.81,UPI,Web,0,0,2,1164.49,0,0.1731,641,15,1,0,0
TXN0003830,USR00526,MER0451,1814.03,Card,Android,0,4,3,1894.95,0,0.0493,400,17,1,0,0
TXN0003831,USR03141,MER0392,2078.75,Card,Android,1,1,2,1985.18,0,0.262,147,10,0,0,0
TXN0003832,USR00710,MER0491,5990.76,UPI,Android,1,1,1,4790.31,0,0.0679,174,17,0,0,0
TXN0003833,USR02829,MER0360,1743.58,UPI,Android,0,0,2,2515.31,0,0.5111,418,6,0,0,0
TXN0003834,USR02310,MER0443,1950.52,Card,iOS,0,7,1,1057.17,1,0.1231,542,20,1,0,1
TXN0003835,USR00494,MER0271,591.48,UPI,Android,0,1,6,1156.47,0,0.3887,52,8,0,0,0
TXN0003836,USR02537,MER0026,1300.61,Card,Web,0,0,2,870.79,0,0.2684,227,15,0,0,0
TXN0003837,USR00688,MER0409,2405.77,UPI,iOS,0,0,1,2167.78,0,0.2308,997,18,0,0,0
TXN0003838,USR02098,MER0465,1540.78,UPI,Android,0,0,1,1051.08,0,0.2217,442,15,0,0,0
TXN0003839,USR03359,MER0157,13216.61,Card,Android,0,0,1,5932.44,0,0.2232,902,21,0,0,0
TXN0003840,USR03337,MER0215,2324.19,UPI,Web,0,0,1,3391.29,0,0.2789,147,22,0,0,0
TXN0003841,USR03050,MER0287,784.42,UPI,Android,1,0,1,1327.33,0,0.0591,796,19,0,0,0
TXN0003842,USR01730,MER0326,732.89,UPI,Android,0,0,2,2598.37,0,0.371,605,19,1,0,0
TXN0003843,USR01959,MER0338,307.89,Wallet,Android,0,1,1,1384.96,0,0.1481,713,7,0,0,0
TXN0003844,USR01051,MER0198,531.95,UPI,Web,0,1,2,634.77,0,0.1536,747,22,0,0,0
TXN0003845,USR03224,MER0428,1264.71,Card,Web,0,1,1,1436.57,0,0.0363,333,11,0,0,0
TXN0003846,USR01671,MER0407,558.96,Card,Web,0,1,3,1284.42,0,0.1934,378,8,0,0,0
TXN0003847,USR02701,MER0472,596.45,UPI,Android,0,0,4,1174.03,0,0.0661,1401,19,0,0,1
TXN0003848,USR01259,MER0288,4979.67,UPI,Web,0,0,1,1748.01,1,0.1824,1114,2,1,0,0
TXN0003849,USR02592,MER0039,3431.14,UPI,Android,0,0,2,1919.93,0,0.2118,238,16,1,0,0
TXN0003850,USR00786,MER0423,811.72,UPI,iOS,0,2,2,2116.48,0,0.4064,274,17,1,0,0
TXN0003851,USR02569,MER0040,1346.61,NetBanking,Web,0,0,1,1946.6,0,0.0794,1061,9,0,0,0
TXN0003852,USR00161,MER0097,2879.39,Card,Android,0,0,2,2259.76,0,0.1701,35,15,0,0,0
TXN0003853,USR00367,MER0143,1145.56,Wallet,Web,0,0,1,1890.68,1,0.2245,1018,15,0,0,0
TXN0003854,USR01233,MER0093,890.35,Wallet,Android,0,1,1,1675.52,0,0.3676,1388,17,0,0,0
TXN0003855,USR01688,MER0362,1071.03,UPI,Web,0,0,2,1436.42,0,0.1106,572,20,0,0,0
TXN0003856,USR02490,MER0221,3924.1,Card,Android,0,0,2,1881.11,0,0.1827,819,9,0,0,0
TXN0003857,USR01257,MER0110,10611.5,Card,Android,0,0,4,4765.15,1,0.1318,541,17,0,0,0
TXN0003858,USR00065,MER0003,1427.05,Wallet,iOS,0,0,1,2547.54,0,0.5114,409,22,0,0,0
TXN0003859,USR01139,MER0109,2186.14,NetBanking,Android,0,0,2,1649.62,0,0.4361,1616,9,1,0,0
TXN0003860,USR01538,MER0347,3389.81,UPI,Android,0,0,3,3580.1,0,0.0845,493,13,1,1,0
TXN0003861,USR01904,MER0398,1149.97,Card,Android,0,2,1,2498.44,0,0.087,231,22,0,0,0
TXN0003862,USR02255,MER0149,1322.9,UPI,Web,0,0,12,1722.4,0,0.1917,628,18,1,0,1
TXN0003863,USR00867,MER0037,3905.16,Wallet,Web,0,0,2,10201.62,0,0.1575,3243,12,0,0,0
TXN0003864,USR02137,MER0279,5166.62,UPI,iOS,0,1,2,2350.95,0,0.3194,325,19,0,0,0
TXN0003865,USR02211,MER0392,2963.7,UPI,Android,0,0,2,1018.84,0,0.2669,631,8,0,0,0
TXN0003866,USR02719,MER0036,1668.08,Wallet,Android,0,0,2,2356.75,0,0.0894,272,15,1,0,0
TXN0003867,USR01828,MER0398,1658.15,UPI,Android,0,0,2,2781.63,0,0.0274,837,12,0,0,0
TXN0003868,USR02837,MER0086,4661.05,Card,Android,0,0,1,2293.16,0,0.0727,621,20,1,0,0
TXN0003869,USR00776,MER0129,3424.3,Card,Web,0,2,2,1499.71,0,0.3889,188,20,1,0,0
TXN0003870,USR02491,MER0312,832.18,Card,Android,0,1,1,1951.64,0,0.2393,656,9,0,0,0
TXN0003871,USR00161,MER0026,1932.21,UPI,Android,0,0,1,2259.76,0,0.3105,247,23,0,0,0
TXN0003872,USR00360,MER0153,1123.67,UPI,Android,0,0,2,1232.49,0,0.2363,598,21,0,0,0
TXN0003873,USR03027,MER0070,1719.48,UPI,Web,1,1,1,3148.67,0,0.0496,78,18,0,0,0
TXN0003874,USR01663,MER0108,664.36,UPI,Android,0,0,2,528.96,1,0.9184,623,17,0,0,0
TXN0003875,USR02173,MER0387,2403.51,NetBanking,iOS,0,1,2,4182.43,0,0.8396,363,19,1,0,0
TXN0003876,USR02112,MER0115,837.69,Wallet,Android,0,0,2,1299.37,1,0.3166,822,11,0,0,0
TXN0003877,USR02433,MER0022,239.13,Card,Android,0,0,1,270.42,0,0.2871,1257,23,0,0,0
TXN0003878,USR00860,MER0108,1024.68,UPI,iOS,0,0,1,3147.17,0,0.9301,483,16,0,0,0
TXN0003879,USR00624,MER0044,798.54,NetBanking,Android,0,1,2,3690.17,0,0.1078,940,18,0,0,0
TXN0003880,USR00149,MER0312,3351.48,UPI,Android,0,1,1,1818.93,0,0.2574,171,20,1,0,0
TXN0003881,USR03027,MER0487,1757.6,NetBanking,Android,0,0,4,3148.67,0,0.2879,1032,23,0,0,0
TXN0003882,USR00783,MER0084,10103.54,NetBanking,Web,0,1,1,2283.67,0,0.1314,861,15,0,0,0
TXN0003883,USR02014,MER0365,10437.37,NetBanking,iOS,0,0,1,543.6,0,0.1459,1044,7,1,0,0
TXN0003884,USR01593,MER0182,1437.76,UPI,Web,1,1,1,2176.57,0,0.5208,1285,15,0,0,0
TXN0003885,USR00569,MER0036,2438.05,UPI,Android,0,0,2,475.72,0,0.1847,647,9,1,0,0
TXN0003886,USR01449,MER0344,4516.41,Card,iOS,1,2,2,2417.33,0,0.1434,242,5,0,0,0
TXN0003887,USR00292,MER0105,1339.55,UPI,Android,0,0,2,2241.09,0,0.2862,1097,13,0,0,0
TXN0003888,USR00619,MER0257,289.35,UPI,Android,0,0,1,1951.91,0,0.1932,1946,11,0,0,0
TXN0003889,USR00489,MER0254,3072.7,Card,Android,0,3,3,1968.13,0,0.1506,143,19,0,0,0
TXN0003890,USR02886,MER0299,3510.58,Card,Android,0,1,1,3608.34,0,0.4036,319,16,0,0,0
TXN0003891,USR01986,MER0068,2063.33,UPI,Android,0,1,3,1590.01,0,0.5297,344,16,1,0,0
TXN0003892,USR03240,MER0126,1718.77,UPI,Web,0,0,1,2130.53,0,0.2281,938,18,0,0,0
TXN0003893,USR01526,MER0369,651.28,Card,Web,1,1,2,1560.12,0,0.1521,899,21,1,0,0
TXN0003894,USR00705,MER0467,998.8,UPI,Web,0,0,1,1427.98,0,0.8326,679,10,0,0,0
TXN0003895,USR02131,MER0006,5544.96,Card,Android,0,0,2,3504.72,1,0.1892,1283,9,0,0,0
TXN0003896,USR03254,MER0207,8926.22,Wallet,Android,0,1,1,1464.61,0,0.1503,657,19,0,0,0
TXN0003897,USR01865,MER0441,1891.5,Wallet,Android,0,0,3,2577.64,0,0.8279,587,23,1,0,0
TXN0003898,USR00063,MER0144,240.38,Wallet,Web,0,1,2,754.58,0,0.5891,515,18,0,0,0
TXN0003899,USR01063,MER0224,2346.36,Card,Android,0,0,2,2309.89,0,0.9229,609,14,0,0,0
TXN0003900,USR03238,MER0453,16478.13,Wallet,Android,0,1,3,4355.37,0,0.3282,1002,12,0,0,0
TXN0003901,USR01815,MER0485,22352.76,Card,iOS,0,1,1,12129.14,0,0.1531,1574,16,0,0,0
TXN0003902,USR03332,MER0328,8637.7,Wallet,Android,0,0,2,2098.76,1,0.3798,705,8,0,0,0
TXN0003903,USR01783,MER0348,3288.7,UPI,iOS,0,1,1,4277.63,0,0.2118,687,19,0,0,0
TXN0003904,USR00043,MER0307,5919.7,Card,Android,1,0,1,1310.25,0,0.5268,1446,13,1,0,0
TXN0003905,USR03056,MER0142,1297.56,UPI,iOS,0,0,1,1701.01,0,0.4786,365,17,0,0,0
TXN0003906,USR02671,MER0444,1391.94,UPI,Web,0,1,1,2009.55,0,0.1101,1542,11,0,0,0
TXN0003907,USR02504,MER0018,623.26,Card,Android,0,0,1,429.8,0,0.0651,878,17,0,0,0
TXN0003908,USR03396,MER0030,926.23,UPI,Android,0,0,2,3521.02,0,0.2361,235,11,0,0,0
TXN0003909,USR00687,MER0301,4832.93,UPI,Android,0,0,11,2064.46,0,0.4534,1036,10,0,0,0
TXN0003910,USR03171,MER0419,5448.45,Wallet,Android,0,6,1,2800.21,0,0.2732,414,14,0,0,1
TXN0003911,USR00815,MER0408,3242.99,Card,Android,0,0,1,2337.05,0,0.3845,493,14,0,0,0
TXN0003912,USR03398,MER0339,235.69,Card,Android,0,0,1,2818.65,0,0.3117,512,8,0,0,0
TXN0003913,USR00671,MER0189,1097.57,Wallet,Android,0,0,5,1390.79,1,0.2151,338,7,1,0,1
TXN0003914,USR01927,MER0180,499.51,Card,Android,0,1,1,1313.03,0,0.3679,2224,15,0,0,0
TXN0003915,USR02763,MER0213,3197.77,NetBanking,Web,0,2,1,1496.45,0,0.6779,1279,15,1,0,0
TXN0003916,USR00274,MER0129,7460.13,UPI,Android,0,0,10,3675.64,0,0.4163,482,8,0,0,1
TXN0003917,USR00234,MER0210,3621.26,UPI,Web,0,2,1,2879.03,0,0.4548,979,14,0,0,0
TXN0003918,USR02975,MER0053,2990.88,UPI,iOS,0,0,6,7476.83,0,0.0224,378,19,0,0,0
TXN0003919,USR00212,MER0160,9584.84,Wallet,Android,0,0,1,3435.94,0,0.036,1956,9,0,0,0
TXN0003920,USR02149,MER0471,598.96,UPI,Android,0,1,3,760.53,0,0.2051,545,22,0,0,0
TXN0003921,USR03284,MER0354,12500.49,Card,iOS,0,0,1,3581.93,0,0.2499,1304,19,1,0,0
TXN0003922,USR02152,MER0071,1893.17,Card,iOS,0,0,1,1644.07,0,0.1195,554,12,1,0,0
TXN0003923,USR01684,MER0144,3976.85,Wallet,Android,0,1,3,2902.55,0,0.5907,443,15,0,0,0
TXN0003924,USR01461,MER0130,783.18,Wallet,Android,1,1,2,1146.86,0,0.8692,796,10,0,0,0
TXN0003925,USR02234,MER0141,7753.61,UPI,Android,0,1,4,2959.88,0,0.6116,462,20,0,0,0
TXN0003926,USR02002,MER0346,2294.92,UPI,iOS,0,1,3,1556.79,0,0.167,498,4,0,0,0
TXN0003927,USR01757,MER0448,3406.34,Card,Web,0,0,2,1267.13,0,0.2239,444,7,1,0,0
TXN0003928,USR00538,MER0356,1664.6,Wallet,Android,0,3,2,1539.96,0,0.4201,888,0,1,0,0
TXN0003929,USR02320,MER0245,1750.55,UPI,iOS,0,0,2,1903.7,0,0.0024,345,21,1,1,0
TXN0003930,USR02590,MER0081,9229.12,Card,Android,0,0,2,6320.95,0,0.7846,388,20,0,0,0
TXN0003931,USR02481,MER0072,8117.57,UPI,Android,0,1,6,3020.44,0,0.3091,290,22,0,0,1
TXN0003932,USR00263,MER0408,11688.27,UPI,iOS,0,0,2,5909.36,0,0.3822,326,20,0,0,0
TXN0003933,USR02461,MER0339,3238.18,UPI,Web,0,1,2,3081.73,0,0.2757,495,8,0,0,0
TXN0003934,USR02555,MER0256,119.07,Wallet,Android,0,1,2,476.72,0,0.0463,130,9,0,1,0
TXN0003935,USR00642,MER0289,4227.1,Card,Android,0,0,4,2479.45,0,0.0386,294,17,0,0,0
TXN0003936,USR02972,MER0425,335.62,Card,Android,0,1,2,994.11,0,0.2611,58,21,1,0,0
TXN0003937,USR01834,MER0407,3882.1,Card,Android,0,0,1,3979.57,0,0.1938,187,18,0,0,0
TXN0003938,USR01654,MER0044,3483.1,UPI,iOS,1,0,1,3979.97,0,0.1587,376,9,0,0,0
TXN0003939,USR02530,MER0198,5207.71,UPI,iOS,0,0,1,2598.0,0,0.1615,294,21,0,0,0
TXN0003940,USR01785,MER0022,3043.56,Wallet,Android,0,1,1,2446.91,0,0.2902,115,19,0,0,0
TXN0003941,USR01907,MER0193,9658.42,UPI,Web,0,0,1,2152.7,0,0.2016,196,14,0,0,1
TXN0003942,USR01093,MER0319,2719.13,NetBanking,Web,0,0,1,3580.09,1,0.0537,1413,18,1,1,0
TXN0003943,USR03248,MER0105,1406.91,Wallet,Android,0,0,2,852.11,0,0.2915,1186,20,0,0,1
TXN0003944,USR03394,MER0076,14190.95,Card,Android,0,1,1,2736.03,0,0.0462,278,19,1,0,0
TXN0003945,USR00457,MER0246,4614.47,Card,Android,0,0,1,2606.78,0,0.3987,1273,12,0,0,0
TXN0003946,USR02566,MER0263,940.79,Wallet,Web,0,1,2,1573.43,0,0.0288,494,6,1,0,0
TXN0003947,USR00082,MER0358,2450.62,UPI,Android,0,1,1,2172.09,0,0.2261,640,8,0,0,0
TXN0003948,USR01292,MER0008,3365.43,Card,Android,0,0,1,2502.76,1,0.1178,846,12,1,0,0
TXN0003949,USR03395,MER0124,2153.71,UPI,Web,0,1,2,806.42,0,0.0263,335,20,0,0,0
TXN0003950,USR00612,MER0390,7871.12,Card,Android,0,1,2,3452.45,0,0.2146,380,16,0,0,0
TXN0003951,USR01320,MER0341,241.18,Card,Web,0,2,1,1862.82,1,0.227,1075,11,0,0,0
TXN0003952,USR00769,MER0450,498.39,UPI,iOS,0,1,3,970.53,0,0.4595,436,18,0,0,0
TXN0003953,USR02549,MER0408,770.96,UPI,Android,0,0,1,852.4,1,0.3612,611,20,0,0,0
TXN0003954,USR01624,MER0420,1291.91,Card,iOS,0,1,3,2821.1,0,0.1721,778,20,0,0,0
TXN0003955,USR02076,MER0256,208.6,NetBanking,iOS,1,0,4,3147.85,0,0.0709,787,6,1,0,1
TXN0003956,USR03299,MER0480,1724.98,Card,iOS,0,0,3,3057.69,0,0.2814,670,18,0,0,0
TXN0003957,USR01824,MER0208,720.71,Card,iOS,0,1,1,759.63,0,0.3284,772,8,1,0,0
TXN0003958,USR02570,MER0452,661.69,NetBanking,Android,0,0,1,1015.37,0,0.0132,1438,18,0,0,0
TXN0003959,USR00343,MER0196,483.91,Wallet,Web,0,6,2,1042.84,0,0.2637,925,0,0,0,1
TXN0003960,USR00754,MER0223,2185.91,Card,iOS,0,0,4,2230.39,0,0.1677,1233,14,0,0,0
TXN0003961,USR03315,MER0343,1793.88,UPI,Web,0,1,1,1473.08,0,0.3571,835,6,1,1,0
TXN0003962,USR03009,MER0200,3702.98,Card,iOS,0,0,1,5454.97,0,0.1449,790,13,0,0,0
TXN0003963,USR02299,MER0074,5233.69,UPI,Web,0,0,3,2049.22,0,0.201,303,7,1,0,0
TXN0003964,USR01324,MER0449,8963.64,Wallet,Android,0,0,1,1312.95,0,0.021,954,6,0,0,0
TXN0003965,USR00700,MER0227,1089.67,UPI,Android,0,2,1,2145.48,0,0.1139,681,14,1,0,0
TXN0003966,USR02982,MER0464,409.51,Card,Android,0,1,1,967.42,0,0.0792,1531,22,0,0,0
TXN0003967,USR02749,MER0200,5485.3,Wallet,Android,0,0,1,6722.16,0,0.1585,1061,7,0,0,0
TXN0003968,USR00846,MER0487,2145.28,Card,Web,0,0,2,1011.67,0,0.3242,1277,21,0,0,0
TXN0003969,USR02065,MER0302,727.13,UPI,Android,0,2,10,1383.2,0,0.5015,686,12,0,0,1
TXN0003970,USR02166,MER0385,3676.05,UPI,Android,0,1,2,2516.34,0,0.1123,434,19,0,0,0
TXN0003971,USR01672,MER0378,2029.34,Card,Android,0,0,1,1992.97,0,0.2312,227,16,0,0,0
TXN0003972,USR03244,MER0101,27112.32,UPI,Web,0,0,2,6785.99,0,0.4501,183,10,0,0,0
TXN0003973,USR00435,MER0408,14192.11,UPI,Android,0,0,1,1604.94,0,0.415,1495,17,0,0,0
TXN0003974,USR00903,MER0473,761.63,UPI,Web,0,1,1,1323.69,0,0.3104,405,19,1,0,0
TXN0003975,USR00333,MER0331,3813.58,Card,Android,0,2,3,2359.34,0,0.1154,920,22,1,0,0
TXN0003976,USR02426,MER0474,3952.95,Card,Android,0,0,3,2387.02,0,0.1609,886,11,0,0,0
TXN0003977,USR02255,MER0424,1231.05,UPI,Android,0,0,2,1722.4,0,0.5064,914,19,0,0,0
TXN0003978,USR03456,MER0334,1556.99,Card,Web,0,2,3,3784.18,0,0.4979,528,8,0,0,1
TXN0003979,USR01899,MER0239,2222.33,UPI,Android,0,2,1,1588.21,0,0.1764,174,21,1,0,0
TXN0003980,USR00528,MER0429,1661.71,Card,Android,0,0,2,1668.82,0,0.3819,793,9,1,0,0
TXN0003981,USR01579,MER0093,197.07,Wallet,Android,0,2,2,617.38,0,0.3293,387,16,0,0,0
TXN0003982,USR00310,MER0281,1138.24,UPI,Android,1,0,2,996.23,0,0.3718,1533,10,0,0,0
TXN0003983,USR02349,MER0408,1040.75,Card,Android,1,1,1,1730.78,0,0.3661,292,13,0,0,0
TXN0003984,USR02360,MER0473,178.88,UPI,Android,0,0,2,560.02,0,0.3213,1920,6,1,0,0
TXN0003985,USR03002,MER0134,1862.42,UPI,Android,0,0,2,2522.88,0,0.3173,663,10,0,0,0
TXN0003986,USR01190,MER0047,3326.5,Card,iOS,0,0,1,1388.49,0,0.303,176,10,0,0,0
TXN0003987,USR01086,MER0167,2939.61,Card,Android,0,0,2,1294.95,0,0.3059,497,19,0,0,0
TXN0003988,USR00250,MER0432,4191.07,Card,iOS,0,0,1,2228.43,0,0.1235,350,16,0,0,0
TXN0003989,USR01454,MER0262,11518.21,NetBanking,Web,1,0,1,1339.66,0,0.4378,1072,20,1,0,0
TXN0003990,USR01664,MER0028,4117.55,Wallet,iOS,0,1,3,2818.72,0,0.2514,623,7,0,0,0
TXN0003991,USR02641,MER0060,9266.53,UPI,iOS,0,1,2,9073.75,1,0.2551,431,5,0,0,0
TXN0003992,USR02639,MER0170,1818.35,Card,Android,0,0,1,4235.77,0,0.8964,380,10,1,0,0
TXN0003993,USR00491,MER0172,594.7,Card,Android,0,0,2,1199.93,0,0.9098,598,12,0,0,0
TXN0003994,USR00998,MER0068,753.74,Card,Android,0,0,2,1226.86,0,0.6207,777,5,0,0,0
TXN0003995,USR01791,MER0248,9205.59,UPI,Android,0,0,1,3528.36,0,0.0671,3556,10,0,0,0
TXN0003996,USR01173,MER0240,3816.5,NetBanking,Android,1,2,2,1848.02,0,0.4524,586,5,1,0,0
TXN0003997,USR00090,MER0100,1481.92,Card,Android,1,0,1,3390.06,0,0.1746,856,18,0,0,0
TXN0003998,USR02960,MER0117,1624.36,Wallet,Android,0,0,3,1643.25,0,0.0954,354,20,0,0,0
TXN0003999,USR02560,MER0333,617.68,Card,iOS,0,0,2,867.7,0,0.4668,1767,9,0,0,0
TXN0004000,USR01821,MER0477,3627.52,Wallet,Android,0,0,1,4264.06,0,0.0698,663,0,1,0,0
TXN0004001,USR01112,MER0499,421.77,UPI,Android,0,1,2,652.24,0,0.1221,470,8,0,0,0
TXN0004002,USR02950,MER0280,12610.97,UPI,Android,0,6,2,4818.53,0,0.4152,471,2,1,0,0
TXN0004003,USR00124,MER0020,1211.79,Card,Android,0,0,2,1291.38,0,0.5266,610,3,0,0,0
TXN0004004,USR01563,MER0449,964.14,Card,Android,0,1,3,867.49,0,0.0157,699,13,0,0,0
TXN0004005,USR02804,MER0476,2214.72,UPI,iOS,0,0,3,1981.12,0,0.2051,809,17,1,0,0
TXN0004006,USR03336,MER0140,750.1,Card,iOS,0,0,3,1652.77,0,0.5921,436,21,0,0,0
TXN0004007,USR00880,MER0201,1964.16,Wallet,Android,1,2,1,1909.63,0,0.3115,848,22,0,0,0
TXN0004008,USR02278,MER0013,5257.05,Wallet,Android,0,0,2,2572.05,0,0.4539,235,12,1,0,0
TXN0004009,USR00664,MER0401,6738.38,UPI,iOS,1,1,2,2453.42,0,0.1664,147,19,1,0,1
TXN0004010,USR00406,MER0388,766.05,UPI,Android,0,0,1,1840.27,0,0.2738,272,7,0,0,0
TXN0004011,USR01236,MER0011,416.94,Wallet,Android,1,2,1,1308.1,0,0.1912,710,10,0,0,0
TXN0004012,USR03098,MER0352,2855.13,NetBanking,Android,0,0,1,2870.19,0,0.2438,1258,21,0,0,0
TXN0004013,USR02414,MER0206,3248.74,UPI,Web,0,0,1,1536.73,0,0.1164,234,20,0,0,0
TXN0004014,USR01713,MER0273,3643.7,UPI,Android,1,0,1,2956.75,0,0.1015,1987,7,0,0,0
TXN0004015,USR00990,MER0110,18397.53,UPI,Android,0,0,1,11850.89,1,0.0817,1140,18,0,0,0
TXN0004016,USR00496,MER0408,471.0,Card,iOS,0,0,1,1318.47,0,0.3981,305,17,1,0,0
TXN0004017,USR00948,MER0203,994.31,Wallet,Android,1,0,3,1577.94,0,0.2262,1014,21,0,0,0
TXN0004018,USR00535,MER0421,541.08,UPI,Android,0,0,8,2764.93,0,0.1317,779,15,1,0,0
TXN0004019,USR00655,MER0075,1254.54,Card,Web,0,0,2,1461.35,0,0.0853,449,16,0,0,0
TXN0004020,USR02407,MER0294,347.5,UPI,Web,0,0,3,1735.41,1,0.2892,979,8,1,0,0
TXN0004021,USR00465,MER0156,4539.45,UPI,Android,0,1,1,1828.12,0,0.2464,255,20,0,0,0
TXN0004022,USR00166,MER0483,139372.7,Card,iOS,0,0,2,5058.65,0,0.1266,1210,21,0,1,0
TXN0004023,USR01899,MER0279,1671.75,Card,Android,1,1,1,1588.21,0,0.2582,661,7,0,0,0
TXN0004024,USR01004,MER0360,2155.91,UPI,iOS,0,0,2,6734.65,0,0.4175,705,19,1,0,0
TXN0004025,USR01592,MER0044,4041.4,UPI,iOS,0,1,1,3241.63,0,0.1504,566,19,0,0,0
TXN0004026,USR00490,MER0339,4643.25,UPI,iOS,0,0,1,1279.97,0,0.3008,2149,23,0,0,0
TXN0004027,USR00735,MER0051,10708.51,NetBanking,Android,1,0,1,7992.55,0,0.068,835,12,0,0,0
TXN0004028,USR01544,MER0181,3443.36,Wallet,Android,0,2,3,1542.27,0,0.0832,525,22,0,0,0
TXN0004029,USR02416,MER0112,1812.75,Card,iOS,0,1,2,2702.47,1,0.1234,1759,8,0,0,0
TXN0004030,USR01451,MER0002,3106.4,NetBanking,Android,1,3,1,6114.94,0,0.2664,692,20,0,0,0
TXN0004031,USR01897,MER0294,3375.76,Card,Web,0,0,2,3734.61,0,0.3252,227,17,1,0,0
TXN0004032,USR01827,MER0121,501.42,UPI,Android,0,0,3,2110.48,0,0.3086,499,11,0,0,0
TXN0004033,USR00942,MER0257,28276.16,Card,Web,0,6,2,5823.35,0,0.2245,682,17,1,0,1
TXN0004034,USR00979,MER0382,1867.23,Wallet,Android,0,0,1,1775.19,0,0.2659,248,0,0,0,0
TXN0004035,USR01491,MER0090,2239.4,Card,Android,0,0,5,1261.29,0,0.1023,1549,18,1,0,0
TXN0004036,USR00113,MER0355,360.0,NetBanking,Web,0,0,2,527.63,0,0.0569,1266,9,0,0,0
TXN0004037,USR02399,MER0149,647.48,Card,Android,0,1,4,2067.54,0,0.216,359,12,1,0,0
TXN0004038,USR02151,MER0166,4550.78,NetBanking,Android,0,0,1,1713.8,0,0.3908,777,18,0,0,0
TXN0004039,USR01072,MER0289,694.09,Wallet,iOS,1,0,1,1639.19,0,0.0122,246,22,0,0,0
TXN0004040,USR01309,MER0313,5672.04,Wallet,Android,0,0,2,4638.47,0,0.3241,1025,17,0,0,0
TXN0004041,USR01151,MER0328,5149.69,NetBanking,Web,0,0,1,829.5,0,0.3324,610,18,0,0,0
TXN0004042,USR02280,MER0098,2051.42,UPI,iOS,0,0,1,2044.78,0,0.78,663,18,0,0,0
TXN0004043,USR02660,MER0290,6669.51,Card,iOS,0,1,1,12335.08,0,0.1988,1980,11,0,0,0
TXN0004044,USR00381,MER0132,1134.56,UPI,Android,0,0,2,1328.41,0,0.2666,992,15,0,0,0
TXN0004045,USR01447,MER0139,632.57,Wallet,Android,0,1,1,1317.94,0,0.234,972,11,1,0,0
TXN0004046,USR00049,MER0474,5655.37,Card,iOS,0,0,2,3320.11,0,0.1424,854,10,1,0,0
TXN0004047,USR01583,MER0051,1952.98,UPI,Android,0,0,1,1360.49,0,0.0,202,19,1,0,0
TXN0004048,USR00870,MER0207,3395.47,UPI,Android,0,1,1,3624.99,0,0.1606,152,9,0,0,0
TXN0004049,USR01176,MER0220,972.0,UPI,iOS,0,1,1,1538.51,0,0.3563,846,22,1,0,0
TXN0004050,USR01598,MER0123,10651.8,UPI,iOS,0,1,1,2455.82,0,0.3553,459,7,0,0,0
TXN0004051,USR01134,MER0393,887.69,UPI,Android,0,1,3,2383.0,0,0.257,2309,13,0,0,0
TXN0004052,USR01380,MER0244,475.33,NetBanking,iOS,0,1,2,1519.48,0,0.2376,217,18,1,0,0
TXN0004053,USR02677,MER0360,986.83,Card,Web,1,1,12,1100.52,0,0.4204,644,19,0,0,0
TXN0004054,USR02837,MER0194,1811.47,NetBanking,Android,0,0,1,2293.16,0,0.5771,887,21,1,0,0
TXN0004055,USR00021,MER0449,5422.1,UPI,Android,0,0,1,2586.29,0,0.0007,495,10,0,0,0
TXN0004056,USR01323,MER0365,7700.69,UPI,Android,0,0,1,5084.04,0,0.1193,364,8,0,0,0
TXN0004057,USR02965,MER0167,2917.81,NetBanking,Android,0,0,3,3002.89,0,0.3446,246,0,0,0,1
TXN0004058,USR01857,MER0482,2796.18,Card,iOS,0,0,2,2050.35,0,0.8229,41,12,0,0,0
TXN0004059,USR00719,MER0433,2051.97,UPI,Android,0,1,1,1524.46,0,0.2201,757,2,0,0,0
TXN0004060,USR02078,MER0296,18194.37,Wallet,iOS,1,0,7,4206.17,0,0.4419,1243,18,1,0,0
TXN0004061,USR00508,MER0009,2293.93,UPI,Android,0,1,7,2009.42,0,0.1757,763,0,0,0,0
TXN0004062,USR00077,MER0296,2123.23,UPI,Android,0,0,1,3644.84,0,0.4427,576,7,0,0,0
TXN0004063,USR02214,MER0346,20268.84,Card,Android,0,2,1,4187.33,0,0.129,1674,17,1,0,0
TXN0004064,USR01803,MER0183,739.1,Card,Android,0,0,2,5119.86,0,0.26,829,12,1,0,0
TXN0004065,USR02648,MER0072,1697.2,Card,Android,0,0,2,1826.65,0,0.2087,1937,16,1,1,0
TXN0004066,USR01207,MER0283,3398.9,UPI,Android,0,0,3,1626.62,0,0.1379,321,23,0,0,0
TXN0004067,USR02990,MER0401,1772.89,UPI,Android,0,0,1,1208.09,0,0.1548,770,12,1,0,0
TXN0004068,USR01475,MER0160,2514.84,UPI,Android,0,0,1,2132.4,0,0.0329,257,19,0,0,0
TXN0004069,USR02584,MER0229,5589.51,UPI,iOS,0,0,4,3681.94,0,0.6501,980,10,0,0,0
TXN0004070,USR00352,MER0001,2966.96,UPI,Android,0,0,1,1409.44,0,0.2899,995,17,0,0,0
TXN0004071,USR00341,MER0352,4909.14,Card,Android,0,0,3,1849.53,0,0.2406,1663,9,1,0,0
TXN0004072,USR02740,MER0434,1188.25,Wallet,Android,1,0,1,905.12,0,0.2032,437,9,0,0,0
TXN0004073,USR02919,MER0389,2836.81,NetBanking,Android,0,0,2,3744.48,0,0.1039,1036,17,0,0,0
TXN0004074,USR03299,MER0215,2381.8,Wallet,iOS,0,0,3,3057.69,0,0.2741,251,9,0,0,0
TXN0004075,USR01137,MER0023,9480.31,UPI,Android,0,2,1,4927.99,0,0.3619,432,12,1,0,0
TXN0004076,USR00078,MER0247,6954.03,Card,iOS,1,0,2,5044.89,0,0.1567,604,8,1,0,0
TXN0004077,USR03430,MER0471,3768.25,NetBanking,Android,0,0,2,3549.1,1,0.217,823,13,0,0,0
TXN0004078,USR02105,MER0042,3352.83,UPI,Android,0,0,9,5784.62,1,0.2944,671,20,0,0,0
TXN0004079,USR00865,MER0107,10284.28,UPI,Web,0,0,1,5396.27,0,0.1694,1245,16,0,0,0
TXN0004080,USR02674,MER0419,803.18,UPI,Android,0,0,2,1016.16,0,0.2734,231,21,0,0,0
TXN0004081,USR03164,MER0285,3478.5,Card,Android,0,1,1,3748.61,0,0.1614,287,21,0,0,0
TXN0004082,USR00997,MER0086,1149.55,NetBanking,iOS,1,0,1,1258.2,0,0.0934,1530,21,1,0,0
TXN0004083,USR02694,MER0013,4973.66,Card,iOS,0,0,2,3782.04,0,0.4713,133,10,0,0,0
TXN0004084,USR02757,MER0206,1648.17,Card,Android,0,0,3,3961.73,0,0.1316,660,21,0,0,0
TXN0004085,USR01756,MER0298,7175.28,Card,iOS,0,0,5,5030.93,0,0.1743,2694,17,0,0,0
TXN0004086,USR02214,MER0421,2370.31,Wallet,Android,0,1,1,4187.33,0,0.1526,1372,10,0,0,0
TXN0004087,USR00944,MER0442,1067.9,UPI,Web,0,0,2,1839.46,0,0.3296,606,15,1,0,0
TXN0004088,USR03253,MER0229,1355.83,Card,Android,0,0,1,753.55,0,0.6145,1145,22,1,0,0
TXN0004089,USR03441,MER0212,1278.83,NetBanking,Android,0,0,1,2752.11,0,0.1936,853,20,0,0,0
TXN0004090,USR03434,MER0466,5897.8,NetBanking,Android,0,2,1,3282.16,0,0.3143,989,4,0,0,0
TXN0004091,USR02580,MER0389,2063.59,UPI,iOS,0,0,10,2016.7,0,0.123,1083,12,0,0,0
TXN0004092,USR00149,MER0105,528.08,UPI,Android,0,1,4,1818.93,0,0.2522,667,3,0,0,0
TXN0004093,USR01283,MER0341,6062.77,NetBanking,iOS,0,2,2,2386.3,0,0.2735,205,21,0,0,0
TXN0004094,USR01558,MER0358,1861.99,NetBanking,iOS,0,0,1,1565.59,0,0.2222,355,12,0,0,0
TXN0004095,USR03360,MER0117,1022.47,UPI,Android,0,1,1,809.33,0,0.1224,287,8,0,0,0
TXN0004096,USR01915,MER0489,2375.83,UPI,iOS,0,1,1,1209.41,0,0.3835,447,19,0,0,0
TXN0004097,USR01877,MER0149,6630.81,UPI,iOS,0,2,2,2368.57,0,0.1554,662,6,0,0,0
TXN0004098,USR00514,MER0275,4918.66,Card,Web,0,1,3,4474.06,0,0.2562,1439,12,0,0,0
TXN0004099,USR02779,MER0247,1743.4,UPI,Android,0,1,2,1175.14,1,0.1599,203,23,0,0,0
TXN0004100,USR01178,MER0347,28183.53,UPI,Android,0,2,2,2877.89,0,0.1626,821,10,0,0,1
TXN0004101,USR00322,MER0451,1133.51,Wallet,Web,0,0,1,1525.28,0,0.0206,537,12,1,0,0
TXN0004102,USR03457,MER0197,626.42,UPI,Android,0,0,2,2059.24,0,0.4627,352,3,0,0,0
TXN0004103,USR00666,MER0193,1843.58,NetBanking,iOS,0,1,2,1660.24,0,0.1853,660,7,0,0,0
TXN0004104,USR00057,MER0376,2696.38,UPI,Android,0,1,1,1050.3,0,0.374,715,18,0,0,0
TXN0004105,USR00273,MER0477,1532.02,UPI,iOS,0,0,1,1058.22,0,0.052,914,10,1,0,0
TXN0004106,USR01584,MER0455,3812.71,NetBanking,iOS,1,0,1,8644.18,0,0.447,489,4,1,0,0
TXN0004107,USR00361,MER0377,13253.88,UPI,Web,0,1,5,6322.25,1,0.1672,546,18,0,0,0
TXN0004108,USR02950,MER0352,3668.02,UPI,iOS,0,0,1,4818.53,0,0.245,855,16,1,0,0
TXN0004109,USR01794,MER0385,331.61,UPI,Android,0,0,1,1572.16,1,0.1895,844,22,0,1,1
TXN0004110,USR01134,MER0468,4717.36,Card,Android,1,1,3,2383.0,0,0.2869,912,15,0,0,0
TXN0004111,USR00012,MER0006,719.92,Card,iOS,0,0,1,1494.9,0,0.1784,292,6,0,0,0
TXN0004112,USR01680,MER0295,2070.51,NetBanking,iOS,0,0,2,603.91,0,0.0696,1703,11,1,0,0
TXN0004113,USR00530,MER0018,3184.77,NetBanking,Android,0,0,3,1465.19,0,0.0831,433,8,0,1,0
TXN0004114,USR03424,MER0289,3081.9,UPI,Android,1,1,1,3817.37,0,0.0259,818,15,0,0,1
TXN0004115,USR01019,MER0198,1812.04,UPI,iOS,0,1,2,1368.5,0,0.1533,239,10,1,0,0
TXN0004116,USR01663,MER0153,2881.7,Card,Android,0,0,2,528.96,0,0.212,506,10,1,0,0
TXN0004117,USR00066,MER0446,3184.92,NetBanking,iOS,0,0,1,1629.74,0,0.2419,753,17,0,0,0
TXN0004118,USR00459,MER0355,1126.41,UPI,Web,0,0,6,997.54,0,0.0596,1052,14,1,0,0
TXN0004119,USR00727,MER0284,7283.57,UPI,Android,0,0,1,956.41,0,0.247,1040,18,0,0,0
TXN0004120,USR00182,MER0441,4624.64,UPI,Android,0,0,2,4467.1,0,0.897,291,17,0,0,1
TXN0004121,USR02541,MER0049,1861.72,NetBanking,Web,0,1,2,1287.36,0,0.9391,364,7,0,0,0
TXN0004122,USR03309,MER0324,526.5,UPI,Android,0,0,2,1086.08,0,0.1433,183,5,0,0,0
TXN0004123,USR03449,MER0079,202.11,Card,Web,0,0,3,709.54,0,0.2172,1142,13,1,0,0
TXN0004124,USR00931,MER0117,1845.8,UPI,Android,0,0,1,2387.23,0,0.0658,1395,21,0,0,0
TXN0004125,USR02761,MER0093,4506.82,Card,Android,0,0,2,4608.66,0,0.3477,320,19,0,0,0
TXN0004126,USR01765,MER0273,1334.52,UPI,Android,0,0,1,1106.83,0,0.1439,775,20,0,0,0
TXN0004127,USR00161,MER0315,773.39,Card,Android,0,0,3,2259.76,0,0.0706,2308,23,0,0,0
TXN0004128,USR00318,MER0378,2949.44,UPI,Web,0,0,1,1926.93,0,0.2293,577,12,1,0,0
TXN0004129,USR01918,MER0221,1772.56,UPI,iOS,0,1,3,3388.21,0,0.1749,634,19,0,0,0
TXN0004130,USR01483,MER0470,1796.52,UPI,Android,0,8,2,1218.43,0,0.1467,859,12,0,0,0
TXN0004131,USR00030,MER0187,4650.5,Wallet,Android,0,0,2,2493.85,0,0.1511,1367,0,1,0,0
TXN0004132,USR03256,MER0079,651.05,Card,iOS,0,0,1,909.92,0,0.2367,674,12,0,0,0
TXN0004133,USR02557,MER0019,1472.57,UPI,Android,0,0,1,3098.62,0,0.0498,1216,10,1,0,0
TXN0004134,USR01759,MER0064,3867.39,UPI,Android,0,0,11,1337.97,0,0.2322,966,10,0,0,0
TXN0004135,USR03455,MER0223,3808.71,UPI,iOS,0,2,1,2135.7,0,0.2074,599,17,1,0,0
TXN0004136,USR03399,MER0207,4469.61,UPI,Android,0,1,2,4211.75,0,0.1693,113,16,0,0,0
TXN0004137,USR03409,MER0428,4484.77,Wallet,Android,0,8,1,1637.91,0,0.0628,391,6,0,0,0
TXN0004138,USR00906,MER0063,6776.55,UPI,Android,0,0,1,6709.47,0,0.3813,235,18,0,0,0
TXN0004139,USR03084,MER0132,2260.63,Card,Android,1,1,2,3715.11,0,0.2582,1289,21,0,0,1
TXN0004140,USR01766,MER0491,2359.47,Card,Android,0,2,1,5102.15,0,0.0115,595,11,0,0,0
TXN0004141,USR02542,MER0015,1800.22,NetBanking,Android,0,0,3,2045.26,0,0.1273,1338,17,0,0,0
TXN0004142,USR03009,MER0213,9044.59,Card,Android,0,0,1,5454.97,0,0.6721,287,8,0,0,0
TXN0004143,USR00572,MER0100,3716.02,UPI,Web,0,1,2,1436.24,0,0.1889,1887,7,0,0,0
TXN0004144,USR01569,MER0267,3989.95,UPI,Android,0,0,2,4124.11,0,0.2792,737,0,1,0,0
TXN0004145,USR00452,MER0487,8929.88,UPI,iOS,0,1,2,3919.46,0,0.3415,870,18,0,0,0
TXN0004146,USR00979,MER0114,1447.21,UPI,Android,1,1,2,1775.19,0,0.3153,462,5,0,0,0
TXN0004147,USR01448,MER0186,1006.28,UPI,Android,0,0,3,1857.08,0,0.3251,591,11,0,0,0
TXN0004148,USR02995,MER0225,261.96,NetBanking,Android,0,1,2,705.39,0,0.3718,661,14,1,0,0
TXN0004149,USR03020,MER0400,1253.7,UPI,iOS,0,0,3,1897.6,0,0.2258,286,7,1,0,0
TXN0004150,USR01365,MER0493,2896.12,Card,Android,0,1,2,7589.79,0,0.4299,1297,19,1,0,0
TXN0004151,USR01153,MER0049,30423.8,UPI,Android,0,0,1,7526.1,0,0.9775,120,23,0,0,0
TXN0004152,USR01858,MER0245,2000.9,UPI,iOS,0,1,2,1533.12,1,0.0624,226,17,0,0,0
TXN0004153,USR03192,MER0377,2248.61,UPI,Android,0,0,2,2532.37,0,0.1972,427,13,0,0,0
TXN0004154,USR03418,MER0005,19836.84,UPI,Web,0,0,3,6035.75,0,0.1886,497,16,0,0,0
TXN0004155,USR00794,MER0404,467.04,UPI,Android,0,2,7,1253.95,0,0.3895,1253,16,1,0,0
TXN0004156,USR00653,MER0122,1036.75,NetBanking,Web,0,0,1,1203.02,1,0.3182,738,19,0,0,0
TXN0004157,USR02474,MER0260,16746.05,Card,iOS,0,0,1,4172.01,0,0.5403,219,3,0,0,0
TXN0004158,USR01055,MER0490,4907.91,UPI,Android,0,5,3,5723.37,0,0.305,322,23,0,0,0
TXN0004159,USR00700,MER0318,11882.55,UPI,Android,0,0,2,2145.48,0,0.2462,263,18,0,0,0
TXN0004160,USR00109,MER0495,2654.89,NetBanking,Web,0,0,2,1585.29,0,0.1287,1085,19,0,0,0
TXN0004161,USR01412,MER0302,5543.27,UPI,Android,0,0,2,2275.77,0,0.4847,706,14,1,0,0
TXN0004162,USR01372,MER0106,7705.55,UPI,Android,1,0,1,3098.19,0,0.0097,333,11,1,0,0
TXN0004163,USR01971,MER0347,1286.95,Wallet,Android,0,0,4,1351.38,0,0.1762,1495,17,0,0,0
TXN0004164,USR00701,MER0308,1653.71,Card,Android,1,0,2,2470.78,0,0.1683,791,12,1,0,0
TXN0004165,USR02501,MER0156,5443.44,UPI,Android,1,0,1,6218.5,0,0.236,2441,10,0,1,0
TXN0004166,USR02381,MER0039,391.04,Card,Android,0,0,2,836.64,0,0.2559,443,15,0,0,0
TXN0004167,USR01619,MER0325,616.09,UPI,Web,0,0,1,679.18,0,0.1264,673,16,0,0,0
TXN0004168,USR00635,MER0289,2546.88,Card,Android,0,2,4,2685.97,1,0.0472,657,20,0,0,0
TXN0004169,USR01775,MER0387,7976.2,UPI,iOS,0,0,2,2484.85,0,0.8013,382,10,0,0,0
TXN0004170,USR02362,MER0063,6230.48,Wallet,Web,0,1,2,4272.91,0,0.3928,791,17,0,0,0
TXN0004171,USR01305,MER0270,50740.55,Card,Android,0,0,3,9734.15,0,0.3813,667,21,0,0,0
TXN0004172,USR00923,MER0410,219.86,UPI,iOS,0,0,1,1094.27,0,0.2202,633,12,1,1,0
TXN0004173,USR01773,MER0446,856.79,Card,Android,0,0,1,2163.45,0,0.2549,455,22,0,0,0
TXN0004174,USR01244,MER0470,1976.49,UPI,Android,0,0,2,2683.64,0,0.1419,1419,15,1,0,0
TXN0004175,USR01402,MER0106,8613.33,NetBanking,Android,0,0,2,3091.68,0,0.0,553,23,0,0,0
TXN0004176,USR01222,MER0087,2008.12,UPI,Android,0,0,1,2284.38,0,0.2147,1064,6,0,0,0
TXN0004177,USR01063,MER0289,763.66,UPI,Android,0,2,1,2309.89,1,0.0,494,0,1,0,1
TXN0004178,USR02509,MER0232,4058.11,Wallet,Android,0,2,4,5089.64,0,0.0731,662,22,1,0,0
TXN0004179,USR01611,MER0118,445.64,UPI,Android,0,2,9,1109.63,0,0.0505,1204,19,0,0,0
TXN0004180,USR01633,MER0052,475.54,UPI,Web,0,1,2,1363.56,0,0.4533,403,19,0,0,0
TXN0004181,USR02286,MER0072,8787.6,Wallet,Web,0,0,1,2190.62,0,0.2643,953,20,1,0,0
TXN0004182,USR01265,MER0170,1440.81,Card,iOS,0,0,1,1951.04,0,0.8636,764,7,0,0,0
TXN0004183,USR00354,MER0370,1624.09,UPI,Android,1,1,3,1507.24,0,0.4146,306,20,1,0,0
TXN0004184,USR02985,MER0033,1931.75,Card,Web,0,5,1,2171.37,0,0.2856,1124,12,0,0,0
TXN0004185,USR00195,MER0053,1392.89,Card,Web,0,0,1,1754.99,0,0.0238,615,9,1,0,0
TXN0004186,USR02002,MER0133,808.44,Wallet,iOS,0,0,1,1556.79,0,0.2836,1527,8,0,0,0
TXN0004187,USR00931,MER0437,1815.71,Card,iOS,0,0,3,2387.23,0,0.2864,411,15,0,0,0
TXN0004188,USR00749,MER0496,1114.11,Card,Android,0,0,1,918.74,0,0.1742,865,16,0,0,0
TXN0004189,USR00147,MER0221,5096.78,Wallet,Web,0,0,2,1929.36,0,0.1403,879,12,1,0,0
TXN0004190,USR03151,MER0023,6384.01,UPI,Android,0,2,1,3392.76,0,0.3738,749,4,0,0,0
TXN0004191,USR01503,MER0006,2264.56,UPI,iOS,1,0,1,5726.52,0,0.1758,273,19,0,0,0
TXN0004192,USR01200,MER0430,3815.49,Card,Android,0,0,1,1968.61,0,0.0195,763,10,1,0,0
TXN0004193,USR02595,MER0223,2594.16,UPI,Android,0,0,2,1936.63,0,0.2042,122,14,0,0,0
TXN0004194,USR00137,MER0039,1342.07,Card,Web,0,0,1,2212.26,0,0.2296,1463,6,1,0,0
TXN0004195,USR01976,MER0417,7914.19,UPI,iOS,0,0,1,7297.62,0,0.0772,897,19,0,0,0
TXN0004196,USR01732,MER0265,12908.23,Card,iOS,0,1,1,8987.35,0,0.259,1448,8,0,0,0
TXN0004197,USR01938,MER0175,1101.24,Card,Android,0,0,3,1119.14,0,0.3214,760,10,0,0,0
TXN0004198,USR00434,MER0227,2722.48,Wallet,Android,0,1,2,2025.4,0,0.0752,1271,8,1,0,0
TXN0004199,USR03334,MER0113,1348.43,UPI,Android,1,1,3,2638.65,1,0.8727,773,22,0,0,1
TXN0004200,USR00835,MER0466,32885.53,Wallet,Web,0,0,9,8233.36,0,0.3187,837,4,0,0,0
TXN0004201,USR02375,MER0394,523.13,UPI,Android,0,3,1,2205.96,0,0.9599,252,20,0,0,1
TXN0004202,USR02615,MER0100,4704.22,Card,Android,0,0,3,3262.22,0,0.2349,613,7,0,0,0
TXN0004203,USR01204,MER0368,1411.79,Card,Android,0,0,1,1139.72,0,0.4145,485,6,0,0,0
TXN0004204,USR00458,MER0090,2332.55,UPI,Android,0,0,2,1543.49,0,0.0747,783,9,0,0,0
TXN0004205,USR01039,MER0227,599.04,NetBanking,Android,0,0,2,1048.75,0,0.0611,825,0,0,0,0
TXN0004206,USR02825,MER0375,4223.63,UPI,iOS,0,1,1,1913.38,0,0.4477,593,17,0,0,0
TXN0004207,USR03173,MER0019,2103.01,UPI,Web,0,0,2,2389.57,1,0.0536,389,18,0,0,0
TXN0004208,USR03280,MER0363,468.19,Card,Android,0,1,3,1156.25,0,0.0871,570,22,0,0,0
TXN0004209,USR00793,MER0113,1341.25,Card,Android,0,0,2,3101.44,0,0.8694,332,0,0,0,1
TXN0004210,USR02123,MER0350,2582.24,Card,Web,0,0,3,2481.51,0,0.1445,270,16,1,0,0
TXN0004211,USR00529,MER0250,1228.97,UPI,Android,0,0,1,4078.26,0,0.0472,806,10,0,0,0
TXN0004212,USR02487,MER0014,11872.09,UPI,iOS,0,1,1,3413.8,0,0.2036,516,21,0,0,0
TXN0004213,USR01456,MER0381,16065.24,UPI,Android,0,0,11,7936.2,1,0.398,955,7,0,0,0
TXN0004214,USR02498,MER0130,6308.1,Card,Android,0,0,4,1779.81,0,0.8566,197,15,0,0,0
TXN0004215,USR02398,MER0477,5054.8,Card,Android,0,0,1,1538.66,0,0.0764,676,12,1,0,0
TXN0004216,USR03475,MER0420,4493.81,Wallet,Android,0,0,1,6086.51,0,0.181,240,8,1,0,0
TXN0004217,USR01711,MER0097,1688.45,UPI,Android,0,1,3,3319.22,0,0.1624,651,9,0,0,0
TXN0004218,USR01196,MER0301,451.86,Card,Android,0,0,2,3266.15,0,0.4456,865,18,0,0,0
TXN0004219,USR01844,MER0182,1986.75,NetBanking,Android,0,0,1,2798.24,0,0.5814,532,9,0,0,0
TXN0004220,USR00570,MER0302,5902.54,UPI,Web,0,1,2,1740.4,0,0.4717,2105,23,1,0,0
TXN0004221,USR00392,MER0279,2649.81,UPI,Android,0,1,2,5055.83,0,0.3184,634,11,0,0,0
TXN0004222,USR01818,MER0148,27557.12,NetBanking,Android,0,0,3,3610.03,0,0.1814,1239,18,1,0,0
TXN0004223,USR02889,MER0326,2692.85,UPI,Android,0,0,1,4220.24,0,0.3327,465,17,1,0,0
TXN0004224,USR01867,MER0131,1051.28,Card,Android,0,1,1,843.67,0,0.1648,208,19,0,0,0
TXN0004225,USR02737,MER0454,17135.5,UPI,Android,0,1,1,7136.14,0,0.3343,594,18,0,0,0
TXN0004226,USR00623,MER0474,279.05,UPI,Android,0,0,2,888.57,0,0.1228,471,19,1,0,0
TXN0004227,USR01573,MER0083,355.49,Wallet,iOS,0,0,2,986.23,0,0.1482,666,21,0,0,0
TXN0004228,USR02146,MER0364,6367.68,UPI,Android,0,0,2,2295.31,0,0.2884,1592,16,1,0,0
TXN0004229,USR01217,MER0465,3198.81,Wallet,Android,0,0,2,1983.71,0,0.2059,573,21,0,0,0
TXN0004230,USR00050,MER0064,1042.29,UPI,Android,0,0,1,1320.71,0,0.278,747,18,0,0,0
TXN0004231,USR00258,MER0370,6512.79,UPI,Android,0,0,2,2003.04,0,0.4057,404,21,0,1,0
TXN0004232,USR03247,MER0469,333.77,UPI,iOS,0,1,2,937.54,1,0.2114,687,9,0,0,0
TXN0004233,USR02118,MER0113,57050.03,Wallet,Web,0,1,3,5801.43,0,0.854,385,16,0,0,1
TXN0004234,USR00927,MER0292,1612.62,UPI,Android,0,1,1,1780.67,0,0.0609,1039,12,0,1,0
TXN0004235,USR00906,MER0399,9877.22,UPI,Android,0,1,2,6709.47,0,0.3398,505,16,1,0,0
TXN0004236,USR00139,MER0167,404.91,UPI,iOS,0,0,2,2374.19,0,0.383,476,7,1,0,0
TXN0004237,USR03307,MER0119,1662.04,Card,iOS,0,0,2,2108.03,0,0.4077,1199,19,0,0,0
TXN0004238,USR00379,MER0199,3768.73,UPI,Web,1,0,1,2330.88,0,0.1345,113,19,0,0,0
TXN0004239,USR02659,MER0168,326.69,NetBanking,iOS,0,0,1,359.47,0,0.2047,215,6,1,0,0
TXN0004240,USR00841,MER0363,3365.44,UPI,Android,0,0,2,1432.96,0,0.0954,460,19,1,0,0
TXN0004241,USR01175,MER0186,5049.51,UPI,Web,0,1,1,2202.5,0,0.2735,256,18,0,0,0
TXN0004242,USR00959,MER0189,353.1,UPI,Android,1,0,2,740.2,0,0.2295,753,19,0,0,0
TXN0004243,USR02886,MER0473,6212.25,UPI,Android,0,0,1,3608.34,1,0.3129,822,11,0,0,0
TXN0004244,USR00115,MER0290,959.2,Wallet,Web,0,0,1,2060.73,0,0.1716,218,16,0,0,0
TXN0004245,USR01234,MER0465,7848.97,NetBanking,iOS,0,1,2,1335.08,0,0.1919,429,21,0,0,1
TXN0004246,USR00978,MER0356,2052.13,Card,Android,1,0,1,1345.09,0,0.3974,803,16,0,0,1
TXN0004247,USR00956,MER0443,849.45,Wallet,Android,0,0,1,1629.44,0,0.192,501,10,1,0,0
TXN0004248,USR00676,MER0098,1167.28,Wallet,Android,0,0,1,696.34,1,0.7627,1300,10,0,0,0
TXN0004249,USR03194,MER0470,2722.95,UPI,Android,0,0,2,4118.85,0,0.208,1068,12,0,0,0
TXN0004250,USR01326,MER0473,803.96,UPI,Web,1,0,2,1283.89,0,0.272,583,9,0,0,0
TXN0004251,USR01464,MER0021,2194.77,Card,iOS,0,0,1,1387.2,0,0.4024,734,15,0,0,0
TXN0004252,USR01349,MER0179,1100.1,NetBanking,iOS,0,1,2,2111.3,0,0.088,1163,18,0,0,0
TXN0004253,USR03431,MER0207,1399.04,Wallet,iOS,0,0,4,2785.17,0,0.1571,738,10,1,0,0
TXN0004254,USR01187,MER0210,4836.46,Card,Android,0,2,1,2402.6,0,0.5008,312,18,0,0,0
TXN0004255,USR01196,MER0390,3359.44,UPI,Android,0,0,1,3266.15,0,0.2079,1661,7,0,0,0
TXN0004256,USR01148,MER0350,2531.32,Wallet,Android,1,0,7,7581.47,0,0.1024,757,6,0,0,0
TXN0004257,USR01145,MER0107,1415.52,Card,Android,0,0,1,803.67,0,0.1692,229,11,0,0,0
TXN0004258,USR00315,MER0305,2422.16,NetBanking,Android,0,1,2,3412.4,0,0.2048,944,19,0,0,0
TXN0004259,USR02115,MER0488,710.44,Card,Web,0,1,3,2050.94,0,0.1549,903,8,0,0,0
TXN0004260,USR00089,MER0221,127.72,UPI,Android,0,0,1,816.54,0,0.1375,235,7,0,0,0
TXN0004261,USR00791,MER0465,4409.74,Card,Android,0,1,2,2419.01,0,0.1603,1402,13,0,0,0
TXN0004262,USR00708,MER0325,565.89,UPI,Web,0,1,2,1104.94,0,0.137,181,15,0,0,0
TXN0004263,USR01021,MER0463,674.09,UPI,iOS,0,1,1,1735.29,0,0.4532,420,14,0,0,0
TXN0004264,USR02649,MER0452,4726.1,Card,Android,1,1,1,3135.32,0,0.0366,382,11,1,0,0
TXN0004265,USR02099,MER0009,4556.87,Wallet,Android,0,1,3,2681.74,0,0.2133,313,11,0,1,0
TXN0004266,USR03468,MER0401,2808.83,Wallet,iOS,0,0,1,5204.29,0,0.1977,671,8,0,0,0
TXN0004267,USR01230,MER0095,1538.44,UPI,Android,0,0,2,838.34,0,0.0116,418,13,0,0,0
TXN0004268,USR03250,MER0413,6858.52,UPI,Android,0,1,1,1642.09,0,0.1345,1531,12,0,0,0
TXN0004269,USR00158,MER0405,2029.05,UPI,iOS,0,0,1,808.94,0,0.3371,1021,20,1,0,0
TXN0004270,USR01765,MER0130,2481.99,Card,Android,0,0,1,1106.83,0,0.8529,1254,16,1,1,0
TXN0004271,USR02796,MER0034,1636.93,Card,Android,0,0,1,1372.52,0,0.1485,1642,11,0,1,0
TXN0004272,USR01862,MER0210,2264.15,Card,Android,0,0,1,3276.17,0,0.473,339,10,0,0,0
TXN0004273,USR03267,MER0152,1345.29,UPI,Web,1,0,1,1472.34,0,0.1073,867,19,1,0,0
TXN0004274,USR01102,MER0277,1041.77,Wallet,Web,0,0,1,797.39,0,0.4229,411,15,0,0,0
TXN0004275,USR00117,MER0042,788.32,UPI,Android,0,1,1,2049.42,0,0.2752,728,18,0,0,0
TXN0004276,USR02709,MER0023,742.14,Card,Android,0,4,5,1357.63,0,0.3406,428,15,1,0,0
TXN0004277,USR00239,MER0219,554.15,Wallet,Android,0,0,1,1628.5,0,0.2507,207,21,0,0,0
TXN0004278,USR02677,MER0385,1240.01,UPI,iOS,0,1,2,1100.52,0,0.1907,714,14,0,0,0
TXN0004279,USR02567,MER0158,1809.82,UPI,Android,0,2,1,1792.17,0,0.1337,521,15,0,0,0
TXN0004280,USR02955,MER0162,3516.92,Card,iOS,0,1,2,5915.26,0,0.1071,740,22,0,0,0
TXN0004281,USR01677,MER0083,1889.76,UPI,Web,0,1,1,1100.42,0,0.2136,580,9,0,0,0
TXN0004282,USR03135,MER0142,1559.13,Card,Android,0,0,2,3477.25,0,0.5434,514,18,1,0,0
TXN0004283,USR00595,MER0150,823.77,NetBanking,Android,0,1,1,1423.07,0,0.4198,211,8,1,0,0
TXN0004284,USR01521,MER0130,1475.16,UPI,Android,0,0,1,884.08,0,0.8735,1229,11,0,0,0
TXN0004285,USR00427,MER0172,8058.44,NetBanking,Android,0,0,2,4340.43,0,0.8499,1164,20,0,0,0
TXN0004286,USR02685,MER0142,1522.57,UPI,Web,0,1,1,2838.64,0,0.5042,536,14,0,0,0
TXN0004287,USR02500,MER0341,2914.78,Card,Android,0,0,1,2592.76,0,0.2082,677,16,0,0,0
TXN0004288,USR02823,MER0170,767.22,UPI,iOS,0,1,1,1413.07,0,0.8764,545,11,0,0,0
TXN0004289,USR02676,MER0378,2673.25,Card,Android,0,7,1,3239.37,0,0.1876,297,5,0,1,0
TXN0004290,USR01080,MER0303,849.8,NetBanking,Android,0,0,2,805.48,0,0.2454,569,12,0,0,0
TXN0004291,USR00239,MER0321,2318.97,UPI,Android,0,0,2,1628.5,0,0.0764,552,15,1,0,0
TXN0004292,USR03253,MER0292,900.94,NetBanking,Web,0,0,8,753.55,0,0.0149,695,5,0,0,0
TXN0004293,USR01725,MER0462,5372.61,Card,Web,0,0,2,4639.64,0,0.4048,587,13,0,0,1
TXN0004294,USR00331,MER0128,1061.57,NetBanking,Android,0,1,2,2426.06,0,0.5878,361,9,1,0,0
TXN0004295,USR03245,MER0492,1589.83,Card,iOS,0,0,2,1263.73,0,0.1726,1242,22,0,0,0
TXN0004296,USR03480,MER0104,4675.85,Card,Android,0,0,3,3305.68,0,0.0739,837,19,0,0,0
TXN0004297,USR01560,MER0070,6883.6,NetBanking,Android,0,0,2,4406.62,1,0.0296,639,19,0,0,0
TXN0004298,USR02696,MER0414,648.35,Card,Android,0,0,2,1144.22,0,0.254,1213,3,0,0,0
TXN0004299,USR00128,MER0448,1967.95,Wallet,Android,0,0,3,1070.12,0,0.2058,634,10,0,1,0
TXN0004300,USR00327,MER0047,781.16,UPI,iOS,1,0,2,2120.02,0,0.3417,911,7,0,0,0
TXN0004301,USR00968,MER0300,2476.0,UPI,Android,0,0,1,3549.59,0,0.1698,793,8,0,0,0
TXN0004302,USR02297,MER0257,3203.86,Card,iOS,0,0,1,4107.15,0,0.1847,320,14,0,0,0
TXN0004303,USR00467,MER0111,1258.78,UPI,Web,0,0,2,3284.05,0,0.5288,723,8,1,0,0
TXN0004304,USR00120,MER0261,699.28,UPI,Android,0,1,5,906.29,0,0.1508,445,19,1,0,0
TXN0004305,USR02341,MER0343,3966.19,Wallet,Android,0,0,2,3554.94,0,0.3317,176,15,0,0,0
TXN0004306,USR02696,MER0288,292.34,Card,Web,0,1,1,1144.22,0,0.228,464,21,1,0,0
TXN0004307,USR02588,MER0260,4379.14,NetBanking,Android,0,0,3,6116.73,0,0.5868,1090,19,0,0,0
TXN0004308,USR02798,MER0443,980.38,UPI,Android,0,1,1,3629.28,0,0.1481,3650,14,1,1,0
TXN0004309,USR02810,MER0113,15770.46,UPI,Android,0,0,2,3812.29,0,0.8488,549,9,0,0,0
TXN0004310,USR02109,MER0312,4599.27,UPI,Android,1,0,2,4149.15,0,0.2655,455,21,0,0,0
TXN0004311,USR01818,MER0159,3759.6,NetBanking,Web,0,0,1,3610.03,0,0.0444,729,22,1,0,0
TXN0004312,USR03000,MER0487,4828.27,UPI,Android,0,0,1,4294.76,1,0.2887,120,21,0,0,0
TXN0004313,USR01219,MER0126,4751.31,NetBanking,Android,0,0,12,3232.21,0,0.1777,524,17,0,0,0
TXN0004314,USR00343,MER0436,2006.16,UPI,Android,0,0,1,1042.84,0,0.1908,494,15,1,0,0
TXN0004315,USR02632,MER0317,478.3,UPI,Android,0,1,2,1549.97,0,0.0781,364,10,0,0,0
TXN0004316,USR00966,MER0108,12482.82,Wallet,Web,0,0,1,5109.11,0,0.9249,49,10,0,0,0
TXN0004317,USR03426,MER0380,3742.82,Card,iOS,1,0,1,1604.55,0,0.2663,414,12,0,0,0
TXN0004318,USR01450,MER0121,1866.22,Card,iOS,1,0,1,2057.9,0,0.3148,955,23,1,0,0
TXN0004319,USR02982,MER0132,844.84,UPI,Android,0,2,1,967.42,0,0.2527,725,12,0,0,0
TXN0004320,USR00149,MER0173,185.31,Card,Web,0,0,3,1818.93,0,0.2895,67,18,0,0,0
TXN0004321,USR02308,MER0341,4281.9,Wallet,Web,0,0,1,11023.94,0,0.2202,182,8,1,0,0
TXN0004322,USR01569,MER0196,5699.75,UPI,Web,0,1,3,4124.11,0,0.2843,1044,17,1,0,0
TXN0004323,USR01620,MER0285,7490.66,UPI,Web,0,2,3,3317.5,1,0.163,198,16,1,0,0
TXN0004324,USR00929,MER0277,3709.19,UPI,iOS,0,0,1,2307.24,0,0.4044,232,7,0,0,0
TXN0004325,USR03400,MER0099,2621.17,Card,iOS,0,1,3,2909.95,0,0.3306,765,17,1,0,0
TXN0004326,USR01375,MER0117,10609.17,Wallet,Android,0,1,3,2787.35,0,0.0724,402,6,0,0,0
TXN0004327,USR02977,MER0154,2572.66,Card,Android,0,1,3,1311.56,0,0.257,1470,19,1,1,0
TXN0004328,USR01488,MER0112,3549.89,NetBanking,iOS,0,1,2,4955.37,0,0.1276,362,21,0,0,0
TXN0004329,USR00169,MER0460,5821.91,Card,Android,0,0,2,1271.9,0,0.0908,620,21,1,0,0
TXN0004330,USR03078,MER0191,204.99,Card,iOS,0,0,3,474.46,0,0.1063,982,20,1,0,0
TXN0004331,USR00648,MER0203,314.2,Card,iOS,0,0,1,953.14,1,0.306,941,12,0,0,0
TXN0004332,USR00947,MER0337,6605.07,Wallet,iOS,0,2,7,9403.05,0,0.3708,110,10,0,0,0
TXN0004333,USR03014,MER0395,5786.67,UPI,Android,1,1,3,10504.24,0,0.3512,537,17,0,0,0
TXN0004334,USR03129,MER0345,1352.76,Card,Web,0,6,3,1849.47,0,0.0569,553,3,0,0,1
TXN0004335,USR03209,MER0276,3028.21,UPI,Android,0,0,1,1792.03,0,0.1362,1436,12,1,0,0
TXN0004336,USR01491,MER0489,1170.78,NetBanking,iOS,0,1,2,1261.29,0,0.3678,171,8,0,0,0
TXN0004337,USR02650,MER0450,1992.86,UPI,Android,0,2,1,2107.59,0,0.4322,318,9,1,0,0
TXN0004338,USR01148,MER0102,7523.66,UPI,Web,0,2,2,7581.47,0,0.1423,627,10,1,0,0
TXN0004339,USR02592,MER0081,345.56,Card,iOS,0,1,2,1919.93,0,0.8484,1797,12,0,0,0
TXN0004340,USR01759,MER0197,427.49,Card,Web,0,0,1,1337.97,0,0.4364,253,18,0,0,0
TXN0004341,USR00182,MER0418,3219.79,UPI,Android,0,0,2,4467.1,0,0.4506,394,17,0,0,0
TXN0004342,USR01463,MER0483,799.57,Card,iOS,0,0,2,1542.23,0,0.1402,957,19,1,0,0
TXN0004343,USR01638,MER0352,1516.37,Card,Android,0,1,13,1883.64,0,0.2441,1349,21,1,0,0
TXN0004344,USR00901,MER0346,4568.28,UPI,Android,0,0,1,1747.46,0,0.1367,355,16,1,0,0
TXN0004345,USR01311,MER0117,7992.25,UPI,Android,0,2,7,906.66,0,0.0749,248,20,1,1,0
TXN0004346,USR01760,MER0297,470.89,UPI,iOS,0,1,1,1282.54,0,0.2951,237,19,0,0,0
TXN0004347,USR00174,MER0093,2428.25,Wallet,Web,0,0,1,4518.61,1,0.3465,612,19,0,0,0
TXN0004348,USR00532,MER0270,11010.07,UPI,iOS,0,1,3,3377.7,0,0.3703,404,8,1,0,0
TXN0004349,USR02684,MER0097,2866.24,Card,Android,0,0,1,999.61,0,0.1531,530,19,0,0,0
TXN0004350,USR01232,MER0038,2403.06,UPI,Android,0,1,2,1644.95,0,0.1181,937,16,0,1,0
TXN0004351,USR02130,MER0484,475.66,UPI,Android,0,0,2,1540.22,0,0.2917,1080,6,0,0,0
TXN0004352,USR01981,MER0447,1395.96,Card,Android,0,0,1,1176.67,0,1.0,654,9,1,0,0
TXN0004353,USR01930,MER0343,1031.67,UPI,iOS,0,1,2,822.77,0,0.2999,638,8,0,0,0
TXN0004354,USR01447,MER0313,1276.93,UPI,Android,0,1,1,1317.94,0,0.3003,304,12,0,0,0
TXN0004355,USR01692,MER0120,2599.6,NetBanking,iOS,0,0,3,4119.65,0,0.1999,97,18,0,0,0
TXN0004356,USR02884,MER0286,3131.91,Wallet,Android,1,1,1,4274.8,0,0.2509,1010,20,0,0,0
TXN0004357,USR03378,MER0375,1260.15,Card,Android,1,2,2,2099.77,0,0.4822,1594,13,0,0,0
TXN0004358,USR00899,MER0270,583.75,Card,Android,1,0,2,1399.58,0,0.3551,529,18,0,0,0
TXN0004359,USR02344,MER0141,12995.53,Card,Android,0,0,3,5109.46,0,0.6369,862,8,1,0,0
TXN0004360,USR03395,MER0196,1447.9,UPI,iOS,0,1,1,806.42,1,0.2643,261,13,1,0,0
TXN0004361,USR00027,MER0421,2060.99,UPI,iOS,0,0,2,2660.02,0,0.1747,1184,20,1,0,0
TXN0004362,USR02747,MER0128,2779.08,Card,Web,0,0,10,2267.21,0,0.5412,56,18,0,0,0
TXN0004363,USR01739,MER0481,16199.72,Card,Android,0,1,1,3202.34,0,0.4361,623,8,0,0,0
TXN0004364,USR03387,MER0378,3993.71,Card,Android,0,0,5,777.12,0,0.2181,1123,11,1,0,0
TXN0004365,USR02024,MER0446,4438.09,Wallet,Android,0,2,2,2489.23,1,0.2491,1784,19,0,0,0
TXN0004366,USR02934,MER0255,3408.74,UPI,Web,0,1,2,1964.64,1,0.2562,504,18,0,0,0
TXN0004367,USR00582,MER0112,2345.17,UPI,Android,1,2,1,2398.9,0,0.1367,731,11,0,0,0
TXN0004368,USR00498,MER0017,1140.81,UPI,Web,0,1,1,1639.72,0,0.2372,324,9,0,0,0
TXN0004369,USR03244,MER0268,17468.72,Card,Android,0,0,1,6785.99,1,0.2035,447,11,0,0,0
TXN0004370,USR01843,MER0200,3824.38,UPI,iOS,0,0,5,2513.71,0,0.1441,376,5,0,0,0
TXN0004371,USR01955,MER0057,1410.56,UPI,iOS,0,5,5,2694.62,0,0.3524,288,11,1,0,0
TXN0004372,USR00595,MER0465,1876.86,Card,Android,0,1,3,1423.07,0,0.2383,314,7,0,0,0
TXN0004373,USR00794,MER0486,2179.77,Card,Android,0,0,2,1253.95,0,0.2935,802,20,1,0,0
TXN0004374,USR02864,MER0187,554.94,UPI,Android,0,1,3,2638.23,0,0.0939,761,18,0,1,0
TXN0004375,USR01062,MER0335,1927.5,Card,Android,1,0,1,3936.69,0,0.0703,1405,7,1,0,0
TXN0004376,USR02045,MER0207,7195.57,NetBanking,Android,0,0,2,5825.67,0,0.1191,1479,17,0,0,0
TXN0004377,USR01108,MER0249,158.65,Card,iOS,0,2,2,666.7,0,0.2231,405,19,1,0,0
TXN0004378,USR00923,MER0312,291.85,Card,Android,0,1,1,1094.27,0,0.2475,851,6,1,0,0
TXN0004379,USR00582,MER0209,1878.13,UPI,iOS,0,0,2,2398.9,1,0.2777,1268,8,0,0,0
TXN0004380,USR03254,MER0401,1984.77,Card,Android,0,1,1,1464.61,0,0.1968,805,8,0,0,0
TXN0004381,USR03291,MER0095,1844.12,UPI,Android,0,0,2,1316.26,0,0.0546,1034,9,0,0,0
TXN0004382,USR00404,MER0335,8505.63,NetBanking,iOS,0,1,2,2861.66,1,0.0453,3102,8,0,0,0
TXN0004383,USR01237,MER0492,1088.44,UPI,Android,0,0,4,1078.44,0,0.2654,546,16,0,0,0
TXN0004384,USR01974,MER0426,536.3,NetBanking,Android,1,1,3,737.31,0,0.9558,417,19,0,0,0
TXN0004385,USR01342,MER0023,464.2,UPI,iOS,0,2,2,1250.89,0,0.3723,470,17,0,1,0
TXN0004386,USR02524,MER0057,1389.26,Card,Android,0,1,2,1926.5,0,0.3507,2120,19,0,0,0
TXN0004387,USR00911,MER0315,2167.04,Card,Android,0,0,2,1368.81,0,0.0632,1011,16,1,0,0
TXN0004388,USR00206,MER0463,3229.67,UPI,Android,0,1,1,1974.71,0,0.4195,2559,13,0,0,0
TXN0004389,USR01180,MER0423,2238.38,UPI,Android,0,1,1,1944.93,0,0.4403,1476,14,0,0,0
TXN0004390,USR02093,MER0452,2571.66,UPI,iOS,0,0,3,1823.26,0,0.0522,748,19,0,0,0
TXN0004391,USR00633,MER0075,4395.28,Card,Android,0,0,2,1843.26,1,0.1138,1038,8,1,0,0
TXN0004392,USR02856,MER0260,4384.33,Card,Android,1,0,2,4365.97,0,0.5389,557,22,0,0,0
TXN0004393,USR00043,MER0363,30544.74,NetBanking,iOS,0,0,6,1310.25,0,0.1171,555,23,0,0,1
TXN0004394,USR00237,MER0313,471.52,UPI,Web,0,0,11,836.44,0,0.3583,340,20,0,0,1
TXN0004395,USR01781,MER0389,2714.96,Wallet,Android,0,0,4,3008.81,0,0.1113,686,11,0,0,0
TXN0004396,USR01793,MER0107,1090.61,UPI,iOS,0,0,4,1620.82,0,0.1106,830,12,0,1,0
TXN0004397,USR01033,MER0229,5850.3,Card,Android,0,0,2,3475.52,0,0.6569,678,15,0,0,1
TXN0004398,USR00905,MER0224,335.92,UPI,Android,0,1,1,733.12,0,0.9455,629,23,1,0,0
TXN0004399,USR00245,MER0470,1322.16,NetBanking,iOS,0,0,1,1752.31,0,0.1679,370,11,0,1,0
TXN0004400,USR02321,MER0102,348.97,Card,Android,0,0,1,1399.62,0,0.1997,2047,12,1,0,0
TXN0004401,USR01327,MER0164,1929.35,Card,Android,0,0,2,1322.11,0,0.79,761,15,1,0,0
TXN0004402,USR00416,MER0011,4671.88,UPI,Android,0,0,4,2001.45,0,0.2519,1021,9,0,0,0
TXN0004403,USR01400,MER0076,2314.73,UPI,Android,1,0,1,1263.12,0,0.0362,1142,18,0,0,0
TXN0004404,USR03280,MER0491,1974.42,UPI,Web,0,0,1,1156.25,0,0.0449,469,12,1,0,0
TXN0004405,USR00915,MER0424,15177.35,Card,Web,0,1,8,8718.4,0,0.539,270,5,0,1,1
TXN0004406,USR03132,MER0130,3430.66,Card,Android,0,0,1,2179.24,0,0.863,787,18,0,0,0
TXN0004407,USR00906,MER0352,9933.22,UPI,Web,1,1,2,6709.47,0,0.2841,461,12,0,0,0
TXN0004408,USR00651,MER0297,5535.97,UPI,Android,0,1,2,3569.58,0,0.3618,108,22,0,0,0
TXN0004409,USR00913,MER0454,4393.93,UPI,Android,0,0,2,7406.18,0,0.3547,1028,13,0,0,0
TXN0004410,USR01132,MER0151,1497.32,Card,Android,0,0,3,1818.14,0,0.1417,962,19,0,0,0
TXN0004411,USR00423,MER0498,23122.88,UPI,Web,0,0,1,2378.75,1,0.9314,767,8,0,1,0
TXN0004412,USR02057,MER0186,7476.1,UPI,iOS,0,0,2,10008.35,0,0.2861,1394,16,0,0,0
TXN0004413,USR01168,MER0359,448.15,UPI,Web,0,4,1,1455.16,0,0.0879,3090,19,1,0,1
TXN0004414,USR02514,MER0199,1434.82,UPI,iOS,0,0,2,3670.21,0,0.1027,249,8,0,0,0
TXN0004415,USR01719,MER0336,24344.53,Card,Android,0,0,3,2522.79,0,0.0682,1000,9,0,0,0
TXN0004416,USR01550,MER0168,4838.82,Card,Web,0,1,3,2649.87,0,0.1663,809,5,1,0,0
TXN0004417,USR01649,MER0422,2243.2,UPI,Android,0,0,1,2342.4,0,0.065,2051,17,0,0,0
TXN0004418,USR00548,MER0319,12698.03,UPI,Web,0,0,3,1823.53,0,0.0447,776,9,1,0,0
TXN0004419,USR02496,MER0145,398.18,Card,Android,0,2,1,811.71,0,0.1778,210,7,0,0,0
TXN0004420,USR00365,MER0481,1277.4,UPI,Android,0,2,1,974.79,0,0.4649,326,7,0,1,0
TXN0004421,USR02526,MER0355,4731.73,NetBanking,Web,0,0,2,1963.3,0,0.0939,977,14,0,0,0
TXN0004422,USR03500,MER0215,3169.84,Card,Android,1,2,2,1547.12,0,0.292,870,19,0,0,0
TXN0004423,USR02674,MER0068,1549.11,Card,Web,0,0,1,1016.16,0,0.6203,760,20,1,0,0
TXN0004424,USR01594,MER0487,2107.13,Card,Android,0,0,1,1025.06,0,0.24,264,6,1,0,0
TXN0004425,USR01101,MER0378,1042.34,Card,iOS,0,0,1,1052.94,1,0.2732,786,7,1,0,0
TXN0004426,USR03054,MER0334,4824.79,UPI,iOS,0,0,1,1531.88,0,0.412,399,7,0,0,0
TXN0004427,USR00901,MER0417,4187.23,UPI,Android,0,0,3,1747.46,1,0.1283,653,6,1,0,0
TXN0004428,USR01689,MER0304,1447.08,Wallet,Web,0,0,2,2809.91,0,0.8881,702,15,0,0,0
TXN0004429,USR02699,MER0117,1812.72,NetBanking,Android,0,1,1,1511.79,1,0.0842,247,8,0,0,0
TXN0004430,USR03229,MER0119,332.61,NetBanking,Web,0,3,2,1065.33,1,0.4607,2104,14,1,0,0
TXN0004431,USR03224,MER0040,4087.55,UPI,Web,0,2,2,1436.57,0,0.0815,434,20,0,0,1
TXN0004432,USR00308,MER0032,1958.5,NetBanking,iOS,0,0,2,1751.96,0,0.5454,814,9,0,0,0
TXN0004433,USR03144,MER0365,5637.06,Card,Web,0,0,2,2243.97,0,0.1214,234,2,1,0,0
TXN0004434,USR00400,MER0426,3093.84,UPI,iOS,0,0,3,3518.9,1,0.9177,434,19,1,0,0
TXN0004435,USR02046,MER0082,912.34,NetBanking,Web,1,0,1,3650.16,0,0.2215,519,9,0,0,0
TXN0004436,USR03254,MER0287,9304.49,NetBanking,iOS,0,0,2,1464.61,0,0.1016,309,16,1,0,0
TXN0004437,USR02292,MER0062,4133.75,Card,iOS,0,1,2,3954.29,0,0.2098,677,10,0,0,0
TXN0004438,USR03317,MER0208,471.11,Wallet,Web,0,0,2,1017.64,0,0.3331,547,11,0,0,0
TXN0004439,USR01206,MER0396,3269.75,Wallet,Android,0,0,2,1506.46,0,0.2847,517,17,1,0,0
TXN0004440,USR01102,MER0406,3285.13,Card,Android,0,1,2,797.39,0,0.2638,363,21,1,1,1
TXN0004441,USR01142,MER0475,1103.66,UPI,Web,0,0,2,1342.31,0,0.2391,173,7,1,1,0
TXN0004442,USR01244,MER0156,2376.71,UPI,iOS,0,0,1,2683.64,0,0.1914,383,13,0,0,0
TXN0004443,USR02390,MER0475,1999.53,NetBanking,Android,0,3,2,1770.96,0,0.2191,271,9,1,0,0
TXN0004444,USR01584,MER0392,3695.02,UPI,Android,0,0,2,8644.18,0,0.2896,493,8,1,0,0
TXN0004445,USR02582,MER0170,710.61,UPI,iOS,0,1,3,1228.32,0,0.9006,240,13,1,0,0
TXN0004446,USR01457,MER0164,3915.8,UPI,Android,0,0,3,1141.14,0,0.7884,892,17,0,0,0
TXN0004447,USR01078,MER0054,1442.6,UPI,Android,0,0,1,1668.02,0,0.1918,674,14,0,0,0
TXN0004448,USR00666,MER0461,864.09,UPI,Android,0,1,1,1660.24,0,0.1748,962,0,1,0,0
TXN0004449,USR01929,MER0102,3116.08,UPI,Android,0,0,1,4536.01,0,0.2201,394,16,1,0,0
TXN0004450,USR03145,MER0134,4367.78,Wallet,Web,0,3,1,2120.86,0,0.3546,467,20,1,0,0
TXN0004451,USR03007,MER0207,384.69,Card,Android,1,0,4,1677.52,0,0.1344,366,19,0,0,0
TXN0004452,USR00887,MER0069,2822.73,NetBanking,Web,0,0,4,2470.34,0,0.905,1647,19,1,0,0
TXN0004453,USR01672,MER0403,11161.0,Wallet,Android,1,1,2,1992.97,0,0.4976,2285,17,0,0,1
TXN0004454,USR02469,MER0350,6014.65,Card,Web,0,0,2,1464.97,1,0.1284,848,7,0,0,0
TXN0004455,USR02144,MER0079,2943.84,UPI,iOS,0,0,3,2048.3,0,0.3117,793,15,0,0,0
TXN0004456,USR00236,MER0082,7799.61,UPI,Android,0,1,2,3177.95,0,0.2051,798,9,1,1,0
TXN0004457,USR02069,MER0011,6391.15,NetBanking,Android,0,1,1,2622.16,0,0.197,934,8,0,0,0
TXN0004458,USR00136,MER0475,1223.74,Card,Web,0,2,1,1408.5,0,0.2407,769,20,0,0,0
TXN0004459,USR00408,MER0218,12647.09,Wallet,iOS,0,0,2,6831.71,0,0.2611,679,17,0,0,0
TXN0004460,USR02289,MER0328,12471.84,NetBanking,Android,1,1,1,3617.17,1,0.3714,1215,20,0,0,0
TXN0004461,USR00359,MER0075,951.89,UPI,Web,0,0,3,2485.83,0,0.0696,1370,9,1,0,0
TXN0004462,USR01187,MER0116,3461.63,NetBanking,Android,0,0,3,2402.6,0,0.1304,1087,17,1,0,0
TXN0004463,USR02060,MER0271,1726.61,Wallet,Android,0,0,2,1399.19,0,0.3977,410,9,0,0,0
TXN0004464,USR02295,MER0105,2832.84,UPI,Android,0,0,1,2764.89,0,0.2376,394,20,0,0,0
TXN0004465,USR01561,MER0307,3526.43,NetBanking,Web,1,1,1,3668.38,0,0.5552,327,16,0,0,1
TXN0004466,USR00330,MER0462,4703.48,Card,Android,0,0,1,4184.97,0,0.3385,592,8,1,0,0
TXN0004467,USR02797,MER0153,5176.93,UPI,iOS,0,2,2,4336.2,0,0.1618,1417,16,1,0,0
TXN0004468,USR03325,MER0304,25546.88,UPI,Android,0,0,1,2241.42,0,0.8672,541,17,0,0,1
TXN0004469,USR03111,MER0458,9721.87,Card,Android,0,0,2,957.36,0,0.5974,123,18,1,0,0
TXN0004470,USR02620,MER0447,2096.43,Wallet,Android,0,0,4,2505.05,0,0.9466,1818,15,0,0,1
TXN0004471,USR01408,MER0004,1257.07,UPI,Web,0,0,4,2419.43,0,0.1219,1475,20,1,0,0
TXN0004472,USR03067,MER0056,2798.77,UPI,Android,0,1,3,4134.39,0,0.1563,952,14,0,0,1
TXN0004473,USR01709,MER0494,2074.93,UPI,Web,1,0,2,1807.39,0,0.9294,833,4,0,0,1
TXN0004474,USR00478,MER0463,1800.12,Card,Android,0,0,1,3146.3,0,0.4561,1206,20,0,0,0
TXN0004475,USR02977,MER0161,2465.13,Card,Web,0,0,1,1311.56,0,0.3961,482,23,0,0,0
TXN0004476,USR01121,MER0261,2466.49,Wallet,Android,1,0,2,1902.48,0,0.1583,1135,12,1,0,0
TXN0004477,USR03286,MER0287,6234.72,UPI,Android,0,0,1,2877.13,0,0.0603,208,2,0,0,0
TXN0004478,USR01290,MER0335,2100.48,UPI,Android,0,0,1,3497.74,0,0.0677,319,11,0,0,0
TXN0004479,USR03043,MER0376,440.11,UPI,Android,1,0,1,841.68,0,0.4274,935,23,0,0,0
TXN0004480,USR01881,MER0187,13982.41,NetBanking,Web,0,0,2,6487.25,0,0.0946,716,11,0,0,0
TXN0004481,USR01636,MER0445,901.77,Card,Android,0,0,1,863.33,0,0.4295,1510,21,0,0,0
TXN0004482,USR01040,MER0030,2889.78,UPI,Web,0,1,2,3514.83,0,0.1939,439,9,0,0,0
TXN0004483,USR02925,MER0017,10953.21,UPI,iOS,0,0,1,6962.91,0,0.2157,581,20,0,0,0
TXN0004484,USR00213,MER0479,2156.83,UPI,iOS,0,1,4,1408.32,0,0.2307,911,6,0,0,0
TXN0004485,USR01642,MER0089,3591.62,Card,Android,0,2,1,9325.5,0,0.7207,56,23,0,0,0
TXN0004486,USR01292,MER0498,6451.66,Card,Web,0,1,3,2502.76,0,0.9551,470,21,0,0,0
TXN0004487,USR01902,MER0143,1048.76,Card,Web,0,0,1,1481.57,0,0.1798,1051,13,0,0,0
TXN0004488,USR00891,MER0183,7960.27,UPI,Web,0,0,1,2460.71,0,0.2358,1104,6,1,1,0
TXN0004489,USR02327,MER0014,1003.72,UPI,Android,0,7,1,2756.24,0,0.2001,863,11,0,1,0
TXN0004490,USR01351,MER0472,4778.93,Card,Android,0,1,1,3997.58,0,0.0,336,14,1,0,0
TXN0004491,USR00659,MER0180,2927.52,UPI,Web,0,0,2,3517.69,0,0.3783,1155,14,0,0,0
TXN0004492,USR00690,MER0084,321.92,UPI,iOS,0,0,2,1403.17,0,0.1207,796,23,0,0,0
TXN0004493,USR02438,MER0242,2918.89,UPI,Android,0,0,1,1910.36,0,0.444,316,17,1,0,0
TXN0004494,USR00917,MER0078,1991.76,Card,Android,0,1,1,1660.07,0,0.3716,753,3,0,0,0
TXN0004495,USR01076,MER0395,2250.63,Card,Android,0,0,1,2918.91,0,0.3787,346,19,0,0,0
TXN0004496,USR02195,MER0037,24971.27,UPI,Android,0,0,3,11853.79,0,0.1248,371,11,0,0,0
TXN0004497,USR01155,MER0250,1707.6,Card,Android,0,2,2,2629.29,1,0.0849,946,17,0,0,0
TXN0004498,USR01359,MER0196,902.47,UPI,Android,0,1,2,1818.6,1,0.3026,1064,10,0,0,0
TXN0004499,USR00856,MER0019,3158.48,Wallet,Android,1,0,1,1866.07,0,0.116,411,6,0,0,0
TXN0004500,USR01209,MER0027,605.78,Wallet,Android,0,0,1,762.17,0,0.0493,199,17,0,0,0
TXN0004501,USR02425,MER0260,1410.95,UPI,Android,0,1,1,1985.57,0,0.5498,1354,15,0,0,0
TXN0004502,USR01869,MER0198,10958.81,Wallet,Android,0,0,2,4600.43,0,0.1518,400,6,0,0,0
TXN0004503,USR03492,MER0065,943.24,UPI,iOS,1,0,1,2297.93,0,0.1609,572,9,0,0,0
TXN0004504,USR02702,MER0070,2988.6,Card,Web,0,0,2,4374.19,0,0.0514,394,20,0,0,0
TXN0004505,USR00059,MER0403,3576.83,Card,Android,0,0,3,2015.03,0,0.5244,467,10,0,0,0
TXN0004506,USR01327,MER0366,518.0,Wallet,Web,0,0,5,1322.11,0,0.1625,1151,15,1,0,0
TXN0004507,USR01015,MER0304,9430.75,UPI,iOS,0,0,1,718.01,0,0.8558,274,11,0,0,0
TXN0004508,USR02057,MER0417,8144.06,UPI,Web,0,1,1,10008.35,0,0.0985,871,21,0,0,0
TXN0004509,USR00930,MER0035,2490.5,NetBanking,Android,0,3,3,1394.9,0,0.3075,1040,9,0,1,0
TXN0004510,USR03382,MER0344,5623.97,NetBanking,iOS,0,5,3,3154.67,0,0.18,833,1,1,0,0
TXN0004511,USR01048,MER0377,2524.76,Wallet,Android,1,7,2,2961.79,0,0.1213,669,0,0,0,1
TXN0004512,USR01827,MER0101,5334.59,UPI,Web,0,0,1,2110.48,0,0.5283,721,16,0,0,0
TXN0004513,USR00431,MER0269,1558.15,Card,Android,0,0,2,1689.5,1,0.4598,440,9,0,0,0
TXN0004514,USR03185,MER0384,3293.75,UPI,Android,0,0,2,2072.79,0,0.2301,41,19,0,0,0
TXN0004515,USR03192,MER0302,1184.04,UPI,Web,0,1,2,2532.37,0,0.4703,1103,8,0,0,0
TXN0004516,USR02778,MER0125,666.16,UPI,Android,0,0,1,1665.49,0,0.4096,1314,18,0,0,0
TXN0004517,USR01231,MER0333,8286.43,Wallet,Web,0,1,3,2992.15,0,0.444,614,20,0,1,0
TXN0004518,USR00206,MER0380,1106.64,UPI,Android,0,0,3,1974.71,0,0.3001,352,23,0,1,0
TXN0004519,USR02489,MER0005,1130.67,UPI,Android,0,1,1,921.15,0,0.1507,708,14,1,0,0
TXN0004520,USR01502,MER0284,679.8,UPI,Android,0,0,1,826.65,0,0.2494,782,23,0,0,0
TXN0004521,USR03467,MER0253,1236.2,Card,iOS,0,0,4,1456.01,0,0.4688,687,9,1,1,0
TXN0004522,USR02445,MER0184,7070.6,Wallet,iOS,0,1,2,2653.99,0,0.3526,415,9,0,0,0
TXN0004523,USR01886,MER0023,1854.13,UPI,Web,0,0,1,2072.46,0,0.3381,509,13,1,0,0
TXN0004524,USR03454,MER0042,2638.13,Wallet,iOS,0,0,1,3585.82,1,0.338,177,16,0,0,0
TXN0004525,USR02802,MER0376,6995.02,UPI,iOS,0,0,2,8929.8,0,0.4103,233,16,0,0,0
TXN0004526,USR01605,MER0414,2855.93,UPI,iOS,0,0,2,4314.09,0,0.1981,586,17,0,0,0
TXN0004527,USR00066,MER0210,956.91,UPI,Android,0,0,3,1629.74,0,0.4658,770,22,0,0,0
TXN0004528,USR00325,MER0470,1852.96,UPI,iOS,0,0,1,2790.97,0,0.1845,1440,7,1,0,0
TXN0004529,USR01554,MER0464,7811.24,NetBanking,Web,0,2,1,2479.49,0,0.058,544,2,0,0,0
TXN0004530,USR01968,MER0333,4106.38,Card,Web,1,1,3,2586.41,0,0.5056,388,8,0,0,0
TXN0004531,USR00106,MER0291,1362.54,UPI,Android,0,0,2,1836.55,0,0.032,1760,16,0,0,0
TXN0004532,USR00443,MER0483,4629.0,NetBanking,Android,0,1,1,2400.19,0,0.1492,691,13,0,0,0
TXN0004533,USR02466,MER0305,430.54,Card,iOS,0,0,1,1419.16,0,0.2775,831,14,0,0,0
TXN0004534,USR02631,MER0468,4596.09,UPI,iOS,0,1,1,1794.48,0,0.3117,21,11,1,0,0
TXN0004535,USR00105,MER0490,39024.19,NetBanking,Android,0,0,2,5267.15,0,0.3026,260,5,1,0,0
TXN0004536,USR01777,MER0098,2806.2,Wallet,Web,0,3,2,589.59,1,0.7467,641,11,0,0,0
TXN0004537,USR00284,MER0331,19060.19,Card,Android,0,0,3,982.13,0,0.0775,674,17,0,0,0
TXN0004538,USR02533,MER0366,7409.74,UPI,Android,1,0,4,5685.88,0,0.1478,1149,8,1,0,0
TXN0004539,USR02920,MER0411,8145.94,UPI,iOS,0,0,3,3380.08,0,0.0961,467,18,1,0,0
TXN0004540,USR03043,MER0175,510.21,Wallet,iOS,0,0,1,841.68,1,0.2851,255,19,0,0,0
TXN0004541,USR02094,MER0431,2280.51,Card,Web,0,0,1,3187.06,0,0.1536,684,22,0,0,0
TXN0004542,USR02202,MER0244,1139.6,Wallet,Android,0,0,1,1254.75,0,0.227,758,16,0,0,0
TXN0004543,USR03244,MER0194,131197.31,Wallet,Android,0,0,2,6785.99,0,0.6136,521,16,0,0,0
TXN0004544,USR02144,MER0079,1052.09,NetBanking,Web,0,1,2,2048.3,1,0.3014,1474,20,0,0,0
TXN0004545,USR01562,MER0161,735.12,UPI,Android,0,6,1,1544.92,0,0.3664,1250,20,0,0,1
TXN0004546,USR02641,MER0488,10233.77,UPI,Android,0,0,2,9073.75,0,0.1683,370,23,1,0,0
TXN0004547,USR02068,MER0359,2152.93,UPI,iOS,0,1,2,1350.14,0,0.0935,545,14,0,0,0
TXN0004548,USR02949,MER0364,1560.91,UPI,Web,0,1,3,2722.33,0,0.2467,1033,15,0,0,0
TXN0004549,USR01837,MER0448,2559.47,Card,Web,0,1,2,1660.47,0,0.2102,1514,0,0,0,0
TXN0004550,USR03042,MER0134,11964.64,Card,Web,0,1,2,4695.99,0,0.3347,508,6,0,1,0
TXN0004551,USR00158,MER0331,1826.32,UPI,Android,0,0,1,808.94,0,0.0868,2596,23,0,0,0
TXN0004552,USR00128,MER0186,1312.77,Card,Web,0,0,2,1070.12,0,0.2934,605,15,1,0,0
TXN0004553,USR00347,MER0424,4071.68,UPI,Android,0,0,3,4568.96,0,0.5234,448,18,0,0,0
TXN0004554,USR01947,MER0212,9463.4,UPI,Android,0,0,7,2851.32,0,0.1701,986,9,0,0,0
TXN0004555,USR02482,MER0428,1275.48,Card,Android,0,0,2,1326.09,0,0.0161,300,13,1,0,0
TXN0004556,USR00757,MER0374,3670.67,UPI,Android,0,0,3,1960.73,0,0.4343,161,14,0,0,0
TXN0004557,USR00546,MER0386,4909.14,Card,Android,0,0,4,1260.03,0,0.1709,566,10,1,0,0
TXN0004558,USR03012,MER0463,4866.62,Card,Web,0,0,8,2803.89,0,0.4436,375,17,0,1,1
TXN0004559,USR02627,MER0396,2761.82,UPI,Web,0,0,2,5952.41,0,0.2905,572,8,0,1,0
TXN0004560,USR02270,MER0161,437.34,UPI,Android,0,1,1,1121.94,0,0.4267,1136,6,1,0,0
TXN0004561,USR01710,MER0261,5132.46,UPI,Android,0,1,3,6685.08,0,0.1787,146,17,1,0,0
TXN0004562,USR01471,MER0237,6268.8,Wallet,Android,0,0,2,3954.07,0,0.0758,585,19,0,0,0
TXN0004563,USR00072,MER0033,1970.3,NetBanking,Android,0,0,1,1503.72,0,0.3056,768,16,0,0,0
TXN0004564,USR00659,MER0297,16393.79,UPI,Web,0,0,9,3517.69,0,0.3695,583,8,0,0,1
TXN0004565,USR03140,MER0219,18529.71,UPI,iOS,0,0,1,2713.29,0,0.289,1323,16,1,0,0
TXN0004566,USR01187,MER0197,1805.42,Wallet,Android,0,0,2,2402.6,0,0.4168,255,19,1,0,0
TXN0004567,USR02466,MER0055,596.94,Card,Web,0,0,2,1419.16,0,0.9212,367,13,0,0,0
TXN0004568,USR02464,MER0253,5837.93,UPI,Android,0,0,2,2623.37,0,0.5276,232,18,0,0,0
TXN0004569,USR01083,MER0290,4978.91,Card,iOS,0,0,2,5257.08,0,0.176,425,0,0,0,0
TXN0004570,USR00716,MER0053,1030.56,NetBanking,Android,0,0,2,3204.39,0,0.0941,571,20,0,0,0
TXN0004571,USR02421,MER0318,1391.25,UPI,iOS,0,0,1,1439.32,0,0.2546,964,18,0,0,0
TXN0004572,USR00328,MER0084,908.84,Card,Android,0,1,3,1956.87,0,0.1711,695,23,1,0,0
TXN0004573,USR01732,MER0073,6292.51,Wallet,Android,0,1,3,8987.35,0,0.1681,943,5,1,0,0
TXN0004574,USR03109,MER0201,1487.79,UPI,iOS,0,0,3,1557.11,0,0.2557,554,0,0,0,0
TXN0004575,USR02490,MER0195,932.52,NetBanking,Android,0,0,1,1881.11,0,0.1722,57,15,1,0,0
TXN0004576,USR02675,MER0458,2064.4,NetBanking,Android,0,0,1,3083.07,0,0.5779,439,21,0,0,0
TXN0004577,USR00292,MER0034,1247.57,Card,iOS,0,0,1,2241.09,0,0.163,698,14,1,0,0
TXN0004578,USR00700,MER0175,1217.64,Card,Android,0,2,1,2145.48,0,0.3527,566,9,0,0,0
TXN0004579,USR00963,MER0368,793.94,Card,Android,0,1,6,1724.65,0,0.3987,974,16,1,0,1
TXN0004580,USR01024,MER0125,3676.94,Card,iOS,0,0,1,5472.14,0,0.4257,339,17,1,0,0
TXN0004581,USR00680,MER0491,850.28,UPI,Android,0,0,2,1702.33,0,0.0154,302,12,0,0,0
TXN0004582,USR03403,MER0372,1115.53,UPI,Android,0,0,1,768.73,0,0.5181,624,15,0,0,0
TXN0004583,USR00578,MER0474,1518.2,UPI,Android,0,0,1,1381.2,0,0.1445,235,0,0,0,0
TXN0004584,USR02479,MER0475,6426.01,UPI,Android,0,0,3,2858.11,0,0.2179,1279,8,0,0,0
TXN0004585,USR02054,MER0055,28300.69,Card,Android,0,0,2,7648.12,1,0.8807,568,10,1,0,1
TXN0004586,USR02137,MER0230,3641.85,Wallet,iOS,0,0,1,2350.95,0,0.0912,1184,7,0,0,0
TXN0004587,USR00752,MER0373,2136.55,UPI,iOS,0,1,2,1624.97,0,0.5759,64,12,0,0,0
TXN0004588,USR01077,MER0005,4446.58,Card,Android,0,0,2,2743.11,0,0.1672,686,7,0,0,0
TXN0004589,USR02123,MER0227,3302.94,Card,Android,0,0,1,2481.51,0,0.1418,1380,19,0,0,0
TXN0004590,USR01047,MER0345,2691.32,Card,Web,1,1,8,2728.87,0,0.0429,1434,16,0,0,0
TXN0004591,USR02430,MER0397,325.36,Card,Web,1,0,2,349.34,0,0.0908,1010,17,0,0,0
TXN0004592,USR00139,MER0208,7633.8,UPI,Android,0,0,2,2374.19,0,0.3074,1014,10,1,0,0
TXN0004593,USR00255,MER0432,7798.05,UPI,iOS,0,0,2,4481.02,0,0.0725,698,21,0,0,0
TXN0004594,USR02550,MER0337,2989.65,UPI,Web,1,2,2,3214.55,0,0.3146,156,14,0,1,1
TXN0004595,USR02159,MER0023,6788.43,NetBanking,Web,0,0,4,2513.22,0,0.3375,1342,9,0,0,0
TXN0004596,USR00152,MER0139,5460.27,NetBanking,Android,0,0,1,2970.11,0,0.1438,670,17,0,0,0
TXN0004597,USR03147,MER0469,2192.31,Card,iOS,0,2,2,3616.99,0,0.1665,668,19,1,0,0
TXN0004598,USR00018,MER0002,8337.31,Card,iOS,0,1,1,3571.99,0,0.2997,341,21,0,0,0
TXN0004599,USR03345,MER0055,759.48,Card,iOS,1,2,1,5046.09,0,0.8914,540,23,1,0,0
TXN0004600,USR02554,MER0173,3314.28,UPI,Web,0,0,1,868.04,0,0.2891,818,20,1,0,0
TXN0004601,USR03459,MER0497,689.34,UPI,Android,0,1,2,1899.63,0,0.0805,439,7,0,1,0
TXN0004602,USR03322,MER0353,5222.21,UPI,Android,0,0,1,3843.72,0,0.5948,380,21,0,0,0
TXN0004603,USR01096,MER0074,3696.54,UPI,iOS,0,0,1,2856.67,0,0.246,653,18,1,0,0
TXN0004604,USR02648,MER0197,3902.28,NetBanking,Web,0,5,3,1826.65,0,0.3927,1520,15,0,1,0
TXN0004605,USR00739,MER0470,2496.52,Card,Web,0,1,2,3325.3,0,0.1963,305,17,0,0,0
TXN0004606,USR01651,MER0110,108.41,Card,Android,0,0,2,534.17,1,0.0893,664,7,1,0,0
TXN0004607,USR00841,MER0288,1076.91,Wallet,Web,0,0,6,1432.96,0,0.1787,555,8,1,0,0
TXN0004608,USR01702,MER0233,1783.96,Card,Android,0,6,5,2195.99,0,0.1983,648,19,1,0,0
TXN0004609,USR03054,MER0381,333.23,Card,Web,0,0,2,1531.88,0,0.4039,1608,9,0,0,0
TXN0004610,USR01527,MER0377,4548.9,Wallet,iOS,0,0,1,4628.43,1,0.1508,1010,17,0,0,0
TXN0004611,USR00324,MER0417,1185.23,UPI,Android,0,1,3,2703.52,0,0.124,562,9,0,0,0
TXN0004612,USR01137,MER0060,7480.3,UPI,Android,0,0,1,4927.99,0,0.2655,1644,19,0,0,0
TXN0004613,USR02753,MER0227,4427.32,Card,Android,0,0,1,5556.52,0,0.1157,564,7,0,0,0
TXN0004614,USR01826,MER0346,10352.09,UPI,Android,0,0,1,2651.7,0,0.1463,1244,21,0,0,0
TXN0004615,USR01961,MER0210,1562.72,Card,Android,0,0,2,1975.6,1,0.4277,1826,23,0,0,0
TXN0004616,USR01510,MER0334,1242.69,Wallet,Web,0,0,2,958.29,0,0.4225,473,5,0,0,0
TXN0004617,USR01025,MER0318,996.12,Wallet,Android,0,0,1,1220.82,0,0.2203,850,16,1,0,0
TXN0004618,USR02094,MER0186,942.09,UPI,Web,0,1,1,3187.06,0,0.2995,338,8,0,0,0
TXN0004619,USR02216,MER0051,1661.51,UPI,Android,0,0,1,2024.09,0,0.0,128,19,1,0,1
TXN0004620,USR03144,MER0486,26927.79,NetBanking,iOS,0,0,1,2243.97,0,0.3139,1472,10,1,0,0
TXN0004621,USR02163,MER0413,4705.59,NetBanking,iOS,0,0,1,3206.94,0,0.1139,391,21,0,0,0
TXN0004622,USR03483,MER0448,4129.55,UPI,Android,0,2,1,5361.91,0,0.138,386,12,1,1,0
TXN0004623,USR02894,MER0150,360.56,Wallet,Android,0,2,1,1081.94,0,0.3938,245,21,1,0,0
TXN0004624,USR00276,MER0159,2530.17,Wallet,iOS,0,0,2,1672.43,0,0.0867,313,8,0,1,0
TXN0004625,USR01373,MER0162,10483.91,UPI,Android,0,0,4,8148.31,0,0.1613,1010,4,1,0,1
TXN0004626,USR01347,MER0016,3283.15,UPI,Android,0,1,1,1880.52,1,0.4666,798,18,0,0,0
TXN0004627,USR00011,MER0085,4593.71,NetBanking,iOS,0,0,1,5882.9,0,0.9584,481,15,0,0,0
TXN0004628,USR00633,MER0155,521.41,Card,Android,0,0,2,1843.26,0,0.9447,753,14,0,0,0
TXN0004629,USR02668,MER0494,6478.81,Card,Android,0,0,4,4637.75,0,0.9476,1058,23,0,0,0
TXN0004630,USR01233,MER0103,1583.35,NetBanking,Android,0,0,2,1675.52,1,0.4852,916,19,0,0,0
TXN0004631,USR00518,MER0254,9647.26,Wallet,iOS,0,0,1,3723.49,0,0.1133,1382,19,0,0,0
TXN0004632,USR01007,MER0274,7198.6,UPI,Web,0,0,3,7412.73,0,0.0419,583,17,0,0,0
TXN0004633,USR00962,MER0180,4873.94,Card,Android,0,0,1,5294.34,0,0.3492,1411,19,0,0,0
TXN0004634,USR00611,MER0460,5076.95,Wallet,Android,0,0,1,3952.26,0,0.0722,389,11,1,0,0
TXN0004635,USR00355,MER0047,1830.84,UPI,Android,0,0,1,2958.15,0,0.3294,652,8,1,0,0
TXN0004636,USR02675,MER0436,1843.06,UPI,Web,0,0,1,3083.07,0,0.1624,1576,18,0,0,0
TXN0004637,USR02886,MER0372,3198.76,Wallet,Web,0,0,1,3608.34,0,0.5669,1521,16,0,0,0
TXN0004638,USR01738,MER0153,756.06,Wallet,Android,1,0,1,1541.96,0,0.2126,1408,21,0,0,0
TXN0004639,USR02155,MER0384,2475.5,UPI,Android,0,0,1,3069.12,0,0.1903,435,10,1,0,0
TXN0004640,USR03218,MER0215,7303.92,UPI,iOS,0,0,2,1900.14,0,0.2943,292,15,0,0,0
TXN0004641,USR02950,MER0486,9710.09,Wallet,iOS,0,0,1,4818.53,0,0.2897,432,8,0,0,0
TXN0004642,USR00115,MER0019,2446.96,UPI,iOS,0,0,2,2060.73,0,0.0536,356,19,0,0,0
TXN0004643,USR03336,MER0015,4805.0,UPI,Android,0,1,1,1652.77,0,0.0893,268,14,1,0,0
TXN0004644,USR00235,MER0273,1021.65,NetBanking,Android,0,0,1,1945.16,0,0.1271,442,19,0,0,0
TXN0004645,USR00094,MER0466,15515.23,Wallet,Android,0,3,1,2714.76,0,0.3296,856,22,0,0,0
TXN0004646,USR01412,MER0032,1553.88,UPI,iOS,0,0,2,2275.77,0,0.5617,890,4,1,0,0
TXN0004647,USR02611,MER0389,8216.35,Card,Android,0,1,2,2040.89,0,0.0769,1109,7,1,0,0
TXN0004648,USR00281,MER0470,3559.88,UPI,Android,0,0,1,887.06,0,0.142,1491,22,0,0,0
TXN0004649,USR01026,MER0244,477.38,UPI,Web,0,0,1,1773.37,0,0.2281,223,12,1,0,0
TXN0004650,USR00920,MER0434,1688.49,NetBanking,Web,0,0,2,617.25,0,0.2319,499,13,0,0,0
TXN0004651,USR01391,MER0379,2666.06,Card,Web,0,0,1,3438.43,0,0.0585,292,18,0,0,0
TXN0004652,USR03452,MER0108,485.81,Card,iOS,1,0,1,768.75,0,0.9208,1589,17,0,0,0
TXN0004653,USR01160,MER0428,8818.18,UPI,iOS,0,3,1,6353.94,0,0.0,258,12,0,0,0
TXN0004654,USR00732,MER0350,574.34,Card,Android,0,1,1,1247.53,1,0.11,1056,16,0,0,0
TXN0004655,USR00429,MER0007,687.38,UPI,Android,0,0,1,503.43,0,0.2024,1148,9,0,0,0
TXN0004656,USR00694,MER0285,544.25,UPI,iOS,0,1,13,1126.4,0,0.1152,1009,22,1,0,0
TXN0004657,USR00466,MER0328,6304.91,Card,Android,0,0,1,5834.75,0,0.3237,482,16,1,0,0
TXN0004658,USR02008,MER0401,18375.46,Wallet,Android,0,0,1,7385.77,0,0.24,1215,13,0,0,0
TXN0004659,USR01472,MER0386,1209.86,Wallet,iOS,0,1,3,962.92,0,0.1845,315,20,0,0,0
TXN0004660,USR01743,MER0238,3280.5,UPI,Android,0,0,9,4468.46,0,0.398,415,17,0,0,0
TXN0004661,USR02913,MER0150,4205.53,Card,iOS,0,0,2,2993.92,0,0.384,54,17,0,0,0
TXN0004662,USR02032,MER0096,917.94,UPI,Android,1,0,3,2656.59,0,0.0063,872,14,0,0,0
TXN0004663,USR00544,MER0045,1161.97,Card,Web,0,0,1,2234.67,0,0.1054,1576,19,0,0,0
TXN0004664,USR01319,MER0320,902.12,Wallet,Web,0,3,2,1292.77,0,0.3639,583,7,1,0,0
TXN0004665,USR01095,MER0480,3883.44,Wallet,iOS,0,0,7,2316.8,0,0.2763,825,15,0,0,0
TXN0004666,USR02894,MER0041,1378.41,UPI,Android,0,0,4,1081.94,0,0.2577,1239,18,0,0,0
TXN0004667,USR01075,MER0352,2887.76,Card,Android,0,0,1,2065.06,0,0.1979,1299,1,1,0,0
TXN0004668,USR00486,MER0293,1709.44,UPI,Web,0,1,1,1832.87,0,0.2194,657,12,1,0,0
TXN0004669,USR02577,MER0086,706.76,UPI,Android,0,1,2,1310.44,0,0.0368,1429,6,1,0,0
TXN0004670,USR01500,MER0107,5734.8,UPI,Web,0,1,1,2064.95,0,0.1725,1159,12,0,0,0
TXN0004671,USR00336,MER0143,183.17,UPI,Android,0,7,3,318.25,0,0.1425,317,21,1,0,0
TXN0004672,USR02415,MER0343,7625.46,Card,Web,0,0,1,5928.58,0,0.3156,1017,1,0,0,0
TXN0004673,USR00737,MER0150,1022.98,UPI,Android,0,0,1,1165.83,0,0.3944,1228,21,0,0,0
TXN0004674,USR03039,MER0415,3384.58,Card,iOS,1,0,1,2372.34,0,0.1731,881,21,0,0,0
TXN0004675,USR02914,MER0185,1689.46,UPI,Android,0,0,1,2746.58,0,0.1557,514,13,0,0,0
TXN0004676,USR01294,MER0055,1881.75,Card,Web,1,1,3,927.07,0,0.9061,487,7,0,0,0
TXN0004677,USR01945,MER0048,5999.11,UPI,Android,0,0,3,2337.9,0,0.2809,185,17,0,0,0
TXN0004678,USR01988,MER0201,2651.02,UPI,iOS,0,0,2,1365.05,0,0.2569,629,12,0,0,0
TXN0004679,USR02287,MER0204,2768.37,Card,Android,0,6,3,2598.07,0,0.813,134,23,0,0,0
TXN0004680,USR00242,MER0367,1038.22,UPI,iOS,1,1,1,1493.02,0,0.2167,448,14,0,0,0
TXN0004681,USR01137,MER0240,35760.81,UPI,Android,0,0,2,4927.99,1,0.5025,1102,20,0,0,0
TXN0004682,USR00597,MER0082,1035.57,Wallet,Android,0,2,1,2223.15,1,0.2461,494,13,1,0,0
TXN0004683,USR02442,MER0107,3432.19,UPI,Android,0,0,2,1913.08,0,0.1637,1293,22,1,0,0
TXN0004684,USR00242,MER0284,1804.72,Wallet,Android,0,1,2,1493.02,0,0.2832,193,23,1,0,0
TXN0004685,USR01810,MER0168,2832.5,UPI,iOS,0,0,2,3114.87,0,0.164,563,14,0,0,0
TXN0004686,USR02548,MER0336,1053.0,Wallet,Android,0,5,1,968.82,0,0.0687,724,7,0,0,0
TXN0004687,USR03320,MER0462,3728.11,UPI,Web,0,1,2,5659.06,0,0.39,1169,13,0,0,0
TXN0004688,USR01009,MER0178,2780.35,NetBanking,Android,0,0,2,2149.2,0,0.3498,135,19,0,1,0
TXN0004689,USR00028,MER0276,963.81,UPI,Android,0,0,1,806.56,0,0.1513,854,20,0,0,0
TXN0004690,USR02534,MER0416,8550.6,NetBanking,iOS,0,0,2,1307.47,0,0.2974,1354,22,1,0,0
TXN0004691,USR00006,MER0106,4629.67,UPI,Web,1,0,2,2251.27,0,0.0,424,19,1,0,0
TXN0004692,USR00233,MER0256,18370.02,Card,Android,1,0,1,3111.84,0,0.0344,1243,18,0,0,0
TXN0004693,USR03467,MER0153,2096.16,UPI,iOS,1,0,1,1456.01,1,0.21,110,11,0,0,0
TXN0004694,USR03019,MER0314,7459.46,UPI,iOS,0,0,2,2085.52,0,0.1148,286,16,1,0,0
TXN0004695,USR02477,MER0372,1776.57,UPI,Web,0,0,3,3756.14,1,0.5352,803,10,0,0,1
TXN0004696,USR02925,MER0071,5806.8,UPI,Web,0,0,3,6962.91,0,0.0856,2867,21,0,1,0
TXN0004697,USR00264,MER0094,232.92,UPI,Android,0,0,1,966.65,0,0.1017,1051,8,1,0,0
TXN0004698,USR00312,MER0012,5621.83,Card,Web,1,1,1,3952.47,0,0.3715,254,16,0,0,0
TXN0004699,USR01053,MER0007,3375.78,Card,Web,0,0,1,1926.96,0,0.2231,144,15,0,0,0
TXN0004700,USR00084,MER0026,668.57,Card,Android,0,0,3,1439.39,1,0.319,150,19,0,0,0
TXN0004701,USR03110,MER0354,5838.17,UPI,iOS,0,0,2,2184.0,0,0.2093,1176,12,0,0,0
TXN0004702,USR00198,MER0452,954.73,Card,Android,1,0,1,1684.15,0,0.0214,514,11,1,0,0
TXN0004703,USR01905,MER0205,2941.79,Wallet,Android,1,0,3,3957.43,0,0.7674,721,8,0,0,0
TXN0004704,USR02988,MER0442,3556.92,UPI,Android,0,1,3,3430.85,1,0.3383,529,13,0,0,0
TXN0004705,USR02573,MER0365,2868.89,Wallet,Android,0,0,2,957.05,0,0.1101,934,23,1,0,0
TXN0004706,USR00822,MER0404,1475.37,UPI,iOS,1,0,3,2877.19,0,0.3788,972,11,0,0,0
TXN0004707,USR01647,MER0370,2745.79,UPI,Web,1,0,1,2340.52,0,0.4196,187,19,0,0,0
TXN0004708,USR01919,MER0100,7227.1,Wallet,Android,0,1,2,4349.04,0,0.166,745,7,1,0,0
TXN0004709,USR02688,MER0262,4291.84,Card,Android,1,1,3,2996.42,0,0.441,231,20,0,0,0
TXN0004710,USR01492,MER0263,5095.52,Card,Android,0,1,1,3464.17,1,0.0066,209,15,0,0,0
TXN0004711,USR00998,MER0321,2019.28,UPI,iOS,0,8,1,1226.86,0,0.0815,218,17,0,0,0
TXN0004712,USR02785,MER0399,484.05,Card,Android,0,1,1,758.68,0,0.306,815,9,0,0,1
TXN0004713,USR03103,MER0057,2996.57,Card,iOS,0,0,1,934.51,0,0.3083,113,22,0,0,0
TXN0004714,USR01712,MER0338,456.55,NetBanking,Android,0,0,2,519.94,0,0.1736,928,9,0,0,0
TXN0004715,USR00099,MER0417,4741.06,Wallet,iOS,0,0,3,5940.72,1,0.1249,1444,16,0,0,0
TXN0004716,USR01753,MER0058,4145.9,UPI,iOS,0,0,2,1651.74,0,0.0784,269,12,0,0,0
TXN0004717,USR03113,MER0208,1209.63,UPI,iOS,0,0,1,2002.35,0,0.3402,598,9,0,0,0
TXN0004718,USR03462,MER0448,4881.44,Card,iOS,0,0,1,4074.87,0,0.1762,495,7,0,0,0
TXN0004719,USR01404,MER0013,215.32,Card,Web,0,0,1,380.92,0,0.4224,971,8,0,0,0
TXN0004720,USR00526,MER0081,11056.75,UPI,Android,0,0,2,1894.95,0,0.8271,513,20,0,0,1
TXN0004721,USR02003,MER0402,12689.37,Wallet,Android,0,1,2,2530.79,1,0.3295,629,21,0,0,0
TXN0004722,USR02908,MER0086,1300.99,Card,Android,0,0,1,1480.67,0,0.1017,600,15,0,0,0
TXN0004723,USR03308,MER0351,2066.12,UPI,Web,1,0,1,1493.88,0,0.2289,392,6,1,0,1
TXN0004724,USR00182,MER0451,4265.18,UPI,Android,0,1,3,4467.1,0,0.0036,525,14,0,0,0
TXN0004725,USR01017,MER0250,590.11,Card,iOS,0,1,10,797.36,0,0.1193,1966,23,0,0,0
TXN0004726,USR01672,MER0243,2066.31,Wallet,Web,0,0,2,1992.97,0,0.0663,682,16,0,0,0
TXN0004727,USR00344,MER0215,4401.18,UPI,Android,0,5,1,4764.08,0,0.3367,697,0,0,0,0
TXN0004728,USR03103,MER0187,297.42,UPI,Android,0,0,4,934.51,0,0.1513,1222,8,1,0,0
TXN0004729,USR00393,MER0191,1176.73,UPI,Android,0,0,4,1023.64,1,0.0948,500,8,0,0,0
TXN0004730,USR02329,MER0277,1284.0,UPI,Android,0,0,1,1391.57,0,0.4055,704,15,0,0,0
TXN0004731,USR03216,MER0448,1609.67,Card,Android,1,0,9,1351.54,0,0.1755,900,12,0,0,0
TXN0004732,USR02399,MER0491,1859.95,UPI,Android,0,0,2,2067.54,0,0.0181,385,15,0,0,0
TXN0004733,USR02672,MER0433,1295.75,Wallet,Android,0,0,2,1765.68,0,0.2516,576,20,0,0,0
TXN0004734,USR00922,MER0060,3311.79,UPI,Android,0,0,6,1854.39,0,0.2532,33,19,0,0,0
TXN0004735,USR02897,MER0154,2309.13,Wallet,Android,0,0,2,1653.7,0,0.279,315,15,0,0,0
TXN0004736,USR01466,MER0379,5684.14,NetBanking,Android,0,0,1,2186.99,0,0.0717,1164,11,0,0,0
TXN0004737,USR00215,MER0273,2106.03,UPI,iOS,0,0,2,1550.54,0,0.1389,437,5,1,0,0
TXN0004738,USR01284,MER0168,3209.26,NetBanking,Android,0,0,1,3889.64,0,0.1285,865,23,0,1,1
TXN0004739,USR01225,MER0156,2843.04,Card,Web,0,0,2,1917.07,0,0.1326,317,13,1,0,0
TXN0004740,USR01826,MER0059,606.02,Wallet,Android,0,1,2,2651.7,0,0.3278,669,20,0,0,0
TXN0004741,USR00927,MER0167,7703.23,UPI,Android,0,0,10,1780.67,0,0.3744,1090,12,0,0,1
TXN0004742,USR01618,MER0211,1173.7,Wallet,Android,0,0,2,1012.68,0,0.4334,871,12,1,0,0
TXN0004743,USR01498,MER0208,20104.15,Card,Android,0,0,1,4384.69,0,0.3166,852,12,0,0,0
TXN0004744,USR01145,MER0275,408.82,UPI,Web,0,1,2,803.67,0,0.2667,530,14,1,0,0
TXN0004745,USR02437,MER0137,3341.39,NetBanking,iOS,0,0,1,7854.54,0,0.1491,1320,17,1,0,0
TXN0004746,USR01070,MER0103,3019.96,NetBanking,Android,0,0,2,2439.63,0,0.4422,268,15,0,0,0
TXN0004747,USR02681,MER0444,3051.44,UPI,Web,0,0,1,2470.91,0,0.1433,1874,7,1,0,0
TXN0004748,USR00878,MER0203,2377.57,UPI,iOS,0,1,1,1959.21,0,0.2282,396,22,1,0,0
TXN0004749,USR03028,MER0128,10529.37,NetBanking,iOS,0,0,1,9683.02,0,0.6241,199,16,1,0,0
TXN0004750,USR01278,MER0318,895.74,Card,Android,0,0,1,1480.14,0,0.2805,635,16,1,0,0
TXN0004751,USR00143,MER0272,926.53,Card,Android,1,3,1,2838.15,1,0.4957,227,16,1,0,0
TXN0004752,USR00525,MER0289,1471.06,UPI,Android,1,0,3,1261.26,0,0.0254,1748,7,0,0,0
TXN0004753,USR02822,MER0111,1194.42,UPI,Android,1,0,2,3161.75,0,0.4937,205,13,1,0,0
TXN0004754,USR03053,MER0362,552.73,Card,Web,0,0,2,1566.06,0,0.0751,1302,12,0,0,0
TXN0004755,USR00742,MER0097,1256.82,Card,Android,1,2,2,1737.84,0,0.1663,312,9,1,0,0
TXN0004756,USR02108,MER0419,8205.71,UPI,Android,0,1,1,1259.75,1,0.2823,1062,17,0,0,0
TXN0004757,USR02011,MER0213,60979.64,Card,iOS,0,4,4,2243.17,0,0.6325,452,19,0,0,1
TXN0004758,USR00469,MER0205,2179.97,UPI,Android,0,1,1,1132.3,0,0.7139,450,7,1,0,0
TXN0004759,USR01582,MER0195,40176.87,Wallet,Android,0,0,1,15049.95,0,0.1625,411,20,1,0,0
TXN0004760,USR02429,MER0212,1033.34,UPI,Android,0,0,11,678.52,1,0.2091,1347,18,0,0,0
TXN0004761,USR03385,MER0333,7678.97,Card,Android,1,0,1,6198.77,0,0.4689,565,23,1,0,0
TXN0004762,USR02967,MER0249,15730.85,Wallet,Android,0,0,1,2722.24,0,0.2077,218,11,1,0,0
TXN0004763,USR00343,MER0064,382.7,Wallet,iOS,0,0,2,1042.84,0,0.2478,816,17,0,0,0
TXN0004764,USR00832,MER0284,962.59,UPI,Android,0,0,2,1362.61,0,0.2532,315,8,0,0,0
TXN0004765,USR01529,MER0134,1216.81,Wallet,Web,0,0,1,1628.35,0,0.3149,1423,18,1,0,0
TXN0004766,USR00528,MER0055,3020.66,UPI,Android,0,0,1,1668.82,0,0.8988,745,8,0,0,0
TXN0004767,USR01998,MER0420,1358.61,UPI,Web,0,1,2,2889.78,0,0.1958,333,18,0,0,0
TXN0004768,USR00031,MER0157,1757.65,Wallet,Web,0,1,1,1066.42,0,0.2128,194,20,1,0,0
TXN0004769,USR00398,MER0298,1042.94,UPI,Android,0,0,1,722.31,0,0.1644,1509,14,0,0,0
TXN0004770,USR00166,MER0086,8642.65,UPI,iOS,0,1,1,5058.65,0,0.0474,339,11,0,1,0
TXN0004771,USR01035,MER0170,2998.71,NetBanking,Android,0,1,1,1778.23,0,0.8776,1608,23,0,0,0
TXN0004772,USR02668,MER0193,13354.05,UPI,Android,0,0,1,4637.75,0,0.1394,493,17,0,0,0
TXN0004773,USR00621,MER0067,4689.86,Wallet,iOS,1,8,2,5108.13,0,0.4812,1823,14,0,0,0
TXN0004774,USR03456,MER0487,5272.71,Card,Android,0,1,1,3784.18,0,0.2713,1451,16,1,0,0
TXN0004775,USR00944,MER0156,1029.58,UPI,iOS,0,0,1,1839.46,0,0.25,1486,10,0,0,0
TXN0004776,USR00158,MER0292,384.16,UPI,Android,0,0,3,808.94,0,0.0525,360,19,0,0,0
TXN0004777,USR01175,MER0283,7465.33,UPI,Android,0,0,1,2202.5,0,0.1692,1084,9,0,0,0
TXN0004778,USR02619,MER0215,2407.81,Wallet,Android,0,0,6,4542.35,0,0.2583,60,7,0,0,0
TXN0004779,USR00374,MER0293,2316.13,Wallet,Web,1,1,1,1534.42,0,0.167,757,12,0,0,0
TXN0004780,USR00252,MER0283,3566.67,UPI,iOS,0,0,1,2558.14,0,0.2009,1035,9,0,0,0
TXN0004781,USR02973,MER0041,4259.17,Card,iOS,0,0,3,1921.47,0,0.3024,593,17,0,0,0
TXN0004782,USR02073,MER0335,776.22,Card,iOS,0,0,2,2692.79,1,0.0238,896,0,0,0,0
TXN0004783,USR01202,MER0058,2593.94,Card,Web,0,0,1,1435.49,0,0.068,268,13,0,0,0
TXN0004784,USR02647,MER0218,801.36,UPI,Android,1,0,1,878.39,0,0.2195,689,18,0,0,0
TXN0004785,USR02956,MER0183,1296.85,UPI,Web,0,1,2,2099.87,0,0.2382,496,17,1,0,0
TXN0004786,USR01258,MER0224,2220.55,UPI,Android,1,1,3,2796.43,0,0.8966,489,20,0,0,1
TXN0004787,USR01965,MER0036,5948.1,Card,Android,0,0,1,2964.17,0,0.1338,356,6,0,1,0
TXN0004788,USR00039,MER0351,1627.86,UPI,Web,0,0,2,1010.83,0,0.2562,336,6,1,0,0
TXN0004789,USR01072,MER0210,1422.04,Card,Web,0,0,2,1639.19,0,0.4606,498,14,1,0,0
TXN0004790,USR02084,MER0031,1278.96,NetBanking,Android,0,2,1,3053.26,0,0.2731,1197,12,0,0,0
TXN0004791,USR00690,MER0002,618.4,UPI,Android,0,1,3,1403.17,0,0.2826,713,16,1,0,0
TXN0004792,USR03470,MER0271,8726.46,Card,Android,0,1,1,5334.41,0,0.3768,852,20,0,0,0
TXN0004793,USR03400,MER0334,1103.14,UPI,Android,0,0,2,2909.95,0,0.4161,1676,13,0,0,0
TXN0004794,USR00902,MER0274,2816.69,Card,iOS,0,2,2,3224.03,0,0.059,1579,16,0,0,0
TXN0004795,USR01388,MER0361,16272.95,UPI,iOS,0,0,1,2482.17,0,0.2078,481,13,1,0,0
TXN0004796,USR00664,MER0379,3249.06,NetBanking,Android,0,1,1,2453.42,0,0.0516,1168,22,1,0,0
TXN0004797,USR01764,MER0436,4398.07,UPI,Android,1,0,1,2709.45,1,0.1241,1083,13,0,0,0
TXN0004798,USR00434,MER0492,897.47,NetBanking,Android,1,0,2,2025.4,0,0.2578,216,9,0,0,0
TXN0004799,USR01369,MER0443,1467.4,UPI,Android,0,0,2,3732.77,0,0.1733,487,14,0,0,0
TXN0004800,USR01944,MER0398,12387.84,Wallet,Android,0,0,1,7342.82,1,0.0137,150,17,1,0,1
TXN0004801,USR02142,MER0216,2103.88,UPI,iOS,1,0,2,2710.34,0,0.0252,923,6,0,0,0
TXN0004802,USR02088,MER0252,27550.93,UPI,Android,0,0,2,1401.28,0,0.1498,734,18,0,0,0
TXN0004803,USR00775,MER0309,2747.25,Wallet,Web,0,1,2,2605.29,0,0.2264,147,13,1,0,0
TXN0004804,USR02773,MER0085,79657.39,UPI,iOS,0,1,1,6469.85,0,0.9261,506,22,0,0,0
TXN0004805,USR02422,MER0339,2461.05,Card,Android,0,4,2,3635.17,0,0.2855,1127,12,0,0,1
TXN0004806,USR02636,MER0295,1382.42,Card,Android,0,0,2,1098.18,0,0.0848,522,7,0,0,0
TXN0004807,USR01638,MER0261,1011.49,UPI,Android,0,0,1,1883.64,0,0.1411,333,16,0,0,0
TXN0004808,USR03124,MER0418,6519.68,UPI,Web,0,0,1,776.41,0,0.4233,580,23,0,0,0
TXN0004809,USR01365,MER0344,10654.4,NetBanking,Android,1,1,2,7589.79,0,0.1902,858,9,0,0,0
TXN0004810,USR02821,MER0467,600.34,Card,iOS,1,2,3,1173.28,0,0.8277,1524,11,1,1,0
TXN0004811,USR00713,MER0489,1594.54,Wallet,iOS,1,0,1,1960.17,0,0.4062,741,11,0,0,0
TXN0004812,USR00866,MER0413,8134.87,Wallet,Android,0,1,3,2963.7,0,0.1322,603,7,1,0,0
TXN0004813,USR01844,MER0149,7044.31,Wallet,Android,0,1,3,2798.24,0,0.1977,837,21,1,0,0
TXN0004814,USR01946,MER0095,1575.52,Card,Android,0,1,1,4267.16,0,0.0201,471,20,0,0,0
TXN0004815,USR02612,MER0150,3976.86,UPI,iOS,1,2,3,5441.16,0,0.3761,1037,22,1,0,0
TXN0004816,USR01041,MER0357,8605.91,Wallet,Web,0,0,1,2268.33,1,0.0255,375,11,1,0,0
TXN0004817,USR03055,MER0433,994.74,Wallet,Web,0,1,1,1097.56,0,0.3044,1146,21,0,0,1
TXN0004818,USR01155,MER0441,3067.24,Card,Android,0,0,1,2629.29,0,0.8767,303,7,0,0,0
TXN0004819,USR01870,MER0342,2839.67,Wallet,iOS,0,1,2,1326.17,1,0.2306,1159,20,1,0,0
TXN0004820,USR03262,MER0341,1535.4,UPI,iOS,0,1,1,3919.44,0,0.2651,373,15,0,0,0
TXN0004821,USR01888,MER0476,2100.32,UPI,Web,0,1,1,4041.73,0,0.2281,495,17,0,0,0
TXN0004822,USR02387,MER0343,573.31,UPI,iOS,1,7,1,708.03,0,0.3221,369,0,0,1,1
TXN0004823,USR03181,MER0071,48709.39,Card,Android,0,0,1,2221.96,0,0.1067,577,17,0,0,1
TXN0004824,USR03412,MER0251,7162.31,UPI,Android,0,0,2,3362.22,1,0.1727,1059,8,0,0,0
TXN0004825,USR01748,MER0180,2594.34,UPI,Web,0,1,2,1511.49,0,0.357,1115,15,0,1,0
TXN0004826,USR01460,MER0319,1661.8,Card,iOS,0,0,3,1796.96,0,0.0638,1450,12,0,0,0
TXN0004827,USR00690,MER0318,3234.97,UPI,Android,0,0,1,1403.17,0,0.2442,537,1,0,0,0
TXN0004828,USR01882,MER0148,1227.62,Card,Web,0,0,1,1340.42,0,0.1596,671,20,0,0,0
TXN0004829,USR03215,MER0150,3068.03,UPI,iOS,0,0,1,1979.61,0,0.374,445,19,0,0,0
TXN0004830,USR01705,MER0045,7657.67,UPI,Android,0,1,1,3884.68,0,0.0352,1438,14,1,0,0
TXN0004831,USR01220,MER0147,13478.18,UPI,Android,0,0,3,3885.93,0,0.1817,806,18,0,0,0
TXN0004832,USR00376,MER0414,2779.91,UPI,Android,0,0,2,2831.97,0,0.2308,370,22,0,0,0
TXN0004833,USR01365,MER0328,5975.84,UPI,iOS,0,0,1,7589.79,0,0.3598,1282,15,0,0,0
TXN0004834,USR00829,MER0472,2751.76,UPI,Android,0,0,1,1059.49,0,0.079,382,20,0,0,0
TXN0004835,USR03419,MER0464,5449.98,NetBanking,Web,0,1,2,1985.51,0,0.0986,527,11,0,0,0
TXN0004836,USR01847,MER0429,22072.73,UPI,Android,0,0,10,4396.43,0,0.3354,1569,22,0,0,1
TXN0004837,USR00480,MER0090,1072.84,UPI,Android,0,1,2,2325.5,0,0.0895,1663,8,1,0,0
TXN0004838,USR00236,MER0167,7814.18,Wallet,Android,0,0,2,3177.95,0,0.3469,1326,6,0,0,0
TXN0004839,USR02978,MER0029,1579.63,UPI,Android,0,0,3,5039.15,0,0.3122,1155,9,0,0,0
TXN0004840,USR03261,MER0047,247.32,Card,iOS,0,1,2,818.51,0,0.3368,1457,19,0,0,0
TXN0004841,USR02671,MER0116,1693.4,Wallet,iOS,1,0,2,2009.55,0,0.1788,513,21,0,0,0
TXN0004842,USR00434,MER0141,2074.09,UPI,Web,0,0,2,2025.4,0,0.6075,1048,12,0,0,0
TXN0004843,USR00344,MER0008,2112.64,NetBanking,iOS,0,7,2,4764.08,0,0.112,436,8,1,0,0
TXN0004844,USR00693,MER0422,1553.73,Card,Android,0,1,3,1392.25,0,0.0106,690,5,0,0,0
TXN0004845,USR02629,MER0264,3113.62,Wallet,Android,0,0,1,2701.82,0,0.1989,88,9,0,0,0
TXN0004846,USR02679,MER0328,1618.17,NetBanking,iOS,0,1,2,2404.1,0,0.3356,299,18,0,0,1
TXN0004847,USR02933,MER0327,5324.7,Wallet,iOS,0,0,1,1294.68,0,0.1288,815,19,0,0,0
TXN0004848,USR00340,MER0484,2114.52,UPI,Android,0,0,2,1631.33,0,0.2835,773,9,1,0,0
TXN0004849,USR00537,MER0074,4502.04,Card,Web,0,1,1,2100.17,0,0.2063,484,8,0,0,0
TXN0004850,USR03151,MER0172,1131.08,UPI,Web,1,1,1,3392.76,0,0.8731,1407,8,0,0,0
TXN0004851,USR03251,MER0155,559.98,Card,iOS,0,1,3,1690.17,0,0.8519,756,8,0,1,0
TXN0004852,USR02540,MER0276,8363.5,Wallet,Android,0,1,3,6313.13,1,0.1531,757,7,1,0,0
TXN0004853,USR00372,MER0264,9117.31,UPI,Android,0,0,1,2521.06,1,0.1965,594,8,0,0,0
TXN0004854,USR00241,MER0396,1119.17,Card,iOS,1,1,1,2434.51,0,0.2642,1271,17,0,0,0
TXN0004855,USR00195,MER0281,1850.94,Card,Android,0,0,2,1754.99,0,0.3841,2564,9,1,0,0
TXN0004856,USR02422,MER0117,1421.04,UPI,Android,0,1,12,3635.17,0,0.0649,635,9,0,0,0
TXN0004857,USR02961,MER0283,642.61,Card,iOS,0,2,1,1133.37,0,0.1523,87,11,0,0,0
TXN0004858,USR02211,MER0483,7158.52,UPI,Android,0,1,2,1018.84,0,0.161,641,16,0,0,0
TXN0004859,USR00918,MER0290,821.3,Card,Android,0,8,1,1230.99,1,0.1213,554,15,1,0,0
TXN0004860,USR02651,MER0297,400.07,UPI,Android,0,2,2,1076.66,0,0.3185,365,22,0,0,0
TXN0004861,USR00207,MER0088,3880.78,Wallet,Android,0,0,1,10613.62,0,0.0856,684,17,0,0,0
TXN0004862,USR02899,MER0004,1295.07,UPI,Android,0,0,1,5293.55,0,0.0921,879,9,1,0,0
TXN0004863,USR03122,MER0105,2948.23,Card,Web,0,1,4,2199.13,1,0.2708,79,8,0,0,1
TXN0004864,USR02515,MER0013,2443.57,Card,Android,0,1,1,1670.63,0,0.4682,515,11,1,0,0
TXN0004865,USR03078,MER0227,691.47,UPI,Android,0,3,1,474.46,0,0.0757,264,23,1,0,0
TXN0004866,USR02052,MER0442,2070.01,Card,Android,0,0,1,4187.73,0,0.3078,792,17,0,0,0
TXN0004867,USR01640,MER0224,4871.75,Wallet,Android,0,2,2,2482.26,0,0.9341,720,9,0,0,0
TXN0004868,USR01129,MER0323,5721.91,UPI,Android,0,0,3,3616.2,1,0.2105,709,7,1,0,0
TXN0004869,USR03226,MER0428,1042.73,Card,Android,0,0,2,1090.45,0,0.0345,910,8,0,0,0
TXN0004870,USR02441,MER0382,1895.32,UPI,Web,0,0,1,2230.68,0,0.2867,2260,21,0,0,0
TXN0004871,USR00667,MER0326,1936.79,Card,Web,0,2,5,3249.15,0,0.3202,119,15,0,0,0
TXN0004872,USR03350,MER0393,1822.42,Wallet,Android,0,2,3,1668.31,0,0.273,987,12,0,0,0
TXN0004873,USR00208,MER0141,6119.13,Card,Android,0,0,6,2007.72,0,0.6362,585,20,1,0,0
TXN0004874,USR02057,MER0211,21599.63,UPI,iOS,0,0,1,10008.35,0,0.476,1264,18,0,0,0
TXN0004875,USR00667,MER0200,2570.04,UPI,iOS,0,5,2,3249.15,0,0.1554,622,21,0,0,0
TXN0004876,USR02326,MER0400,2177.17,Card,Android,0,3,1,1553.05,0,0.1968,3650,8,0,0,0
TXN0004877,USR01445,MER0205,1082.47,UPI,Web,0,1,3,2515.01,0,0.7283,487,14,1,0,0
TXN0004878,USR01530,MER0469,3245.53,Card,Android,0,1,1,2017.04,0,0.1764,77,10,0,0,0
TXN0004879,USR02351,MER0094,263.03,Card,Web,0,0,2,502.95,0,0.0783,1742,17,0,0,0
TXN0004880,USR02647,MER0087,1373.44,Wallet,Web,0,2,1,878.39,0,0.1852,1466,17,1,0,0
TXN0004881,USR01331,MER0359,29357.29,UPI,Web,0,0,1,3639.36,0,0.0902,673,16,1,0,0
TXN0004882,USR03492,MER0383,1450.05,Card,Android,0,0,2,2297.93,0,0.0202,1535,16,0,0,0
TXN0004883,USR01745,MER0340,20023.42,UPI,Android,1,1,2,2566.35,0,0.5186,1749,9,1,0,1
TXN0004884,USR00562,MER0154,2580.33,UPI,Android,0,0,2,1905.34,0,0.254,763,13,0,0,0
TXN0004885,USR00023,MER0005,2041.71,Card,iOS,0,0,1,3682.23,0,0.0968,355,14,1,0,0
TXN0004886,USR00709,MER0161,1464.38,Card,Android,0,0,2,2729.62,0,0.4041,590,21,1,1,1
TXN0004887,USR02419,MER0234,18570.39,UPI,Android,0,0,2,3556.58,0,0.4282,274,7,0,0,0
TXN0004888,USR01889,MER0207,5550.9,Wallet,Android,0,1,1,4091.89,1,0.1829,232,11,1,0,0
TXN0004889,USR01183,MER0462,1044.86,UPI,Android,1,0,6,1651.22,0,0.3793,454,22,0,0,0
TXN0004890,USR01685,MER0432,1564.34,UPI,Web,0,0,1,1904.0,0,0.1188,358,5,0,0,0
TXN0004891,USR02934,MER0388,2548.4,UPI,Web,1,1,1,1964.64,0,0.2391,1385,21,0,0,0
TXN0004892,USR02001,MER0012,1199.67,UPI,Android,0,0,1,1269.12,0,0.3763,217,2,0,0,0
TXN0004893,USR00204,MER0064,3194.75,UPI,Android,0,1,2,2618.13,0,0.1804,1481,0,0,0,0
TXN0004894,USR00172,MER0217,5969.51,Card,iOS,0,0,1,1750.09,0,0.7682,865,19,0,0,0
TXN0004895,USR01688,MER0311,606.54,Card,Android,0,0,2,1436.42,0,0.4824,48,18,0,0,0
TXN0004896,USR01415,MER0341,3519.79,UPI,Android,0,0,2,2326.27,0,0.1999,262,16,0,0,0
TXN0004897,USR02977,MER0149,1183.8,Card,Android,0,0,2,1311.56,0,0.1739,371,18,0,0,0
TXN0004898,USR02041,MER0056,2171.68,UPI,Android,0,1,2,3270.08,1,0.2202,1350,2,0,0,0
TXN0004899,USR02650,MER0165,4338.41,UPI,Android,0,0,2,2107.59,0,0.1668,513,7,1,0,0
TXN0004900,USR02049,MER0397,1550.32,Card,iOS,0,0,1,4667.81,0,0.085,132,15,0,0,0
TXN0004901,USR01209,MER0494,528.75,Wallet,Web,0,2,1,762.17,0,0.9186,1037,16,0,0,0
TXN0004902,USR02301,MER0471,2462.69,Wallet,Web,0,0,2,2202.49,0,0.1355,987,20,0,0,0
TXN0004903,USR02176,MER0297,4328.9,UPI,iOS,0,0,2,5026.9,0,0.3366,472,7,1,0,0
TXN0004904,USR02521,MER0046,520.39,UPI,Android,0,0,2,1449.01,0,0.2302,795,20,0,0,0
TXN0004905,USR00663,MER0484,400.76,Card,Web,0,0,1,1443.69,0,0.3013,242,20,0,0,0
TXN0004906,USR02246,MER0077,11070.73,Wallet,iOS,0,2,1,2898.66,0,0.4936,1123,11,0,0,1
TXN0004907,USR01000,MER0135,5584.94,UPI,Android,0,0,2,4206.81,0,0.1944,380,12,0,0,1
TXN0004908,USR02766,MER0488,3639.72,UPI,Android,0,0,2,3772.59,0,0.1383,1955,21,0,0,0
TXN0004909,USR02795,MER0252,6835.25,NetBanking,iOS,0,0,2,1479.22,0,0.1692,722,16,0,0,0
TXN0004910,USR02187,MER0099,4866.39,UPI,iOS,0,0,3,2450.93,0,0.2915,544,10,1,0,0
TXN0004911,USR03314,MER0252,2043.14,NetBanking,Android,1,1,1,600.86,0,0.1214,982,18,0,0,0
TXN0004912,USR01882,MER0040,545.21,Card,Android,0,0,1,1340.42,0,0.0716,634,21,0,0,0
TXN0004913,USR00088,MER0158,998.68,Card,Android,0,0,2,2522.37,0,0.1213,193,13,1,0,0
TXN0004914,USR02122,MER0477,8866.32,UPI,iOS,0,1,1,5977.28,0,0.0442,1378,10,1,0,0
TXN0004915,USR02722,MER0150,1571.39,Wallet,Android,0,0,1,1225.71,0,0.3511,727,13,0,0,0
TXN0004916,USR00355,MER0447,6919.35,UPI,Android,0,5,1,2958.15,0,0.9955,662,20,0,0,1
TXN0004917,USR00367,MER0272,555.86,UPI,Android,0,0,2,1890.68,0,0.5246,231,18,1,0,0
TXN0004918,USR00957,MER0328,2385.87,UPI,iOS,0,1,1,1511.3,0,0.3777,1045,23,1,0,0
TXN0004919,USR02955,MER0352,11470.84,UPI,Android,0,0,2,5915.26,0,0.2649,1032,6,0,0,0
TXN0004920,USR01846,MER0276,3789.11,Card,Android,0,1,2,2030.1,0,0.1245,1603,19,0,0,0
TXN0004921,USR03418,MER0018,4283.97,UPI,Web,0,0,1,6035.75,0,0.1091,885,23,0,0,0
TXN0004922,USR03056,MER0460,2350.49,Card,Android,0,1,2,1701.01,0,0.0655,888,9,0,0,0
TXN0004923,USR01942,MER0238,1188.15,Card,Android,1,0,2,2183.37,0,0.3742,1414,20,0,0,0
TXN0004924,USR02377,MER0328,551.44,Card,Android,0,1,2,715.84,0,0.3707,490,22,0,0,0
TXN0004925,USR01159,MER0277,2266.74,Card,iOS,0,0,2,5049.34,0,0.4027,2255,14,0,0,0
TXN0004926,USR00317,MER0330,3405.06,UPI,Android,1,1,5,6181.13,0,0.9867,216,0,0,0,0
TXN0004927,USR01396,MER0178,2521.85,Wallet,Android,0,0,1,3153.42,0,0.2791,1664,21,0,0,0
TXN0004928,USR02073,MER0422,1798.77,UPI,Android,0,0,1,2692.79,0,0.0274,267,22,0,1,0
TXN0004929,USR00638,MER0113,1340.41,Card,iOS,0,0,3,2433.43,0,0.8825,434,19,0,0,0
TXN0004930,USR00777,MER0327,911.63,Wallet,Android,0,0,1,2442.92,0,0.1162,865,10,1,0,0
TXN0004931,USR00053,MER0289,17052.1,Wallet,Android,0,0,1,4367.91,0,0.0,328,20,1,0,0
TXN0004932,USR02570,MER0252,673.57,UPI,iOS,0,1,2,1015.37,0,0.1353,658,10,1,1,0
TXN0004933,USR03149,MER0011,8461.61,UPI,iOS,0,6,1,7014.39,0,0.2097,800,20,0,0,0
TXN0004934,USR02897,MER0195,443.33,Wallet,iOS,0,0,9,1653.7,0,0.1893,629,15,0,0,0
TXN0004935,USR01330,MER0024,5173.2,Wallet,Android,1,2,1,2046.2,0,0.3383,322,19,1,0,0
TXN0004936,USR02078,MER0252,4512.75,Card,Web,0,0,4,4206.17,1,0.115,1101,18,0,0,0
TXN0004937,USR03363,MER0344,364.97,UPI,iOS,0,0,1,528.17,0,0.1416,671,14,0,0,0
TXN0004938,USR02070,MER0262,1972.8,UPI,iOS,0,5,2,2837.02,0,0.5042,124,14,1,0,0
TXN0004939,USR01036,MER0379,2137.05,NetBanking,Android,1,1,1,1201.36,0,0.0841,1812,16,0,0,0
TXN0004940,USR01186,MER0181,694.55,UPI,Android,0,0,3,6121.08,0,0.1044,218,13,1,0,0
TXN0004941,USR02545,MER0154,1379.74,Wallet,Android,0,0,3,2625.62,0,0.2533,413,9,0,0,0
TXN0004942,USR01562,MER0225,1348.82,UPI,iOS,0,0,1,1544.92,0,0.3898,304,1,0,0,0
TXN0004943,USR02931,MER0115,2232.93,Card,Android,0,0,2,2578.88,0,0.3453,1056,14,0,0,0
TXN0004944,USR03025,MER0401,5973.09,UPI,iOS,0,2,2,1034.01,0,0.2121,446,3,0,0,0
TXN0004945,USR00126,MER0405,3036.92,UPI,Android,0,1,2,4071.09,0,0.3496,662,14,1,0,0
TXN0004946,USR02532,MER0209,13703.99,UPI,iOS,0,0,3,7061.97,0,0.2698,368,6,0,0,0
TXN0004947,USR01295,MER0397,10499.53,Wallet,Android,0,2,1,2994.98,0,0.1085,487,10,0,0,0
TXN0004948,USR01820,MER0013,2573.88,Card,Android,0,0,1,1669.58,0,0.4262,226,16,0,0,0
TXN0004949,USR00927,MER0078,1042.73,Card,Android,0,0,3,1780.67,0,0.4181,1870,6,1,0,0
TXN0004950,USR01289,MER0142,905.59,NetBanking,Android,0,0,1,2400.48,0,0.518,334,16,0,0,0
TXN0004951,USR01157,MER0194,1921.3,UPI,iOS,0,1,1,1180.93,0,0.5699,329,15,0,0,0
TXN0004952,USR00177,MER0116,5771.38,Wallet,Android,0,0,9,1856.13,0,0.123,143,7,1,0,0
TXN0004953,USR02740,MER0257,1275.59,UPI,Android,0,1,2,905.12,0,0.2359,296,12,0,0,0
TXN0004954,USR00501,MER0397,2550.73,UPI,Android,0,0,2,1103.29,0,0.0879,317,7,0,0,0
TXN0004955,USR01316,MER0229,16168.43,Card,Android,0,6,1,2629.67,0,0.6234,914,7,0,0,1
TXN0004956,USR00676,MER0225,1210.46,NetBanking,Android,0,0,1,696.34,0,0.3518,89,21,1,0,0
TXN0004957,USR00563,MER0030,1178.29,Card,Web,0,0,1,2736.05,1,0.2326,274,10,0,0,0
TXN0004958,USR01307,MER0141,1013.98,UPI,Android,0,0,4,1027.49,0,0.6224,1031,14,0,0,0
TXN0004959,USR03216,MER0404,23616.66,NetBanking,iOS,0,0,1,1351.54,0,0.3733,755,13,0,0,1
TXN0004960,USR03305,MER0406,1520.38,Wallet,Android,0,0,3,1911.87,0,0.3121,1203,15,0,0,0
TXN0004961,USR01336,MER0053,4226.57,Card,Android,0,1,1,1502.73,0,0.0577,335,6,0,0,0
TXN0004962,USR01769,MER0010,4419.09,Card,Android,1,2,2,4875.05,0,0.3897,168,9,0,0,0
TXN0004963,USR03450,MER0416,22641.1,UPI,Android,0,1,3,3417.01,0,0.2679,81,8,1,0,0
TXN0004964,USR00822,MER0088,2126.08,UPI,Android,0,0,2,2877.19,0,0.1845,761,20,0,0,0
TXN0004965,USR03307,MER0288,2249.3,Card,Android,0,0,2,2108.03,0,0.232,389,8,1,0,0
TXN0004966,USR00371,MER0414,859.82,UPI,iOS,0,0,2,775.7,0,0.2776,1130,13,0,0,0
TXN0004967,USR00791,MER0394,722.68,Card,Android,0,0,2,2419.01,0,0.9451,1406,8,1,0,0
TXN0004968,USR01185,MER0276,481.68,Card,Android,0,1,1,695.92,0,0.153,564,11,1,0,0
TXN0004969,USR00130,MER0189,1027.56,Card,Android,0,0,2,2625.04,0,0.2398,495,17,1,0,0
TXN0004970,USR02856,MER0387,3097.89,Wallet,Web,0,0,1,4365.97,0,0.8224,959,1,0,0,0
TXN0004971,USR02994,MER0348,1182.56,UPI,Android,0,1,3,2203.83,0,0.1903,1216,12,0,0,0
TXN0004972,USR01342,MER0420,2465.44,UPI,Android,0,0,2,1250.89,1,0.1807,1939,14,0,1,0
TXN0004973,USR02928,MER0257,3700.35,UPI,Android,0,1,1,1861.87,0,0.2218,555,19,0,0,0
TXN0004974,USR02704,MER0471,3525.18,UPI,Web,1,0,1,2475.69,0,0.1801,799,21,0,1,0
TXN0004975,USR02805,MER0385,889.96,UPI,iOS,0,0,2,2330.6,0,0.1559,724,7,1,0,0
TXN0004976,USR02810,MER0032,3378.98,UPI,Android,0,0,5,3812.29,0,0.5526,954,18,0,0,0
TXN0004977,USR02008,MER0147,2663.33,UPI,Android,1,0,1,7385.77,0,0.1961,912,8,0,0,0
TXN0004978,USR00388,MER0400,870.17,UPI,iOS,0,1,1,1017.13,0,0.2305,1534,20,0,0,0
TXN0004979,USR03233,MER0059,1753.14,NetBanking,Web,0,1,2,1156.34,0,0.3591,661,11,1,0,0
TXN0004980,USR02131,MER0355,6810.22,UPI,Android,0,0,2,3504.72,0,0.0587,712,11,0,0,0
TXN0004981,USR03155,MER0171,1551.3,UPI,Android,0,1,2,1160.26,0,0.1832,906,10,0,0,0
TXN0004982,USR03357,MER0104,6064.71,Wallet,Android,1,0,12,2576.39,0,0.0697,219,12,1,0,0
TXN0004983,USR00656,MER0270,1379.92,UPI,Android,0,0,1,1203.22,0,0.3795,551,22,0,0,0
TXN0004984,USR01408,MER0466,1945.21,Card,Android,0,0,1,2419.43,0,0.3484,665,23,0,0,0
TXN0004985,USR00674,MER0449,2376.91,Card,Android,0,1,1,1332.11,0,0.0175,1061,9,0,1,0
TXN0004986,USR00179,MER0203,4205.61,Card,Android,0,0,1,2301.95,0,0.228,749,8,0,0,0
TXN0004987,USR03383,MER0002,5147.37,UPI,iOS,0,1,1,7892.31,0,0.3484,80,8,0,0,0
TXN0004988,USR03232,MER0444,4302.57,UPI,Android,0,0,3,3443.0,0,0.1394,350,15,0,0,0
TXN0004989,USR03262,MER0449,3016.34,NetBanking,Android,0,0,3,3919.44,0,0.0109,432,12,0,0,0
TXN0004990,USR03093,MER0303,324.55,Wallet,Web,0,0,2,1449.02,0,0.1996,1156,19,1,0,0
TXN0004991,USR02271,MER0315,2141.35,Card,Android,0,8,2,1639.78,0,0.1074,1058,9,1,0,0
TXN0004992,USR01828,MER0264,1041.83,UPI,Android,1,1,1,2781.63,0,0.194,126,22,0,0,0
TXN0004993,USR03471,MER0007,2273.26,UPI,Android,0,0,2,1886.82,0,0.1938,557,16,0,0,0
TXN0004994,USR01933,MER0080,615.06,Card,Android,0,2,2,1953.04,0,0.0232,563,10,1,0,0
TXN0004995,USR02249,MER0072,860.59,UPI,Android,0,0,1,1518.96,1,0.3351,950,9,0,0,0
TXN0004996,USR00742,MER0458,1209.79,NetBanking,Android,1,0,2,1737.84,0,0.6388,715,21,0,0,0
TXN0004997,USR02614,MER0025,4748.95,NetBanking,Android,0,1,1,2101.56,0,0.1102,1055,16,0,0,0
TXN0004998,USR02869,MER0279,988.55,UPI,Android,0,0,2,1525.94,0,0.2843,286,22,1,0,0
TXN0004999,USR02375,MER0182,967.71,UPI,Web,0,2,2,2205.96,1,0.5799,910,22,0,0,0
TXN0005000,USR01746,MER0004,2657.96,UPI,Android,0,1,2,2149.49,0,0.1153,820,19,1,0,0
TXN0005001,USR00693,MER0460,1132.81,UPI,Android,0,1,1,1392.25,0,0.0811,1277,10,0,0,0
TXN0005002,USR00119,MER0010,4189.46,UPI,Web,0,0,2,2492.7,0,0.2647,160,18,0,0,0
TXN0005003,USR02196,MER0428,548.08,Card,Android,0,0,2,1193.89,0,0.0345,668,19,1,1,0
TXN0005004,USR02391,MER0389,1735.66,Card,Android,0,0,1,1567.64,0,0.1025,1440,21,0,0,0
TXN0005005,USR02705,MER0397,12046.03,UPI,Android,0,2,1,2139.66,0,0.0723,1138,8,1,0,0
TXN0005006,USR03327,MER0081,3587.8,UPI,Android,0,2,1,4480.88,0,0.7915,1233,15,0,0,0
TXN0005007,USR01741,MER0441,1231.93,UPI,Web,0,0,1,1132.17,1,0.8525,663,16,1,0,0
TXN0005008,USR02903,MER0300,521.53,Card,Web,0,0,1,1812.96,0,0.182,2027,19,0,0,0
TXN0005009,USR02508,MER0201,878.94,NetBanking,iOS,0,0,4,1707.63,0,0.2263,788,13,0,0,0
TXN0005010,USR00971,MER0341,1710.73,UPI,Android,0,0,3,1291.65,0,0.2459,827,7,1,0,0
TXN0005011,USR02958,MER0171,2118.31,Wallet,Android,0,0,1,2823.97,0,0.1592,2028,1,0,0,0
TXN0005012,USR00187,MER0140,4732.31,UPI,Android,0,1,2,3196.39,0,0.6157,815,21,0,0,1
TXN0005013,USR02097,MER0145,1563.2,Card,Android,0,0,1,1210.19,0,0.1455,396,8,0,0,0
TXN0005014,USR03292,MER0285,415.06,UPI,Web,1,0,1,1127.11,0,0.1334,1318,7,0,0,0
TXN0005015,USR02307,MER0301,2804.38,UPI,Android,0,1,2,1419.3,0,0.4228,409,10,1,0,0
TXN0005016,USR03280,MER0121,449.53,UPI,Android,0,0,1,1156.25,0,0.3309,939,11,0,0,0
TXN0005017,USR00197,MER0123,1285.0,Wallet,Android,0,0,1,2343.17,0,0.3475,1181,11,0,0,0
TXN0005018,USR01864,MER0474,1202.05,UPI,iOS,0,1,3,1071.22,0,0.1122,313,1,1,0,0
TXN0005019,USR02733,MER0258,4249.05,UPI,iOS,0,1,3,1445.48,0,0.2551,437,13,0,0,0
TXN0005020,USR02249,MER0431,701.34,Card,Android,0,0,2,1518.96,0,0.1064,163,21,0,0,0
TXN0005021,USR03082,MER0166,3062.45,Card,iOS,0,1,1,2894.7,0,0.414,117,22,0,1,0
TXN0005022,USR01620,MER0145,3530.88,UPI,Android,0,0,2,3317.5,0,0.1557,973,18,0,0,0
TXN0005023,USR02390,MER0142,2704.23,UPI,iOS,0,0,2,1770.96,0,0.5111,436,16,0,0,0
TXN0005024,USR01470,MER0265,3923.39,Card,Android,0,2,2,1758.49,0,0.2465,346,8,0,0,0
TXN0005025,USR03053,MER0390,1113.64,UPI,Android,0,0,2,1566.06,0,0.2385,924,8,0,0,0
TXN0005026,USR00419,MER0251,27401.89,UPI,Android,0,0,2,3216.15,0,0.1629,384,21,0,0,0
TXN0005027,USR00890,MER0148,2789.67,UPI,Android,0,1,2,1125.35,0,0.1796,565,14,0,0,0
TXN0005028,USR00339,MER0481,6715.35,Card,iOS,0,3,3,1954.13,0,0.4144,940,21,0,0,1
TXN0005029,USR02458,MER0287,2189.2,NetBanking,Web,0,0,2,1603.44,0,0.0573,314,6,0,0,0
TXN0005030,USR00815,MER0198,2489.9,Card,Android,0,0,3,2337.05,0,0.168,483,21,0,0,0
TXN0005031,USR01110,MER0005,4335.31,Wallet,Android,0,0,1,6414.07,0,0.2133,357,17,0,0,0
TXN0005032,USR02929,MER0282,553.26,Card,Android,1,0,1,1662.88,0,0.0626,835,9,1,0,0
TXN0005033,USR01261,MER0311,846.68,UPI,Android,0,1,1,1087.29,0,0.4154,798,20,0,0,0
TXN0005034,USR00511,MER0465,1391.63,NetBanking,iOS,0,1,1,1349.31,0,0.2352,160,7,0,1,0
TXN0005035,USR00074,MER0116,14445.41,UPI,iOS,0,0,2,1793.89,0,0.1513,832,18,0,0,0
TXN0005036,USR00794,MER0082,1834.29,Wallet,Android,0,0,1,1253.95,0,0.1632,1242,8,0,0,0
TXN0005037,USR03202,MER0500,2217.96,UPI,Web,0,1,3,6643.2,0,0.1996,471,2,0,0,0
TXN0005038,USR01921,MER0276,1173.15,Card,Android,0,0,1,1405.96,0,0.1193,187,4,0,0,0
TXN0005039,USR03482,MER0014,4424.86,NetBanking,iOS,0,0,1,1106.28,0,0.2331,1299,7,1,0,0
TXN0005040,USR00753,MER0053,9430.56,Wallet,Web,0,0,1,4841.02,0,0.0574,1008,5,1,0,0
TXN0005041,USR01231,MER0238,4435.54,Wallet,Android,0,7,1,2992.15,0,0.3388,1258,7,0,0,0
TXN0005042,USR00572,MER0309,1809.98,Wallet,Android,0,1,1,1436.24,1,0.2011,287,4,0,1,0
TXN0005043,USR01395,MER0122,589.61,UPI,Web,0,0,2,806.39,0,0.219,75,11,0,0,0
TXN0005044,USR01972,MER0183,569.74,UPI,Android,0,0,2,2117.76,0,0.2066,1152,15,1,0,0
TXN0005045,USR02829,MER0369,3325.2,Card,iOS,0,0,3,2515.31,0,0.1704,543,15,1,0,0
TXN0005046,USR01289,MER0484,391.72,UPI,Android,0,1,1,2400.48,0,0.3155,597,13,1,0,0
TXN0005047,USR02701,MER0246,883.41,Card,iOS,0,0,1,1174.03,0,0.4044,967,13,0,0,0
TXN0005048,USR02192,MER0208,2969.49,UPI,Android,0,0,3,3129.98,0,0.3328,243,19,0,0,0
TXN0005049,USR01022,MER0181,547.97,Wallet,iOS,0,0,2,794.88,0,0.1044,510,18,1,0,0
TXN0005050,USR03193,MER0069,5974.78,Card,Android,0,0,3,1315.41,0,0.9827,334,20,0,0,0
TXN0005051,USR01520,MER0027,21485.4,UPI,Android,0,2,2,6072.96,0,0.0325,243,22,1,0,0
TXN0005052,USR00529,MER0417,8160.41,Card,Web,0,0,2,4078.26,0,0.1279,905,11,1,0,0
TXN0005053,USR03370,MER0019,654.07,Wallet,Android,0,0,3,1338.7,0,0.0751,180,7,0,0,0
TXN0005054,USR03198,MER0411,6196.46,Wallet,iOS,1,1,3,1633.23,0,0.1108,869,5,1,0,0
TXN0005055,USR00174,MER0124,6711.77,UPI,Android,0,1,2,4518.61,0,0.0374,521,13,1,0,0
TXN0005056,USR03159,MER0348,775.0,Card,Android,0,1,1,1605.33,0,0.206,827,2,1,0,0
TXN0005057,USR03316,MER0476,4665.84,UPI,Web,0,0,1,4790.87,0,0.2075,1532,10,0,0,0
TXN0005058,USR02902,MER0375,2789.72,Wallet,iOS,0,1,1,1470.74,0,0.4726,812,7,1,1,0
TXN0005059,USR00893,MER0365,857.87,Wallet,iOS,0,0,1,1388.04,0,0.1139,352,8,1,0,0
TXN0005060,USR02210,MER0133,2108.44,UPI,Android,0,0,1,2003.24,0,0.3075,279,8,0,0,0
TXN0005061,USR01884,MER0300,3756.97,UPI,Android,0,0,11,3144.8,0,0.2287,393,11,1,0,0
TXN0005062,USR02171,MER0322,1735.54,UPI,iOS,0,0,1,4030.67,0,0.4113,976,6,0,0,0
TXN0005063,USR02158,MER0213,4111.58,UPI,Android,0,1,2,5250.24,0,0.6457,1803,14,0,1,0
TXN0005064,USR02238,MER0020,855.6,UPI,Android,0,1,1,1882.08,0,0.5123,319,12,0,0,0
TXN0005065,USR01800,MER0457,6814.74,Wallet,Android,0,0,1,3833.0,0,0.1884,931,17,0,0,0
TXN0005066,USR02417,MER0099,1098.72,UPI,Web,0,2,1,2220.98,0,0.3144,721,13,0,0,0
TXN0005067,USR01844,MER0487,3284.09,Card,Web,0,0,1,2798.24,0,0.3029,593,9,1,0,0
TXN0005068,USR00058,MER0467,1084.93,Card,Android,0,0,1,3103.18,0,0.8095,423,21,1,0,0
TXN0005069,USR00124,MER0010,543.15,Card,Web,0,0,2,1291.38,1,0.323,524,8,0,0,1
TXN0005070,USR03354,MER0370,1720.05,UPI,Android,0,0,1,4234.69,0,0.3999,418,14,0,0,0
TXN0005071,USR03183,MER0318,803.98,Wallet,Web,0,0,1,1041.14,0,0.2816,539,17,0,0,0
TXN0005072,USR02050,MER0116,4629.41,Card,Android,0,0,2,4274.02,0,0.143,1263,22,0,0,0
TXN0005073,USR00612,MER0407,4270.4,UPI,Android,0,0,1,3452.45,0,0.1887,165,18,1,1,0
TXN0005074,USR02736,MER0056,555.1,UPI,Web,1,0,1,2090.5,0,0.2225,222,12,0,0,0
TXN0005075,USR00502,MER0125,1959.69,Wallet,Web,0,0,2,2326.13,0,0.3968,318,16,0,0,0
TXN0005076,USR01321,MER0475,5300.54,UPI,Android,0,0,2,9566.05,0,0.2383,2002,9,0,0,0
TXN0005077,USR01155,MER0372,3674.15,UPI,Android,0,0,2,2629.29,0,0.58,1255,15,0,0,0
TXN0005078,USR00044,MER0057,1210.64,UPI,iOS,0,0,2,1543.18,0,0.3568,422,13,0,0,0
TXN0005079,USR02825,MER0073,1717.16,NetBanking,Android,1,1,2,1913.38,0,0.2066,712,15,1,0,0
TXN0005080,USR01785,MER0129,1361.33,Card,Web,0,3,1,2446.91,0,0.4091,814,5,1,0,0
TXN0005081,USR01107,MER0036,12063.86,Wallet,Web,0,2,1,3663.68,0,0.1483,145,12,0,0,0
TXN0005082,USR01776,MER0092,666.95,UPI,Android,0,3,2,1766.73,0,0.1334,219,16,1,0,0
TXN0005083,USR00001,MER0286,1880.94,Wallet,Android,0,1,2,2636.83,0,0.265,538,16,0,0,0
TXN0005084,USR01530,MER0004,2073.21,UPI,Android,1,2,1,2017.04,0,0.1205,851,16,0,0,0
TXN0005085,USR01819,MER0144,1108.04,NetBanking,Web,1,0,2,1395.94,0,0.5899,596,11,0,0,0
TXN0005086,USR01190,MER0158,762.0,Card,iOS,0,0,3,1388.49,0,0.1167,739,15,0,0,0
TXN0005087,USR02907,MER0486,1076.18,Card,Android,0,2,1,4169.65,0,0.2866,1257,12,1,0,0
TXN0005088,USR00875,MER0488,627.37,NetBanking,Web,0,0,1,1085.1,0,0.1543,397,21,0,0,0
TXN0005089,USR00483,MER0423,1078.99,NetBanking,Web,0,1,2,2263.21,0,0.4311,334,8,0,0,0
TXN0005090,USR01847,MER0171,14010.88,UPI,Web,0,1,8,4396.43,0,0.1604,606,21,0,0,0
TXN0005091,USR03106,MER0264,6656.2,UPI,Android,0,0,1,1370.22,0,0.1806,551,10,0,0,0
TXN0005092,USR01314,MER0253,3085.18,Card,Web,0,2,1,3364.17,0,0.5002,768,18,0,0,0
TXN0005093,USR00164,MER0431,1608.93,UPI,Android,0,0,2,4650.58,0,0.1408,1918,18,0,0,0
TXN0005094,USR03395,MER0373,1305.05,UPI,Android,0,2,2,806.42,0,0.6358,1226,12,1,0,0
TXN0005095,USR01556,MER0454,2215.66,UPI,iOS,0,0,2,4720.55,0,0.3754,1674,13,0,0,0
TXN0005096,USR00606,MER0276,2024.99,Card,Android,0,1,1,3161.25,0,0.1201,483,8,0,0,0
TXN0005097,USR02155,MER0460,1856.36,Card,Android,0,0,2,3069.12,0,0.0977,325,10,1,0,0
TXN0005098,USR01119,MER0372,1462.5,UPI,Android,1,0,2,2204.52,0,0.5689,260,6,0,1,0
TXN0005099,USR03283,MER0370,3028.12,Card,Android,0,1,2,4109.66,0,0.393,1038,19,0,0,0
TXN0005100,USR01029,MER0331,871.82,UPI,Android,0,0,1,2359.73,0,0.1023,1702,14,0,0,0
TXN0005101,USR01926,MER0168,996.37,NetBanking,Web,0,1,1,1736.4,0,0.1289,573,9,0,0,0
TXN0005102,USR01902,MER0305,2937.22,UPI,Android,0,1,1,1481.57,0,0.2301,1268,20,0,1,0
TXN0005103,USR00849,MER0179,2145.08,Wallet,Android,0,0,3,2310.21,1,0.0506,970,15,0,0,0
TXN0005104,USR01748,MER0325,1573.53,NetBanking,Web,0,0,2,1511.49,0,0.1867,342,18,0,1,0
TXN0005105,USR00382,MER0128,415.23,Card,Web,0,1,1,2177.76,0,0.589,843,20,0,0,0
TXN0005106,USR02254,MER0400,5261.69,Card,Android,0,1,3,2795.6,0,0.178,1199,6,0,0,0
TXN0005107,USR02655,MER0286,747.69,UPI,iOS,0,0,3,1287.64,0,0.2363,77,22,0,0,0
TXN0005108,USR03326,MER0356,6091.0,UPI,Web,0,0,2,2850.67,0,0.41,1412,8,0,0,0
TXN0005109,USR01141,MER0111,2264.14,UPI,Web,0,0,1,2129.99,0,0.505,664,19,0,0,0
TXN0005110,USR00999,MER0396,2929.39,Card,Android,0,0,1,4615.74,1,0.3011,1687,22,1,0,1
TXN0005111,USR01921,MER0402,399.6,NetBanking,iOS,0,1,1,1405.96,0,0.3889,345,6,0,0,0
TXN0005112,USR02425,MER0073,9041.23,UPI,iOS,1,0,1,1985.57,0,0.1476,452,16,0,0,0
TXN0005113,USR03474,MER0176,3767.53,Card,Android,1,0,1,2221.28,0,0.1995,569,18,0,0,1
TXN0005114,USR00088,MER0339,4466.53,Card,iOS,0,0,1,2522.37,0,0.2889,283,5,0,0,0
TXN0005115,USR00835,MER0437,29013.16,UPI,Android,0,0,2,8233.36,0,0.2973,215,19,0,0,0
TXN0005116,USR00919,MER0369,2126.9,Card,Android,0,0,2,1902.79,1,0.1026,233,22,0,0,0
TXN0005117,USR00894,MER0236,3306.34,UPI,Android,1,0,1,1312.74,0,0.1509,1077,7,0,0,0
TXN0005118,USR01624,MER0150,1901.33,Card,Android,0,1,1,2821.1,0,0.3874,1380,19,0,0,0
TXN0005119,USR03056,MER0455,2751.86,UPI,Android,0,0,1,1701.01,0,0.4902,1448,10,0,0,0
TXN0005120,USR00109,MER0438,958.01,Card,Web,0,0,1,1585.29,0,0.0279,428,6,0,0,0
TXN0005121,USR02856,MER0449,2889.44,Card,Android,1,0,1,4365.97,0,0.0147,1114,7,1,0,0
TXN0005122,USR02162,MER0153,5575.68,UPI,Android,1,0,2,5466.14,1,0.1827,428,17,1,0,0
TXN0005123,USR02154,MER0219,529.88,Card,iOS,0,0,1,1387.38,1,0.2678,193,22,1,0,0
TXN0005124,USR02375,MER0122,2660.05,Card,iOS,0,0,3,2205.96,0,0.2485,724,16,1,0,0
TXN0005125,USR00404,MER0478,2174.48,Card,iOS,0,2,1,2861.66,0,0.4435,932,13,1,0,0
TXN0005126,USR02614,MER0434,477.9,Card,Web,0,1,3,2101.56,0,0.2052,874,11,0,0,0
TXN0005127,USR00869,MER0087,5987.0,UPI,iOS,0,0,2,8750.47,0,0.1755,710,17,0,0,0
TXN0005128,USR01809,MER0124,4953.99,Wallet,iOS,0,0,2,6676.76,0,0.0218,953,18,0,0,0
TXN0005129,USR02370,MER0277,8457.39,UPI,Android,0,0,1,4811.45,0,0.3819,662,14,0,0,0
TXN0005130,USR02114,MER0208,8442.26,Card,Android,0,1,1,7227.61,0,0.3258,602,18,1,0,0
TXN0005131,USR01131,MER0230,12654.58,UPI,iOS,0,0,2,4691.91,0,0.1453,618,11,0,0,0
TXN0005132,USR01387,MER0184,8761.41,Card,Android,0,1,3,6333.66,0,0.3744,825,13,1,0,0
TXN0005133,USR01668,MER0337,952.14,Wallet,Android,0,0,2,1491.54,0,0.3515,1560,16,0,0,0
TXN0005134,USR00145,MER0450,3585.23,Card,Android,0,0,2,3930.79,0,0.4482,1950,20,1,0,0
TXN0005135,USR02542,MER0459,1514.27,UPI,Android,0,1,1,2045.26,0,0.1182,515,8,0,1,0
TXN0005136,USR00350,MER0228,2050.76,Card,Android,0,1,1,1517.2,0,0.0499,857,15,0,0,0
TXN0005137,USR01606,MER0414,2023.74,UPI,iOS,1,1,1,2037.81,0,0.3004,20,9,0,0,0
TXN0005138,USR02293,MER0348,1347.48,Card,iOS,0,1,1,2227.32,1,0.1904,288,17,1,0,0
TXN0005139,USR00282,MER0099,1721.66,NetBanking,Android,0,0,4,1798.76,0,0.2885,514,15,0,0,0
TXN0005140,USR03485,MER0398,52639.01,Card,Android,0,0,1,6378.88,0,0.0504,212,8,1,0,0
TXN0005141,USR01321,MER0176,4408.77,UPI,Android,1,3,2,9566.05,0,0.1743,61,8,1,0,0
TXN0005142,USR00056,MER0314,1517.08,UPI,Android,0,2,2,1269.4,0,0.1437,986,19,0,1,1
TXN0005143,USR02306,MER0361,1283.69,UPI,Android,0,0,1,4205.48,0,0.2193,652,8,0,0,0
TXN0005144,USR01952,MER0472,11396.08,Card,Web,0,0,1,5404.64,0,0.0,734,18,0,0,0
TXN0005145,USR02242,MER0475,5158.73,Wallet,Android,0,1,1,3710.33,0,0.2586,1250,4,0,0,0
TXN0005146,USR02629,MER0402,29556.13,Card,Web,0,0,2,2701.82,0,0.3432,89,13,0,0,0
TXN0005147,USR01665,MER0253,586.61,NetBanking,Android,0,0,1,1377.88,0,0.5459,1528,19,1,0,0
TXN0005148,USR02894,MER0201,2327.61,UPI,iOS,0,0,2,1081.94,0,0.2416,232,14,0,0,0
TXN0005149,USR01296,MER0221,1823.01,UPI,Android,0,0,1,976.99,0,0.1653,1153,22,0,1,0
TXN0005150,USR01909,MER0476,1578.73,Card,iOS,0,1,2,1892.36,0,0.2,914,7,1,0,0
TXN0005151,USR00555,MER0103,3649.56,UPI,Web,0,1,2,5031.87,0,0.4363,391,11,1,0,0
TXN0005152,USR02170,MER0263,8626.72,UPI,Web,0,0,1,3872.88,0,0.072,264,11,0,0,0
TXN0005153,USR00916,MER0340,1020.39,UPI,Web,0,0,1,2826.85,0,0.4909,1329,14,0,0,0
TXN0005154,USR02439,MER0012,1136.2,Card,Android,0,0,1,2051.52,0,0.3544,804,0,0,0,0
TXN0005155,USR02804,MER0318,763.0,UPI,Android,0,0,2,1981.12,0,0.1899,1005,19,0,0,0
TXN0005156,USR03007,MER0131,5034.1,NetBanking,Web,0,1,2,1677.52,0,0.1251,703,13,0,0,0
TXN0005157,USR03252,MER0141,612.67,Wallet,Web,0,0,1,1899.41,0,0.6043,137,10,0,0,0
TXN0005158,USR00429,MER0311,533.07,Card,Android,0,1,1,503.43,0,0.4916,1080,17,0,0,0
TXN0005159,USR00483,MER0005,2946.12,UPI,Android,0,0,1,2263.21,1,0.1166,363,12,0,0,0
TXN0005160,USR03242,MER0079,1220.09,UPI,Android,0,5,1,991.56,0,0.2453,811,16,0,0,0
TXN0005161,USR01333,MER0228,2984.06,Card,Android,0,1,4,2276.59,0,0.0713,816,19,0,0,0
TXN0005162,USR00092,MER0293,21739.4,UPI,Android,0,1,1,11561.94,0,0.2165,1187,8,0,0,0
TXN0005163,USR01005,MER0055,2375.29,UPI,Web,0,0,1,3442.45,0,0.9259,531,8,0,0,0
TXN0005164,USR02927,MER0181,2776.44,UPI,Android,0,0,1,2740.48,0,0.1099,1067,17,1,0,0
TXN0005165,USR01243,MER0154,5336.3,Card,Android,0,0,1,1622.81,0,0.23,1671,9,0,0,0
TXN0005166,USR00269,MER0268,2306.91,Card,Android,1,0,1,949.42,0,0.1967,1073,3,0,0,0
TXN0005167,USR02528,MER0151,4846.95,Card,Android,0,0,1,1123.5,0,0.2021,365,15,0,0,0
TXN0005168,USR00682,MER0001,1983.07,Card,iOS,0,1,1,4924.77,0,0.2358,2122,8,0,0,0
TXN0005169,USR01235,MER0266,687.34,UPI,Android,0,3,2,3118.84,0,0.1393,243,22,1,0,0
TXN0005170,USR00014,MER0425,2145.32,UPI,Web,0,0,2,1497.08,0,0.2679,2065,9,0,0,0
TXN0005171,USR02107,MER0293,9102.95,UPI,Android,0,0,4,4427.92,0,0.2021,424,12,0,0,0
TXN0005172,USR01559,MER0181,1334.02,Card,iOS,1,0,1,342.72,0,0.0929,950,18,0,0,0
TXN0005173,USR03035,MER0242,24364.85,UPI,Android,0,1,1,1572.61,0,0.4534,2181,9,0,0,0
TXN0005174,USR01171,MER0071,19841.16,Wallet,iOS,0,0,3,7635.41,0,0.078,332,18,0,0,0
TXN0005175,USR00717,MER0119,4450.39,UPI,iOS,0,0,1,1415.88,0,0.45,699,13,0,0,0
TXN0005176,USR00581,MER0219,7628.33,UPI,Android,1,0,6,2793.32,0,0.243,624,17,0,0,0
TXN0005177,USR00701,MER0297,4432.52,Card,Android,0,7,1,2470.78,0,0.3169,691,7,1,0,0
TXN0005178,USR01579,MER0244,233.29,UPI,iOS,0,1,2,617.38,0,0.2497,210,22,0,0,0
TXN0005179,USR00306,MER0482,2803.25,UPI,Android,0,0,2,2964.77,0,0.8295,1072,8,0,0,0
TXN0005180,USR01409,MER0319,2048.77,UPI,Android,0,0,2,1735.35,0,0.0888,440,7,1,0,0
TXN0005181,USR02992,MER0012,2153.34,Card,Android,0,0,1,2432.41,0,0.302,1110,8,1,0,0
TXN0005182,USR02687,MER0263,1846.73,UPI,iOS,0,0,2,1995.42,0,0.0311,1524,9,0,0,0
TXN0005183,USR02231,MER0292,6078.2,UPI,Android,0,1,1,2067.43,0,0.0343,428,8,0,0,0
TXN0005184,USR03126,MER0022,1025.16,UPI,iOS,0,2,3,1858.5,0,0.2568,1039,19,0,0,0
TXN0005185,USR02731,MER0193,3442.3,Wallet,Web,1,0,2,2035.66,0,0.182,1414,20,1,0,0
TXN0005186,USR02284,MER0436,11187.47,Wallet,iOS,0,0,3,9364.78,0,0.1564,194,13,0,0,0
TXN0005187,USR03021,MER0179,277.35,UPI,Android,0,1,1,540.61,0,0.0988,617,17,0,0,0
TXN0005188,USR00436,MER0229,288.36,NetBanking,Android,0,2,1,658.1,0,0.6073,515,15,0,0,0
TXN0005189,USR02864,MER0111,737.24,UPI,Android,1,1,1,2638.23,0,0.5477,712,9,1,0,0
TXN0005190,USR01034,MER0039,2591.63,Wallet,Android,1,0,1,1920.67,0,0.2012,420,19,0,0,0
TXN0005191,USR02566,MER0160,1430.07,NetBanking,Android,0,0,1,1573.43,0,0.0476,1216,10,0,0,0
TXN0005192,USR03197,MER0387,775.57,Card,Android,0,0,1,1477.57,0,0.7797,1085,3,0,0,0
TXN0005193,USR01737,MER0492,479.63,UPI,Web,1,1,2,1946.53,0,0.216,1751,20,0,0,0
TXN0005194,USR00311,MER0331,2027.83,NetBanking,iOS,0,0,2,1561.14,0,0.0668,540,14,0,0,0
TXN0005195,USR01296,MER0416,820.08,UPI,Android,0,0,4,976.99,0,0.2302,1528,11,1,0,0
TXN0005196,USR01424,MER0325,1986.6,UPI,Android,0,0,1,3491.33,0,0.1479,656,17,0,0,0
TXN0005197,USR03279,MER0330,473.97,Wallet,iOS,0,0,12,997.5,0,0.9945,288,16,0,0,1
TXN0005198,USR03299,MER0214,2449.51,UPI,Android,0,1,1,3057.69,0,0.4429,615,17,0,1,0
TXN0005199,USR01990,MER0031,5861.07,Card,Android,0,0,2,4392.66,0,0.2902,507,5,0,0,0
TXN0005200,USR03328,MER0206,1140.17,Card,Web,0,0,1,1520.08,0,0.1779,861,10,0,0,0
TXN0005201,USR01528,MER0433,1030.66,NetBanking,iOS,0,0,3,2549.62,0,0.2802,433,18,0,0,0
TXN0005202,USR01440,MER0269,2120.67,Card,Web,0,0,1,2324.68,0,0.4233,1114,18,1,0,0
TXN0005203,USR02928,MER0381,3759.83,Wallet,iOS,0,1,1,1861.87,0,0.3726,259,15,0,0,0
TXN0005204,USR02336,MER0026,2943.96,UPI,iOS,0,0,2,3006.46,0,0.3098,274,7,0,0,0
TXN0005205,USR01829,MER0101,1684.94,Card,iOS,0,0,1,1686.18,0,0.5099,1333,9,0,0,0
TXN0005206,USR01599,MER0150,1554.35,Card,Android,0,1,3,2065.84,0,0.3667,168,19,1,0,0
TXN0005207,USR02470,MER0180,689.65,UPI,Android,1,0,1,1375.74,0,0.3548,720,12,0,0,0
TXN0005208,USR02638,MER0494,1395.86,UPI,Android,0,0,2,2851.94,0,0.8849,801,19,1,0,0
TXN0005209,USR01718,MER0231,753.27,UPI,iOS,0,1,1,2620.06,0,0.2441,816,18,0,0,0
TXN0005210,USR00111,MER0332,8464.33,UPI,Android,0,0,2,3801.43,0,0.0153,506,7,0,1,1
TXN0005211,USR00357,MER0323,12822.16,Card,Web,0,0,3,9662.07,0,0.2785,342,17,1,0,0
TXN0005212,USR00505,MER0210,1494.01,UPI,Android,1,0,4,1480.05,0,0.4071,554,8,1,0,0
TXN0005213,USR01618,MER0484,1191.75,Card,Web,0,0,6,1012.68,0,0.2777,241,11,0,0,0
TXN0005214,USR02150,MER0112,15098.46,Wallet,Android,0,0,4,2643.92,0,0.1663,493,13,0,0,1
TXN0005215,USR02814,MER0018,2929.3,Card,Android,0,0,1,5225.95,0,0.0865,2302,15,0,0,0
TXN0005216,USR00814,MER0373,5043.78,Wallet,Android,0,3,1,6701.6,0,0.6088,180,11,0,0,0
TXN0005217,USR02754,MER0327,1298.63,Card,Android,0,0,2,1920.79,1,0.0452,919,13,0,0,0
TXN0005218,USR02332,MER0131,13437.21,NetBanking,Android,0,0,2,2315.91,0,0.1857,422,14,0,0,1
TXN0005219,USR00181,MER0434,2586.71,Wallet,Android,0,0,1,1304.53,0,0.176,270,6,1,0,0
TXN0005220,USR01230,MER0082,899.91,UPI,Web,0,1,1,838.34,0,0.2107,635,9,0,0,0
TXN0005221,USR01060,MER0126,56827.68,Card,Android,1,1,2,3413.87,0,0.1869,1502,8,0,0,0
TXN0005222,USR03104,MER0078,4172.06,Card,Web,0,1,13,1796.49,0,0.3553,1803,16,0,0,0
TXN0005223,USR03225,MER0094,874.72,Wallet,Android,0,0,1,2484.62,0,0.0946,979,13,0,0,0
TXN0005224,USR02868,MER0365,1287.31,UPI,Android,0,1,1,1588.85,0,0.1005,1036,18,1,0,0
TXN0005225,USR01849,MER0352,2124.7,Card,Web,0,3,1,2260.04,0,0.1928,1961,17,0,0,0
TXN0005226,USR01725,MER0322,56336.54,Wallet,iOS,0,1,2,4639.64,0,0.403,972,23,0,0,0
TXN0005227,USR01091,MER0431,948.05,NetBanking,Android,0,0,1,1171.08,0,0.1468,368,16,0,0,0
TXN0005228,USR02706,MER0035,1252.42,UPI,Android,0,1,3,1413.43,0,0.2919,199,21,0,0,0
TXN0005229,USR00302,MER0311,1748.55,Card,Android,0,2,9,2562.44,0,0.4449,397,12,0,0,1
TXN0005230,USR00949,MER0058,2307.27,UPI,iOS,0,0,1,1139.78,0,0.0285,687,7,0,0,0
TXN0005231,USR00474,MER0478,433.06,Card,iOS,0,0,2,1287.0,0,0.379,1141,20,0,0,0
TXN0005232,USR01730,MER0317,1817.01,UPI,Web,0,0,1,2598.37,0,0.0755,283,8,0,0,0
TXN0005233,USR01050,MER0380,664.87,NetBanking,Android,1,0,2,2636.05,0,0.3268,1887,13,0,0,0
TXN0005234,USR00692,MER0286,2152.6,Card,Android,0,2,1,4749.4,1,0.2723,387,16,0,0,0
TXN0005235,USR01318,MER0192,857.05,UPI,Android,0,0,1,717.04,0,0.5932,786,14,1,0,0
TXN0005236,USR03014,MER0343,12728.07,UPI,Web,1,0,2,10504.24,0,0.3282,383,20,0,0,0
TXN0005237,USR01954,MER0418,885.64,Card,Web,1,1,3,1166.55,0,0.4172,967,18,0,0,0
TXN0005238,USR02881,MER0090,10944.0,Card,Android,0,0,2,1246.33,0,0.0777,850,17,0,0,0
TXN0005239,USR03199,MER0436,6675.26,Card,Android,1,0,2,2647.18,0,0.1623,632,15,0,0,0
TXN0005240,USR03158,MER0364,1216.14,Card,Web,0,0,10,1343.84,0,0.2485,201,13,1,0,0
TXN0005241,USR01229,MER0043,3105.77,Card,Android,0,2,2,2726.32,0,0.4254,574,20,1,0,0
TXN0005242,USR03072,MER0469,1299.08,UPI,Web,0,0,1,1891.72,0,0.243,557,19,1,0,0
TXN0005243,USR03183,MER0091,1555.31,UPI,Web,0,0,1,1041.14,0,0.2751,1007,15,1,1,0
TXN0005244,USR03359,MER0301,2388.61,UPI,iOS,0,0,1,5932.44,0,0.4238,1189,10,0,0,0
TXN0005245,USR01229,MER0065,9449.41,UPI,iOS,0,1,1,2726.32,0,0.1263,756,6,0,0,0
TXN0005246,USR00800,MER0099,4227.1,Wallet,Android,0,0,1,1955.66,1,0.3281,348,12,0,0,0
TXN0005247,USR02045,MER0322,2337.42,UPI,Android,0,0,1,5825.67,0,0.3758,535,6,0,0,0
TXN0005248,USR03262,MER0340,2112.47,Card,Web,0,0,3,3919.44,0,0.5071,2082,16,0,0,0
TXN0005249,USR03153,MER0344,4858.04,UPI,Android,0,0,1,3770.98,0,0.162,722,20,0,0,0
TXN0005250,USR02000,MER0172,2552.52,UPI,Android,0,1,2,3423.36,0,0.8538,297,23,1,0,0
TXN0005251,USR00523,MER0411,7516.46,UPI,Web,1,0,2,5338.71,0,0.1206,361,17,0,0,1
TXN0005252,USR01479,MER0025,984.02,UPI,Android,0,1,3,1339.98,0,0.1044,780,9,1,0,0
TXN0005253,USR02500,MER0428,7393.4,UPI,iOS,0,0,1,2592.76,0,0.0569,557,5,0,0,0
TXN0005254,USR01962,MER0152,4591.78,Wallet,iOS,0,1,1,4798.42,0,0.0832,1958,17,0,0,0
TXN0005255,USR01210,MER0311,25914.15,UPI,Android,0,0,4,4768.3,0,0.4943,456,8,1,0,0
TXN0005256,USR01200,MER0453,2889.99,Card,Android,0,0,1,1968.61,0,0.3556,467,11,1,0,0
TXN0005257,USR00210,MER0128,601.9,NetBanking,Android,0,0,2,1671.8,0,0.5612,779,2,0,0,0
TXN0005258,USR01010,MER0206,9293.48,UPI,Android,0,0,3,2175.02,0,0.0961,1943,16,0,0,0
TXN0005259,USR02343,MER0415,4753.5,Card,Android,0,1,1,2265.58,0,0.1682,367,0,0,0,0
TXN0005260,USR00845,MER0433,2874.79,Card,Web,0,1,1,2298.54,0,0.2687,1319,12,1,0,0
TXN0005261,USR03477,MER0118,3369.88,UPI,Web,0,0,2,2223.98,0,0.098,692,23,0,0,0
TXN0005262,USR00289,MER0255,10093.82,UPI,Android,0,0,4,4120.31,0,0.2315,1189,15,0,0,0
TXN0005263,USR02061,MER0167,1940.07,Wallet,iOS,0,1,1,7477.32,1,0.3593,647,13,0,0,0
TXN0005264,USR01738,MER0259,1423.32,UPI,Android,0,0,1,1541.96,0,0.4165,552,7,1,0,0
TXN0005265,USR02917,MER0190,6862.15,UPI,Android,0,1,1,2673.28,0,0.1291,403,10,0,0,0
TXN0005266,USR03108,MER0003,1863.35,UPI,Web,0,1,1,1473.24,1,0.5459,1338,0,0,0,0
TXN0005267,USR01903,MER0463,9613.12,UPI,Android,0,0,2,2952.12,0,0.5044,901,12,0,0,0
TXN0005268,USR02206,MER0319,5210.31,Wallet,Web,1,0,1,2115.65,0,0.0806,974,9,0,1,0
TXN0005269,USR02447,MER0231,1696.14,Wallet,Android,0,0,2,1756.84,0,0.25,2130,12,0,0,0
TXN0005270,USR01824,MER0054,1694.49,Wallet,Android,0,0,1,759.63,0,0.1764,1986,6,0,0,0
TXN0005271,USR00648,MER0036,2713.6,UPI,Web,0,1,1,953.14,1,0.1803,1869,15,0,0,0
TXN0005272,USR01501,MER0240,1619.81,NetBanking,iOS,0,0,1,1804.07,0,0.4491,799,8,0,0,0
TXN0005273,USR00846,MER0325,825.05,Card,iOS,0,0,3,1011.67,0,0.0944,1890,22,0,0,0
TXN0005274,USR01626,MER0131,7736.16,Card,Android,0,0,1,970.64,0,0.1603,231,8,0,0,0
TXN0005275,USR02154,MER0373,232.43,Card,Android,0,1,2,1387.38,1,0.6049,609,22,0,0,0
TXN0005276,USR00733,MER0197,1511.2,Wallet,Android,0,1,2,1298.22,0,0.4182,343,13,1,0,0
TXN0005277,USR00873,MER0006,55836.03,UPI,Android,0,0,2,3809.0,0,0.2072,776,8,1,0,0
TXN0005278,USR02881,MER0269,1315.54,Card,Android,0,1,2,1246.33,0,0.3676,244,19,0,0,0
TXN0005279,USR01323,MER0091,6198.28,Card,iOS,0,2,2,5084.04,0,0.3599,669,17,0,0,0
TXN0005280,USR00695,MER0008,1948.47,UPI,Android,0,0,1,2113.5,0,0.1951,454,1,0,1,0
TXN0005281,USR02497,MER0066,427.15,UPI,Android,1,0,1,1891.23,0,0.0899,1317,18,0,0,0
TXN0005282,USR02509,MER0143,16027.0,Card,iOS,0,1,5,5089.64,0,0.1969,847,22,1,0,0
TXN0005283,USR02892,MER0258,1339.43,Card,Android,0,0,3,1835.06,0,0.2623,589,18,0,0,0
TXN0005284,USR02660,MER0495,7520.65,Card,iOS,0,2,2,12335.08,0,0.1081,425,0,1,0,0
TXN0005285,USR03472,MER0110,2379.6,Wallet,Web,0,1,3,941.0,0,0.0882,125,0,0,0,0
TXN0005286,USR02013,MER0029,1596.67,Card,Android,0,0,3,829.66,0,0.2971,255,16,1,0,0
TXN0005287,USR01004,MER0096,7798.05,UPI,iOS,0,0,2,6734.65,0,0.0634,804,8,1,1,0
TXN0005288,USR03021,MER0160,894.84,Card,Web,0,0,1,540.61,1,0.0545,896,16,0,0,0
TXN0005289,USR00927,MER0103,737.42,UPI,iOS,0,2,1,1780.67,0,0.5076,792,18,0,0,0
TXN0005290,USR01019,MER0161,1228.1,Wallet,Web,0,1,1,1368.5,0,0.3749,681,17,0,0,0
TXN0005291,USR02900,MER0485,2601.17,UPI,Android,0,0,1,1076.5,0,0.1787,814,10,1,0,0
TXN0005292,USR03086,MER0190,990.83,Wallet,Android,0,1,1,1696.1,0,0.1392,575,10,0,0,0
TXN0005293,USR01188,MER0318,1516.14,UPI,iOS,0,0,2,3270.58,0,0.2102,728,14,0,0,0
TXN0005294,USR02553,MER0343,1853.22,Card,Android,0,0,2,1841.04,0,0.3308,698,8,0,0,0
TXN0005295,USR03229,MER0066,1090.64,UPI,Android,0,5,3,1065.33,0,0.1076,568,12,0,1,1
TXN0005296,USR02796,MER0124,2081.11,UPI,Android,0,7,2,1372.52,0,0.0415,2530,21,0,0,0
TXN0005297,USR00018,MER0208,1259.67,Card,iOS,0,0,1,3571.99,0,0.3261,1761,22,1,0,0
TXN0005298,USR02327,MER0231,418.25,UPI,iOS,0,1,2,2756.24,0,0.2609,590,17,1,0,0
TXN0005299,USR00595,MER0007,2627.68,UPI,iOS,0,1,1,1423.07,0,0.1795,592,18,0,0,0
TXN0005300,USR02963,MER0323,1944.53,UPI,Web,0,0,1,4458.31,0,0.2192,844,6,0,0,0
TXN0005301,USR00235,MER0151,1192.62,UPI,Android,0,0,3,1945.16,0,0.1904,1131,5,0,0,0
TXN0005302,USR03476,MER0162,503.88,UPI,Web,0,2,4,2551.09,0,0.1577,1031,7,0,0,0
TXN0005303,USR00621,MER0302,10148.56,UPI,Android,1,1,1,5108.13,0,0.4998,418,16,0,0,0
TXN0005304,USR01471,MER0475,4840.36,UPI,Web,0,0,2,3954.07,0,0.3188,1861,6,0,0,0
TXN0005305,USR00820,MER0433,3628.64,UPI,Web,0,0,3,3051.15,0,0.2655,1008,8,1,0,0
TXN0005306,USR02849,MER0490,3805.46,UPI,Web,0,0,3,3215.39,0,0.2957,12,7,1,0,0
TXN0005307,USR01378,MER0207,352.08,Card,Web,0,1,1,1631.36,1,0.1639,501,17,0,0,0
TXN0005308,USR02607,MER0060,1813.56,Card,Web,0,0,2,3875.25,0,0.227,318,9,0,0,0
TXN0005309,USR00236,MER0108,2183.64,UPI,Android,0,0,2,3177.95,0,0.9153,254,11,1,0,0
TXN0005310,USR01586,MER0172,625.62,Card,Web,0,1,2,1127.59,0,0.8904,1316,20,0,0,0
TXN0005311,USR03189,MER0151,698.12,UPI,Android,0,0,1,892.36,0,0.1531,814,23,1,0,0
TXN0005312,USR03245,MER0104,1435.24,UPI,Web,0,0,1,1263.73,0,0.0543,912,13,0,0,0
TXN0005313,USR00731,MER0076,1889.84,Card,Android,0,0,2,962.57,0,0.0,735,14,1,0,0
TXN0005314,USR01381,MER0094,702.34,Card,Android,0,0,1,2143.43,0,0.1182,811,9,1,1,0
TXN0005315,USR01432,MER0330,1844.46,UPI,Android,0,0,1,1951.4,0,1.0,1091,7,1,0,0
TXN0005316,USR01980,MER0246,4211.41,UPI,Android,1,1,1,2652.45,0,0.3654,643,17,1,0,0
TXN0005317,USR01881,MER0019,3172.43,UPI,iOS,0,0,1,6487.25,0,0.0797,468,15,0,0,0
TXN0005318,USR00371,MER0282,642.21,UPI,iOS,0,0,2,775.7,0,0.0697,1322,9,0,0,0
TXN0005319,USR02670,MER0422,1186.12,Card,Android,0,1,2,891.16,0,0.0296,840,12,0,0,0
TXN0005320,USR00791,MER0213,2319.67,Card,Android,0,0,1,2419.01,0,0.6699,1410,4,1,0,0
TXN0005321,USR01103,MER0160,3155.96,UPI,Android,0,0,2,2041.88,1,0.079,1318,19,0,0,0
TXN0005322,USR02943,MER0137,2057.48,Card,Android,0,0,1,2020.41,0,0.1945,343,0,1,0,0
TXN0005323,USR02414,MER0190,1167.79,Wallet,iOS,0,0,1,1536.73,0,0.1406,373,8,0,0,0
TXN0005324,USR01388,MER0140,1014.89,NetBanking,iOS,0,1,2,2482.17,0,0.6008,448,19,0,0,0
TXN0005325,USR03194,MER0463,4681.11,UPI,Android,0,0,1,4118.85,0,0.4328,452,7,0,0,0
TXN0005326,USR01380,MER0497,1553.25,Wallet,iOS,0,1,2,1519.48,0,0.067,580,20,0,0,0
TXN0005327,USR01980,MER0172,1234.48,UPI,Web,0,1,1,2652.45,0,0.8411,127,11,1,0,0
TXN0005328,USR00861,MER0462,5631.28,UPI,Web,0,0,12,3893.3,0,0.3739,446,21,0,0,0
TXN0005329,USR00642,MER0427,5876.39,UPI,Android,0,0,2,2479.45,0,0.1746,1425,9,0,0,0
TXN0005330,USR01721,MER0038,1891.34,UPI,Web,1,1,9,3198.08,0,0.1179,970,13,0,0,1
TXN0005331,USR01971,MER0246,761.27,UPI,Android,0,1,5,1351.38,0,0.3848,658,20,0,0,0
TXN0005332,USR02821,MER0329,643.79,UPI,Android,0,1,1,1173.28,0,0.147,197,10,0,0,0
TXN0005333,USR01369,MER0212,1060.26,Card,Android,0,0,3,3732.77,0,0.1656,753,21,1,0,0
TXN0005334,USR03134,MER0229,10271.54,Card,Android,0,0,1,2550.15,0,0.5758,827,10,0,0,0
TXN0005335,USR02126,MER0248,784.29,Card,Web,0,0,1,1139.09,0,0.1323,416,12,0,0,0
TXN0005336,USR00246,MER0345,674.35,Card,Web,0,0,1,1315.32,1,0.0334,785,4,0,0,0
TXN0005337,USR02587,MER0147,490.45,UPI,Android,0,0,2,1160.49,0,0.1936,296,20,0,0,0
TXN0005338,USR02012,MER0299,1672.88,Card,Android,0,0,2,2325.37,0,0.3903,788,20,0,0,0
TXN0005339,USR01363,MER0122,8071.26,Card,Android,1,0,2,1846.91,0,0.252,202,10,1,0,1
TXN0005340,USR01636,MER0445,2312.79,UPI,Web,0,2,1,863.33,0,0.4234,151,18,0,0,0
TXN0005341,USR01057,MER0043,1361.52,NetBanking,Android,0,1,3,3517.3,0,0.4046,291,19,0,0,0
TXN0005342,USR02150,MER0034,830.71,Card,Android,0,1,3,2643.92,1,0.1669,328,12,0,0,0
TXN0005343,USR01985,MER0019,1643.78,Card,Web,0,0,1,1161.5,0,0.0579,199,17,0,0,0
TXN0005344,USR01566,MER0175,1827.95,Card,Android,0,1,4,2075.88,0,0.3072,1061,16,1,0,0
TXN0005345,USR00999,MER0304,3739.5,Card,Android,0,0,2,4615.74,0,0.883,471,11,0,1,0
TXN0005346,USR01396,MER0493,15980.21,Card,Web,0,1,1,3153.42,0,0.3418,513,9,1,0,0
TXN0005347,USR01743,MER0228,4690.21,Wallet,Android,0,0,3,4468.46,0,0.0559,2120,8,1,0,0
TXN0005348,USR01652,MER0092,1170.34,UPI,Android,0,1,2,1272.53,0,0.1567,874,10,0,0,0
TXN0005349,USR01083,MER0185,1817.59,UPI,Android,1,0,3,5257.08,0,0.1452,617,16,0,0,0
TXN0005350,USR02037,MER0064,50.31,UPI,Android,1,0,2,175.76,0,0.2396,1436,19,0,0,0
TXN0005351,USR00793,MER0236,1781.68,NetBanking,Web,1,1,2,3101.44,0,0.1695,323,9,0,0,0
TXN0005352,USR01754,MER0365,818.78,UPI,iOS,0,1,2,1879.11,0,0.1317,455,21,0,0,0
TXN0005353,USR00426,MER0018,1023.58,UPI,Android,0,0,3,886.46,0,0.0742,267,8,0,0,0
TXN0005354,USR01653,MER0389,1495.06,UPI,Android,0,1,1,5738.76,0,0.0506,992,7,1,0,0
TXN0005355,USR02744,MER0115,529.31,Card,Android,0,0,3,767.8,0,0.3782,753,8,0,0,0
TXN0005356,USR02863,MER0337,2815.2,NetBanking,Web,1,1,1,3352.3,0,0.3709,188,0,1,0,0
TXN0005357,USR02432,MER0408,2443.34,Card,Android,0,0,1,2643.01,0,0.4019,483,13,1,0,0
TXN0005358,USR02610,MER0389,2872.44,UPI,Android,0,0,1,2265.75,0,0.0796,310,9,0,0,0
TXN0005359,USR00231,MER0335,2423.8,Wallet,Android,1,1,1,3223.43,1,0.0308,741,19,1,0,0
TXN0005360,USR01195,MER0347,885.52,NetBanking,iOS,0,0,2,1505.33,0,0.113,777,8,1,0,0
TXN0005361,USR02290,MER0094,6829.47,Card,Web,0,1,3,2930.64,0,0.1112,636,20,0,0,0
TXN0005362,USR02803,MER0068,852.17,Card,Android,0,0,1,1128.0,0,0.6033,1038,18,1,0,0
TXN0005363,USR02040,MER0191,5683.52,Card,Android,0,1,1,2150.71,0,0.1267,1953,22,1,0,0
TXN0005364,USR02988,MER0305,2582.39,Card,Web,0,2,2,3430.85,0,0.2129,381,12,0,0,0
TXN0005365,USR00956,MER0310,1531.92,Wallet,Android,0,0,2,1629.44,0,0.1838,539,14,1,0,0
TXN0005366,USR00538,MER0389,1325.59,Card,Android,0,0,1,1539.96,0,0.0793,573,14,1,0,0
TXN0005367,USR00303,MER0155,2440.8,Card,Android,0,1,3,2172.43,0,0.9209,425,11,1,0,0
TXN0005368,USR02040,MER0433,1512.11,UPI,Android,0,1,2,2150.71,0,0.2782,635,5,0,0,0
TXN0005369,USR02329,MER0225,1418.57,UPI,Android,0,0,3,1391.57,0,0.3815,30,8,0,0,0
TXN0005370,USR00999,MER0124,13219.03,UPI,Web,0,0,2,4615.74,0,0.0268,413,9,1,0,0
TXN0005371,USR02743,MER0368,5227.45,Card,Android,0,1,1,2582.48,0,0.4233,430,14,0,0,0
TXN0005372,USR02588,MER0064,12443.02,NetBanking,Android,0,1,1,6116.73,0,0.2561,185,19,0,0,0
TXN0005373,USR01261,MER0203,393.57,UPI,iOS,0,0,2,1087.29,0,0.2301,980,18,0,1,0
TXN0005374,USR00836,MER0391,1525.23,UPI,iOS,0,0,1,3750.27,0,0.4625,359,11,1,1,0
TXN0005375,USR02599,MER0386,5814.62,Card,iOS,0,1,2,5225.73,0,0.1457,1109,17,1,0,0
TXN0005376,USR02350,MER0129,1202.48,UPI,Android,0,0,1,725.75,0,0.3907,1113,6,0,0,0
TXN0005377,USR00598,MER0084,1404.32,UPI,Android,0,0,2,2145.42,0,0.1738,726,3,0,0,0
TXN0005378,USR00893,MER0016,799.02,Wallet,Android,0,0,1,1388.04,0,0.4451,311,16,0,0,0
TXN0005379,USR01701,MER0045,4156.62,UPI,Android,0,0,1,1601.81,1,0.106,854,21,0,0,0
TXN0005380,USR01790,MER0413,1534.22,Card,Android,0,2,3,984.31,0,0.1329,1194,14,0,0,1
TXN0005381,USR00581,MER0392,5691.53,Card,iOS,1,2,2,2793.32,0,0.3232,492,14,0,0,1
TXN0005382,USR03321,MER0253,1660.96,Card,iOS,0,1,1,2399.45,0,0.5181,887,20,1,0,0
TXN0005383,USR01361,MER0286,1605.37,UPI,Android,0,1,1,2454.13,0,0.2799,524,16,1,0,0
TXN0005384,USR01335,MER0164,3422.22,UPI,Web,0,0,1,1816.82,0,0.7544,854,21,1,0,0
TXN0005385,USR00212,MER0097,2705.07,UPI,iOS,0,1,1,3435.94,0,0.1129,118,5,1,0,0
TXN0005386,USR03066,MER0006,2550.54,Card,Android,0,1,2,4162.52,0,0.1777,1140,9,1,0,0
TXN0005387,USR00824,MER0336,1067.97,UPI,iOS,0,1,1,2166.83,0,0.0796,1865,8,1,0,0
TXN0005388,USR03455,MER0018,1405.88,Card,iOS,0,0,2,2135.7,0,0.1074,1081,12,1,1,0
TXN0005389,USR01737,MER0053,3476.8,Card,iOS,0,2,4,1946.53,0,0.0437,531,23,0,0,0
TXN0005390,USR03062,MER0397,241.61,Wallet,Android,0,0,1,753.15,0,0.1193,211,14,0,0,0
TXN0005391,USR00627,MER0292,5940.24,Wallet,iOS,0,0,1,3970.26,0,0.039,394,23,0,0,0
TXN0005392,USR00581,MER0245,1595.7,UPI,Android,0,0,1,2793.32,0,0.0196,1196,12,1,0,0
TXN0005393,USR02804,MER0110,1619.71,UPI,Android,0,1,1,1981.12,0,0.0972,170,19,0,0,0
TXN0005394,USR02869,MER0075,1306.45,UPI,Android,1,3,1,1525.94,0,0.0685,567,14,0,0,0
TXN0005395,USR01901,MER0234,3906.35,Wallet,Web,0,1,1,4814.06,0,0.4963,625,16,0,0,0
TXN0005396,USR00113,MER0180,408.16,Card,Android,0,0,2,527.63,0,0.3447,455,18,0,0,0
TXN0005397,USR03304,MER0268,2124.84,UPI,iOS,0,0,1,3076.01,1,0.2184,386,16,1,0,0
TXN0005398,USR01377,MER0083,1968.59,Card,Android,0,1,1,3122.85,0,0.1491,91,8,0,0,0
TXN0005399,USR03276,MER0116,3755.41,UPI,Web,0,3,3,1526.47,0,0.1796,935,21,0,0,0
TXN0005400,USR03048,MER0057,3910.39,Card,Android,0,1,1,4037.4,0,0.3079,296,8,0,0,0
TXN0005401,USR02981,MER0213,3190.43,UPI,Android,0,0,4,3672.37,0,0.6267,315,18,1,0,0
TXN0005402,USR02411,MER0139,946.09,UPI,Android,0,0,1,1582.07,0,0.1634,348,20,0,0,0
TXN0005403,USR02357,MER0112,1257.92,Wallet,Android,0,0,1,1773.89,0,0.1128,340,18,1,0,0
TXN0005404,USR01865,MER0275,1545.32,Card,Android,0,2,1,2577.64,0,0.2568,526,15,0,0,0
TXN0005405,USR00087,MER0249,3653.09,Card,iOS,0,1,1,2213.39,0,0.207,383,15,1,0,0
TXN0005406,USR01358,MER0106,614.99,Card,Web,0,1,3,1112.31,0,0.0061,1370,12,0,0,0
TXN0005407,USR02557,MER0350,584.89,UPI,Android,0,1,1,3098.62,0,0.1134,163,2,1,0,0
TXN0005408,USR02844,MER0172,677.37,UPI,iOS,1,1,2,682.82,0,0.8777,1382,11,0,0,0
TXN0005409,USR01959,MER0171,1077.35,Card,Android,0,0,2,1384.96,0,0.1919,902,15,0,0,0
TXN0005410,USR02484,MER0239,1137.81,UPI,Web,0,0,2,1823.71,0,0.1153,272,21,0,0,0
TXN0005411,USR00077,MER0070,6683.45,Card,Android,0,1,1,3644.84,0,0.0597,495,6,1,0,0
TXN0005412,USR01640,MER0211,329.9,Card,iOS,0,0,3,2482.26,0,0.4596,546,18,0,0,0
TXN0005413,USR01778,MER0292,9170.77,UPI,Android,0,0,1,3099.14,0,0.0325,663,8,1,0,0
TXN0005414,USR03124,MER0065,1578.21,UPI,iOS,1,1,2,776.41,1,0.1697,421,6,0,0,1
TXN0005415,USR01089,MER0283,3152.76,Card,Android,0,0,1,5209.47,0,0.1758,549,18,0,0,0
TXN0005416,USR00805,MER0020,2534.05,UPI,iOS,0,1,1,3685.42,0,0.48,332,8,0,0,0
TXN0005417,USR01234,MER0302,1826.03,Wallet,Web,0,0,3,1335.08,0,0.5,390,13,1,0,0
TXN0005418,USR00597,MER0018,3100.0,UPI,iOS,0,5,1,2223.15,0,0.0547,1229,19,1,1,0
TXN0005419,USR01955,MER0088,1623.95,UPI,Android,0,2,3,2694.62,0,0.0992,2429,10,1,0,0
TXN0005420,USR02250,MER0176,414.57,Wallet,Android,0,1,3,1395.93,0,0.1927,526,9,1,0,0
TXN0005421,USR02804,MER0308,8632.38,UPI,Android,0,0,1,1981.12,0,0.1473,261,17,0,0,0
TXN0005422,USR03402,MER0360,3795.82,UPI,Android,1,0,2,2004.69,0,0.4837,668,8,0,0,0
TXN0005423,USR00258,MER0235,2133.15,UPI,Android,0,0,1,2003.04,0,0.0953,767,18,1,0,0
TXN0005424,USR00866,MER0066,3199.51,UPI,iOS,0,1,2,2963.7,0,0.1535,2896,22,0,0,0
TXN0005425,USR01053,MER0194,2867.07,Card,Web,0,1,1,1926.96,0,0.5707,230,8,1,0,0
TXN0005426,USR00874,MER0394,9021.01,Card,Android,0,0,1,5562.18,0,0.9677,429,19,0,0,0
TXN0005427,USR02896,MER0046,688.88,UPI,Web,1,0,7,3252.72,1,0.2202,1729,10,0,0,0
TXN0005428,USR00489,MER0358,1454.2,Wallet,Web,0,0,3,1968.13,0,0.2791,511,14,0,0,0
TXN0005429,USR00105,MER0193,3611.1,UPI,iOS,0,1,2,5267.15,0,0.1967,372,8,0,0,0
TXN0005430,USR03012,MER0002,2374.47,Wallet,iOS,0,1,1,2803.89,0,0.3044,393,20,0,0,0
TXN0005431,USR03366,MER0348,6566.09,Card,iOS,0,0,1,3962.78,0,0.2502,539,2,0,0,1
TXN0005432,USR00793,MER0014,813.03,NetBanking,Android,1,0,2,3101.44,0,0.1694,784,15,0,0,0
TXN0005433,USR01165,MER0185,819.35,Wallet,Web,0,0,2,2275.37,0,0.1555,597,19,0,0,0
TXN0005434,USR01762,MER0098,1127.39,Wallet,Android,0,0,3,1936.27,0,0.7777,764,22,0,0,1
TXN0005435,USR01841,MER0292,2004.75,NetBanking,Android,0,0,2,1885.87,0,0.0491,743,14,0,0,0
TXN0005436,USR03469,MER0029,10941.61,Wallet,iOS,0,0,1,6318.25,0,0.2688,609,0,0,0,0
TXN0005437,USR01415,MER0046,7162.22,Wallet,Android,0,1,2,2326.27,0,0.1968,794,9,0,0,0
TXN0005438,USR00043,MER0266,1014.14,UPI,Android,0,0,1,1310.25,0,0.1285,354,8,0,0,0
TXN0005439,USR01480,MER0497,5575.55,Wallet,Android,0,0,8,3223.43,0,0.066,186,6,0,0,0
TXN0005440,USR01948,MER0020,2720.32,Card,Android,0,1,9,1715.04,0,0.5039,1009,17,0,0,0
TXN0005441,USR01810,MER0231,22979.3,NetBanking,Android,1,1,1,3114.87,0,0.2378,775,16,0,0,1
TXN0005442,USR01794,MER0402,1469.56,Card,Android,0,0,2,1572.16,0,0.3786,937,2,0,0,0
TXN0005443,USR03230,MER0146,1094.58,UPI,Android,0,0,3,1534.24,0,0.2891,1475,19,0,0,0
TXN0005444,USR02827,MER0247,388.54,UPI,iOS,0,1,2,879.62,0,0.1464,631,10,0,0,0
TXN0005445,USR00881,MER0420,6197.08,UPI,Android,0,0,1,14714.38,0,0.2093,1084,9,0,0,0
TXN0005446,USR01244,MER0364,3277.47,Card,iOS,0,2,1,2683.64,0,0.2299,1159,8,1,0,0
TXN0005447,USR02337,MER0147,2144.31,Card,Web,0,2,1,2344.33,0,0.1686,489,18,1,0,0
TXN0005448,USR01437,MER0376,13019.58,UPI,iOS,0,0,1,3383.15,0,0.3958,341,11,0,0,0
TXN0005449,USR01500,MER0338,3170.12,UPI,Android,0,0,1,2064.95,0,0.206,648,11,0,0,0
TXN0005450,USR00588,MER0254,816.99,UPI,iOS,0,1,1,992.25,0,0.1645,183,8,0,0,0
TXN0005451,USR00891,MER0221,1212.84,Wallet,Android,0,0,3,2460.71,0,0.1814,709,14,0,0,0
TXN0005452,USR02593,MER0463,767.74,UPI,Web,0,1,2,977.83,0,0.4653,291,22,0,0,0
TXN0005453,USR02951,MER0438,4182.85,UPI,Android,0,0,1,2435.47,0,0.0027,580,12,0,0,0
TXN0005454,USR02747,MER0496,1032.13,Card,Android,0,0,1,2267.21,0,0.1696,749,10,1,0,0
TXN0005455,USR01078,MER0338,1844.7,UPI,Android,0,0,1,1668.02,0,0.2349,413,15,1,0,0
TXN0005456,USR00479,MER0180,1518.71,Card,Web,0,0,2,1661.58,0,0.3503,324,20,0,0,0
TXN0005457,USR00559,MER0055,664.13,Wallet,Android,0,0,2,1207.45,0,0.8819,213,18,0,1,1
TXN0005458,USR01378,MER0063,1256.33,UPI,Android,0,0,2,1631.36,0,0.4162,164,16,1,0,0
TXN0005459,USR01813,MER0476,1268.81,Wallet,Android,1,0,9,4135.83,0,0.139,697,17,0,0,0
TXN0005460,USR03126,MER0182,1913.08,Card,Web,0,0,3,1858.5,0,0.5549,437,14,0,0,0
TXN0005461,USR03146,MER0056,544.77,UPI,Android,0,0,3,1529.91,0,0.1675,1252,14,0,1,0
TXN0005462,USR00010,MER0112,1872.14,UPI,Web,0,1,2,909.31,0,0.166,1558,18,0,0,0
TXN0005463,USR02477,MER0011,3344.01,UPI,Web,0,1,1,3756.14,0,0.2181,443,8,1,0,0
TXN0005464,USR01046,MER0266,5651.51,UPI,iOS,0,0,1,1568.35,0,0.1615,1162,0,0,0,0
TXN0005465,USR00693,MER0296,3054.21,UPI,Android,0,0,1,1392.25,1,0.4325,957,5,1,0,0
TXN0005466,USR01943,MER0190,2055.04,NetBanking,Web,0,0,3,4541.36,0,0.0925,240,15,1,0,0
TXN0005467,USR00119,MER0373,1384.08,UPI,Android,0,0,1,2492.7,0,0.6007,1678,11,0,0,0
TXN0005468,USR01170,MER0241,1408.14,NetBanking,Android,0,0,3,5525.26,0,0.0889,865,21,1,0,0
TXN0005469,USR01933,MER0480,4769.45,Card,iOS,0,0,1,1953.04,0,0.3034,476,11,0,0,0
TXN0005470,USR00953,MER0382,43737.41,Card,iOS,1,1,2,11938.17,0,0.2485,225,11,0,0,1
TXN0005471,USR02077,MER0038,1743.22,Card,Web,0,0,4,6114.87,0,0.1034,831,4,0,1,0
TXN0005472,USR01611,MER0138,586.65,Wallet,Web,0,0,2,1109.63,0,0.1677,716,6,0,0,0
TXN0005473,USR02798,MER0378,3630.24,NetBanking,Android,0,0,2,3629.28,1,0.2156,171,6,1,0,0
TXN0005474,USR00636,MER0269,1068.83,UPI,Android,0,1,1,1628.83,0,0.4023,1304,16,0,0,0
TXN0005475,USR00200,MER0377,1229.08,UPI,Web,0,0,1,1321.56,0,0.1819,1074,12,0,0,0
TXN0005476,USR01854,MER0168,555.96,UPI,Android,0,0,1,636.1,0,0.1672,2064,16,1,0,0
TXN0005477,USR00900,MER0020,3181.7,UPI,Android,0,1,1,2494.23,0,0.4727,1344,12,0,0,0
TXN0005478,USR02474,MER0393,1986.75,UPI,Android,0,0,1,4172.01,0,0.3015,557,20,0,0,0
TXN0005479,USR00327,MER0393,2316.7,Card,Android,0,0,3,2120.02,0,0.2671,1174,20,1,0,0
TXN0005480,USR02014,MER0320,231.51,UPI,Android,0,0,2,543.6,0,0.2942,2104,7,0,1,0
TXN0005481,USR03465,MER0203,2071.94,Wallet,iOS,0,0,1,2930.06,0,0.1637,1153,19,0,0,0
TXN0005482,USR00326,MER0005,301.1,Wallet,Web,0,0,1,1105.33,0,0.1659,641,18,1,0,0
TXN0005483,USR01057,MER0364,2500.32,UPI,Web,0,1,3,3517.3,1,0.2335,924,23,0,0,0
TXN0005484,USR02956,MER0331,1322.47,UPI,Android,0,1,2,2099.87,0,0.0723,547,14,1,0,0
TXN0005485,USR01868,MER0334,2815.49,Card,Android,0,0,10,1500.44,0,0.4774,489,20,0,0,1
TXN0005486,USR00613,MER0086,2448.25,UPI,Android,0,0,2,2685.96,1,0.1062,578,18,0,0,0
TXN0005487,USR00746,MER0366,3269.78,UPI,Android,0,1,1,3147.22,1,0.2379,230,12,0,0,0
TXN0005488,USR02677,MER0363,1030.06,UPI,Android,0,0,1,1100.52,0,0.0822,812,7,0,0,0
TXN0005489,USR03014,MER0429,2157.22,UPI,Web,0,2,1,10504.24,0,0.3816,1284,19,0,0,0
TXN0005490,USR01262,MER0284,565.95,Card,Android,0,0,1,2505.68,1,0.2329,1155,7,0,0,0
TXN0005491,USR01659,MER0366,3322.94,UPI,Android,1,1,1,4394.25,0,0.2031,582,18,1,0,0
TXN0005492,USR02740,MER0201,1052.2,UPI,iOS,0,3,2,905.12,0,0.2594,609,20,0,0,0
TXN0005493,USR00620,MER0349,1370.07,Card,Android,0,2,2,1705.68,1,0.2372,479,11,0,0,0
TXN0005494,USR00722,MER0348,449.52,Card,Android,0,2,1,880.34,0,0.227,671,15,0,0,0
TXN0005495,USR02711,MER0390,2124.46,UPI,iOS,0,1,2,2655.26,0,0.1709,475,13,1,1,0
TXN0005496,USR00654,MER0429,2340.26,UPI,Android,0,1,1,3113.54,0,0.317,1091,5,0,0,0
TXN0005497,USR02698,MER0002,4027.44,UPI,iOS,0,0,2,2416.33,0,0.317,94,9,0,0,0
TXN0005498,USR01740,MER0390,3737.35,Card,Web,0,0,2,2334.51,0,0.1565,114,8,0,0,0
TXN0005499,USR03466,MER0397,324.18,UPI,Android,0,1,1,507.64,0,0.0917,655,18,0,0,0
TXN0005500,USR00116,MER0273,1630.1,Wallet,Android,0,0,2,1776.4,0,0.1439,343,0,0,0,0
TXN0005501,USR03311,MER0260,2916.23,UPI,iOS,0,2,1,2512.88,0,0.4904,29,8,1,0,1
TXN0005502,USR00789,MER0362,1092.39,Wallet,iOS,1,0,3,845.88,1,0.0967,672,4,0,0,0
TXN0005503,USR00123,MER0228,13824.63,UPI,Web,0,0,2,4421.95,0,0.0855,159,14,0,0,0
TXN0005504,USR02535,MER0207,988.68,UPI,Web,0,0,2,1060.65,0,0.1299,1521,19,0,0,0
TXN0005505,USR01864,MER0402,2363.86,Wallet,Android,0,1,1,1071.22,0,0.3608,594,8,1,0,0
TXN0005506,USR02931,MER0395,1064.06,Wallet,Android,0,0,1,2578.88,0,0.3691,202,10,0,0,0
TXN0005507,USR00380,MER0104,2465.04,Card,Android,0,1,2,4101.42,0,0.0136,440,10,1,0,0
TXN0005508,USR00283,MER0415,467.58,UPI,Android,0,0,3,2287.85,0,0.2128,1030,21,1,0,0
TXN0005509,USR01986,MER0164,1686.55,Card,Android,0,0,1,1590.01,0,0.7677,585,6,1,0,0
TXN0005510,USR03088,MER0069,1538.84,Wallet,Android,0,0,3,1014.92,0,0.9955,957,21,0,0,1
TXN0005511,USR01421,MER0440,459.13,UPI,iOS,0,1,1,3038.8,0,0.1471,122,19,0,0,0
TXN0005512,USR02792,MER0120,2301.88,UPI,iOS,0,0,2,2113.11,0,0.2091,996,11,0,0,0
TXN0005513,USR03172,MER0102,16977.1,Card,Android,0,1,2,11551.72,0,0.2021,1082,17,0,1,0
TXN0005514,USR03044,MER0135,2342.08,Card,Web,0,1,3,1660.35,0,0.1971,595,16,0,0,0
TXN0005515,USR01781,MER0246,1209.89,Card,Web,0,2,8,3008.81,0,0.403,1723,9,0,0,0
TXN0005516,USR02445,MER0084,4404.87,UPI,iOS,0,1,2,2653.99,0,0.1715,1878,20,0,0,0
TXN0005517,USR01840,MER0080,585.47,Wallet,Android,0,1,2,611.38,0,0.0106,290,19,1,0,0
TXN0005518,USR02360,MER0197,815.27,Wallet,Android,0,0,2,560.02,1,0.4711,939,14,0,0,0
TXN0005519,USR01985,MER0109,1009.14,Card,Android,0,1,3,1161.5,0,0.3613,1211,10,1,0,0
TXN0005520,USR01838,MER0097,2806.53,UPI,Android,0,0,2,2242.53,1,0.1856,1139,13,0,0,1
TXN0005521,USR01529,MER0457,3442.56,UPI,Web,0,0,1,1628.35,0,0.1826,284,16,0,0,0
TXN0005522,USR02285,MER0298,2030.61,Card,Android,0,0,3,2472.51,0,0.1418,423,16,0,0,0
TXN0005523,USR02629,MER0007,3153.4,Wallet,Android,1,0,3,2701.82,0,0.2699,1591,17,0,0,0
TXN0005524,USR03217,MER0051,4533.33,Card,Android,0,0,4,1937.94,0,0.0,1244,21,1,0,0
TXN0005525,USR02147,MER0407,901.56,UPI,iOS,0,0,1,1043.2,0,0.1811,304,21,0,0,0
TXN0005526,USR00352,MER0135,596.25,Wallet,Web,0,2,2,1409.44,0,0.1912,283,16,1,0,0
TXN0005527,USR02057,MER0077,15489.62,UPI,Android,0,0,1,10008.35,0,0.4921,677,14,0,0,0
TXN0005528,USR01106,MER0333,7021.68,NetBanking,Web,0,0,2,2627.12,0,0.4713,400,12,0,0,0
TXN0005529,USR00094,MER0420,6531.45,Card,Android,0,0,1,2714.76,0,0.2002,421,20,0,0,0
TXN0005530,USR00254,MER0200,4615.52,Card,Android,0,2,2,2899.77,0,0.1231,472,12,0,1,0
TXN0005531,USR02070,MER0372,499.05,UPI,Android,0,0,2,2837.02,0,0.5734,149,11,1,0,0
TXN0005532,USR03307,MER0211,1268.65,UPI,Android,0,7,2,2108.03,0,0.4994,324,5,0,0,0
TXN0005533,USR01770,MER0055,1699.03,NetBanking,Android,0,0,2,2720.91,1,0.923,2154,14,0,0,0
TXN0005534,USR01559,MER0399,336.71,Card,Android,0,0,2,342.72,1,0.3125,645,14,0,0,0
TXN0005535,USR00311,MER0460,5007.65,Card,iOS,0,0,1,1561.14,0,0.0693,800,6,1,0,0
TXN0005536,USR02364,MER0493,1360.9,Card,iOS,0,0,1,3114.71,0,0.3856,427,23,0,0,0
TXN0005537,USR00195,MER0051,8388.37,UPI,iOS,0,0,2,1754.99,0,0.0,1043,6,0,0,0
TXN0005538,USR02944,MER0283,1196.01,Wallet,Android,0,0,1,1655.77,0,0.1778,711,9,0,0,0
TXN0005539,USR02858,MER0312,1486.18,UPI,Android,0,1,3,2713.87,0,0.2349,354,9,0,0,0
TXN0005540,USR03469,MER0040,11045.13,UPI,Web,0,0,1,6318.25,0,0.0917,237,0,0,0,0
TXN0005541,USR00995,MER0476,18298.15,UPI,Web,0,0,1,9887.79,0,0.2489,1212,17,1,0,0
TXN0005542,USR00567,MER0052,4269.72,Card,Android,0,5,3,2811.13,1,0.4803,580,7,0,0,1
TXN0005543,USR01049,MER0135,4936.76,UPI,Android,1,1,9,9031.48,0,0.1589,436,8,1,0,0
TXN0005544,USR02799,MER0485,1638.66,NetBanking,iOS,0,0,4,1200.12,0,0.188,318,13,0,0,0
TXN0005545,USR00766,MER0279,455.17,Wallet,Android,0,0,2,1007.11,0,0.333,575,20,0,0,0
TXN0005546,USR03106,MER0340,734.14,NetBanking,iOS,0,0,1,1370.22,0,0.4658,336,12,0,0,0
TXN0005547,USR00540,MER0247,6667.33,Card,Android,0,0,9,7504.68,0,0.1622,562,18,0,0,0
TXN0005548,USR00172,MER0377,922.46,UPI,Android,0,1,1,1750.09,0,0.1733,937,17,0,0,0
TXN0005549,USR00768,MER0041,8181.48,NetBanking,Web,0,0,1,4030.51,1,0.2693,430,17,1,0,0
TXN0005550,USR02640,MER0338,2260.85,UPI,Android,1,0,1,3603.92,0,0.1913,1272,21,1,0,0
TXN0005551,USR02108,MER0034,1022.43,NetBanking,Android,0,3,1,1259.75,0,0.1821,1729,20,1,0,0
TXN0005552,USR01242,MER0090,719.49,UPI,Web,0,0,1,1425.5,0,0.0473,551,6,0,0,0
TXN0005553,USR02297,MER0254,8246.66,Wallet,Android,0,2,2,4107.15,0,0.0856,1662,17,0,0,0
TXN0005554,USR02271,MER0225,965.55,Wallet,Android,0,1,1,1639.78,0,0.3641,519,8,1,0,0
TXN0005555,USR01942,MER0077,4726.19,Card,Android,0,0,2,2183.37,0,0.5176,1521,17,0,0,0
TXN0005556,USR01800,MER0400,7869.53,Wallet,Android,0,0,1,3833.0,0,0.1491,253,4,0,0,0
TXN0005557,USR00356,MER0151,2527.01,UPI,Android,1,3,2,3662.38,0,0.1632,616,17,0,0,0
TXN0005558,USR00910,MER0434,3733.32,UPI,Android,0,0,1,3841.79,0,0.2126,685,10,0,0,0
TXN0005559,USR01847,MER0008,2973.45,UPI,Android,0,0,2,4396.43,0,0.1569,287,3,0,0,0
TXN0005560,USR00474,MER0119,1813.46,NetBanking,Web,0,0,1,1287.0,0,0.3841,843,17,0,0,0
TXN0005561,USR01666,MER0149,3879.42,Card,iOS,0,0,3,4691.27,0,0.1719,979,10,0,0,0
TXN0005562,USR00410,MER0298,1592.87,UPI,iOS,0,0,1,2261.72,0,0.1601,739,23,1,0,0
TXN0005563,USR02756,MER0201,4777.06,UPI,iOS,0,1,1,4857.75,0,0.3063,519,8,0,0,0
TXN0005564,USR00362,MER0079,527.13,Wallet,iOS,0,0,3,1731.33,0,0.2352,462,14,0,0,1
TXN0005565,USR00324,MER0286,2434.99,Wallet,Android,0,0,1,2703.52,0,0.2836,582,15,1,0,0
TXN0005566,USR02233,MER0480,12361.84,NetBanking,Web,1,6,1,8140.84,0,0.2771,575,18,0,0,1
TXN0005567,USR00772,MER0067,88710.75,UPI,iOS,0,1,1,8803.26,0,0.5066,393,16,0,0,0
TXN0005568,USR01230,MER0127,1582.27,Card,iOS,0,1,2,838.34,0,0.3063,218,19,1,0,0
TXN0005569,USR01100,MER0240,1114.79,UPI,Android,0,0,2,1537.76,0,0.4728,73,17,1,0,0
TXN0005570,USR00759,MER0364,1367.75,Card,iOS,0,0,2,2001.42,0,0.2749,432,14,0,0,0
TXN0005571,USR02667,MER0069,882.79,Wallet,Android,0,1,3,2074.66,0,0.9413,305,7,0,0,0
TXN0005572,USR02422,MER0116,8390.94,UPI,iOS,0,0,2,3635.17,0,0.1119,383,9,0,0,0
TXN0005573,USR00836,MER0118,14691.54,Card,Web,0,5,1,3750.27,0,0.0501,3505,7,0,0,0
TXN0005574,USR02404,MER0309,3123.06,UPI,Android,0,0,1,2692.37,0,0.1961,1630,0,0,0,0
TXN0005575,USR02498,MER0042,1110.62,UPI,Android,0,0,2,1779.81,0,0.3139,936,20,0,0,0
TXN0005576,USR01888,MER0330,1863.11,UPI,Web,1,0,1,4041.73,0,0.9177,609,22,0,0,1
TXN0005577,USR02025,MER0213,612.12,UPI,Android,1,0,1,2034.22,0,0.6529,179,20,0,0,0
TXN0005578,USR03273,MER0165,1093.93,UPI,iOS,0,0,3,2091.04,0,0.0695,863,21,0,0,0
TXN0005579,USR01589,MER0432,3122.59,UPI,Android,1,1,1,1900.36,0,0.0403,1571,1,1,0,0
TXN0005580,USR01349,MER0410,1476.75,Card,Android,0,0,3,2111.3,0,0.2346,945,21,0,0,0
TXN0005581,USR01887,MER0402,929.6,Card,Web,0,0,2,1948.15,0,0.3411,833,14,1,0,0
TXN0005582,USR02926,MER0443,586.24,NetBanking,iOS,0,1,1,1135.03,1,0.1324,138,7,1,0,0
TXN0005583,USR02484,MER0117,2769.03,UPI,Android,0,0,5,1823.71,1,0.0646,1966,22,0,0,1
TXN0005584,USR00263,MER0428,5301.7,Card,iOS,0,0,2,5909.36,0,0.0088,1433,15,0,0,0
TXN0005585,USR01608,MER0088,2062.45,NetBanking,Android,0,0,1,3405.8,0,0.1066,412,18,0,0,0
TXN0005586,USR02590,MER0166,4815.46,Card,Android,0,1,2,6320.95,0,0.393,850,15,1,0,0
TXN0005587,USR00784,MER0278,20811.86,Wallet,iOS,0,1,1,4469.55,0,0.1591,938,17,1,0,0
TXN0005588,USR03460,MER0373,1070.61,NetBanking,Web,0,0,1,467.71,0,0.6376,683,14,1,0,0
TXN0005589,USR02829,MER0289,6888.18,Wallet,iOS,0,1,4,2515.31,0,0.0,861,21,0,0,0
TXN0005590,USR02964,MER0280,696.16,UPI,Android,0,0,2,2584.01,0,0.4174,281,16,0,0,0
TXN0005591,USR00287,MER0189,1146.95,UPI,Android,0,0,1,1344.34,0,0.1964,305,13,0,0,0
TXN0005592,USR02029,MER0297,1685.62,UPI,Android,0,0,8,2819.0,0,0.3389,792,16,0,0,0
TXN0005593,USR01848,MER0238,3765.9,Card,Android,0,0,3,2676.27,0,0.3781,1017,17,0,0,0
TXN0005594,USR02194,MER0239,4651.74,Card,Web,1,0,3,2280.01,0,0.1566,740,21,0,0,0
TXN0005595,USR02976,MER0293,8429.67,UPI,Android,0,0,2,7005.75,0,0.2128,234,7,1,0,0
TXN0005596,USR01237,MER0301,547.35,UPI,iOS,0,0,3,1078.44,0,0.4705,333,15,1,0,0
TXN0005597,USR01869,MER0165,2718.88,UPI,Android,1,0,1,4600.43,0,0.1105,2601,15,0,0,0
TXN0005598,USR02379,MER0068,7649.82,Card,Android,0,0,3,5144.2,0,0.5634,118,6,0,0,0
TXN0005599,USR02637,MER0150,7424.54,UPI,Android,0,0,2,4647.54,0,0.4032,339,17,1,0,0
TXN0005600,USR02697,MER0205,4819.86,UPI,Web,0,0,6,4577.98,0,0.7463,710,15,0,0,0
TXN0005601,USR01180,MER0081,2031.3,Card,Android,0,0,2,1944.93,0,0.8072,936,19,0,0,0
TXN0005602,USR03494,MER0089,1446.28,UPI,Android,0,1,1,1466.54,0,0.7593,864,13,0,0,0
TXN0005603,USR00034,MER0476,2861.05,Card,Android,0,1,3,2477.97,0,0.2039,360,16,1,0,0
TXN0005604,USR01724,MER0141,3556.7,UPI,Android,1,2,3,2232.99,0,0.6886,930,13,0,0,0
TXN0005605,USR02131,MER0370,5247.91,Card,Android,0,0,1,3504.72,0,0.3989,839,8,0,0,0
TXN0005606,USR00215,MER0064,1500.18,Wallet,Web,0,1,2,1550.54,1,0.2402,1087,9,0,0,0
TXN0005607,USR01580,MER0487,3541.17,UPI,Web,0,0,2,3856.55,0,0.2754,1255,21,0,0,0
TXN0005608,USR02086,MER0107,3104.74,UPI,iOS,0,0,1,3475.66,0,0.1762,335,12,1,0,0
TXN0005609,USR02127,MER0197,2189.67,NetBanking,Web,0,0,1,4037.36,0,0.4322,624,20,1,0,0
TXN0005610,USR00417,MER0391,707.26,Card,Android,0,0,1,1316.03,0,0.4772,106,11,0,0,0
TXN0005611,USR00972,MER0101,3145.46,UPI,Web,0,0,3,2235.16,0,0.4499,1162,16,0,0,0
TXN0005612,USR00857,MER0275,1634.91,Card,Android,0,1,1,2871.56,0,0.2239,173,21,0,0,0
TXN0005613,USR02240,MER0393,2780.82,UPI,Android,0,0,3,1626.96,0,0.2386,120,13,0,0,0
TXN0005614,USR01151,MER0012,760.41,Card,Android,0,0,3,829.5,0,0.3102,656,13,0,0,0
TXN0005615,USR02001,MER0013,2178.06,Wallet,Web,0,0,1,1269.12,0,0.477,2488,20,0,0,0
TXN0005616,USR02559,MER0395,3967.69,UPI,Android,0,0,2,2636.82,0,0.3862,912,19,0,0,0
TXN0005617,USR02791,MER0132,2879.92,Card,Android,0,2,1,1650.13,0,0.2613,765,8,0,0,0
TXN0005618,USR00644,MER0455,306.26,UPI,Android,0,0,1,453.7,0,0.4515,1060,6,1,0,0
TXN0005619,USR03163,MER0464,2196.22,Card,Android,0,0,2,1720.01,0,0.1135,778,4,1,0,0
TXN0005620,USR00581,MER0441,4519.98,UPI,Android,1,0,2,2793.32,0,0.9438,577,10,0,0,0
TXN0005621,USR00077,MER0499,1134.69,NetBanking,iOS,0,2,2,3644.84,0,0.1475,497,17,0,1,0
TXN0005622,USR00158,MER0412,2620.03,Card,iOS,1,1,1,808.94,0,0.1758,266,22,0,0,0
TXN0005623,USR00704,MER0192,11366.06,Wallet,iOS,0,0,1,2337.65,0,0.5892,944,2,0,0,0
TXN0005624,USR03057,MER0497,43281.73,UPI,Android,0,0,7,4497.24,0,0.0445,864,10,0,0,1
TXN0005625,USR00728,MER0173,2293.63,UPI,Android,0,0,1,1349.72,0,0.2369,545,18,0,0,0
TXN0005626,USR02428,MER0294,22879.57,Wallet,Web,0,1,2,2441.7,0,0.2882,199,21,0,0,0
TXN0005627,USR01465,MER0003,3929.86,UPI,Android,0,1,2,5214.67,0,0.5678,785,18,0,0,0
TXN0005628,USR00140,MER0482,2091.25,NetBanking,Android,0,1,2,2379.96,1,0.8232,406,22,0,0,0
TXN0005629,USR01555,MER0296,21820.67,Card,iOS,0,0,2,11455.68,0,0.4336,308,5,0,0,0
TXN0005630,USR00100,MER0475,488.86,Wallet,iOS,0,1,1,1035.66,0,0.2642,238,16,0,0,0
TXN0005631,USR01667,MER0177,1392.23,UPI,Web,0,1,1,3141.25,0,0.38,869,17,0,0,0
TXN0005632,USR01956,MER0157,22669.74,UPI,Android,0,0,9,8800.86,0,0.2812,266,23,0,0,0
TXN0005633,USR01825,MER0262,5141.57,UPI,Android,0,0,2,3369.81,0,0.4835,12,22,0,0,0
TXN0005634,USR00989,MER0432,1248.72,NetBanking,iOS,0,0,2,2448.79,0,0.1038,678,4,0,0,0
TXN0005635,USR02683,MER0275,1711.33,UPI,iOS,0,1,1,2116.1,0,0.2403,854,22,0,0,0
TXN0005636,USR02089,MER0397,1361.75,Card,Android,0,0,1,1545.86,0,0.0981,150,10,0,0,0
TXN0005637,USR00892,MER0108,1077.37,Card,Web,0,0,2,2346.84,0,0.8976,813,17,0,0,0
TXN0005638,USR01522,MER0388,288.41,Wallet,Android,0,0,1,1756.41,0,0.2258,319,8,1,0,0
TXN0005639,USR00380,MER0367,1863.1,NetBanking,Android,0,7,2,4101.42,0,0.2073,293,22,0,0,0
TXN0005640,USR03232,MER0449,3951.85,Wallet,iOS,0,0,1,3443.0,0,0.0496,773,10,1,0,0
TXN0005641,USR02636,MER0029,1482.43,UPI,Android,1,0,2,1098.18,0,0.3069,880,11,0,0,0
TXN0005642,USR01008,MER0193,10668.66,Wallet,Android,0,0,1,7856.72,0,0.1908,327,8,1,0,0
TXN0005643,USR02363,MER0045,1708.94,Card,Web,0,0,2,1158.34,0,0.1304,699,12,1,0,0
TXN0005644,USR02378,MER0201,429.22,Card,iOS,0,0,1,708.38,0,0.2999,730,12,0,0,0
TXN0005645,USR02134,MER0380,1455.51,UPI,Web,0,0,1,2802.73,0,0.3279,133,12,1,0,0
TXN0005646,USR00190,MER0321,2344.71,Wallet,Android,0,0,1,1881.59,0,0.0965,680,19,0,0,0
TXN0005647,USR03075,MER0377,1729.26,UPI,Android,0,0,2,2117.33,0,0.1765,1649,11,0,0,0
TXN0005648,USR03346,MER0369,6690.71,Wallet,Android,0,1,2,3660.58,0,0.164,680,20,0,0,0
TXN0005649,USR03410,MER0497,3600.68,UPI,Android,0,0,1,2876.38,0,0.0754,656,11,0,0,0
TXN0005650,USR03433,MER0440,6657.25,Card,Android,0,0,2,2776.96,0,0.1931,259,16,0,0,0
TXN0005651,USR03251,MER0294,1149.86,UPI,Web,0,3,1,1690.17,1,0.2957,516,17,1,0,0
TXN0005652,USR02587,MER0438,2380.87,UPI,Android,0,0,2,1160.49,0,0.0415,513,11,0,0,0
TXN0005653,USR00200,MER0024,5440.02,NetBanking,iOS,0,0,2,1321.56,0,0.3331,2309,19,1,0,0
TXN0005654,USR01629,MER0361,2139.65,Card,iOS,0,1,1,2163.98,0,0.2308,77,10,1,0,0
TXN0005655,USR00859,MER0262,2512.32,UPI,Android,0,0,1,1843.57,0,0.4851,317,15,0,0,0
TXN0005656,USR00770,MER0479,533.85,Card,Android,0,1,1,1096.74,0,0.2799,406,19,1,0,0
TXN0005657,USR02908,MER0252,2681.08,Wallet,iOS,0,0,1,1480.67,0,0.1527,765,10,0,0,0
TXN0005658,USR02844,MER0090,1464.34,Card,Android,1,0,5,682.82,0,0.0399,540,13,0,0,0
TXN0005659,USR01828,MER0363,1853.42,UPI,Android,0,0,2,2781.63,1,0.1152,260,18,0,0,0
TXN0005660,USR02578,MER0476,2263.08,Wallet,iOS,0,0,1,1560.01,0,0.185,1227,13,1,0,0
TXN0005661,USR00453,MER0009,869.09,UPI,Android,0,0,1,746.58,0,0.1916,292,12,0,0,0
TXN0005662,USR00777,MER0033,3078.86,Card,Android,0,1,1,2442.92,0,0.25,409,11,0,0,0
TXN0005663,USR03012,MER0331,4785.84,Card,iOS,0,0,1,2803.89,0,0.1261,643,20,0,0,0
TXN0005664,USR01580,MER0278,5330.16,Card,Android,0,0,2,3856.55,0,0.1096,2670,6,0,1,0
TXN0005665,USR01914,MER0275,1910.26,UPI,Android,0,3,1,2219.56,0,0.2138,1551,12,0,0,0
TXN0005666,USR01620,MER0046,5749.92,UPI,Android,0,0,2,3317.5,1,0.2118,510,12,0,0,0
TXN0005667,USR00708,MER0287,2340.41,NetBanking,iOS,0,0,2,1104.94,0,0.0602,1435,16,1,0,0
TXN0005668,USR02893,MER0285,2717.23,Wallet,iOS,0,0,1,4257.29,0,0.1436,857,21,0,0,0
TXN0005669,USR02655,MER0425,1223.26,NetBanking,Web,0,1,1,1287.64,0,0.296,854,18,0,0,0
TXN0005670,USR02394,MER0196,1234.2,Wallet,iOS,0,0,2,4636.16,1,0.3068,531,16,0,0,0
TXN0005671,USR01237,MER0174,1561.59,UPI,iOS,0,1,2,1078.44,0,0.0953,437,20,1,0,0
TXN0005672,USR02252,MER0041,2620.83,Card,iOS,0,1,2,1142.07,0,0.2382,157,18,0,0,0
TXN0005673,USR03337,MER0284,2680.38,UPI,Android,0,0,3,3391.29,1,0.2268,460,17,1,0,0
TXN0005674,USR02275,MER0325,1194.75,UPI,Android,0,0,1,1140.95,0,0.1654,1097,21,0,0,0
TXN0005675,USR01730,MER0141,2109.28,UPI,iOS,0,1,1,2598.37,1,0.6001,726,11,0,1,0
TXN0005676,USR00947,MER0366,6784.42,UPI,Android,0,0,2,9403.05,0,0.1832,450,15,0,0,0
TXN0005677,USR01830,MER0470,1683.52,UPI,Web,0,0,2,1497.39,0,0.147,450,15,0,0,0
TXN0005678,USR01301,MER0088,1242.42,UPI,Android,1,0,2,2297.27,0,0.1275,394,18,1,0,0
TXN0005679,USR02140,MER0287,2633.95,Card,Android,0,0,2,3280.13,0,0.0783,756,20,1,0,0
TXN0005680,USR00160,MER0348,885.3,NetBanking,Android,0,0,1,1785.04,0,0.2004,747,5,0,0,0
TXN0005681,USR00666,MER0010,2413.55,UPI,Android,0,0,1,1660.24,0,0.3181,1435,8,0,0,0
TXN0005682,USR02755,MER0090,3112.06,UPI,Web,0,1,3,2753.94,0,0.0252,709,10,0,0,0
TXN0005683,USR01333,MER0198,1587.54,UPI,Android,0,1,2,2276.59,1,0.1822,1282,13,0,0,0
TXN0005684,USR01516,MER0069,3072.78,Card,Web,0,1,1,3145.23,0,0.9513,1013,21,0,0,0
TXN0005685,USR01904,MER0178,2027.38,UPI,Android,0,2,1,2498.44,0,0.3206,864,19,1,0,0
TXN0005686,USR01534,MER0074,3063.75,Card,Web,0,1,1,1413.45,0,0.2219,200,9,0,0,0
TXN0005687,USR02656,MER0449,2056.67,UPI,Android,0,1,2,2970.16,0,0.0481,882,18,0,0,0
TXN0005688,USR00859,MER0300,2770.25,Wallet,Web,0,3,2,1843.57,0,0.1703,1074,19,0,0,0
TXN0005689,USR02655,MER0165,737.17,Card,iOS,0,0,2,1287.64,0,0.1018,851,8,0,0,0
TXN0005690,USR00733,MER0390,2219.42,UPI,Android,0,0,2,1298.22,0,0.1854,147,12,1,0,0
TXN0005691,USR01298,MER0010,4531.99,NetBanking,iOS,0,1,1,2257.6,0,0.33,1211,14,0,0,0
TXN0005692,USR02058,MER0299,1165.3,Card,Android,0,0,1,561.09,0,0.3917,269,7,0,0,0
TXN0005693,USR03101,MER0342,4181.32,UPI,Android,0,0,2,1524.24,0,0.1783,811,11,0,0,0
TXN0005694,USR00814,MER0405,7868.8,Card,Android,0,3,3,6701.6,0,0.3227,566,20,0,0,0
TXN0005695,USR02056,MER0112,3397.82,UPI,Android,0,3,2,1464.94,1,0.1649,217,7,0,0,1
TXN0005696,USR00225,MER0296,6326.34,NetBanking,Android,1,0,2,2065.38,0,0.4924,643,17,0,0,0
TXN0005697,USR00264,MER0384,409.92,UPI,iOS,0,1,1,966.65,0,0.2169,801,17,0,0,0
TXN0005698,USR02687,MER0399,1229.4,Wallet,Web,0,0,1,1995.42,0,0.3124,406,8,0,0,0
TXN0005699,USR02517,MER0088,1010.84,Card,Android,0,0,2,3119.54,0,0.0888,446,14,0,0,0
TXN0005700,USR01318,MER0489,1464.33,Card,iOS,0,1,1,717.04,0,0.354,76,12,0,0,0
TXN0005701,USR02181,MER0137,860.52,UPI,Android,0,0,1,2680.29,0,0.1649,1262,6,1,0,0
TXN0005702,USR01331,MER0196,961.1,UPI,Android,0,0,3,3639.36,0,0.2733,836,19,0,1,0
TXN0005703,USR00971,MER0097,557.55,Wallet,Android,0,0,2,1291.65,0,0.0968,378,6,1,0,0
TXN0005704,USR01510,MER0075,260.75,Card,Web,0,0,2,958.29,0,0.0641,484,10,0,0,0
TXN0005705,USR01092,MER0128,2074.63,NetBanking,Android,0,0,1,1792.89,0,0.5652,837,11,0,0,0
TXN0005706,USR02853,MER0068,1238.69,Card,Android,0,0,1,2843.2,0,0.586,859,17,0,0,0
TXN0005707,USR01441,MER0367,8906.85,Card,iOS,0,0,1,4952.59,0,0.245,590,20,0,0,0
TXN0005708,USR01123,MER0299,2793.34,NetBanking,Android,0,0,1,3026.44,0,0.3996,190,17,0,0,0
TXN0005709,USR01877,MER0196,2280.99,Card,Android,1,1,2,2368.57,0,0.2586,1452,8,0,0,0
TXN0005710,USR02654,MER0274,672.72,UPI,Android,0,0,2,2717.77,0,0.0486,268,16,0,0,0
TXN0005711,USR00958,MER0303,2438.07,Wallet,Android,1,0,1,4284.78,0,0.2153,1719,17,0,0,0
TXN0005712,USR03289,MER0093,2701.22,UPI,Android,0,0,1,2996.49,0,0.3592,424,7,1,1,0
TXN0005713,USR01623,MER0149,1406.01,Card,Android,1,0,1,1911.08,0,0.1804,1135,22,1,0,0
TXN0005714,USR02314,MER0442,624.62,UPI,Web,0,0,1,832.45,0,0.3397,499,17,1,0,0
TXN0005715,USR03351,MER0007,15175.23,NetBanking,iOS,0,0,4,6824.9,0,0.2075,1307,16,1,0,0
TXN0005716,USR01511,MER0479,8642.7,NetBanking,Android,0,0,1,1937.12,0,0.2349,939,6,0,0,0
TXN0005717,USR00700,MER0483,1628.71,Wallet,Android,0,0,1,2145.48,0,0.1723,651,13,1,0,0
TXN0005718,USR02618,MER0127,974.13,UPI,Web,0,1,2,2652.6,0,0.3278,310,4,0,0,0
TXN0005719,USR00024,MER0161,1940.9,Card,iOS,0,0,1,2415.85,0,0.4222,1163,9,0,0,0
TXN0005720,USR01603,MER0104,8439.39,UPI,iOS,0,0,2,7713.86,0,0.0597,2307,21,1,1,0
TXN0005721,USR03430,MER0281,3248.96,UPI,iOS,0,2,1,3549.1,0,0.3519,568,18,0,0,0
TXN0005722,USR01451,MER0107,9028.93,Wallet,Android,0,1,5,6114.94,0,0.2012,230,13,0,1,1
TXN0005723,USR02395,MER0396,7040.17,UPI,Android,0,0,2,1505.4,0,0.2795,704,20,0,0,0
TXN0005724,USR01839,MER0194,1092.35,UPI,Android,0,1,2,3942.36,0,0.563,416,7,0,0,0
TXN0005725,USR00752,MER0484,1072.93,Card,Android,0,0,1,1624.97,0,0.2789,324,8,0,0,0
TXN0005726,USR01113,MER0427,9737.66,Wallet,Web,0,1,1,3374.94,0,0.1953,2092,6,0,0,0
TXN0005727,USR01833,MER0201,5929.43,UPI,Android,0,0,3,9077.52,0,0.2431,377,11,0,0,0
TXN0005728,USR00365,MER0298,1637.07,Card,Android,0,2,1,974.79,0,0.1515,1153,10,1,0,0
TXN0005729,USR01453,MER0013,14923.29,NetBanking,Web,0,0,3,2656.33,0,0.4589,1625,13,0,0,0
TXN0005730,USR01452,MER0034,9830.42,UPI,Web,0,1,1,4241.55,0,0.1121,1022,8,1,0,0
TXN0005731,USR02923,MER0254,10286.9,Wallet,Android,0,0,9,2727.18,0,0.1194,769,12,1,1,1
TXN0005732,USR00434,MER0237,2448.75,Card,Android,0,1,3,2025.4,0,0.0363,83,19,0,0,0
TXN0005733,USR02950,MER0200,1304.05,UPI,iOS,0,0,2,4818.53,0,0.1411,1089,9,0,0,0
TXN0005734,USR01437,MER0046,1943.55,UPI,Android,0,0,1,3383.15,0,0.2346,596,13,0,0,0
TXN0005735,USR02280,MER0420,83204.3,UPI,Web,0,2,2,2044.78,0,0.1826,450,11,0,0,1
TXN0005736,USR01950,MER0204,2175.93,Wallet,Android,1,2,1,6332.39,0,0.8488,1325,22,1,0,0
TXN0005737,USR01050,MER0236,3585.8,Card,Android,0,9,1,2636.05,0,0.1888,685,22,1,0,0
TXN0005738,USR03258,MER0202,414.1,UPI,Android,0,2,1,2661.28,0,0.213,1217,8,0,0,0
TXN0005739,USR00786,MER0249,761.0,UPI,iOS,0,0,2,2116.48,0,0.1883,1593,8,0,0,0
TXN0005740,USR00127,MER0325,2997.97,Wallet,Web,0,0,3,1664.19,0,0.1551,1435,19,0,0,0
TXN0005741,USR02626,MER0382,1604.38,UPI,iOS,0,0,1,1643.53,0,0.3033,348,6,0,0,0
TXN0005742,USR02176,MER0275,3646.49,UPI,Android,0,0,2,5026.9,0,0.2513,245,19,1,0,0
TXN0005743,USR03117,MER0083,2876.27,NetBanking,iOS,0,0,2,5434.85,0,0.1759,1287,8,0,0,0
TXN0005744,USR01603,MER0438,1742.83,UPI,Android,0,1,2,7713.86,0,0.0206,1378,14,1,0,0
TXN0005745,USR00059,MER0143,3157.84,Wallet,Android,0,0,2,2015.03,0,0.1433,569,17,0,0,0
TXN0005746,USR00071,MER0009,972.6,UPI,Android,0,0,1,1253.67,0,0.1655,1226,17,0,0,0
TXN0005747,USR01517,MER0020,418.42,UPI,Android,0,0,3,1315.83,0,0.5144,1337,18,0,0,0
TXN0005748,USR00874,MER0387,5407.17,UPI,Android,0,0,2,5562.18,0,0.8394,2225,17,0,0,0
TXN0005749,USR03228,MER0194,1738.14,Wallet,iOS,0,2,2,1202.4,0,0.5723,141,18,0,0,0
TXN0005750,USR00415,MER0012,1303.77,Card,Android,0,0,2,1583.67,0,0.3717,1936,10,0,0,0
TXN0005751,USR03083,MER0406,885.7,UPI,Android,1,1,3,856.5,0,0.2826,505,8,1,1,0
TXN0005752,USR00759,MER0153,1956.8,Wallet,Android,0,0,1,2001.42,0,0.2041,1655,20,1,0,0
TXN0005753,USR00418,MER0489,1349.55,Wallet,Android,0,0,2,2360.01,0,0.3648,667,11,0,0,0
TXN0005754,USR00961,MER0440,1852.94,Card,Android,0,0,2,1873.31,0,0.1466,1399,2,0,0,0
TXN0005755,USR00505,MER0025,2390.33,Card,Android,0,0,3,1480.05,0,0.0939,236,18,0,0,0
TXN0005756,USR01405,MER0346,3625.02,Card,Web,0,1,1,1809.26,0,0.1287,951,16,0,1,0
TXN0005757,USR01157,MER0302,1985.01,UPI,Android,0,0,1,1180.93,0,0.5219,1392,19,0,0,0
TXN0005758,USR01852,MER0086,1439.97,Wallet,Web,0,0,1,2461.31,0,0.1124,497,8,0,0,0
TXN0005759,USR01880,MER0172,7383.54,Card,Web,0,1,2,4909.54,0,0.8437,828,22,0,0,0
TXN0005760,USR00004,MER0246,1932.53,Wallet,Android,0,0,3,1453.1,0,0.4152,1237,6,0,0,0
TXN0005761,USR00438,MER0074,1071.04,Wallet,Web,0,0,1,1876.91,0,0.2471,490,11,0,0,0
TXN0005762,USR00567,MER0361,1914.17,Wallet,iOS,0,1,1,2811.13,0,0.22,148,22,0,0,0
TXN0005763,USR00682,MER0139,7641.98,Wallet,Android,0,0,1,4924.77,0,0.1988,1879,0,1,0,0
TXN0005764,USR00328,MER0469,5016.45,NetBanking,Web,0,0,1,1956.87,0,0.147,1065,17,0,0,0
TXN0005765,USR01102,MER0401,205.81,Card,Android,0,1,1,797.39,0,0.182,763,1,0,0,0
TXN0005766,USR01924,MER0318,6087.27,Wallet,Android,0,1,1,1964.73,0,0.243,283,7,1,0,0
TXN0005767,USR01082,MER0060,12647.57,Wallet,Android,0,0,1,5750.4,0,0.2907,842,21,0,0,0
TXN0005768,USR01152,MER0013,2422.64,UPI,Web,0,0,3,2206.69,0,0.4924,946,8,0,0,0
TXN0005769,USR01644,MER0073,1954.44,Card,Web,0,0,1,2443.47,0,0.1556,356,6,1,0,0
TXN0005770,USR01920,MER0250,1408.52,Card,Android,0,0,1,1117.87,0,0.1311,1087,19,0,0,0
TXN0005771,USR01159,MER0391,3028.45,UPI,iOS,0,2,2,5049.34,0,0.4574,179,0,1,0,0
TXN0005772,USR00777,MER0077,2044.71,Card,Android,0,0,1,2442.92,0,0.4941,208,12,0,0,0
TXN0005773,USR01433,MER0354,2021.67,UPI,Web,0,2,3,6146.87,0,0.1561,560,19,1,0,0
TXN0005774,USR00085,MER0024,492.57,UPI,Android,0,0,2,1814.43,0,0.2682,72,9,1,0,0
TXN0005775,USR01724,MER0133,11388.48,Card,Android,0,1,2,2232.99,0,0.2905,191,0,0,0,0
TXN0005776,USR03295,MER0300,534.72,UPI,iOS,0,1,1,537.18,0,0.1383,766,0,0,0,0
TXN0005777,USR01393,MER0415,20819.09,Wallet,iOS,0,1,1,3864.77,0,0.1878,800,8,0,0,0
TXN0005778,USR00380,MER0389,3816.01,Card,Android,0,1,3,4101.42,0,0.0592,361,23,0,0,0
TXN0005779,USR02475,MER0267,1179.69,UPI,iOS,1,1,1,2250.73,0,0.2679,686,17,0,0,0
TXN0005780,USR00445,MER0019,1192.26,UPI,iOS,0,0,2,1563.51,0,0.0642,586,16,0,0,0
TXN0005781,USR00678,MER0147,841.7,UPI,Android,0,0,1,828.62,1,0.1522,1424,5,0,0,0
TXN0005782,USR00513,MER0392,3462.45,Card,Android,0,0,1,4193.58,0,0.2782,226,22,0,0,0
TXN0005783,USR03093,MER0041,801.96,Wallet,Android,0,0,3,1449.02,0,0.3112,958,15,0,0,0
TXN0005784,USR03435,MER0354,4380.76,Card,iOS,0,2,1,3260.86,0,0.2257,689,9,0,0,0
TXN0005785,USR01994,MER0352,2917.18,UPI,iOS,0,2,2,2677.8,0,0.2512,612,3,0,1,0
TXN0005786,USR02162,MER0376,6899.62,Card,Android,0,1,2,5466.14,0,0.4352,162,17,0,0,0
TXN0005787,USR02260,MER0109,3213.51,NetBanking,iOS,0,0,2,2033.45,0,0.3924,523,19,0,0,0
TXN0005788,USR02137,MER0123,1977.91,NetBanking,Android,0,0,1,2350.95,0,0.3508,259,11,0,1,0
TXN0005789,USR01905,MER0100,3333.41,Card,Android,0,1,2,3957.43,1,0.2364,181,9,0,0,0
TXN0005790,USR03454,MER0197,9918.01,UPI,iOS,0,1,11,3585.82,0,0.4563,912,8,1,0,1
TXN0005791,USR02566,MER0262,758.48,UPI,Android,0,1,1,1573.43,0,0.4377,1276,21,0,0,0
TXN0005792,USR00310,MER0060,245.91,UPI,Web,0,0,1,996.23,0,0.277,352,15,0,0,0
TXN0005793,USR01372,MER0284,4396.48,UPI,Web,0,0,2,3098.19,0,0.2422,675,13,0,0,0
TXN0005794,USR03411,MER0120,997.33,Card,Android,0,5,2,1649.48,1,0.2047,387,15,0,0,0
TXN0005795,USR01413,MER0282,1437.18,UPI,Android,1,0,5,3281.74,0,0.0557,470,12,1,0,0
TXN0005796,USR00715,MER0152,1783.76,NetBanking,Android,0,0,2,991.39,0,0.125,688,10,0,0,0
TXN0005797,USR03040,MER0478,4017.36,Card,Android,1,0,2,4687.31,0,0.3818,643,1,0,0,0
TXN0005798,USR02181,MER0160,1026.5,NetBanking,Web,0,0,3,2680.29,0,0.003,796,23,0,0,0
TXN0005799,USR01969,MER0436,18371.35,Wallet,Android,0,0,3,4795.28,0,0.1418,928,17,0,0,0
TXN0005800,USR01471,MER0088,1179.45,UPI,Android,0,0,2,3954.07,0,0.1312,305,9,0,0,0
TXN0005801,USR00436,MER0043,588.13,Card,Android,0,0,2,658.1,0,0.3605,586,5,1,0,0
TXN0005802,USR01344,MER0095,469.61,Wallet,Android,0,1,1,1924.04,0,0.0232,178,12,1,1,0
TXN0005803,USR01532,MER0210,4591.0,UPI,iOS,0,0,2,3971.82,0,0.435,2187,18,0,0,0
TXN0005804,USR03260,MER0451,10969.64,UPI,iOS,0,0,2,2746.83,0,0.0116,398,12,1,0,0
TXN0005805,USR01076,MER0089,5008.26,UPI,iOS,0,0,2,2918.91,0,0.723,563,14,0,0,0
TXN0005806,USR00523,MER0392,5015.16,UPI,Android,0,0,4,5338.71,0,0.2622,518,7,0,1,0
TXN0005807,USR01497,MER0349,10898.88,Card,Android,0,0,2,4332.84,0,0.2069,87,21,1,0,0
TXN0005808,USR03490,MER0173,652.69,UPI,iOS,0,0,2,934.96,0,0.2629,888,19,0,0,0
TXN0005809,USR01688,MER0169,430.37,UPI,iOS,0,1,1,1436.42,0,0.2887,939,18,0,1,0
TXN0005810,USR01327,MER0474,1492.18,Card,Android,0,0,2,1322.11,0,0.1074,489,17,0,0,0
TXN0005811,USR02335,MER0358,1759.29,Wallet,Web,0,0,1,2218.33,0,0.2494,491,19,1,0,0
TXN0005812,USR02271,MER0120,420.92,UPI,iOS,0,2,1,1639.78,0,0.1843,1378,22,0,0,0
TXN0005813,USR01048,MER0456,1317.74,Wallet,Android,0,0,1,2961.79,1,0.1093,497,10,1,0,0
TXN0005814,USR03388,MER0204,1219.38,NetBanking,Web,0,1,2,2179.46,0,0.8766,720,7,0,0,0
TXN0005815,USR02076,MER0040,9176.05,UPI,iOS,0,1,1,3147.85,0,0.109,518,14,1,0,0
TXN0005816,USR00202,MER0407,3616.75,Card,Web,1,1,1,2284.65,0,0.2313,426,8,1,0,0
TXN0005817,USR01427,MER0435,3281.29,UPI,iOS,0,1,1,4430.92,0,0.3979,391,8,1,0,0
TXN0005818,USR03231,MER0222,1992.21,Card,iOS,0,0,2,1492.15,0,0.0,1235,15,1,0,0
TXN0005819,USR01377,MER0352,684.09,Wallet,Android,1,0,2,3122.85,0,0.249,602,13,1,0,0
TXN0005820,USR01988,MER0118,864.55,UPI,Android,0,0,2,1365.05,0,0.0451,567,14,0,0,0
TXN0005821,USR02145,MER0426,4985.53,Wallet,iOS,0,0,2,3926.79,0,0.9501,296,19,0,0,0
TXN0005822,USR02466,MER0185,1520.65,UPI,Web,0,1,1,1419.16,0,0.1608,561,18,0,0,0
TXN0005823,USR03054,MER0134,988.23,Wallet,Web,0,0,1,1531.88,0,0.3413,1496,15,1,0,0
TXN0005824,USR00523,MER0251,4940.18,Card,Android,0,0,1,5338.71,0,0.171,380,17,1,0,0
TXN0005825,USR01809,MER0134,8101.68,UPI,iOS,0,1,2,6676.76,0,0.3625,736,8,0,0,0
TXN0005826,USR01867,MER0311,797.14,NetBanking,Android,1,1,2,843.67,0,0.4792,435,18,0,0,0
TXN0005827,USR00534,MER0374,6639.46,Card,iOS,0,0,1,3755.08,0,0.4959,163,6,0,0,0
TXN0005828,USR02358,MER0203,1428.05,UPI,Android,0,0,2,1193.45,0,0.1599,896,0,0,0,0
TXN0005829,USR00414,MER0392,3463.19,Wallet,iOS,0,0,5,2519.6,0,0.2837,1059,13,1,0,1
TXN0005830,USR01597,MER0216,2122.9,UPI,Android,0,2,1,649.87,1,0.0234,141,20,1,0,0
TXN0005831,USR01156,MER0486,1799.71,NetBanking,Web,0,1,2,1042.71,1,0.3272,369,17,1,0,0
TXN0005832,USR00543,MER0132,54574.52,UPI,iOS,0,0,2,2235.23,1,0.2702,495,23,0,0,0
TXN0005833,USR02879,MER0353,454.17,Card,Android,0,0,1,774.52,1,0.5873,477,1,0,0,0
TXN0005834,USR00855,MER0268,304.5,Card,iOS,0,0,1,1007.49,0,0.2219,2288,15,0,0,0
TXN0005835,USR00894,MER0472,1128.75,Card,iOS,1,0,1,1312.74,0,0.0153,563,9,0,0,0
TXN0005836,USR02991,MER0110,1439.41,Card,Android,0,0,1,1780.09,0,0.13,351,17,1,0,0
TXN0005837,USR03071,MER0099,16836.67,UPI,Android,0,0,1,6189.05,1,0.3082,531,12,1,0,0
TXN0005838,USR00121,MER0434,770.3,Card,Web,0,1,2,1826.97,0,0.1877,124,20,0,0,0
TXN0005839,USR00973,MER0451,1849.72,UPI,Android,0,1,1,2058.19,0,0.0212,888,23,1,0,0
TXN0005840,USR02482,MER0374,1688.71,Wallet,Android,0,1,2,1326.09,0,0.4917,976,9,0,0,0
TXN0005841,USR02724,MER0238,583.66,UPI,iOS,0,0,1,570.91,0,0.3753,369,14,1,0,0
TXN0005842,USR03498,MER0206,1582.4,Wallet,Android,0,0,3,1882.21,0,0.1056,1077,15,1,0,0
TXN0005843,USR01942,MER0334,2688.65,Card,Android,0,0,1,2183.37,0,0.4393,1487,16,0,0,0
TXN0005844,USR00027,MER0374,5502.95,Wallet,Android,0,0,2,2660.02,0,0.4445,407,2,0,0,0
TXN0005845,USR03058,MER0138,7412.38,UPI,Android,0,0,11,2579.03,1,0.168,291,23,0,0,0
TXN0005846,USR00564,MER0004,2223.59,Wallet,Android,0,3,3,2283.03,0,0.1028,1325,10,1,0,0
TXN0005847,USR00423,MER0037,1257.55,Card,Android,0,3,1,2378.75,0,0.1583,1011,12,0,0,0
TXN0005848,USR02360,MER0173,1608.15,NetBanking,Android,0,0,3,560.02,0,0.3026,717,20,0,0,0
TXN0005849,USR02114,MER0341,3164.55,UPI,Android,0,0,2,7227.61,0,0.1611,731,13,0,0,0
TXN0005850,USR00210,MER0221,5772.58,Wallet,iOS,0,0,2,1671.8,0,0.1698,122,15,0,0,0
TXN0005851,USR00593,MER0310,7046.01,Card,iOS,0,0,1,2814.22,0,0.1492,283,15,0,0,0
TXN0005852,USR02065,MER0235,19763.51,NetBanking,Android,0,0,1,1383.2,0,0.086,1010,17,0,0,0
TXN0005853,USR00894,MER0126,2045.4,UPI,Android,0,1,2,1312.74,0,0.1988,841,17,0,0,0
TXN0005854,USR02395,MER0375,312.88,UPI,Android,0,0,2,1505.4,0,0.486,562,11,1,0,0
TXN0005855,USR01442,MER0362,626.17,Wallet,Android,0,0,2,1391.03,0,0.0791,766,4,0,0,0
TXN0005856,USR02059,MER0482,3949.93,UPI,Android,0,0,2,3329.22,0,0.8435,333,10,0,0,0
TXN0005857,USR01663,MER0413,309.34,Card,iOS,0,0,4,528.96,0,0.152,537,10,1,0,0
TXN0005858,USR01279,MER0190,1457.84,UPI,Web,0,0,2,1923.13,0,0.0994,219,18,0,0,0
TXN0005859,USR01199,MER0353,6947.06,NetBanking,Android,0,0,1,4697.81,0,0.6065,318,21,1,0,0
TXN0005860,USR02441,MER0176,1877.47,Card,Android,0,0,1,2230.68,1,0.162,71,0,0,0,1
TXN0005861,USR01801,MER0437,2396.01,UPI,Web,0,0,1,6058.73,0,0.2581,1181,11,1,0,0
TXN0005862,USR02081,MER0306,1262.84,Wallet,Android,1,0,2,701.66,0,0.2056,406,5,0,1,0
TXN0005863,USR02021,MER0418,9395.97,UPI,Web,0,0,2,6817.9,0,0.4467,392,13,0,0,0
TXN0005864,USR00727,MER0141,760.45,UPI,iOS,0,1,2,956.41,0,0.5919,775,15,0,0,0
TXN0005865,USR03197,MER0008,2345.53,Wallet,Web,0,0,1,1477.57,0,0.1694,1381,17,0,0,0
TXN0005866,USR01971,MER0071,1376.52,UPI,iOS,0,1,2,1351.38,0,0.0996,671,22,1,0,0
TXN0005867,USR02514,MER0266,9105.04,UPI,Android,1,1,2,3670.21,0,0.1655,1151,20,0,0,0
TXN0005868,USR03087,MER0481,2239.33,Card,iOS,0,1,3,2111.3,0,0.4279,321,20,0,0,0
TXN0005869,USR03237,MER0314,4910.64,UPI,Android,0,0,1,1990.08,0,0.1192,1062,17,0,0,0
TXN0005870,USR02334,MER0405,276.68,NetBanking,iOS,0,0,2,1120.92,0,0.2876,499,21,0,0,0
TXN0005871,USR02755,MER0235,3646.15,Wallet,Android,1,1,1,2753.94,0,0.0661,776,5,1,0,0
TXN0005872,USR01652,MER0480,908.96,Wallet,iOS,0,0,1,1272.53,0,0.311,967,11,0,0,0
TXN0005873,USR02583,MER0471,21715.98,Wallet,Android,0,0,2,7762.17,0,0.1629,364,22,0,0,0
TXN0005874,USR01126,MER0109,9188.69,Wallet,Android,0,0,1,4194.83,0,0.4319,436,9,0,1,0
TXN0005875,USR02492,MER0432,4467.66,UPI,Android,0,1,2,2476.19,0,0.033,271,17,0,0,0
TXN0005876,USR00301,MER0009,237.95,Card,Android,0,1,2,1060.76,0,0.1811,254,18,1,1,0
TXN0005877,USR03200,MER0297,1493.11,NetBanking,Android,0,0,1,937.73,0,0.326,314,18,1,0,0
TXN0005878,USR00857,MER0219,4189.75,Card,Android,0,1,1,2871.56,1,0.2446,338,6,1,0,1
TXN0005879,USR02298,MER0151,2134.75,NetBanking,Web,0,2,1,3777.12,0,0.1822,478,5,0,0,0
TXN0005880,USR00040,MER0467,1021.35,Wallet,iOS,0,0,2,1959.22,0,0.8283,968,12,1,0,0
TXN0005881,USR00546,MER0332,381.33,UPI,Android,0,0,3,1260.03,0,0.0118,133,8,0,0,0
TXN0005882,USR03454,MER0070,2675.04,Card,iOS,0,1,1,3585.82,0,0.0212,496,13,0,0,0
TXN0005883,USR02917,MER0070,2237.85,UPI,Android,0,0,1,2673.28,0,0.039,1030,10,0,0,0
TXN0005884,USR00779,MER0059,2943.86,Wallet,iOS,0,0,2,1743.48,0,0.3535,323,22,0,0,0
TXN0005885,USR00458,MER0153,1782.47,NetBanking,Android,0,0,2,1543.49,1,0.2207,1053,20,0,0,0
TXN0005886,USR02853,MER0035,1260.86,Card,Android,0,0,1,2843.2,1,0.3333,1031,22,0,0,0
TXN0005887,USR03466,MER0133,573.5,UPI,iOS,0,0,1,507.64,0,0.2925,306,12,0,0,0
TXN0005888,USR00591,MER0383,1908.28,UPI,Web,0,1,1,2408.77,0,0.0339,204,16,0,0,0
TXN0005889,USR02324,MER0437,1462.69,UPI,Android,0,0,2,3014.25,0,0.3007,1128,13,0,0,0
TXN0005890,USR00993,MER0393,420.11,Card,Android,1,0,2,1387.08,0,0.2399,962,12,0,0,0
TXN0005891,USR02606,MER0249,5588.36,NetBanking,iOS,0,1,1,3746.52,0,0.1895,477,9,0,1,0
TXN0005892,USR01464,MER0348,1819.74,UPI,Android,1,1,3,1387.2,0,0.2009,882,20,1,0,0
TXN0005893,USR00439,MER0472,1941.72,Card,Android,0,3,2,1367.11,0,0.0095,355,19,0,0,0
TXN0005894,USR01136,MER0027,1610.4,Wallet,Android,0,1,3,2859.98,0,0.0475,168,21,0,0,0
TXN0005895,USR01886,MER0453,2229.8,Wallet,Android,0,0,2,2072.46,0,0.3477,462,5,0,0,0
TXN0005896,USR02795,MER0362,522.7,UPI,iOS,0,1,1,1479.22,0,0.0855,936,8,0,0,0
TXN0005897,USR00074,MER0194,838.66,UPI,Web,0,0,2,1793.89,0,0.5251,489,20,0,0,0
TXN0005898,USR03352,MER0225,1925.95,UPI,iOS,1,0,2,1976.11,0,0.4056,1443,21,0,0,0
TXN0005899,USR02274,MER0220,1966.67,UPI,Web,0,1,1,1711.63,0,0.3769,773,20,0,0,0
TXN0005900,USR03064,MER0079,418.7,UPI,Android,0,0,3,1422.13,0,0.248,255,11,0,0,0
TXN0005901,USR03256,MER0116,404.2,Card,Android,0,1,1,909.92,0,0.1639,893,18,0,0,0
TXN0005902,USR00538,MER0148,1126.0,Card,Android,0,1,2,1539.96,0,0.2279,1502,20,0,0,0
TXN0005903,USR00329,MER0003,5757.72,UPI,Android,0,0,1,3035.6,0,0.5681,372,11,0,1,0
TXN0005904,USR02719,MER0251,1248.38,Card,iOS,0,1,1,2356.75,0,0.1807,501,19,1,0,0
TXN0005905,USR00658,MER0239,4287.42,Card,Web,0,0,1,4073.37,0,0.1878,363,18,1,0,0
TXN0005906,USR00518,MER0165,4226.37,UPI,Android,0,1,10,3723.49,0,0.1006,288,8,1,0,0
TXN0005907,USR01640,MER0089,1972.67,UPI,Web,0,2,1,2482.26,0,0.7033,488,18,0,0,1
TXN0005908,USR03197,MER0485,11205.87,UPI,Android,0,0,1,1477.57,0,0.1592,172,11,0,0,0
TXN0005909,USR02785,MER0340,274.03,Card,Android,0,0,1,758.68,0,0.4512,968,21,0,0,0
TXN0005910,USR01813,MER0238,2453.52,Card,Android,0,1,4,4135.83,0,0.423,420,10,0,0,0
TXN0005911,USR00688,MER0362,5791.79,UPI,Android,0,0,3,2167.78,0,0.0604,318,15,0,0,0
TXN0005912,USR01178,MER0187,8088.87,UPI,iOS,0,0,2,2877.89,0,0.1271,1583,23,0,0,0
TXN0005913,USR02410,MER0108,5623.3,UPI,iOS,0,0,1,3222.05,0,0.9428,238,23,0,0,0
TXN0005914,USR00550,MER0337,8934.79,UPI,iOS,0,1,1,4253.19,0,0.351,949,20,0,0,0
TXN0005915,USR01836,MER0386,2111.49,Card,iOS,0,0,2,8265.17,0,0.1705,738,12,0,1,0
TXN0005916,USR00042,MER0326,1985.78,Card,iOS,0,1,1,4133.29,0,0.3175,274,18,1,1,0
TXN0005917,USR01138,MER0284,2673.48,Card,Android,0,0,3,3516.18,0,0.2724,711,16,0,0,0
TXN0005918,USR00868,MER0002,7986.76,Card,Web,0,0,1,1474.8,0,0.2865,483,9,0,0,1
TXN0005919,USR02384,MER0319,978.61,UPI,Android,0,1,3,1288.92,0,0.04,1150,7,0,1,0
TXN0005920,USR03200,MER0310,1525.06,UPI,iOS,0,0,2,937.73,0,0.1776,883,9,1,1,1
TXN0005921,USR00513,MER0207,5238.23,Card,iOS,0,1,1,4193.58,0,0.1431,1246,11,1,0,0
TXN0005922,USR02791,MER0122,2028.43,Card,Android,1,1,1,1650.13,0,0.2984,880,16,0,0,0
TXN0005923,USR02296,MER0490,2400.22,Wallet,Android,0,0,2,2566.4,0,0.2821,964,7,0,1,0
TXN0005924,USR03395,MER0188,323.3,Card,Android,0,1,3,806.42,0,0.1178,1135,21,1,0,0
TXN0005925,USR03191,MER0137,555.88,Card,Android,0,0,1,4086.29,0,0.1835,432,21,0,0,0
TXN0005926,USR00353,MER0354,1297.78,Wallet,iOS,0,0,4,542.12,0,0.2107,1418,4,0,0,0
TXN0005927,USR02602,MER0241,1053.33,Wallet,Web,1,0,1,1726.04,0,0.1475,473,8,1,0,0
TXN0005928,USR02073,MER0279,667.82,NetBanking,Android,0,0,1,2692.79,0,0.3118,715,13,1,0,0
TXN0005929,USR00396,MER0325,3449.83,UPI,Web,0,1,1,2645.85,1,0.1272,551,20,1,0,0
TXN0005930,USR00901,MER0185,2247.22,UPI,Android,0,0,2,1747.46,0,0.1906,986,16,0,0,0
TXN0005931,USR03245,MER0077,2089.55,Card,iOS,0,0,2,1263.73,0,0.4453,843,19,0,0,0
TXN0005932,USR01901,MER0084,10225.2,UPI,Web,0,0,1,4814.06,0,0.1504,1198,21,0,0,0
TXN0005933,USR01185,MER0470,341.57,UPI,iOS,0,0,3,695.92,0,0.1587,858,12,1,0,0
TXN0005934,USR01122,MER0253,519.09,Card,Android,0,0,2,1024.61,0,0.5387,1760,19,0,0,0
TXN0005935,USR02933,MER0209,979.02,Card,iOS,0,0,1,1294.68,0,0.3089,457,17,0,0,0
TXN0005936,USR00993,MER0160,2384.01,Card,iOS,0,1,3,1387.08,0,0.0385,391,19,1,0,0
TXN0005937,USR00557,MER0361,528.38,UPI,Web,0,0,3,2524.27,0,0.2111,352,21,1,0,0
TXN0005938,USR02009,MER0457,2537.14,Card,Android,1,0,1,2432.03,0,0.2407,373,7,0,0,0
TXN0005939,USR03474,MER0385,4133.85,Card,Web,0,1,1,2221.28,0,0.176,1127,21,0,0,0
TXN0005940,USR00642,MER0268,4479.24,UPI,Android,0,0,2,2479.45,0,0.2629,1049,16,0,0,0
TXN0005941,USR00894,MER0238,2079.81,UPI,iOS,0,0,1,1312.74,0,0.351,577,10,0,0,0
TXN0005942,USR01642,MER0433,19069.93,Card,iOS,0,0,1,9325.5,1,0.2997,1737,18,0,0,1
TXN0005943,USR00700,MER0429,282.35,NetBanking,Android,0,0,1,2145.48,0,0.3401,593,19,1,0,0
TXN0005944,USR02278,MER0196,7817.77,UPI,Android,0,0,1,2572.05,0,0.2346,730,14,0,0,0
TXN0005945,USR00888,MER0483,3176.36,UPI,iOS,0,7,3,2632.27,0,0.1537,662,18,0,0,1
TXN0005946,USR00449,MER0414,6374.84,UPI,iOS,0,0,2,2563.59,0,0.2483,1191,20,0,0,0
TXN0005947,USR00915,MER0424,3559.78,UPI,Android,0,0,2,8718.4,0,0.4873,364,12,0,0,0
TXN0005948,USR03258,MER0029,716.09,Card,iOS,0,3,4,2661.28,0,0.3442,346,17,1,0,0
TXN0005949,USR03273,MER0066,7198.37,UPI,Web,0,0,1,2091.04,0,0.0894,232,14,0,0,0
TXN0005950,USR01771,MER0150,970.12,UPI,Android,0,1,2,1987.27,0,0.3809,641,21,0,0,0
TXN0005951,USR01402,MER0381,2351.15,NetBanking,Android,0,0,2,3091.68,0,0.3687,147,8,1,0,0
TXN0005952,USR02869,MER0040,2122.04,UPI,Web,0,0,4,1525.94,0,0.0992,1659,18,0,0,0
TXN0005953,USR00680,MER0042,2824.91,Card,Android,0,0,1,1702.33,0,0.2918,265,11,1,0,0
TXN0005954,USR02289,MER0016,7479.4,NetBanking,Web,0,0,1,3617.17,0,0.4753,401,13,1,0,0
TXN0005955,USR02381,MER0096,8074.07,Card,Android,0,1,2,836.64,0,0.0726,627,13,0,0,0
TXN0005956,USR02486,MER0460,376.0,UPI,Android,0,0,2,844.46,0,0.0572,284,10,1,0,0
TXN0005957,USR00763,MER0361,1721.95,UPI,iOS,0,0,2,1088.37,0,0.2321,1319,9,0,0,0
TXN0005958,USR02507,MER0359,17156.11,Wallet,iOS,1,0,3,10720.03,0,0.089,919,7,0,0,0
TXN0005959,USR02142,MER0147,697.85,Wallet,Android,1,1,2,2710.34,0,0.1204,1033,5,0,0,0
TXN0005960,USR03063,MER0313,3181.83,UPI,Android,0,0,2,1204.42,0,0.3062,530,21,0,0,0
TXN0005961,USR00611,MER0390,627.25,Card,iOS,0,1,1,3952.26,0,0.2533,245,6,1,0,0
TXN0005962,USR02148,MER0267,7511.06,UPI,iOS,0,0,1,3749.41,0,0.3101,901,18,0,0,0
TXN0005963,USR02904,MER0429,745.94,UPI,Android,0,1,2,1237.95,0,0.3383,504,22,0,0,0
TXN0005964,USR00974,MER0285,1812.74,NetBanking,Android,0,3,1,1146.68,0,0.1633,953,19,0,0,0
TXN0005965,USR02604,MER0163,5306.19,UPI,iOS,1,1,1,3863.35,0,0.2866,1212,11,0,0,0
TXN0005966,USR00349,MER0320,8761.38,UPI,iOS,0,0,2,1533.53,0,0.3176,739,12,0,0,0
TXN0005967,USR02514,MER0472,4830.89,Card,iOS,0,0,2,3670.21,0,0.0713,301,19,1,0,0
TXN0005968,USR02122,MER0414,5342.66,Wallet,Web,0,0,1,5977.28,0,0.2678,466,0,0,0,0
TXN0005969,USR00674,MER0250,2118.72,Wallet,iOS,0,1,1,1332.11,0,0.1353,75,17,0,0,0
TXN0005970,USR00233,MER0299,14276.42,Card,iOS,0,0,1,3111.84,1,0.4039,820,13,0,0,0
TXN0005971,USR02610,MER0488,820.55,Wallet,Android,0,1,1,2265.75,1,0.1481,1373,17,0,0,0
TXN0005972,USR00845,MER0375,220.21,Wallet,Android,1,0,2,2298.54,0,0.5138,665,0,0,0,0
TXN0005973,USR01742,MER0252,4036.29,NetBanking,Web,1,0,3,5723.68,0,0.1455,479,4,0,1,0
TXN0005974,USR00213,MER0141,945.44,Card,Android,0,1,1,1408.32,0,0.6151,959,20,0,0,0
TXN0005975,USR03373,MER0453,1543.2,Card,Android,0,0,1,2129.12,0,0.3487,319,21,0,0,0
TXN0005976,USR01922,MER0489,689.7,NetBanking,Android,0,0,11,1412.74,0,0.3923,1345,9,1,1,0
TXN0005977,USR03261,MER0036,1459.18,UPI,iOS,1,7,1,818.51,0,0.1586,571,16,1,0,1
TXN0005978,USR00562,MER0016,670.39,Card,iOS,0,1,2,1905.34,0,0.519,587,22,1,0,0
TXN0005979,USR00721,MER0058,7791.45,Wallet,Android,0,0,1,5920.79,0,0.0977,1179,10,0,0,0
TXN0005980,USR02137,MER0194,3541.37,NetBanking,iOS,1,1,2,2350.95,0,0.6144,199,11,0,0,0
TXN0005981,USR02116,MER0080,66683.55,UPI,iOS,0,0,3,8672.47,0,0.0245,1547,22,0,0,0
TXN0005982,USR02769,MER0442,4237.19,Card,Web,0,1,2,3136.65,0,0.2876,1045,15,1,0,0
TXN0005983,USR03249,MER0458,2484.86,Wallet,Web,0,0,4,1318.83,0,0.5733,751,15,0,0,1
TXN0005984,USR02877,MER0091,1301.5,Card,iOS,0,0,1,1316.47,0,0.3409,147,17,1,0,0
TXN0005985,USR00491,MER0415,889.4,UPI,Android,0,0,1,1199.93,0,0.1548,472,9,0,0,0
TXN0005986,USR01084,MER0071,1915.83,UPI,Web,0,0,2,1419.01,0,0.0989,214,6,0,0,0
TXN0005987,USR03199,MER0394,3879.71,UPI,iOS,0,1,2,2647.18,0,0.9505,227,18,1,0,0
TXN0005988,USR01922,MER0183,2550.03,UPI,Web,1,0,3,1412.74,0,0.1986,865,13,1,0,0
TXN0005989,USR03035,MER0021,435.97,UPI,iOS,0,1,2,1572.61,0,0.4031,323,17,0,0,0
TXN0005990,USR01971,MER0215,1126.35,Wallet,Web,0,0,2,1351.38,0,0.2997,1246,21,0,0,0
TXN0005991,USR00175,MER0412,2084.0,UPI,iOS,0,1,1,4717.85,0,0.1445,1234,7,1,0,0
TXN0005992,USR01656,MER0467,6986.24,UPI,Android,0,1,2,4903.98,0,0.8248,950,20,1,0,0
TXN0005993,USR02887,MER0061,2295.8,Card,Android,0,1,1,1430.25,0,0.3965,543,2,0,0,0
TXN0005994,USR02293,MER0419,1738.85,UPI,Android,0,0,1,2227.32,0,0.2825,557,8,1,0,0
TXN0005995,USR00465,MER0147,1028.62,NetBanking,Android,0,0,2,1828.12,0,0.1504,1112,5,0,0,0
TXN0005996,USR00736,MER0233,1753.65,UPI,Android,0,0,4,1199.48,0,0.1431,1007,7,1,0,0
TXN0005997,USR02991,MER0055,1538.38,Wallet,iOS,0,0,1,1780.09,0,0.9288,804,15,0,0,0
TXN0005998,USR03428,MER0487,5461.87,UPI,iOS,0,0,1,2055.94,0,0.2999,1143,7,0,0,0
TXN0005999,USR02636,MER0396,3744.11,NetBanking,Web,0,0,1,1098.18,0,0.2994,1329,19,0,0,0
TXN0006000,USR00344,MER0322,9314.92,Card,Web,0,0,2,4764.08,0,0.3598,563,21,1,0,0
TXN0006001,USR02168,MER0364,3115.14,NetBanking,Android,0,1,4,2769.76,0,0.2311,1705,0,1,0,0
TXN0006002,USR02903,MER0437,6419.74,Card,iOS,0,0,4,1812.96,0,0.2712,1232,16,0,0,0
TXN0006003,USR02241,MER0072,2217.13,Card,Web,0,0,1,1959.9,0,0.2977,483,19,0,0,0
TXN0006004,USR02080,MER0124,11121.26,UPI,iOS,0,1,2,16508.54,0,0.0433,1156,6,0,0,0
TXN0006005,USR01636,MER0019,505.0,UPI,Android,0,0,2,863.33,0,0.0681,1012,15,1,0,0
TXN0006006,USR00857,MER0245,11803.39,UPI,Web,0,0,3,2871.56,0,0.0642,1005,22,1,0,0
TXN0006007,USR00983,MER0248,3294.45,Wallet,Android,1,0,3,3479.28,0,0.1154,366,7,0,1,0
TXN0006008,USR02610,MER0015,3008.16,Card,iOS,0,0,1,2265.75,0,0.0886,451,21,0,0,0
TXN0006009,USR00245,MER0331,601.71,Card,Android,1,0,2,1752.31,0,0.0769,300,18,0,0,0
TXN0006010,USR00296,MER0005,723.48,UPI,Web,1,1,2,1050.79,0,0.1659,613,19,1,0,0
TXN0006011,USR01389,MER0397,1350.53,UPI,Web,0,0,1,1218.04,0,0.0461,155,4,0,0,0
TXN0006012,USR02711,MER0353,4014.66,Card,Web,0,0,2,2655.26,0,0.5877,89,15,1,0,0
TXN0006013,USR02300,MER0408,1511.25,UPI,Android,0,2,1,1618.66,0,0.403,1135,1,0,0,0
TXN0006014,USR02065,MER0060,1569.01,UPI,Android,0,0,2,1383.2,0,0.239,686,17,0,0,0
TXN0006015,USR01870,MER0436,517.14,NetBanking,Web,0,1,1,1326.17,0,0.1387,750,14,1,0,0
TXN0006016,USR00388,MER0274,501.82,UPI,Web,0,0,1,1017.13,0,0.0417,362,9,0,0,0
TXN0006017,USR01162,MER0432,1644.83,Card,Web,0,2,1,1806.62,0,0.0969,402,14,0,0,0
TXN0006018,USR00279,MER0349,5209.14,UPI,iOS,0,0,10,3791.71,0,0.2359,360,11,0,0,0
TXN0006019,USR02654,MER0329,3053.69,Card,Android,0,1,1,2717.77,0,0.0775,1133,18,1,0,0
TXN0006020,USR02628,MER0017,552.46,Card,Android,0,0,3,1070.14,0,0.2505,1186,9,0,0,0
TXN0006021,USR00904,MER0346,6177.67,Card,Android,0,0,3,7700.35,0,0.1127,588,12,1,0,0
TXN0006022,USR01026,MER0225,5009.86,Wallet,Android,0,2,4,1773.37,0,0.3515,270,21,0,0,0
TXN0006023,USR01112,MER0425,918.08,UPI,Android,0,0,2,652.24,0,0.3316,1938,6,0,0,0
TXN0006024,USR03113,MER0343,1694.35,UPI,Android,0,1,2,2002.35,0,0.3251,935,15,0,0,0
TXN0006025,USR01710,MER0038,3038.23,UPI,iOS,0,0,2,6685.08,0,0.0808,1323,20,0,0,0
TXN0006026,USR02668,MER0445,2639.53,Card,Web,1,1,2,4637.75,0,0.4551,608,16,0,0,0
TXN0006027,USR01571,MER0032,3603.55,UPI,Android,0,1,3,3770.37,0,0.5461,730,15,1,0,0
TXN0006028,USR02444,MER0150,3469.0,Card,Web,0,1,1,2989.73,0,0.3514,800,17,0,0,0
TXN0006029,USR01850,MER0109,3461.77,UPI,Android,0,1,6,2421.95,0,0.4155,478,12,0,0,0
TXN0006030,USR00976,MER0488,11340.4,Card,Web,0,1,1,1508.61,0,0.1427,431,8,0,0,0
TXN0006031,USR03068,MER0077,6750.45,UPI,Android,1,0,1,9264.4,0,0.4719,400,8,0,0,0
TXN0006032,USR02482,MER0423,873.05,NetBanking,Android,0,0,2,1326.09,0,0.4059,2031,12,1,0,0
TXN0006033,USR02693,MER0112,19938.44,NetBanking,iOS,0,0,1,4800.97,0,0.1638,86,18,0,0,0
TXN0006034,USR03319,MER0326,8931.08,UPI,Android,0,0,2,14015.92,0,0.3225,471,18,1,0,0
TXN0006035,USR00871,MER0046,1973.25,NetBanking,iOS,0,1,2,5257.78,0,0.2234,1874,7,1,0,0
TXN0006036,USR00321,MER0196,759.84,Wallet,iOS,0,0,2,2599.26,0,0.2782,362,12,0,0,0
TXN0006037,USR02038,MER0312,2160.36,UPI,Android,0,4,1,2928.74,0,0.2878,180,7,0,1,0
TXN0006038,USR01142,MER0356,2512.25,Card,iOS,0,1,2,1342.31,0,0.4405,597,19,1,0,0
TXN0006039,USR01526,MER0437,980.28,UPI,iOS,0,0,1,1560.12,0,0.2362,516,13,0,0,0
TXN0006040,USR00822,MER0409,7929.77,Wallet,Android,0,1,1,2877.19,0,0.2146,103,17,0,0,0
TXN0006041,USR01395,MER0260,763.05,Wallet,iOS,0,0,2,806.39,0,0.5347,1149,23,1,0,0
TXN0006042,USR01377,MER0152,6603.68,Card,Web,0,1,2,3122.85,0,0.1255,745,12,0,0,0
TXN0006043,USR01227,MER0131,170.56,Card,Android,0,0,2,309.4,0,0.1962,271,17,1,0,0
TXN0006044,USR02599,MER0497,2913.05,Card,Android,0,1,1,5225.73,0,0.0531,1544,16,0,0,0
TXN0006045,USR02075,MER0305,3591.79,Card,Android,0,1,1,3536.36,0,0.2549,1015,22,0,0,0
TXN0006046,USR01660,MER0455,1930.43,Card,iOS,0,0,2,1433.76,0,0.4596,420,20,0,0,0
TXN0006047,USR00395,MER0217,1343.88,Card,Web,0,0,1,1607.07,0,0.7991,1308,10,0,0,0
TXN0006048,USR01998,MER0243,3393.14,Wallet,Web,0,1,3,2889.78,0,0.0748,905,17,0,0,0
TXN0006049,USR00613,MER0413,3903.02,Card,iOS,0,2,8,2685.96,0,0.1201,1023,18,0,0,0
TXN0006050,USR01100,MER0362,526.01,UPI,Android,0,0,1,1537.76,0,0.0477,931,18,0,0,0
TXN0006051,USR01453,MER0101,1976.78,UPI,iOS,0,1,1,2656.33,0,0.5482,827,19,1,0,0
TXN0006052,USR00495,MER0263,1555.4,UPI,Android,0,6,1,2375.44,0,0.0678,1540,6,0,0,0
TXN0006053,USR01364,MER0107,1763.05,Card,Android,0,0,4,2600.06,0,0.1995,1075,17,0,0,0
TXN0006054,USR00935,MER0381,4087.69,UPI,Android,0,2,2,3206.01,0,0.3834,345,3,0,0,0
TXN0006055,USR02975,MER0015,4944.92,UPI,Android,0,0,2,7476.83,0,0.0891,235,18,0,1,0
TXN0006056,USR03009,MER0414,1224.92,Wallet,Web,0,0,2,5454.97,0,0.2907,1695,9,1,0,0
TXN0006057,USR00016,MER0465,33386.94,Wallet,iOS,0,1,2,5148.73,1,0.1909,849,14,0,0,0
TXN0006058,USR02109,MER0012,5565.19,Card,Android,0,0,1,4149.15,0,0.3973,478,17,1,1,0
TXN0006059,USR02242,MER0316,5045.41,Card,Android,0,0,2,3710.33,0,0.3375,270,13,0,1,0
TXN0006060,USR01323,MER0040,8638.32,UPI,iOS,1,1,1,5084.04,0,0.1273,1608,6,1,0,0
TXN0006061,USR01642,MER0181,1853.13,Card,Android,0,1,2,9325.5,0,0.0532,493,12,0,0,0
TXN0006062,USR02765,MER0169,665.86,UPI,Android,0,0,1,1222.34,0,0.27,1877,19,0,0,0
TXN0006063,USR01323,MER0260,6237.22,Card,Web,0,0,1,5084.04,0,0.5663,1170,8,0,0,0
TXN0006064,USR00226,MER0459,5045.08,Card,iOS,0,1,2,2292.07,0,0.1082,275,14,1,0,0
TXN0006065,USR01304,MER0231,2237.3,UPI,Web,0,0,3,1338.78,0,0.2381,702,17,1,0,0
TXN0006066,USR00889,MER0200,1856.45,Wallet,Web,0,1,1,916.82,0,0.1408,1053,7,1,0,0
TXN0006067,USR01340,MER0047,1614.33,UPI,iOS,1,0,2,1907.08,0,0.3107,493,20,0,0,0
TXN0006068,USR00806,MER0444,1004.33,UPI,Android,0,1,1,1843.26,0,0.1181,1567,20,1,0,0
TXN0006069,USR00525,MER0158,2150.49,NetBanking,Android,0,0,1,1261.26,0,0.155,414,23,0,1,0
TXN0006070,USR03449,MER0232,1212.84,UPI,Android,0,2,1,709.54,0,0.0339,396,20,0,0,0
TXN0006071,USR00452,MER0047,15764.8,UPI,Android,0,1,9,3919.46,0,0.333,635,9,0,0,1
TXN0006072,USR02472,MER0145,44927.3,Card,iOS,0,2,2,1773.14,1,0.1736,738,18,0,0,1
TXN0006073,USR02512,MER0277,1439.42,UPI,Android,0,1,1,1741.28,0,0.3841,1108,8,0,0,0
TXN0006074,USR02163,MER0451,1389.01,Card,Android,0,1,1,3206.94,0,0.0348,1127,18,0,0,0
TXN0006075,USR03191,MER0165,7104.48,UPI,Android,0,1,1,4086.29,0,0.1336,1240,11,1,0,0
TXN0006076,USR00018,MER0281,3101.16,NetBanking,iOS,0,2,1,3571.99,1,0.375,413,14,0,0,0
TXN0006077,USR01056,MER0438,2126.1,UPI,Android,0,2,1,1584.13,1,0.0529,365,17,0,0,0
TXN0006078,USR00646,MER0181,2868.82,UPI,Android,1,1,1,2425.21,0,0.0843,43,12,1,0,0
TXN0006079,USR02020,MER0148,4463.42,Card,iOS,0,0,4,4388.35,0,0.1885,146,16,0,0,0
TXN0006080,USR02225,MER0023,2109.51,UPI,Android,0,1,1,1057.52,0,0.3356,1194,21,0,0,0
TXN0006081,USR03143,MER0454,4198.52,UPI,Android,1,2,1,2049.2,0,0.3559,979,10,0,0,0
TXN0006082,USR01330,MER0056,1335.96,UPI,Android,1,1,2,2046.2,0,0.2346,327,5,0,0,0
TXN0006083,USR00826,MER0108,3204.94,UPI,iOS,0,0,3,6549.13,1,0.9358,1224,21,0,0,0
TXN0006084,USR03235,MER0070,242.88,Wallet,Android,0,3,2,1543.72,0,0.017,285,4,0,0,0
TXN0006085,USR02356,MER0354,880.94,Wallet,Android,0,0,2,1188.24,0,0.1602,815,1,0,0,0
TXN0006086,USR02677,MER0183,476.44,UPI,Android,0,1,2,1100.52,0,0.2253,543,14,0,0,0
TXN0006087,USR01558,MER0353,2013.93,Card,Web,0,2,1,1565.59,0,0.6178,347,18,1,0,0
TXN0006088,USR01566,MER0304,1550.48,Card,Android,0,2,2,2075.88,0,0.8474,290,15,0,0,0
TXN0006089,USR01362,MER0008,7776.93,UPI,iOS,0,1,2,9630.26,0,0.1584,1005,9,1,0,0
TXN0006090,USR02624,MER0154,3428.26,Card,Android,0,0,3,2008.6,0,0.212,809,8,1,0,0
TXN0006091,USR00738,MER0003,1333.68,NetBanking,iOS,0,0,2,1053.29,0,0.5558,1839,21,0,0,0
TXN0006092,USR03414,MER0033,3937.65,UPI,Android,0,0,2,4502.36,0,0.2388,1050,11,0,0,0
TXN0006093,USR00616,MER0237,11574.65,UPI,Android,0,0,1,3613.19,0,0.0614,871,7,1,0,0
TXN0006094,USR01614,MER0133,6528.68,UPI,Android,0,0,1,4033.91,0,0.3035,2761,16,0,0,0
TXN0006095,USR01102,MER0045,562.24,Card,iOS,0,0,2,797.39,0,0.1058,153,6,0,0,0
TXN0006096,USR02249,MER0205,1105.97,Wallet,Android,1,0,1,1518.96,0,0.7272,966,15,0,0,0
TXN0006097,USR02383,MER0226,4758.34,UPI,Android,0,1,12,2835.63,0,0.1624,815,18,0,1,0
TXN0006098,USR03216,MER0497,1487.8,UPI,Android,1,0,2,1351.54,0,0.0857,1088,18,0,0,0
TXN0006099,USR02763,MER0331,634.99,UPI,Web,0,0,1,1496.45,1,0.0784,180,19,0,0,0
TXN0006100,USR00871,MER0197,9524.83,Wallet,Web,0,0,3,5257.78,0,0.4835,1471,5,1,0,0
TXN0006101,USR00724,MER0237,15943.09,Card,Web,0,0,1,6778.92,1,0.0537,413,13,0,0,0
TXN0006102,USR03103,MER0045,2081.04,UPI,Android,0,0,2,934.51,0,0.051,248,18,1,0,0
TXN0006103,USR01708,MER0194,4813.69,UPI,Android,0,0,2,1666.43,0,0.5592,522,10,1,0,0
TXN0006104,USR00342,MER0291,13292.54,UPI,iOS,0,1,2,3149.93,0,0.0,271,10,0,0,0
TXN0006105,USR02888,MER0011,8530.33,NetBanking,Android,0,1,1,2580.69,0,0.1928,106,8,0,1,0
TXN0006106,USR02270,MER0460,1363.88,Card,Android,1,0,1,1121.94,0,0.0702,1144,0,1,0,0
TXN0006107,USR00090,MER0258,2775.36,UPI,Android,0,0,1,3390.06,0,0.2186,185,18,0,0,0
TXN0006108,USR02740,MER0394,230.62,NetBanking,Web,0,0,1,905.12,0,0.9451,767,10,0,0,0
TXN0006109,USR02126,MER0138,1092.04,NetBanking,iOS,0,0,2,1139.09,0,0.1731,377,19,1,0,0
TXN0006110,USR02152,MER0419,2272.67,UPI,Android,0,0,2,1644.07,0,0.3288,1223,9,0,0,1
TXN0006111,USR03028,MER0184,9504.18,UPI,iOS,0,0,1,9683.02,0,0.361,469,20,1,0,0
TXN0006112,USR01735,MER0465,495.16,NetBanking,iOS,0,0,3,2027.19,0,0.1653,1058,21,0,0,0
TXN0006113,USR01615,MER0262,4773.66,UPI,Android,0,1,4,6168.65,0,0.4776,327,21,1,1,0
TXN0006114,USR02161,MER0319,8363.52,UPI,Android,0,0,1,5524.76,0,0.0516,478,19,0,0,0
TXN0006115,USR00693,MER0102,632.71,UPI,iOS,0,0,2,1392.25,0,0.1538,3155,6,0,0,0
TXN0006116,USR00531,MER0498,1433.43,Wallet,Android,1,1,3,1337.46,0,0.898,413,10,0,0,0
TXN0006117,USR02954,MER0097,1572.98,UPI,Android,0,0,3,1211.91,0,0.1502,967,15,0,0,0
TXN0006118,USR00755,MER0017,7744.54,UPI,Android,0,0,2,3640.25,0,0.225,344,17,0,0,0
TXN0006119,USR01766,MER0220,16655.45,Card,Android,0,1,1,5102.15,0,0.3511,218,14,0,1,1
TXN0006120,USR00945,MER0418,4349.72,Wallet,iOS,0,0,1,6002.33,0,0.4562,82,15,1,0,0
TXN0006121,USR00807,MER0461,2215.49,UPI,Android,0,1,2,2040.45,0,0.1783,191,6,0,0,0
TXN0006122,USR02093,MER0429,2024.81,UPI,iOS,0,0,2,1823.26,0,0.3729,1209,14,1,0,0
TXN0006123,USR02809,MER0277,4487.99,Card,Android,0,0,1,2956.05,1,0.4034,275,9,0,0,0
TXN0006124,USR01547,MER0459,1463.48,UPI,Android,0,1,2,1044.87,0,0.1077,484,12,0,0,0
TXN0006125,USR00486,MER0247,4864.13,Card,Android,0,1,2,1832.87,0,0.1686,576,9,0,0,0
TXN0006126,USR00856,MER0240,331.31,UPI,Android,0,0,1,1866.07,0,0.4891,933,13,0,0,0
TXN0006127,USR00577,MER0091,926.67,Wallet,Android,0,0,1,720.99,0,0.3519,292,8,0,0,0
TXN0006128,USR03090,MER0394,21503.75,UPI,Android,0,0,2,2484.93,0,0.9534,857,21,0,0,0
TXN0006129,USR01119,MER0159,1770.29,UPI,Android,0,0,1,2204.52,0,0.0638,746,6,1,0,0
TXN0006130,USR01309,MER0098,864.41,UPI,Android,0,0,2,4638.47,0,0.7994,200,21,0,0,0
TXN0006131,USR00249,MER0185,3024.09,UPI,iOS,0,0,2,3321.87,0,0.1873,340,19,0,1,0
TXN0006132,USR01562,MER0302,881.06,Card,iOS,0,0,1,1544.92,0,0.5033,507,9,0,0,0
TXN0006133,USR03199,MER0136,8428.55,Card,Android,0,0,1,2647.18,0,0.0957,776,19,0,0,0
TXN0006134,USR01434,MER0180,14292.45,Wallet,Android,0,1,1,1364.51,0,0.3104,564,16,0,0,0
TXN0006135,USR02280,MER0166,1096.96,Card,Web,0,1,1,2044.78,0,0.3701,44,17,0,0,0
TXN0006136,USR00637,MER0299,538.39,UPI,Android,0,0,1,2481.17,0,0.374,1656,11,1,0,0
TXN0006137,USR00501,MER0358,1605.67,Wallet,Android,0,0,4,1103.29,1,0.2921,1657,3,0,0,0
TXN0006138,USR02561,MER0338,2060.64,UPI,Android,0,1,1,1312.31,0,0.1449,1410,8,0,0,0
TXN0006139,USR00231,MER0071,2625.02,Card,Android,0,0,3,3223.43,0,0.1463,1069,10,1,0,0
TXN0006140,USR01570,MER0174,4109.61,Card,iOS,0,1,2,2797.37,0,0.1154,2007,12,0,0,0
TXN0006141,USR01109,MER0325,1365.92,UPI,Android,0,1,1,1845.19,0,0.1699,644,19,0,0,0
TXN0006142,USR00057,MER0109,2154.31,Card,Android,0,0,3,1050.3,0,0.4671,1156,17,0,0,0
TXN0006143,USR01860,MER0035,2955.48,NetBanking,Android,0,1,9,1520.33,0,0.3597,378,15,0,0,0
TXN0006144,USR03375,MER0161,294.96,UPI,Android,0,0,1,1009.14,0,0.4033,1288,12,0,0,0
TXN0006145,USR00243,MER0340,312.87,Card,iOS,0,0,1,898.13,0,0.497,692,18,0,0,0
TXN0006146,USR02856,MER0332,17928.0,UPI,Android,0,0,1,4365.97,0,0.0361,346,7,1,1,0
TXN0006147,USR01888,MER0065,7522.16,UPI,Android,0,0,2,4041.73,0,0.1491,1011,18,1,0,0
TXN0006148,USR02533,MER0339,12534.02,UPI,Web,0,0,3,5685.88,0,0.3016,197,21,0,0,0
TXN0006149,USR00338,MER0098,1238.2,UPI,iOS,0,1,2,4032.29,0,0.7796,1387,9,0,0,0
TXN0006150,USR03042,MER0371,5187.77,UPI,Web,0,0,1,4695.99,0,0.1436,809,21,0,0,0
TXN0006151,USR00040,MER0284,818.79,Wallet,Android,1,0,2,1959.22,0,0.2788,276,18,1,0,0
TXN0006152,USR03174,MER0064,1235.56,UPI,iOS,0,0,1,1631.59,0,0.2086,422,9,0,0,0
TXN0006153,USR02303,MER0176,2770.03,Card,Android,0,0,1,3012.88,0,0.1845,619,18,0,0,0
TXN0006154,USR01182,MER0410,1595.08,UPI,Android,0,0,2,1789.69,0,0.2087,1073,20,0,0,0
TXN0006155,USR00025,MER0217,5913.79,UPI,iOS,0,0,1,2762.62,0,0.7595,1208,21,1,0,0
TXN0006156,USR02139,MER0345,3294.7,Card,Android,0,0,2,924.31,0,0.006,464,19,0,0,0
TXN0006157,USR00307,MER0375,2593.2,Card,Android,0,0,2,3848.61,0,0.5013,500,20,1,0,0
TXN0006158,USR02131,MER0016,1477.03,Card,Android,0,1,1,3504.72,0,0.43,1817,16,1,0,0
TXN0006159,USR02707,MER0466,693.42,Card,Android,0,0,2,550.96,0,0.3461,265,14,0,0,0
TXN0006160,USR00936,MER0168,9825.81,Card,iOS,0,0,2,3191.04,0,0.1498,901,6,1,0,0
TXN0006161,USR00836,MER0397,2668.49,UPI,Android,0,0,1,3750.27,0,0.0882,316,9,1,0,0
TXN0006162,USR00777,MER0234,4286.42,UPI,Android,1,1,1,2442.92,0,0.4716,143,20,0,0,0
TXN0006163,USR00787,MER0289,761.53,UPI,iOS,0,2,12,1462.73,0,0.0,236,19,0,0,0
TXN0006164,USR00399,MER0181,1698.65,UPI,Android,1,1,2,1758.61,0,0.133,825,11,0,0,0
TXN0006165,USR00874,MER0427,2291.93,UPI,Android,1,0,1,5562.18,0,0.1959,822,5,0,0,0
TXN0006166,USR02308,MER0059,10568.4,Card,Android,0,1,2,11023.94,0,0.3718,951,11,1,0,0
TXN0006167,USR01059,MER0449,1927.76,UPI,Android,1,1,3,2203.85,0,0.0733,473,13,0,0,0
TXN0006168,USR02734,MER0104,3539.25,Card,Web,0,0,1,2401.44,0,0.0667,1163,8,1,0,0
TXN0006169,USR02868,MER0442,5436.92,UPI,Web,0,1,1,1588.85,0,0.3285,707,16,0,0,0
TXN0006170,USR02664,MER0013,977.7,NetBanking,Android,0,2,1,1359.96,0,0.4554,334,23,0,0,0
TXN0006171,USR01889,MER0007,922.38,Wallet,Android,0,1,2,4091.89,0,0.2253,1037,10,0,0,0
TXN0006172,USR01107,MER0047,3013.05,NetBanking,iOS,0,1,1,3663.68,0,0.3602,484,19,1,0,0
TXN0006173,USR03255,MER0274,3597.03,Card,Web,0,0,1,3048.35,0,0.0886,174,9,1,0,1
TXN0006174,USR00719,MER0134,10516.03,NetBanking,iOS,0,0,10,1524.46,0,0.3524,943,17,0,0,0
TXN0006175,USR01626,MER0299,824.36,UPI,iOS,0,1,2,970.64,0,0.3312,737,9,0,0,0
TXN0006176,USR01588,MER0410,10084.6,Card,Android,1,0,2,3632.26,0,0.2315,624,18,0,0,0
TXN0006177,USR02610,MER0014,2377.34,Card,Web,0,0,1,2265.75,0,0.1986,833,18,0,0,0
TXN0006178,USR01914,MER0264,1957.87,Card,Android,0,0,2,2219.56,0,0.2149,1351,18,1,0,0
TXN0006179,USR02799,MER0370,652.12,UPI,Android,0,1,1,1200.12,0,0.4043,738,23,0,0,0
TXN0006180,USR03217,MER0213,524.13,Card,Android,1,0,1,1937.94,0,0.6199,290,13,0,0,0
TXN0006181,USR01368,MER0463,6905.36,NetBanking,Android,0,0,2,1311.77,0,0.3897,597,11,0,0,0
TXN0006182,USR03062,MER0332,854.89,Card,Android,0,1,1,753.15,0,0.0027,1020,6,0,0,0
TXN0006183,USR00594,MER0018,2157.58,UPI,Web,0,0,2,4863.25,0,0.0782,856,0,1,0,0
TXN0006184,USR03207,MER0271,5576.42,UPI,Android,0,0,1,6052.64,0,0.3422,395,11,0,0,0
TXN0006185,USR00623,MER0192,762.07,UPI,Android,0,0,1,888.57,1,0.6183,380,19,0,0,0
TXN0006186,USR02976,MER0066,4250.73,Wallet,Android,0,1,3,7005.75,0,0.1036,769,7,1,0,0
TXN0006187,USR01366,MER0476,441.85,Card,Android,0,0,9,822.35,0,0.1892,667,18,0,0,0
TXN0006188,USR03377,MER0112,1954.18,UPI,iOS,0,0,2,1534.67,0,0.1611,198,19,0,0,0
TXN0006189,USR00453,MER0042,603.6,Wallet,Web,0,5,3,746.58,0,0.2935,483,10,0,0,0
TXN0006190,USR01630,MER0112,817.39,UPI,Android,0,0,2,1315.06,0,0.1263,3094,15,0,0,0
TXN0006191,USR03157,MER0412,751.32,Wallet,Android,0,0,2,1468.85,0,0.1671,399,12,0,0,0
TXN0006192,USR00167,MER0300,3859.19,Wallet,Android,0,0,1,4455.09,0,0.1637,728,8,0,0,0
TXN0006193,USR00928,MER0410,5128.97,Card,Android,0,0,1,2771.19,0,0.1751,669,22,0,0,0
TXN0006194,USR00293,MER0231,2941.24,NetBanking,iOS,0,0,2,2664.59,0,0.2093,825,16,0,0,0
TXN0006195,USR01125,MER0059,616.92,Wallet,Android,0,0,1,769.29,0,0.3731,436,18,0,0,0
TXN0006196,USR01366,MER0194,976.79,UPI,Web,0,1,1,822.35,0,0.62,1298,18,1,0,0
TXN0006197,USR02167,MER0100,11384.97,UPI,iOS,0,1,3,4481.41,0,0.2022,1279,13,0,0,0
TXN0006198,USR00902,MER0279,4365.49,NetBanking,Android,1,0,7,3224.03,0,0.3164,487,17,0,0,0
TXN0006199,USR00556,MER0135,1424.3,Card,Android,0,0,1,1241.52,0,0.1655,555,10,0,0,0
TXN0006200,USR00595,MER0486,2143.75,UPI,Android,0,0,4,1423.07,0,0.298,589,14,0,0,0
TXN0006201,USR03285,MER0189,2486.21,Wallet,iOS,1,1,3,2928.61,1,0.1894,1088,17,1,0,0
TXN0006202,USR03337,MER0158,3683.04,Card,Android,0,0,2,3391.29,0,0.1453,1337,19,0,0,0
TXN0006203,USR00775,MER0493,1742.81,UPI,iOS,0,0,2,2605.29,0,0.3904,367,13,0,0,0
TXN0006204,USR00684,MER0261,238.75,UPI,Android,0,1,3,766.48,0,0.1741,359,21,0,0,0
TXN0006205,USR00190,MER0086,2290.94,Wallet,Android,0,1,2,1881.59,0,0.0854,355,14,1,0,0
TXN0006206,USR03358,MER0241,2651.34,Wallet,Android,0,0,2,2171.58,0,0.0783,929,22,0,0,0
TXN0006207,USR02472,MER0128,1371.08,NetBanking,Android,0,0,4,1773.14,0,0.5468,942,8,1,0,0
TXN0006208,USR02663,MER0359,8171.42,Wallet,Android,0,0,2,1053.11,0,0.1031,1024,18,0,0,0
TXN0006209,USR01018,MER0287,4421.06,UPI,Web,0,0,1,7814.12,0,0.0922,1155,17,0,0,0
TXN0006210,USR02244,MER0366,1914.94,UPI,Android,0,1,1,7207.21,0,0.1865,1037,16,1,0,0
TXN0006211,USR00210,MER0471,962.69,UPI,Android,0,0,1,1671.8,0,0.2023,373,7,1,0,0
TXN0006212,USR02367,MER0365,568.31,UPI,iOS,0,0,2,1811.92,0,0.1112,309,13,0,1,0
TXN0006213,USR02029,MER0171,3420.44,Wallet,iOS,0,0,1,2819.0,1,0.2154,849,21,0,0,0
TXN0006214,USR01161,MER0101,4396.25,UPI,Android,0,0,1,2498.74,1,0.5339,240,17,0,0,0
TXN0006215,USR02487,MER0265,6598.24,Card,iOS,0,0,2,3413.8,0,0.3083,322,16,0,0,0
TXN0006216,USR02263,MER0225,9620.66,Wallet,Android,0,2,8,5052.98,0,0.3666,642,7,0,0,0
TXN0006217,USR01537,MER0157,4411.11,Wallet,Android,0,0,1,1111.5,0,0.2393,1854,22,0,0,0
TXN0006218,USR00654,MER0406,1655.2,UPI,Web,0,1,1,3113.54,1,0.2919,552,11,0,0,0
TXN0006219,USR00083,MER0455,1521.71,UPI,iOS,0,0,1,1088.76,0,0.4519,1197,13,0,0,0
TXN0006220,USR03282,MER0191,7748.35,UPI,Web,0,0,1,4022.87,0,0.1435,354,15,0,1,0
TXN0006221,USR00985,MER0341,575.65,Card,Web,0,1,1,2577.53,0,0.268,375,20,0,0,0
TXN0006222,USR01057,MER0493,4097.99,Wallet,iOS,0,2,2,3517.3,0,0.3251,336,19,1,0,0
TXN0006223,USR02384,MER0006,251.97,Card,Android,0,0,2,1288.92,0,0.1397,791,19,0,0,0
TXN0006224,USR00894,MER0183,841.29,UPI,Android,0,0,1,1312.74,0,0.1829,1326,20,1,0,0
TXN0006225,USR01316,MER0369,5497.49,Card,iOS,0,0,2,2629.67,0,0.1306,233,7,1,0,0
TXN0006226,USR02490,MER0249,15625.37,UPI,Android,0,1,2,1881.11,0,0.2175,1709,16,0,0,0
TXN0006227,USR02084,MER0396,2445.51,Wallet,Web,0,0,1,3053.26,1,0.3208,2131,12,0,0,0
TXN0006228,USR02298,MER0238,1463.81,UPI,Android,0,0,2,3777.12,0,0.3363,570,15,1,0,0
TXN0006229,USR00017,MER0033,7215.3,UPI,Android,0,0,1,10978.27,0,0.3143,174,17,0,0,0
TXN0006230,USR01580,MER0217,3847.19,UPI,Android,0,1,1,3856.55,0,0.7981,2259,19,0,0,0
TXN0006231,USR01664,MER0203,1654.85,Card,iOS,0,0,1,2818.72,0,0.233,262,7,0,0,0
TXN0006232,USR02214,MER0423,2046.62,UPI,iOS,0,0,1,4187.33,0,0.411,1234,22,0,0,0
TXN0006233,USR00531,MER0074,935.61,UPI,Android,0,1,1,1337.46,0,0.1856,462,23,0,0,0
TXN0006234,USR00559,MER0078,1527.03,Card,Android,0,0,1,1207.45,0,0.4096,1162,9,1,0,0
TXN0006235,USR02669,MER0071,1070.77,UPI,Android,0,0,2,1271.7,0,0.0749,89,10,0,0,0
TXN0006236,USR02357,MER0284,894.42,UPI,Android,0,0,1,1773.89,0,0.2248,882,13,0,0,0
TXN0006237,USR02840,MER0498,1057.61,UPI,Android,0,0,2,1801.21,0,0.9411,605,9,0,0,0
TXN0006238,USR00948,MER0310,1114.21,UPI,Android,0,0,4,1577.94,0,0.1735,99,14,1,0,0
TXN0006239,USR03492,MER0409,1064.41,Card,Web,1,1,2,2297.93,0,0.2646,2377,21,1,0,0
TXN0006240,USR00955,MER0426,1700.76,UPI,Android,0,0,1,2974.93,0,0.9543,616,7,0,0,1
TXN0006241,USR02279,MER0301,3979.3,UPI,Android,0,0,1,2631.85,0,0.4678,329,10,0,0,0
TXN0006242,USR00568,MER0305,1105.16,NetBanking,Android,0,0,1,1371.39,0,0.2131,974,7,1,0,0
TXN0006243,USR03215,MER0122,532.8,UPI,iOS,0,0,1,1979.61,0,0.2466,418,20,0,0,0
TXN0006244,USR01164,MER0481,2317.17,Wallet,Android,0,1,2,1164.61,0,0.418,489,21,1,0,0
TXN0006245,USR02809,MER0394,3795.79,Card,Android,0,0,1,2956.05,0,0.9839,743,17,0,0,0
TXN0006246,USR01160,MER0437,2232.72,UPI,Android,0,0,3,6353.94,0,0.2671,1393,11,0,0,0
TXN0006247,USR02768,MER0492,2736.9,Card,Android,0,0,2,3743.05,0,0.2416,434,7,0,0,0
TXN0006248,USR01590,MER0175,2039.77,Card,iOS,0,0,2,3792.96,0,0.3312,1353,6,0,1,0
TXN0006249,USR00219,MER0072,6010.44,UPI,Web,0,0,2,3881.13,0,0.3008,838,18,0,0,0
TXN0006250,USR00667,MER0430,2365.06,UPI,Web,0,1,1,3249.15,0,0.0231,745,22,0,0,0
TXN0006251,USR02393,MER0237,2917.0,UPI,Android,0,1,2,3231.52,0,0.0654,484,8,0,0,0
TXN0006252,USR00676,MER0480,578.03,UPI,Android,0,0,1,696.34,0,0.2777,804,11,0,0,0
TXN0006253,USR00964,MER0348,944.84,UPI,Android,0,0,1,2883.36,0,0.2674,520,8,0,0,0
TXN0006254,USR01897,MER0129,9772.06,UPI,iOS,0,1,1,3734.61,0,0.3378,717,14,0,0,1
TXN0006255,USR00886,MER0178,2706.62,Card,iOS,0,0,2,1766.19,0,0.2755,1039,23,0,0,0
TXN0006256,USR00452,MER0306,2176.76,UPI,Web,0,0,1,3919.46,0,0.187,588,14,0,0,0
TXN0006257,USR02186,MER0198,1008.26,Wallet,Web,0,0,1,923.2,0,0.145,1202,12,0,0,0
TXN0006258,USR02412,MER0141,2870.08,UPI,iOS,0,0,2,1496.27,0,0.6216,382,11,0,0,0
TXN0006259,USR02566,MER0105,1557.98,Card,Android,0,0,2,1573.43,0,0.295,296,13,0,0,0
TXN0006260,USR03304,MER0325,8975.48,Wallet,Web,0,0,1,3076.01,0,0.1636,1389,8,0,0,0
TXN0006261,USR00436,MER0018,5116.45,UPI,Android,0,0,2,658.1,0,0.0654,905,14,1,0,0
TXN0006262,USR01494,MER0047,3343.98,UPI,Android,0,7,1,3849.6,0,0.3685,278,18,0,0,0
TXN0006263,USR00819,MER0022,1547.81,UPI,Web,0,0,1,2475.05,0,0.2314,1928,20,0,0,0
TXN0006264,USR03154,MER0368,398.24,UPI,Android,0,0,4,853.58,0,0.4009,1480,23,0,0,0
TXN0006265,USR01890,MER0015,1176.33,UPI,Android,0,0,1,6087.12,0,0.0905,1807,17,1,0,0
TXN0006266,USR00345,MER0210,4956.63,Card,Android,0,0,3,2121.37,0,0.4156,879,18,1,0,0
TXN0006267,USR02423,MER0061,2086.95,Card,iOS,0,1,1,2829.83,1,0.3413,420,11,0,0,0
TXN0006268,USR00151,MER0294,3210.63,UPI,Android,0,1,1,1797.16,0,0.3034,786,15,0,0,0
TXN0006269,USR00960,MER0018,2161.15,NetBanking,Android,0,0,2,1046.65,0,0.1218,634,22,0,0,0
TXN0006270,USR02525,MER0013,760.64,NetBanking,Android,0,3,1,1741.42,0,0.4486,809,19,0,0,0
TXN0006271,USR01772,MER0206,1351.24,UPI,Android,0,1,2,2776.55,0,0.1245,643,13,0,0,0
TXN0006272,USR02664,MER0348,4543.2,Card,Android,0,0,3,1359.96,0,0.1875,680,8,0,0,1
TXN0006273,USR02000,MER0055,3096.2,UPI,iOS,0,1,2,3423.36,1,0.8616,939,20,0,0,0
TXN0006274,USR02951,MER0248,9040.17,Wallet,Android,0,1,1,2435.47,0,0.082,1075,14,0,0,0
TXN0006275,USR01969,MER0406,2149.22,Card,Android,0,1,1,4795.28,0,0.2646,426,7,0,0,0
TXN0006276,USR00199,MER0313,1787.85,UPI,iOS,0,0,2,2081.03,0,0.3538,913,15,0,0,0
TXN0006277,USR00250,MER0376,6277.55,UPI,Android,0,0,1,2228.43,0,0.4021,650,2,0,0,0
TXN0006278,USR02720,MER0158,3738.9,Card,iOS,0,0,3,2399.54,0,0.116,1085,13,0,0,0
TXN0006279,USR00136,MER0472,1527.14,UPI,Android,0,1,3,1408.5,0,0.0507,312,19,0,0,0
TXN0006280,USR01318,MER0073,2140.65,Card,Android,0,0,1,717.04,0,0.1873,573,7,0,0,0
TXN0006281,USR00057,MER0303,2729.27,Wallet,iOS,0,0,2,1050.3,0,0.2521,1002,16,0,0,0
TXN0006282,USR01062,MER0218,4763.15,UPI,Web,0,0,2,3936.69,0,0.2721,574,21,1,0,0
TXN0006283,USR02083,MER0016,15370.64,UPI,Web,0,0,1,2189.46,0,0.4424,656,5,0,0,0
TXN0006284,USR00606,MER0472,2516.39,Card,Web,1,1,1,3161.25,0,0.0,410,22,0,0,0
TXN0006285,USR01632,MER0352,82062.56,Card,Android,0,0,2,4086.53,0,0.2256,391,17,1,0,0
TXN0006286,USR03487,MER0114,4570.27,Card,Android,0,0,2,1504.57,0,0.2946,370,9,0,0,0
TXN0006287,USR00247,MER0027,4988.34,UPI,iOS,1,1,2,2737.52,0,0.0841,127,15,0,0,1
TXN0006288,USR00223,MER0338,2460.08,Card,Web,0,0,2,3092.67,0,0.2009,839,10,0,0,0
TXN0006289,USR00950,MER0273,2618.25,UPI,Android,0,1,1,1974.51,0,0.1894,391,9,0,0,0
TXN0006290,USR02895,MER0025,6331.58,UPI,Android,0,0,2,1190.83,1,0.1471,60,11,0,0,0
TXN0006291,USR01421,MER0494,5736.2,UPI,Android,0,0,2,3038.8,0,0.9356,705,8,0,0,0
TXN0006292,USR02239,MER0360,1684.96,Wallet,iOS,1,2,2,1256.61,0,0.4885,611,18,0,0,0
TXN0006293,USR00119,MER0232,1357.42,Wallet,iOS,0,1,11,2492.7,0,0.0495,1106,9,1,0,0
TXN0006294,USR02573,MER0120,1042.51,Wallet,Android,0,0,2,957.05,0,0.1915,514,17,0,0,0
TXN0006295,USR00236,MER0136,1462.98,Wallet,Android,1,0,2,3177.95,0,0.0807,92,22,0,0,0
TXN0006296,USR02492,MER0226,4460.87,UPI,Web,0,1,1,2476.19,0,0.1328,306,18,0,0,0
TXN0006297,USR00518,MER0029,6587.76,Card,Android,0,0,3,3723.49,0,0.2552,621,13,0,0,0
TXN0006298,USR03005,MER0184,9823.16,Card,Web,0,0,1,2496.38,0,0.3193,652,18,0,0,0
TXN0006299,USR01037,MER0109,4663.04,Wallet,Web,0,1,1,1479.83,0,0.4074,1088,16,1,0,0
TXN0006300,USR00644,MER0057,1291.96,Wallet,Web,0,0,3,453.7,0,0.2887,455,12,0,0,0
TXN0006301,USR01179,MER0063,1790.96,UPI,Android,1,0,2,1690.47,0,0.3843,343,19,1,0,0
TXN0006302,USR00003,MER0173,2416.63,UPI,iOS,0,0,1,1690.81,0,0.2378,475,16,0,0,0
TXN0006303,USR00578,MER0192,860.07,Wallet,iOS,0,0,2,1381.2,0,0.5768,638,19,1,0,0
TXN0006304,USR02095,MER0176,1511.75,UPI,Android,0,1,2,1933.32,0,0.1364,950,6,0,0,0
TXN0006305,USR01053,MER0345,843.48,UPI,Android,0,0,2,1926.96,0,0.0856,192,3,0,0,0
TXN0006306,USR01239,MER0262,1320.2,NetBanking,Android,0,0,3,1958.51,0,0.4926,155,6,0,0,0
TXN0006307,USR02826,MER0097,2651.04,NetBanking,Android,0,0,1,3004.5,1,0.1287,1612,22,0,0,0
TXN0006308,USR00434,MER0487,582.92,UPI,Android,0,0,3,2025.4,0,0.309,180,12,0,0,0
TXN0006309,USR01386,MER0366,4525.2,UPI,Android,0,0,2,3140.42,0,0.2236,137,6,1,0,0
TXN0006310,USR00652,MER0236,1752.54,UPI,iOS,0,0,2,882.61,0,0.2235,945,19,0,0,0
TXN0006311,USR01690,MER0025,2011.54,UPI,Web,0,0,2,2126.76,0,0.1033,257,13,0,0,0
TXN0006312,USR01162,MER0458,246.46,UPI,iOS,0,0,1,1806.62,0,0.5763,238,20,0,0,0
TXN0006313,USR00162,MER0373,1533.37,UPI,iOS,0,1,2,1934.06,0,0.6634,1018,19,1,0,0
TXN0006314,USR00246,MER0231,458.79,Wallet,Android,0,0,2,1315.32,0,0.2052,157,23,0,0,0
TXN0006315,USR02984,MER0081,2594.09,UPI,Android,0,0,1,4229.82,0,0.8277,1529,23,0,0,0
TXN0006316,USR00200,MER0054,3575.87,UPI,Android,0,2,1,1321.56,0,0.1556,1942,7,0,0,0
TXN0006317,USR02740,MER0145,149.19,Card,Android,0,0,1,905.12,0,0.1582,212,20,0,0,0
TXN0006318,USR03207,MER0116,3198.6,UPI,iOS,1,0,1,6052.64,0,0.136,177,18,1,1,0
TXN0006319,USR01631,MER0105,941.21,Wallet,Web,0,1,1,544.5,0,0.2776,670,3,0,0,0
TXN0006320,USR01093,MER0204,2054.43,UPI,Android,0,0,1,3580.09,0,0.8537,1105,16,0,0,0
TXN0006321,USR02718,MER0024,2430.04,UPI,iOS,0,0,2,4474.43,0,0.2595,212,11,0,0,0
TXN0006322,USR03438,MER0163,10673.65,UPI,Android,0,0,2,2597.23,0,0.2715,437,10,1,0,0
TXN0006323,USR00422,MER0436,4033.51,UPI,iOS,0,0,12,3229.09,0,0.1317,625,22,1,0,0
TXN0006324,USR03376,MER0433,4682.64,UPI,Android,1,0,2,2512.21,0,0.271,174,11,1,0,0
TXN0006325,USR03304,MER0005,4177.85,NetBanking,Android,0,7,1,3076.01,0,0.1757,1371,10,0,0,0
TXN0006326,USR00499,MER0340,2278.62,Wallet,Android,0,0,1,2132.19,0,0.4771,227,15,1,0,0
TXN0006327,USR00192,MER0496,1846.97,NetBanking,Android,0,0,3,781.49,0,0.1772,861,22,0,0,0
TXN0006328,USR02503,MER0290,14586.33,Card,iOS,0,2,2,3889.32,0,0.1471,900,12,1,0,0
TXN0006329,USR00272,MER0196,566.56,UPI,iOS,0,1,1,2001.63,0,0.2892,766,17,1,0,0
TXN0006330,USR02103,MER0246,7129.48,NetBanking,Web,0,1,2,7688.04,0,0.4151,418,13,0,0,0
TXN0006331,USR00227,MER0107,2013.56,Card,Web,0,0,1,2183.67,0,0.1695,564,9,0,0,0
TXN0006332,USR02418,MER0199,837.87,UPI,Android,0,1,3,1199.84,0,0.1269,473,20,0,0,0
TXN0006333,USR00811,MER0469,8438.09,Card,iOS,0,0,2,4377.13,0,0.2381,118,20,1,0,0
TXN0006334,USR00337,MER0307,2623.71,Card,Android,0,0,1,2292.47,0,0.55,144,8,1,0,0
TXN0006335,USR00234,MER0216,10954.98,Card,Android,0,1,8,2879.03,0,0.0883,1282,22,1,0,0
TXN0006336,USR00660,MER0063,59940.37,Wallet,Web,0,0,1,3819.5,0,0.3944,716,20,0,0,0
TXN0006337,USR01893,MER0454,1129.91,NetBanking,Web,0,0,2,444.66,0,0.381,529,16,0,0,0
TXN0006338,USR00269,MER0082,380.87,Wallet,Android,0,1,3,949.42,0,0.2182,542,11,0,0,0
TXN0006339,USR02808,MER0361,2481.54,Wallet,iOS,0,0,3,4661.14,0,0.2422,99,8,0,0,0
TXN0006340,USR02115,MER0152,3918.71,Card,iOS,0,1,2,2050.94,0,0.1136,680,20,1,0,0
TXN0006341,USR01041,MER0140,5593.97,UPI,Android,1,1,2,2268.33,0,0.6487,1939,17,1,0,0
TXN0006342,USR03454,MER0086,1699.99,Card,iOS,0,1,2,3585.82,0,0.088,648,17,0,0,0
TXN0006343,USR02305,MER0188,1004.16,Card,Android,0,0,1,2073.96,0,0.0953,314,9,0,0,0
TXN0006344,USR02352,MER0339,3598.8,UPI,Android,1,0,2,8482.24,0,0.2937,446,22,0,0,0
TXN0006345,USR00609,MER0209,53199.73,Card,Android,0,0,1,7705.03,0,0.3073,808,5,0,1,0
TXN0006346,USR02488,MER0013,2366.04,UPI,Web,0,2,2,2755.57,0,0.449,1281,11,0,1,0
TXN0006347,USR01958,MER0133,2196.17,UPI,iOS,0,0,1,1576.48,0,0.3246,1390,13,1,0,0
TXN0006348,USR03447,MER0081,649.42,Card,Android,0,1,1,1552.03,0,0.8322,361,13,0,0,0
TXN0006349,USR01673,MER0201,5842.27,Wallet,Android,0,0,2,3078.53,0,0.2838,447,18,0,1,0
TXN0006350,USR02374,MER0452,439.27,UPI,Android,0,1,2,1655.98,0,0.0214,1483,18,0,0,0
TXN0006351,USR01194,MER0482,1629.15,Wallet,Android,0,2,9,3465.79,0,0.8203,513,16,1,0,1
TXN0006352,USR00141,MER0499,1412.29,UPI,Android,0,1,2,2513.82,0,0.1255,854,10,0,0,0
TXN0006353,USR00448,MER0057,2463.97,Card,iOS,0,0,1,2212.64,0,0.3305,780,7,0,0,0
TXN0006354,USR03035,MER0244,845.11,Wallet,Android,0,1,1,1572.61,0,0.2098,1050,13,0,0,0
TXN0006355,USR02584,MER0023,10493.1,NetBanking,iOS,0,2,3,3681.94,0,0.3139,1154,12,0,0,0
TXN0006356,USR01277,MER0248,6083.67,UPI,iOS,0,1,2,4451.7,0,0.0952,1918,9,0,0,0
TXN0006357,USR02443,MER0289,2326.26,Wallet,Android,0,0,2,4017.97,0,0.0688,1085,8,0,1,0
TXN0006358,USR00016,MER0387,10044.6,Wallet,Web,0,0,2,5148.73,0,0.82,824,20,0,0,0
TXN0006359,USR00131,MER0169,976.34,UPI,Web,0,0,1,1362.37,0,0.3047,272,8,1,0,0
TXN0006360,USR01776,MER0019,1098.58,UPI,Android,0,0,1,1766.73,0,0.068,1650,21,1,0,0
TXN0006361,USR02188,MER0228,3900.84,Wallet,Android,0,0,2,2151.58,1,0.0613,433,9,1,0,0
TXN0006362,USR03280,MER0214,188.09,UPI,Web,0,0,1,1156.25,1,0.4783,992,19,0,0,0
TXN0006363,USR02659,MER0313,580.38,Card,iOS,1,2,1,359.47,0,0.3696,744,22,0,0,0
TXN0006364,USR00901,MER0050,994.75,UPI,Web,1,1,2,1747.46,0,0.2772,1145,21,0,0,0
TXN0006365,USR02853,MER0307,1616.74,Card,Android,0,0,2,2843.2,0,0.5718,329,10,0,0,0
TXN0006366,USR01721,MER0201,12458.58,UPI,iOS,1,0,1,3198.08,0,0.2661,684,1,0,0,0
TXN0006367,USR02892,MER0370,1190.78,UPI,Android,0,0,1,1835.06,0,0.3654,338,15,0,0,0
TXN0006368,USR00609,MER0492,14587.02,UPI,Android,0,0,3,7705.03,0,0.2412,641,9,0,0,0
TXN0006369,USR00092,MER0114,13447.25,Wallet,Android,0,0,1,11561.94,0,0.3062,855,20,0,0,0
TXN0006370,USR00202,MER0377,2863.28,Card,iOS,0,0,1,2284.65,0,0.1825,545,11,1,0,0
TXN0006371,USR03469,MER0064,5018.1,Card,Android,0,0,2,6318.25,0,0.2477,422,19,0,0,0
TXN0006372,USR00282,MER0493,1375.94,Card,Android,1,0,2,1798.76,0,0.3776,1549,17,0,0,0
TXN0006373,USR03288,MER0241,8195.19,UPI,Web,0,2,2,2867.37,0,0.1398,311,8,0,0,0
TXN0006374,USR02545,MER0374,4880.5,UPI,Android,0,4,3,2625.62,0,0.477,279,6,1,0,1
TXN0006375,USR00512,MER0389,1118.55,Card,Android,0,0,3,1685.07,0,0.0737,511,9,0,0,0
TXN0006376,USR03025,MER0305,463.2,UPI,Android,0,1,2,1034.01,0,0.2915,91,12,0,0,0
TXN0006377,USR00505,MER0193,924.27,UPI,iOS,0,0,2,1480.05,0,0.147,769,16,0,0,0
TXN0006378,USR00502,MER0378,4485.64,Card,Android,0,0,8,2326.13,0,0.2533,1081,19,1,0,0
TXN0006379,USR02015,MER0239,71975.45,NetBanking,Web,0,0,1,4963.92,0,0.1543,1509,20,0,0,0
TXN0006380,USR01010,MER0330,3085.13,UPI,iOS,1,0,1,2175.02,0,0.9772,677,11,0,0,0
TXN0006381,USR01018,MER0307,2320.67,UPI,Web,0,0,2,7814.12,1,0.5429,1108,17,0,0,0
TXN0006382,USR00683,MER0233,5591.05,Card,Android,0,4,4,3415.92,0,0.1629,304,16,0,0,0
TXN0006383,USR02127,MER0059,9817.5,Wallet,iOS,0,4,1,4037.36,0,0.3532,449,16,0,0,0
TXN0006384,USR00094,MER0147,2926.09,UPI,Web,0,2,1,2714.76,0,0.1615,376,23,0,0,0
TXN0006385,USR00858,MER0469,24290.33,Wallet,Web,0,5,2,6138.74,0,0.2056,272,0,0,1,0
TXN0006386,USR01938,MER0261,411.26,NetBanking,iOS,0,0,3,1119.14,0,0.1815,265,11,0,0,0
TXN0006387,USR01703,MER0319,1460.38,UPI,Web,0,0,4,937.66,0,0.0826,307,2,0,0,0
TXN0006388,USR02450,MER0130,2234.94,UPI,Android,0,0,2,4897.73,0,0.8887,354,11,0,0,0
TXN0006389,USR00757,MER0353,3996.7,Card,Android,0,0,1,1960.73,0,0.5917,436,21,0,0,0
TXN0006390,USR02268,MER0244,2778.24,UPI,Android,0,1,2,1878.66,0,0.2115,771,19,0,0,0
TXN0006391,USR02660,MER0110,42923.66,UPI,Android,0,1,1,12335.08,1,0.0798,160,7,0,0,0
TXN0006392,USR01359,MER0074,2479.01,Wallet,Web,0,0,2,1818.6,0,0.2527,730,16,1,0,0
TXN0006393,USR00899,MER0198,995.3,Card,Android,0,1,1,1399.58,0,0.1461,658,19,1,1,0
TXN0006394,USR01943,MER0283,3033.31,Card,Android,0,0,1,4541.36,0,0.1619,711,13,0,0,0
TXN0006395,USR02027,MER0141,5031.55,Card,Android,0,0,1,1638.66,0,0.5965,1138,7,0,0,0
TXN0006396,USR00330,MER0123,2756.0,Card,iOS,0,1,1,4184.97,0,0.3495,740,19,0,0,0
TXN0006397,USR01978,MER0135,5434.33,Wallet,Android,0,1,2,2165.86,0,0.1784,925,14,0,0,0
TXN0006398,USR00541,MER0147,4120.44,Wallet,Web,0,1,1,1728.92,0,0.1795,230,21,0,0,0
TXN0006399,USR01991,MER0370,1378.71,Wallet,Web,0,0,2,4257.47,0,0.3837,1001,18,0,0,0
TXN0006400,USR03262,MER0250,3832.7,Card,Android,0,2,2,3919.44,0,0.071,720,9,0,0,0
TXN0006401,USR01880,MER0235,4885.02,Wallet,Android,0,0,2,4909.54,0,0.1326,514,21,0,0,0
TXN0006402,USR02666,MER0082,310.29,Wallet,Android,0,0,1,572.52,0,0.1925,353,8,0,0,0
TXN0006403,USR01084,MER0273,1850.59,UPI,Android,0,1,1,1419.01,0,0.1856,1574,15,0,1,0
TXN0006404,USR03230,MER0482,4178.07,UPI,Android,0,1,2,1534.24,0,0.8376,744,19,0,0,0
TXN0006405,USR02845,MER0373,3141.18,UPI,Android,0,0,4,1737.59,0,0.64,205,8,0,0,0
TXN0006406,USR03209,MER0224,4496.22,Card,Android,0,1,1,1792.03,0,0.9191,1032,9,0,0,0
TXN0006407,USR02596,MER0154,1071.03,UPI,Android,0,0,3,1888.76,0,0.2454,1083,8,0,0,0
TXN0006408,USR02273,MER0177,4970.84,UPI,Web,0,1,1,5090.13,0,0.3727,148,21,0,0,0
TXN0006409,USR01838,MER0014,1229.17,UPI,iOS,0,0,1,2242.53,0,0.196,1098,17,0,0,0
TXN0006410,USR03249,MER0015,1490.53,UPI,iOS,0,0,1,1318.83,1,0.1551,204,22,0,0,0
TXN0006411,USR02969,MER0389,2320.71,Card,iOS,0,0,2,1924.5,0,0.0802,302,9,1,1,0
TXN0006412,USR01459,MER0422,5281.22,Card,Web,1,0,3,2781.73,0,0.0296,152,5,1,0,0
TXN0006413,USR00300,MER0485,5203.49,Card,iOS,0,0,1,2124.67,0,0.1653,679,12,1,0,0
TXN0006414,USR00013,MER0313,2945.14,Card,Android,0,0,2,1885.31,1,0.3374,1023,16,0,0,0
TXN0006415,USR00818,MER0465,788.32,UPI,Android,0,1,2,1539.53,0,0.1969,571,10,0,0,0
TXN0006416,USR00219,MER0209,1394.53,Wallet,Android,0,0,1,3881.13,0,0.3033,385,11,0,0,0
TXN0006417,USR00741,MER0128,1699.48,Card,Android,0,3,1,1228.64,0,0.6107,939,12,1,0,0
TXN0006418,USR00384,MER0123,2628.7,Card,Web,0,0,1,938.11,0,0.3485,360,9,1,0,0
TXN0006419,USR03434,MER0119,3066.85,Wallet,Android,0,0,2,3282.16,1,0.402,1173,20,0,0,0
TXN0006420,USR00334,MER0373,3803.55,UPI,iOS,0,0,3,12009.01,0,0.6515,944,5,1,0,0
TXN0006421,USR02195,MER0005,50585.86,Card,Web,0,0,1,11853.79,0,0.1615,1352,11,0,0,0
TXN0006422,USR01231,MER0473,4048.57,Wallet,Android,0,1,2,2992.15,0,0.3429,594,14,0,0,0
TXN0006423,USR00610,MER0388,2787.73,UPI,Android,0,1,1,2590.9,0,0.2502,18,17,1,0,0
TXN0006424,USR02455,MER0191,1256.53,UPI,Android,0,0,1,3062.69,0,0.1397,237,4,0,0,0
TXN0006425,USR03397,MER0351,2363.86,Card,Web,0,0,3,2456.21,0,0.2513,936,19,1,0,0
TXN0006426,USR02768,MER0068,5838.4,UPI,iOS,0,5,1,3743.05,0,0.5701,2039,9,0,0,0
TXN0006427,USR03414,MER0216,6151.99,NetBanking,Web,0,0,1,4502.36,0,0.0887,1217,15,0,0,0
TXN0006428,USR02066,MER0055,1051.46,Wallet,Android,1,0,1,1803.45,0,0.9389,526,21,0,0,0
TXN0006429,USR02358,MER0057,1089.54,UPI,iOS,0,0,1,1193.45,0,0.3359,1050,15,0,0,0
TXN0006430,USR00513,MER0004,2560.06,Card,iOS,0,0,3,4193.58,0,0.0707,264,22,0,0,0
TXN0006431,USR02984,MER0398,13334.52,Wallet,Android,0,1,3,4229.82,0,0.0,289,20,0,0,0
TXN0006432,USR02618,MER0372,4805.93,Card,Web,0,1,1,2652.6,0,0.5671,1984,15,1,0,0
TXN0006433,USR00890,MER0447,733.87,Card,Web,1,0,2,1125.35,0,0.9488,380,16,0,0,0
TXN0006434,USR01242,MER0491,584.63,UPI,iOS,0,1,2,1425.5,0,0.0718,867,21,0,0,0
TXN0006435,USR02139,MER0483,1073.92,NetBanking,Android,0,1,2,924.31,0,0.1817,248,4,0,0,0
TXN0006436,USR00046,MER0497,957.87,UPI,Android,0,0,1,1435.9,0,0.069,501,13,0,0,0
TXN0006437,USR02863,MER0008,2359.54,UPI,Android,0,1,2,3352.3,0,0.163,452,18,0,0,0
TXN0006438,USR00983,MER0393,1461.51,UPI,Android,0,0,3,3479.28,0,0.2452,549,7,1,1,0
TXN0006439,USR00263,MER0362,2713.73,Wallet,iOS,0,0,1,5909.36,0,0.0862,209,21,0,0,0
TXN0006440,USR01158,MER0082,1351.74,Card,Android,1,0,1,1263.99,0,0.1583,1323,15,0,0,0
TXN0006441,USR02926,MER0069,890.93,UPI,Android,0,0,1,1135.03,0,0.9748,1580,16,1,0,0
TXN0006442,USR00960,MER0489,6007.96,Card,Android,1,0,2,1046.65,0,0.3605,473,16,0,0,0
TXN0006443,USR01888,MER0442,5897.53,NetBanking,Android,0,0,1,4041.73,0,0.3421,614,14,0,0,0
TXN0006444,USR02842,MER0164,564.22,Card,Android,0,0,1,1359.22,0,0.7392,753,19,1,0,0
TXN0006445,USR00118,MER0038,243.24,UPI,Android,0,1,1,772.55,0,0.0408,1042,19,0,0,0
TXN0006446,USR02660,MER0167,15629.03,UPI,Android,1,0,3,12335.08,0,0.3238,746,21,0,0,0
TXN0006447,USR01011,MER0003,1077.22,UPI,Android,0,1,2,1507.01,0,0.5489,695,7,0,0,0
TXN0006448,USR02435,MER0344,1564.12,NetBanking,Android,0,0,1,630.44,0,0.201,383,13,0,0,0
TXN0006449,USR00659,MER0191,4099.01,UPI,Android,0,0,2,3517.69,0,0.0494,136,8,0,0,0
TXN0006450,USR00487,MER0025,1159.88,UPI,Android,0,1,1,5082.15,0,0.1621,121,11,0,0,0
TXN0006451,USR02760,MER0490,905.98,UPI,Android,0,1,2,1984.27,0,0.2804,396,6,0,0,0
TXN0006452,USR02828,MER0413,2155.13,UPI,Web,0,0,3,3684.2,0,0.1437,638,20,0,1,0
TXN0006453,USR03435,MER0453,4264.21,UPI,Android,0,0,1,3260.86,1,0.3558,347,6,0,0,0
TXN0006454,USR02371,MER0499,3320.86,NetBanking,Web,0,0,1,7449.93,0,0.1377,167,11,1,0,0
TXN0006455,USR01631,MER0008,578.19,UPI,Web,0,0,2,544.5,0,0.1675,941,20,0,0,0
TXN0006456,USR00682,MER0388,1790.06,UPI,Web,0,3,2,4924.77,0,0.2088,1089,20,0,0,0
TXN0006457,USR01034,MER0394,1835.15,UPI,Web,0,1,6,1920.67,0,0.9379,310,22,0,0,0
TXN0006458,USR02269,MER0391,1391.77,NetBanking,iOS,0,2,4,1120.93,0,0.4452,197,7,1,0,0
TXN0006459,USR01212,MER0133,10650.79,NetBanking,Android,1,1,1,946.6,0,0.3078,145,7,1,0,0
TXN0006460,USR01693,MER0196,2119.81,NetBanking,Android,0,0,2,1867.34,0,0.3094,79,12,0,0,0
TXN0006461,USR00589,MER0465,8629.45,UPI,iOS,0,0,1,2480.55,0,0.2482,163,8,1,0,0
TXN0006462,USR01538,MER0033,9977.71,Card,Android,0,1,1,3580.1,0,0.2655,1546,20,0,0,0
TXN0006463,USR00833,MER0321,1177.26,Card,iOS,0,0,2,1412.1,1,0.0603,815,17,0,0,0
TXN0006464,USR00393,MER0397,1699.49,UPI,Android,0,1,1,1023.64,0,0.0493,824,13,1,0,0
TXN0006465,USR00462,MER0400,383.34,Card,Android,0,1,3,626.54,0,0.2226,583,9,0,0,0
TXN0006466,USR01815,MER0299,12316.89,Card,iOS,1,2,1,12129.14,0,0.389,870,19,0,0,0
TXN0006467,USR01283,MER0384,8902.93,Card,iOS,0,0,1,2386.3,0,0.2099,1157,9,1,0,0
TXN0006468,USR00350,MER0455,1820.11,UPI,Android,1,0,1,1517.2,0,0.4396,679,21,0,0,0
TXN0006469,USR01801,MER0383,10280.58,UPI,Android,0,0,1,6058.73,0,0.0529,303,22,0,1,0
TXN0006470,USR00575,MER0058,1453.46,Card,Web,0,1,1,2181.92,1,0.0749,838,9,1,0,0
TXN0006471,USR00055,MER0123,968.35,UPI,Web,0,0,2,1513.71,0,0.3648,752,18,0,0,0
TXN0006472,USR00464,MER0153,3979.33,UPI,Android,0,0,2,3235.57,0,0.2232,937,16,0,0,0
TXN0006473,USR01570,MER0172,1469.13,Card,iOS,0,0,1,2797.37,0,0.8945,1556,8,1,0,0
TXN0006474,USR03340,MER0181,356.28,UPI,Android,0,1,1,1117.25,1,0.1156,2402,13,0,0,0
TXN0006475,USR00846,MER0110,1240.99,UPI,Android,0,0,1,1011.67,0,0.0758,605,22,1,0,0
TXN0006476,USR00998,MER0342,1079.95,UPI,Android,1,1,1,1226.86,0,0.2024,458,11,0,0,0
TXN0006477,USR00850,MER0056,2251.71,UPI,Android,1,0,1,2597.29,0,0.155,1042,22,0,1,0
TXN0006478,USR01244,MER0394,3714.87,UPI,Android,0,1,1,2683.64,1,0.9509,1956,15,0,0,0
TXN0006479,USR02511,MER0330,2535.73,Wallet,Android,0,0,4,1656.55,0,0.9415,307,1,0,0,0
TXN0006480,USR01128,MER0481,2070.28,Wallet,iOS,0,1,2,2443.92,0,0.4513,681,18,0,0,0
TXN0006481,USR02302,MER0004,1180.91,UPI,Android,0,0,1,2786.0,0,0.0647,1631,21,0,0,0
TXN0006482,USR03144,MER0148,1347.79,Card,iOS,0,0,2,2243.97,0,0.1781,615,12,1,0,0
TXN0006483,USR03312,MER0450,892.28,UPI,Android,0,0,2,615.61,0,0.4205,45,12,1,0,0
TXN0006484,USR01971,MER0247,1418.12,UPI,Web,0,0,2,1351.38,0,0.1802,1213,9,1,0,0
TXN0006485,USR02497,MER0281,1210.94,Wallet,iOS,0,2,2,1891.23,1,0.3712,661,17,1,0,0
TXN0006486,USR03218,MER0015,1027.54,NetBanking,Web,1,0,1,1900.14,1,0.1217,338,18,0,0,0
TXN0006487,USR02754,MER0382,2850.72,UPI,Android,1,0,2,1920.79,0,0.2194,1104,14,0,0,0
TXN0006488,USR01050,MER0127,2137.62,Wallet,Android,0,0,1,2636.05,0,0.3116,1939,12,0,1,0
TXN0006489,USR00463,MER0482,1379.93,UPI,Android,0,1,1,843.73,0,0.8355,1990,3,1,0,0
TXN0006490,USR00402,MER0188,5121.75,Wallet,Web,0,0,2,2858.72,0,0.1003,619,10,0,0,0
TXN0006491,USR03088,MER0095,770.72,Card,iOS,0,0,1,1014.92,0,0.0224,208,10,1,0,0
TXN0006492,USR01947,MER0297,5373.77,Card,Web,0,1,1,2851.32,0,0.3116,321,18,1,0,0
TXN0006493,USR01038,MER0239,5777.25,Wallet,iOS,0,1,1,5497.39,0,0.1587,721,9,0,0,0
TXN0006494,USR01210,MER0236,5500.15,Card,Android,0,0,3,4768.3,0,0.2074,1067,6,0,0,0
TXN0006495,USR00986,MER0475,252.63,NetBanking,Android,0,1,3,1284.14,0,0.1873,1394,19,0,1,0
TXN0006496,USR02807,MER0183,772.25,UPI,Android,0,0,2,1633.33,1,0.2242,466,6,1,0,0
TXN0006497,USR02144,MER0199,1007.01,NetBanking,Android,0,0,3,2048.3,0,0.0629,397,7,0,0,0
TXN0006498,USR03078,MER0313,358.8,Wallet,iOS,0,0,1,474.46,0,0.3507,525,17,0,0,0
TXN0006499,USR01057,MER0086,3632.88,Card,Android,0,0,1,3517.3,0,0.0702,577,13,0,0,0
TXN0006500,USR01655,MER0415,3325.33,Card,iOS,0,1,2,3126.11,0,0.2095,866,21,1,0,0
TXN0006501,USR00427,MER0115,5071.87,NetBanking,Android,1,3,2,4340.43,0,0.3129,1061,21,0,1,0
TXN0006502,USR03400,MER0121,1690.42,Card,Android,0,0,2,2909.95,0,0.3044,579,0,0,0,0
TXN0006503,USR01792,MER0006,2358.07,UPI,Android,0,1,3,1506.91,0,0.2018,578,20,0,0,0
TXN0006504,USR01936,MER0172,4060.88,UPI,Android,0,1,1,1160.34,0,0.8617,393,8,1,0,0
TXN0006505,USR01448,MER0292,1369.73,UPI,Android,0,0,2,1857.08,0,0.0,1585,18,0,0,0
TXN0006506,USR00949,MER0353,672.33,UPI,Android,1,1,1,1139.78,0,0.5781,593,17,0,0,0
TXN0006507,USR03320,MER0450,3286.48,UPI,Web,0,1,1,5659.06,0,0.4318,366,0,1,0,0
TXN0006508,USR01712,MER0389,525.98,Card,Android,0,1,1,519.94,0,0.1016,468,8,1,0,0
TXN0006509,USR02362,MER0161,2783.6,UPI,iOS,0,0,3,4272.91,0,0.3839,505,9,1,0,0
TXN0006510,USR00131,MER0413,372.84,UPI,iOS,0,2,1,1362.37,0,0.1478,515,8,0,0,0
TXN0006511,USR00966,MER0098,1702.61,UPI,iOS,0,0,2,5109.11,0,0.8022,1673,8,0,0,0
TXN0006512,USR02815,MER0105,19769.04,UPI,iOS,1,0,2,9969.99,0,0.2177,719,17,0,0,1
TXN0006513,USR00308,MER0180,4193.88,Card,iOS,1,4,2,1751.96,1,0.3537,1283,14,0,0,0
TXN0006514,USR00356,MER0270,11023.54,UPI,Web,0,0,2,3662.38,0,0.3387,253,11,0,0,0
TXN0006515,USR02835,MER0102,2801.41,NetBanking,Android,0,0,4,2502.23,0,0.2096,177,13,1,0,0
TXN0006516,USR01081,MER0451,7332.59,Card,Android,0,0,1,15733.32,0,0.0154,1327,9,0,0,0
TXN0006517,USR00959,MER0136,513.65,Wallet,Android,0,0,2,740.2,0,0.1117,539,19,1,0,0
TXN0006518,USR01979,MER0196,689.47,UPI,Android,0,0,1,2121.17,0,0.2478,2346,11,1,0,0
TXN0006519,USR00683,MER0303,1079.96,Wallet,Android,0,2,2,3415.92,0,0.2138,562,7,0,0,0
TXN0006520,USR00151,MER0215,2054.43,Card,Android,1,7,1,1797.16,0,0.2926,1482,9,0,0,0
TXN0006521,USR00016,MER0202,7219.89,NetBanking,iOS,0,0,1,5148.73,0,0.1783,697,9,0,0,0
TXN0006522,USR00278,MER0493,7882.9,Card,Web,1,0,2,2023.17,0,0.3569,601,12,0,0,0
TXN0006523,USR00555,MER0218,4508.5,NetBanking,Android,1,0,1,5031.87,0,0.2466,603,7,0,0,0
TXN0006524,USR02437,MER0057,2810.75,Wallet,Android,0,0,1,7854.54,0,0.3419,604,23,0,0,0
TXN0006525,USR01043,MER0366,1190.82,NetBanking,Android,0,0,1,1366.74,0,0.172,690,15,0,0,0
TXN0006526,USR00252,MER0353,1985.58,Card,Web,0,0,2,2558.14,0,0.5929,264,7,0,0,0
TXN0006527,USR00051,MER0110,1385.24,UPI,Android,0,0,2,2074.17,0,0.0807,430,9,1,0,0
TXN0006528,USR01670,MER0426,4936.22,Card,Android,0,0,1,4051.55,0,0.9067,892,17,0,0,0
TXN0006529,USR02941,MER0196,2161.6,NetBanking,Android,0,0,2,5448.1,0,0.2599,1070,17,0,0,0
TXN0006530,USR01186,MER0076,6397.19,NetBanking,Android,0,0,6,6121.08,0,0.0,169,15,0,0,0
TXN0006531,USR00224,MER0087,11373.71,NetBanking,iOS,1,0,1,7479.6,0,0.196,190,19,1,0,0
TXN0006532,USR00799,MER0358,8272.68,UPI,Android,0,0,1,3129.11,0,0.2636,888,15,0,0,0
TXN0006533,USR01748,MER0109,1797.81,Wallet,Android,0,1,2,1511.49,0,0.3812,1186,14,1,0,0
TXN0006534,USR00661,MER0235,3815.14,Card,Android,0,1,2,1892.56,0,0.0574,1093,10,1,0,0
TXN0006535,USR03425,MER0368,3554.15,Card,iOS,0,0,1,5143.43,0,0.4472,307,22,0,0,0
TXN0006536,USR02672,MER0427,1349.11,UPI,Android,0,0,7,1765.68,0,0.2099,800,14,0,0,0
TXN0006537,USR01207,MER0245,4083.5,UPI,Android,0,0,2,1626.62,0,0.0578,744,14,0,0,0
TXN0006538,USR03331,MER0454,715.7,UPI,Web,0,1,2,2019.91,0,0.3144,899,22,0,0,0
TXN0006539,USR01138,MER0152,2502.06,UPI,Web,0,0,1,3516.18,0,0.1333,1614,19,0,0,0
TXN0006540,USR00491,MER0437,2572.16,UPI,Android,0,1,1,1199.93,0,0.2403,255,1,0,0,0
TXN0006541,USR03284,MER0126,2926.77,Card,iOS,0,1,1,3581.93,1,0.1795,1382,18,0,0,0
TXN0006542,USR03359,MER0033,4594.24,UPI,iOS,0,0,2,5932.44,0,0.2834,997,9,1,0,0
TXN0006543,USR01095,MER0363,1820.57,Card,iOS,0,0,1,2316.8,0,0.0851,728,17,1,0,0
TXN0006544,USR02082,MER0379,545.89,UPI,Android,0,0,1,527.46,0,0.0501,1706,0,1,0,0
TXN0006545,USR00607,MER0464,2676.9,UPI,iOS,0,1,1,1287.47,1,0.0615,518,22,0,0,0
TXN0006546,USR02246,MER0461,5363.92,UPI,iOS,0,0,2,2898.66,0,0.1108,763,8,0,0,0
TXN0006547,USR02416,MER0052,2591.96,UPI,Android,0,0,2,2702.47,0,0.4522,1575,7,1,0,1
TXN0006548,USR02485,MER0311,2902.71,Wallet,Android,0,0,1,1389.75,0,0.4636,384,6,1,0,0
TXN0006549,USR01991,MER0353,5179.8,Wallet,Android,0,1,3,4257.47,0,0.5818,341,9,0,0,1
TXN0006550,USR02465,MER0301,4855.42,Card,Web,0,0,1,2749.8,0,0.4724,393,17,0,0,0
TXN0006551,USR01943,MER0010,2060.19,Card,Android,0,1,2,4541.36,0,0.333,888,15,0,0,0
TXN0006552,USR02870,MER0023,6481.87,Card,Android,0,0,4,1948.87,0,0.3421,541,20,1,0,0
TXN0006553,USR00629,MER0336,3334.35,Wallet,iOS,0,1,2,2991.35,0,0.1041,193,20,0,0,0
TXN0006554,USR01693,MER0429,245.55,Card,Android,1,1,2,1867.34,1,0.3654,77,8,1,0,0
TXN0006555,USR01458,MER0090,7443.38,UPI,Android,0,0,1,2369.0,0,0.066,960,17,1,0,0
TXN0006556,USR01867,MER0024,805.45,Wallet,Android,0,0,1,843.67,0,0.3091,357,7,0,0,0
TXN0006557,USR00498,MER0203,1173.24,Card,Android,0,1,2,1639.72,0,0.2245,1701,15,0,0,0
TXN0006558,USR01134,MER0157,1465.6,NetBanking,Web,0,0,2,2383.0,0,0.2041,517,16,0,0,0
TXN0006559,USR03340,MER0492,6539.63,Wallet,Android,0,1,4,1117.25,0,0.2553,494,19,0,0,0
TXN0006560,USR00369,MER0463,857.75,UPI,Web,0,0,1,1709.5,0,0.4241,266,17,1,0,0
TXN0006561,USR02224,MER0280,654.52,NetBanking,Web,0,2,2,1042.39,0,0.454,448,7,0,0,0
TXN0006562,USR02327,MER0475,1760.85,UPI,Web,0,0,1,2756.24,0,0.2259,943,14,0,0,0
TXN0006563,USR01661,MER0115,9365.6,Card,Android,0,0,2,12151.61,0,0.3534,546,9,0,0,0
TXN0006564,USR00118,MER0496,507.12,Card,Android,0,0,4,772.55,0,0.1735,367,18,1,0,0
TXN0006565,USR00121,MER0224,15731.29,Wallet,iOS,0,2,2,1826.97,0,0.8709,273,22,1,0,1
TXN0006566,USR00965,MER0239,2589.97,Card,Android,0,1,1,2240.01,0,0.1888,1355,16,0,0,0
TXN0006567,USR00359,MER0026,3138.02,UPI,Web,0,0,1,2485.83,0,0.3549,786,19,0,0,0
TXN0006568,USR00330,MER0089,6178.86,UPI,iOS,0,0,2,4184.97,0,0.715,494,19,0,0,0
TXN0006569,USR00561,MER0098,6540.22,Card,Web,1,0,1,7352.19,0,0.7583,825,4,0,0,0
TXN0006570,USR00668,MER0244,2167.96,UPI,Web,1,0,2,4751.25,0,0.2322,166,12,1,0,0
TXN0006571,USR02935,MER0095,4655.2,UPI,Web,1,2,2,1334.1,0,0.0426,155,7,0,1,0
TXN0006572,USR02236,MER0052,6213.06,Card,Android,0,0,2,3349.56,0,0.5177,1051,19,0,0,1
TXN0006573,USR00107,MER0303,3034.01,Card,Web,0,1,3,998.65,1,0.2257,339,11,0,0,0
TXN0006574,USR02200,MER0437,7423.72,UPI,Android,0,1,3,3705.48,0,0.2427,1462,14,0,0,0
TXN0006575,USR00479,MER0035,1134.62,UPI,iOS,0,0,2,1661.58,0,0.2899,1071,18,0,0,0
TXN0006576,USR01474,MER0281,383.7,Wallet,iOS,0,0,1,2187.24,1,0.371,689,6,0,0,0
TXN0006577,USR00134,MER0481,480.98,Card,Android,0,1,1,1225.1,0,0.4611,284,18,0,0,0
TXN0006578,USR00316,MER0203,854.23,Card,Android,0,0,2,567.87,0,0.2228,662,13,1,0,0
TXN0006579,USR00465,MER0092,1616.12,Card,iOS,0,0,1,1828.12,0,0.126,861,19,1,0,0
TXN0006580,USR01517,MER0040,925.13,UPI,Android,0,0,3,1315.83,0,0.0757,2246,7,0,0,0
TXN0006581,USR01621,MER0469,221.17,UPI,iOS,0,0,3,1402.08,0,0.2214,838,11,0,1,0
TXN0006582,USR01235,MER0203,2938.83,Wallet,Android,0,0,3,3118.84,0,0.2552,522,23,0,0,0
TXN0006583,USR02171,MER0053,1759.54,UPI,Android,1,1,1,4030.67,1,0.0394,249,20,1,0,0
TXN0006584,USR02522,MER0434,902.48,UPI,iOS,0,0,1,1598.32,0,0.1803,1067,13,0,0,0
TXN0006585,USR02551,MER0402,4969.1,Card,Android,0,0,5,2832.51,0,0.3134,222,5,0,0,0
TXN0006586,USR02027,MER0352,742.97,Wallet,iOS,0,0,2,1638.66,0,0.2438,461,19,0,1,0
TXN0006587,USR01910,MER0043,1054.67,UPI,Android,0,7,1,2171.65,0,0.3863,370,22,0,0,1
TXN0006588,USR01721,MER0042,3477.0,Card,Web,0,1,1,3198.08,0,0.2829,423,17,0,1,0
TXN0006589,USR00833,MER0110,2517.27,NetBanking,Web,0,1,2,1412.1,0,0.0764,2276,18,0,0,0
TXN0006590,USR01705,MER0080,2765.14,Wallet,iOS,0,5,3,3884.68,0,0.0705,452,18,0,0,0
TXN0006591,USR00036,MER0266,10794.06,Card,Android,0,1,2,3945.6,0,0.1623,1922,18,0,0,0
TXN0006592,USR03383,MER0197,2989.92,UPI,Android,0,0,2,7892.31,0,0.4727,462,21,0,0,0
TXN0006593,USR01296,MER0383,326.22,Card,Android,0,1,2,976.99,0,0.0301,667,12,0,0,0
TXN0006594,USR02648,MER0051,573.61,NetBanking,iOS,0,0,2,1826.65,0,0.0321,555,19,0,0,0
TXN0006595,USR03349,MER0364,534.19,Card,Android,0,0,2,1845.16,0,0.2635,377,8,0,0,0
TXN0006596,USR01740,MER0468,2829.55,NetBanking,Android,0,3,1,2334.51,0,0.3173,776,21,1,0,0
TXN0006597,USR03017,MER0066,616.31,Card,Android,0,0,2,1309.98,0,0.103,964,18,0,0,0
TXN0006598,USR01678,MER0327,177.61,UPI,Android,1,0,2,515.39,0,0.1084,1509,10,0,0,0
TXN0006599,USR00464,MER0255,4045.71,UPI,Web,0,2,1,3235.57,0,0.2477,804,20,1,1,1
TXN0006600,USR00093,MER0048,2943.91,NetBanking,Android,0,0,2,1710.0,0,0.2509,524,8,0,0,0
TXN0006601,USR00475,MER0147,7524.13,UPI,Android,0,0,1,3711.73,0,0.169,706,15,0,0,0
TXN0006602,USR03299,MER0395,5462.28,Card,Android,0,0,1,3057.69,0,0.4193,1563,9,1,0,0
TXN0006603,USR01663,MER0435,259.79,UPI,Android,0,2,1,528.96,0,0.4822,482,22,0,0,0
TXN0006604,USR01118,MER0185,1800.1,UPI,Android,0,0,3,1551.24,0,0.1574,495,19,1,1,0
TXN0006605,USR01562,MER0054,2101.64,Card,iOS,0,1,2,1544.92,0,0.1839,461,16,0,0,0
TXN0006606,USR00896,MER0123,2644.65,UPI,iOS,0,0,1,3913.59,0,0.3784,729,22,1,0,0
TXN0006607,USR03047,MER0422,1346.24,NetBanking,iOS,1,7,1,1256.96,0,0.0023,757,1,0,0,1
TXN0006608,USR03498,MER0285,727.08,UPI,Android,0,0,2,1882.21,0,0.112,939,18,1,0,0
TXN0006609,USR00298,MER0216,1688.19,Wallet,Android,0,0,3,2788.58,0,0.0941,734,12,0,0,0
TXN0006610,USR02516,MER0007,1606.09,UPI,Android,0,0,2,1291.91,0,0.2432,1435,19,0,0,0
TXN0006611,USR01175,MER0392,6202.94,UPI,iOS,0,1,1,2202.5,0,0.3406,710,20,0,0,0
TXN0006612,USR00166,MER0233,11024.67,UPI,Web,0,1,3,5058.65,0,0.192,2224,6,0,0,0
TXN0006613,USR03228,MER0273,1840.68,UPI,Web,0,1,2,1202.4,0,0.1074,613,1,0,0,0
TXN0006614,USR00217,MER0422,710.09,Card,Web,1,0,1,704.87,0,0.0347,811,7,1,0,0
TXN0006615,USR00721,MER0282,5335.08,UPI,Android,0,1,1,5920.79,0,0.0607,250,18,0,0,0
TXN0006616,USR00090,MER0465,1137.21,UPI,Web,0,0,1,3390.06,0,0.2045,334,20,1,0,0
TXN0006617,USR01650,MER0280,2820.16,Wallet,Android,0,0,1,5410.59,0,0.4536,446,22,0,0,0
TXN0006618,USR02099,MER0172,1431.05,Card,Android,1,0,1,2681.74,0,0.8391,131,17,0,0,0
TXN0006619,USR01123,MER0462,4354.51,NetBanking,iOS,0,0,1,3026.44,0,0.3973,1114,1,0,1,0
TXN0006620,USR00251,MER0322,22862.07,Wallet,iOS,0,0,3,2439.84,0,0.3598,851,19,0,0,0
TXN0006621,USR00407,MER0381,3753.43,Card,iOS,0,0,4,2321.78,1,0.3574,90,23,1,0,0
TXN0006622,USR03267,MER0114,3281.73,Card,Web,0,0,1,1472.34,0,0.2888,597,12,0,0,0
TXN0006623,USR02821,MER0336,1175.66,NetBanking,Web,1,1,4,1173.28,0,0.0823,321,6,0,0,0
TXN0006624,USR03280,MER0281,541.98,UPI,iOS,0,0,1,1156.25,0,0.3791,710,6,1,0,0
TXN0006625,USR01858,MER0053,1406.85,Card,iOS,0,0,3,1533.12,0,0.0467,844,4,0,0,0
TXN0006626,USR01912,MER0128,768.87,UPI,Android,0,1,2,1362.13,0,0.5164,816,12,0,0,0
TXN0006627,USR02751,MER0456,11901.61,UPI,Android,0,0,2,7791.35,0,0.073,320,15,0,0,0
TXN0006628,USR02159,MER0286,1846.0,Wallet,Android,0,0,2,2513.22,0,0.2606,1032,20,0,0,0
TXN0006629,USR01528,MER0388,2259.18,UPI,Android,0,1,1,2549.62,0,0.2144,517,19,1,0,0
TXN0006630,USR01022,MER0086,1245.88,UPI,Web,0,0,2,794.88,0,0.0613,388,12,1,0,0
TXN0006631,USR01700,MER0109,5957.0,Card,iOS,0,0,1,10677.67,0,0.417,649,22,0,0,0
TXN0006632,USR00224,MER0471,14242.67,Wallet,iOS,0,0,1,7479.6,0,0.2107,412,9,0,0,0
TXN0006633,USR00674,MER0211,480.22,NetBanking,Android,0,2,3,1332.11,0,0.4456,416,7,0,0,0
TXN0006634,USR02582,MER0444,1456.98,Card,iOS,0,1,3,1228.32,1,0.1682,658,22,0,0,0
TXN0006635,USR03039,MER0405,2113.68,UPI,iOS,0,0,2,2372.34,0,0.314,800,12,0,0,0
TXN0006636,USR00357,MER0169,16674.73,Card,Android,0,1,1,9662.07,0,0.3167,1983,8,0,0,0
TXN0006637,USR00340,MER0475,576.86,UPI,Android,0,1,2,1631.33,0,0.2767,775,8,1,0,0
TXN0006638,USR00300,MER0389,671.29,UPI,iOS,0,8,1,2124.67,0,0.0927,1266,6,1,0,0
TXN0006639,USR02771,MER0064,39624.9,Wallet,Android,0,0,2,6079.76,0,0.2392,932,8,1,0,0
TXN0006640,USR01090,MER0048,2727.75,Wallet,iOS,0,1,2,3799.77,0,0.2867,522,18,0,0,0
TXN0006641,USR01144,MER0064,491.57,UPI,Web,0,0,2,551.69,0,0.2634,721,23,0,0,0
TXN0006642,USR00044,MER0371,912.86,UPI,Android,0,1,1,1543.18,0,0.1517,1177,15,1,0,0
TXN0006643,USR03405,MER0072,10017.78,NetBanking,Android,0,0,1,5458.3,0,0.2764,1198,12,1,0,0
TXN0006644,USR01520,MER0142,7165.53,UPI,Android,0,0,1,6072.96,1,0.5325,1203,0,0,0,0
TXN0006645,USR02792,MER0218,2390.34,UPI,Android,0,1,2,2113.11,0,0.2114,1337,8,0,1,0
TXN0006646,USR02477,MER0068,1539.2,UPI,iOS,0,1,1,3756.14,0,0.5959,259,12,0,0,1
TXN0006647,USR00497,MER0166,2198.57,UPI,Android,0,0,2,1610.79,0,0.3801,1034,6,0,0,0
TXN0006648,USR02805,MER0340,1085.17,UPI,Android,0,0,2,2330.6,0,0.4628,452,4,0,1,0
TXN0006649,USR01927,MER0487,777.38,Card,Android,0,1,1,1313.03,0,0.302,3650,4,1,0,0
TXN0006650,USR02116,MER0235,3086.7,UPI,Web,0,0,2,8672.47,0,0.1006,696,22,0,0,0
TXN0006651,USR00702,MER0374,468.21,UPI,Android,0,0,2,550.93,0,0.4863,582,19,0,0,0
TXN0006652,USR02965,MER0266,6147.2,UPI,Android,1,1,2,3002.89,0,0.1488,808,11,0,0,0
TXN0006653,USR03261,MER0234,916.63,UPI,Android,0,0,2,818.51,0,0.4648,419,19,1,0,0
TXN0006654,USR01423,MER0261,4876.19,UPI,Android,0,0,3,7046.1,0,0.2014,1051,11,0,0,0
TXN0006655,USR00324,MER0480,2781.91,Card,Android,0,0,1,2703.52,0,0.2979,1678,7,0,0,0
TXN0006656,USR02971,MER0030,5655.02,UPI,Android,0,1,2,5517.59,0,0.2041,196,23,0,0,0
TXN0006657,USR03106,MER0257,1366.89,UPI,Web,0,1,1,1370.22,0,0.2177,473,10,0,0,0
TXN0006658,USR01773,MER0026,2338.21,NetBanking,Web,1,1,2,2163.45,0,0.3502,281,19,0,0,0
TXN0006659,USR02028,MER0438,2216.93,UPI,iOS,0,0,2,4927.94,0,0.0613,546,20,0,0,0
TXN0006660,USR00781,MER0301,2223.94,Wallet,Web,0,0,2,2165.33,0,0.4319,957,17,1,0,0
TXN0006661,USR00237,MER0024,224.84,NetBanking,Android,0,0,2,836.44,1,0.2583,612,9,0,0,0
TXN0006662,USR03305,MER0312,2752.56,UPI,Web,0,1,3,1911.87,0,0.2837,95,19,0,0,0
TXN0006663,USR01691,MER0218,1614.81,UPI,Web,0,0,1,3755.4,0,0.2475,369,5,0,0,0
TXN0006664,USR00963,MER0024,3830.1,UPI,iOS,0,0,2,1724.65,0,0.3308,1005,7,0,0,0
TXN0006665,USR02427,MER0490,2816.36,Wallet,Android,0,1,2,1764.24,0,0.3441,579,13,0,1,0
TXN0006666,USR00092,MER0190,36719.36,Card,iOS,0,1,1,11561.94,0,0.123,360,13,0,1,1
TXN0006667,USR00280,MER0012,350.46,UPI,Web,0,1,2,1199.29,0,0.3449,1025,4,0,0,0
TXN0006668,USR00850,MER0307,1041.35,UPI,Android,0,0,1,2597.29,0,0.5589,372,15,0,0,0
TXN0006669,USR01578,MER0188,1744.12,UPI,Android,1,0,1,1478.36,0,0.0586,923,10,0,0,0
TXN0006670,USR01284,MER0329,5776.46,Card,Android,1,1,1,3889.64,0,0.0884,262,17,0,0,0
TXN0006671,USR00656,MER0082,933.29,Card,iOS,0,1,3,1203.22,0,0.1814,557,22,0,0,0
TXN0006672,USR01230,MER0415,1516.41,UPI,Web,1,1,2,838.34,0,0.1717,149,22,1,0,0
TXN0006673,USR01169,MER0211,741.57,UPI,Android,0,0,2,1383.38,0,0.4618,490,12,0,0,0
TXN0006674,USR01837,MER0211,1184.5,Wallet,Android,0,1,3,1660.47,0,0.4428,624,9,0,0,0
TXN0006675,USR01970,MER0402,3178.87,Wallet,Android,0,0,1,4153.8,1,0.3245,198,20,0,0,0
TXN0006676,USR03091,MER0275,1683.74,UPI,Web,0,0,8,2608.2,0,0.2723,777,15,1,0,0
TXN0006677,USR02824,MER0001,725.43,Card,Android,0,1,2,3069.8,0,0.2457,212,19,0,0,0
TXN0006678,USR01024,MER0290,5113.63,Wallet,Web,0,2,2,5472.14,1,0.1895,832,21,0,0,0
TXN0006679,USR03160,MER0323,3095.38,UPI,Android,1,1,1,3535.0,0,0.2533,505,9,0,0,0
TXN0006680,USR01823,MER0157,5666.07,UPI,Android,0,0,1,2740.67,0,0.2174,716,12,1,0,0
TXN0006681,USR00657,MER0091,1494.73,UPI,Android,0,1,4,3966.27,0,0.3383,134,9,1,0,0
TXN0006682,USR01191,MER0027,728.88,UPI,Android,0,1,2,1214.25,0,0.0586,1123,16,0,0,0
TXN0006683,USR02597,MER0424,14249.25,UPI,Web,0,0,2,6297.74,0,0.5364,357,17,1,0,0
TXN0006684,USR02877,MER0003,1546.7,Wallet,Android,0,1,1,1316.47,0,0.5655,1149,18,0,0,0
TXN0006685,USR01310,MER0292,2382.29,Wallet,iOS,0,0,2,1686.25,0,0.0733,552,16,1,0,0
TXN0006686,USR00552,MER0419,2500.94,Card,Web,0,0,10,1896.85,0,0.2965,358,17,0,0,0
TXN0006687,USR00672,MER0177,6912.76,Wallet,iOS,0,1,1,666.16,0,0.3791,1925,7,0,0,0
TXN0006688,USR00363,MER0101,5062.25,NetBanking,Web,0,1,1,1434.27,0,0.4996,592,16,0,0,0
TXN0006689,USR02446,MER0358,2042.47,Card,Android,0,1,1,2010.23,0,0.2927,645,11,1,1,0
TXN0006690,USR01761,MER0316,686.48,NetBanking,iOS,0,0,1,1494.79,0,0.3011,115,9,0,0,0
TXN0006691,USR01580,MER0008,5810.74,NetBanking,Android,0,0,1,3856.55,0,0.1856,749,14,1,0,0
TXN0006692,USR02352,MER0289,5365.87,UPI,Web,0,0,3,8482.24,0,0.0405,365,21,0,0,0
TXN0006693,USR02901,MER0001,1698.38,NetBanking,iOS,0,1,3,1932.53,0,0.2185,310,19,0,0,0
TXN0006694,USR02785,MER0200,942.1,NetBanking,iOS,0,5,3,758.68,1,0.1515,1010,17,1,0,1
TXN0006695,USR00481,MER0153,434.91,UPI,Android,1,0,2,825.93,0,0.2621,485,21,0,0,0
TXN0006696,USR02064,MER0417,1218.75,Card,iOS,1,1,1,1850.09,0,0.1119,723,20,0,0,0
TXN0006697,USR03089,MER0489,4800.83,UPI,Web,0,0,1,3582.92,0,0.3795,1465,18,0,0,0
TXN0006698,USR02709,MER0350,869.98,UPI,Android,0,0,1,1357.63,0,0.115,381,20,0,1,0
TXN0006699,USR01153,MER0368,14428.63,Card,Android,0,1,1,7526.1,0,0.4255,696,15,0,0,0
TXN0006700,USR01375,MER0012,1303.5,UPI,Android,0,0,2,2787.35,0,0.37,438,11,0,0,0
TXN0006701,USR03116,MER0032,2884.68,Card,Web,0,1,1,6183.41,0,0.486,1189,17,1,0,0
TXN0006702,USR00116,MER0389,6665.53,Card,Android,0,1,1,1776.4,1,0.0927,754,18,0,0,0
TXN0006703,USR01839,MER0215,1246.1,UPI,Android,1,0,1,3942.36,0,0.3542,1056,20,1,0,0
TXN0006704,USR00407,MER0254,2166.47,Card,Web,0,2,2,2321.78,0,0.1726,1516,22,0,0,0
TXN0006705,USR03132,MER0346,7862.01,NetBanking,Android,0,0,1,2179.24,0,0.1668,226,13,0,0,0
TXN0006706,USR00136,MER0174,1312.51,UPI,iOS,1,1,1,1408.5,0,0.1047,615,6,1,0,1
TXN0006707,USR00082,MER0341,5448.64,UPI,iOS,0,1,4,2172.09,1,0.2658,2275,23,0,0,0
TXN0006708,USR01152,MER0364,12678.54,UPI,Android,1,0,1,2206.69,1,0.2521,736,20,0,0,0
TXN0006709,USR00701,MER0121,2338.12,UPI,Android,0,1,1,2470.78,0,0.2575,274,17,1,0,0
TXN0006710,USR01735,MER0344,1755.21,Card,Android,0,0,1,2027.19,0,0.1644,158,13,0,1,0
TXN0006711,USR01049,MER0085,1867.89,UPI,Android,0,1,1,9031.48,0,0.8994,506,19,0,0,0
TXN0006712,USR01248,MER0156,2900.13,Card,Android,0,0,1,3836.32,0,0.2236,915,15,0,0,0
TXN0006713,USR01978,MER0391,2435.17,UPI,iOS,0,0,1,2165.86,0,0.5368,346,8,0,0,0
TXN0006714,USR01963,MER0492,3998.77,Wallet,Android,0,0,3,3557.97,0,0.2349,793,8,0,0,0
TXN0006715,USR03273,MER0033,11740.93,UPI,Web,0,1,1,2091.04,0,0.3024,185,17,0,0,0
TXN0006716,USR01683,MER0325,877.44,NetBanking,iOS,0,0,1,753.5,0,0.1207,1189,18,0,0,0
TXN0006717,USR01975,MER0285,3068.14,UPI,Android,0,0,2,2049.03,0,0.1672,646,15,0,0,0
TXN0006718,USR02373,MER0303,1195.68,UPI,iOS,0,1,2,543.32,0,0.1975,810,17,0,0,0
TXN0006719,USR00610,MER0394,3637.03,UPI,Android,0,1,1,2590.9,0,0.9097,160,20,1,1,0
TXN0006720,USR02335,MER0035,1983.37,Card,Android,0,1,3,2218.33,0,0.3337,762,20,0,0,0
TXN0006721,USR03017,MER0370,6464.49,NetBanking,Android,1,0,2,1309.98,1,0.3912,553,19,0,0,0
TXN0006722,USR01114,MER0140,999.96,Card,Android,0,1,1,1353.14,0,0.6284,1239,17,1,1,0
TXN0006723,USR00625,MER0078,1144.57,UPI,iOS,0,0,1,873.89,0,0.3818,707,8,0,0,0
TXN0006724,USR01212,MER0224,796.52,Wallet,Android,0,1,1,946.6,0,0.8724,1219,5,0,0,0
TXN0006725,USR00963,MER0014,10826.7,UPI,Android,0,0,2,1724.65,0,0.1822,270,16,0,0,0
TXN0006726,USR02049,MER0316,2147.16,Card,Web,0,0,2,4667.81,0,0.3343,457,15,0,0,0
TXN0006727,USR03024,MER0283,3033.0,UPI,Android,0,0,2,2868.59,0,0.1582,1653,20,0,0,0
TXN0006728,USR02088,MER0257,4075.03,Wallet,Android,0,1,2,1401.28,0,0.1476,646,7,1,0,0
TXN0006729,USR00440,MER0016,854.92,Wallet,Android,1,0,1,1056.52,0,0.4992,349,8,1,0,0
TXN0006730,USR01102,MER0382,2859.22,UPI,iOS,1,1,1,797.39,0,0.232,203,8,1,0,0
TXN0006731,USR02413,MER0018,2090.43,UPI,iOS,1,1,1,1953.31,0,0.0882,1472,22,0,0,1
TXN0006732,USR01157,MER0132,1078.55,Card,Android,0,2,2,1180.93,0,0.245,33,12,1,0,1
TXN0006733,USR02053,MER0198,2548.63,Card,Android,1,0,3,2463.52,0,0.181,355,11,0,0,0
TXN0006734,USR02430,MER0352,265.56,Card,iOS,0,0,2,349.34,0,0.2629,510,9,0,0,0
TXN0006735,USR01153,MER0204,1720.09,Card,Android,0,0,3,7526.1,0,0.856,433,20,1,0,0
TXN0006736,USR02266,MER0409,18377.78,UPI,Android,0,1,1,10251.42,0,0.238,1246,20,1,0,0
TXN0006737,USR01394,MER0468,25167.01,Card,iOS,1,0,1,5456.35,0,0.2492,1783,8,0,0,1
TXN0006738,USR00473,MER0383,3891.35,UPI,Android,0,1,2,2894.6,0,0.0199,907,12,1,0,0
TXN0006739,USR01303,MER0020,4470.02,Card,Android,0,0,1,3182.42,0,0.494,541,17,0,0,0
TXN0006740,USR01544,MER0386,5969.46,UPI,iOS,0,0,2,1542.27,0,0.1597,130,12,0,0,0
TXN0006741,USR00009,MER0104,4542.04,UPI,Android,0,0,2,2074.6,0,0.0546,478,12,0,0,0
TXN0006742,USR03125,MER0445,9033.68,Wallet,Android,0,0,1,9769.21,0,0.4813,1238,19,1,0,0
TXN0006743,USR01848,MER0490,3085.83,UPI,Web,1,1,1,2676.27,0,0.3139,654,19,0,0,0
TXN0006744,USR00128,MER0043,329.83,Card,Android,0,0,3,1070.12,0,0.4688,805,21,0,0,0
TXN0006745,USR03038,MER0050,1072.24,Wallet,iOS,0,1,3,1650.17,0,0.3254,622,12,1,0,0
TXN0006746,USR02994,MER0349,2731.07,Card,Android,0,0,2,2203.83,0,0.2379,448,23,0,0,0
TXN0006747,USR00043,MER0072,2395.06,Wallet,Web,0,0,3,1310.25,0,0.2851,522,10,0,0,0
TXN0006748,USR00572,MER0485,2678.3,Wallet,iOS,0,1,2,1436.24,0,0.1803,1142,15,0,0,0
TXN0006749,USR01274,MER0271,737.62,Card,Android,0,0,1,2417.39,0,0.3824,400,22,1,0,0
TXN0006750,USR01776,MER0287,579.92,UPI,Android,0,0,2,1766.73,0,0.0863,392,20,0,0,0
TXN0006751,USR02541,MER0431,1864.84,UPI,Android,0,1,1,1287.36,0,0.1694,273,17,0,0,0
TXN0006752,USR01486,MER0109,1124.09,UPI,Web,0,0,4,2023.19,0,0.4017,955,11,0,0,0
TXN0006753,USR02142,MER0278,4909.55,UPI,iOS,0,0,10,2710.34,1,0.1357,404,15,0,0,0
TXN0006754,USR00036,MER0500,1160.53,UPI,iOS,0,2,3,3945.6,0,0.1742,509,16,0,0,0
TXN0006755,USR02305,MER0012,1837.87,UPI,Web,0,0,1,2073.96,0,0.3569,267,19,0,0,0
TXN0006756,USR03204,MER0088,2573.52,UPI,Android,0,0,1,2772.99,0,0.1439,143,16,1,0,0
TXN0006757,USR01842,MER0074,2037.51,UPI,Android,0,0,1,1515.57,0,0.23,481,21,0,0,0
TXN0006758,USR01593,MER0168,985.42,UPI,Web,0,2,2,2176.57,0,0.1576,176,12,1,0,0
TXN0006759,USR01040,MER0065,811.33,UPI,Web,1,1,2,3514.83,0,0.1078,1235,15,0,0,1
TXN0006760,USR03340,MER0087,1202.24,Card,Android,0,1,1,1117.25,0,0.1655,534,0,0,0,0
TXN0006761,USR00117,MER0427,2847.92,NetBanking,Android,0,1,12,2049.42,0,0.2093,1012,9,0,1,0
TXN0006762,USR01004,MER0233,13231.94,Card,Android,0,1,1,6734.65,0,0.1239,1161,13,0,0,0
TXN0006763,USR00486,MER0180,1346.79,NetBanking,iOS,0,1,1,1832.87,0,0.358,1047,18,0,0,0
TXN0006764,USR03032,MER0210,4187.89,UPI,iOS,0,0,3,2518.61,0,0.4491,58,8,1,0,0
TXN0006765,USR01690,MER0486,2870.13,Wallet,iOS,0,0,1,2126.76,0,0.274,653,7,0,0,0
TXN0006766,USR03229,MER0246,2625.87,UPI,Web,0,0,1,1065.33,1,0.4218,513,11,0,0,0
TXN0006767,USR02329,MER0235,1271.95,Card,Android,0,0,1,1391.57,1,0.1273,220,18,0,0,0
TXN0006768,USR01949,MER0464,172.36,Card,Web,0,1,1,629.61,0,0.104,608,17,0,0,0
TXN0006769,USR01812,MER0019,2468.3,Wallet,Android,0,0,1,2724.39,0,0.0462,475,12,0,0,0
TXN0006770,USR00710,MER0240,4856.32,UPI,Android,0,0,1,4790.31,0,0.542,643,15,1,1,0
TXN0006771,USR01968,MER0375,3572.87,UPI,Web,0,1,1,2586.41,1,0.5092,1938,16,0,0,0
TXN0006772,USR02399,MER0258,652.35,Wallet,Web,0,1,10,2067.54,0,0.2588,1039,20,0,0,0
TXN0006773,USR03379,MER0435,1431.29,Card,Web,0,0,2,1883.72,0,0.4735,601,15,0,0,0
TXN0006774,USR01922,MER0444,2510.71,UPI,Web,1,0,1,1412.74,0,0.1245,932,11,1,0,0
TXN0006775,USR03286,MER0169,2539.21,UPI,Android,0,2,2,2877.13,0,0.2404,439,11,0,0,0
TXN0006776,USR03306,MER0409,2575.01,UPI,Android,0,1,2,3373.61,0,0.2708,999,12,1,0,0
TXN0006777,USR01829,MER0122,6328.23,UPI,Android,0,0,1,1686.18,0,0.2929,721,20,0,0,0
TXN0006778,USR01538,MER0120,1576.15,Card,Android,0,1,1,3580.1,0,0.2079,109,16,0,0,0
TXN0006779,USR00500,MER0489,3606.69,UPI,Web,0,0,3,1560.36,0,0.3932,444,10,0,0,0
TXN0006780,USR00940,MER0007,2355.88,Wallet,Android,0,1,1,1187.22,0,0.2258,1219,21,1,0,0
TXN0006781,USR03077,MER0177,1183.61,Card,Android,0,0,1,1463.29,1,0.3378,646,14,0,0,0
TXN0006782,USR00485,MER0315,636.37,UPI,iOS,0,1,9,685.03,0,0.0644,347,12,1,0,0
TXN0006783,USR01390,MER0207,625.29,UPI,iOS,0,0,1,674.83,0,0.1457,1297,16,1,0,0
TXN0006784,USR02446,MER0423,2179.84,Wallet,Android,0,0,3,2010.23,0,0.4065,1092,19,0,0,0
TXN0006785,USR00843,MER0126,2377.02,NetBanking,Web,0,0,2,3834.03,0,0.2458,867,13,0,0,0
TXN0006786,USR03410,MER0277,2010.26,NetBanking,Android,0,0,4,2876.38,0,0.4169,1191,22,0,0,0
TXN0006787,USR02274,MER0063,12073.13,Card,iOS,0,0,3,1711.63,0,0.4098,80,22,1,0,0
TXN0006788,USR00100,MER0106,780.57,NetBanking,Android,0,1,1,1035.66,0,0.0719,380,11,0,0,0
TXN0006789,USR00866,MER0087,2253.97,UPI,iOS,0,0,2,2963.7,0,0.1923,782,10,1,0,0
TXN0006790,USR02592,MER0371,363.82,UPI,Android,1,1,1,1919.93,0,0.177,1035,9,0,0,0
TXN0006791,USR03022,MER0102,2775.56,UPI,iOS,0,1,8,2719.77,0,0.2102,577,9,0,0,0
TXN0006792,USR03245,MER0335,822.25,Card,Android,0,1,1,1263.73,0,0.0763,309,19,1,0,0
TXN0006793,USR02980,MER0173,1075.97,UPI,Android,0,0,1,4337.63,0,0.2835,354,14,1,0,0
TXN0006794,USR00262,MER0283,2954.41,Card,Android,0,0,3,3996.17,0,0.1311,726,6,0,0,0
TXN0006795,USR02554,MER0437,627.63,UPI,Web,0,0,2,868.04,0,0.25,201,7,1,0,0
TXN0006796,USR00386,MER0432,5350.22,Card,Android,0,1,1,2245.57,0,0.0993,338,11,0,0,0
TXN0006797,USR00268,MER0006,1731.19,Wallet,Android,0,1,3,2683.31,0,0.196,635,11,0,0,0
TXN0006798,USR02422,MER0393,5592.72,Card,iOS,0,1,3,3635.17,0,0.2294,712,8,0,0,0
TXN0006799,USR01674,MER0478,4469.65,UPI,Web,0,0,1,1736.18,0,0.3864,761,18,0,0,0
TXN0006800,USR02268,MER0334,1136.95,UPI,iOS,0,0,1,1878.66,0,0.4558,249,21,1,0,0
TXN0006801,USR02981,MER0094,3375.83,UPI,Web,1,0,1,3672.37,0,0.1297,855,17,0,0,0
TXN0006802,USR00241,MER0333,8039.78,Card,Web,0,1,3,2434.51,0,0.454,500,18,0,0,0
TXN0006803,USR01847,MER0319,4931.56,UPI,Web,0,1,1,4396.43,0,0.0407,548,16,1,0,0
TXN0006804,USR02921,MER0332,6931.23,Wallet,Android,0,1,1,5567.45,0,0.0,691,18,1,0,0
TXN0006805,USR01542,MER0215,2959.55,NetBanking,Android,0,0,1,1054.12,1,0.2618,754,19,1,0,0
TXN0006806,USR01832,MER0263,2538.06,UPI,Android,0,2,6,1626.98,0,0.0,347,19,1,0,0
TXN0006807,USR01743,MER0326,4130.93,UPI,Web,0,0,1,4468.46,0,0.3457,905,1,0,0,0
TXN0006808,USR03176,MER0232,215.34,UPI,Web,0,0,2,846.7,0,0.0462,767,2,0,0,0
TXN0006809,USR00175,MER0387,3474.97,Wallet,Android,1,3,2,4717.85,0,0.7955,908,17,0,0,1
TXN0006810,USR03073,MER0355,1214.56,UPI,iOS,0,0,2,2992.98,0,0.0247,541,17,0,0,0
TXN0006811,USR02858,MER0152,2798.8,Card,Android,0,0,1,2713.87,0,0.0977,1303,0,0,0,0
TXN0006812,USR02844,MER0306,335.66,UPI,Web,0,1,2,682.82,0,0.1624,1362,14,0,0,0
TXN0006813,USR01444,MER0379,2560.64,UPI,Android,0,1,1,1907.9,0,0.0206,583,16,0,1,0
TXN0006814,USR01806,MER0245,1606.64,Card,iOS,0,0,2,1635.45,1,0.0465,595,16,1,0,0
TXN0006815,USR01292,MER0358,969.31,UPI,Android,0,0,10,2502.76,0,0.2498,334,7,0,0,0
TXN0006816,USR00881,MER0064,9817.81,Wallet,Android,0,7,1,14714.38,0,0.2216,332,6,0,0,0
TXN0006817,USR03065,MER0194,2011.1,UPI,Web,0,0,2,1352.4,0,0.5988,546,11,1,0,0
TXN0006818,USR01771,MER0351,4320.26,Card,Android,0,1,1,1987.27,0,0.2325,676,14,1,0,0
TXN0006819,USR02532,MER0448,3507.77,NetBanking,Android,0,1,1,7061.97,0,0.1498,583,22,1,0,0
TXN0006820,USR00353,MER0323,234.0,UPI,Android,0,0,1,542.12,0,0.2858,90,7,0,1,0
TXN0006821,USR02762,MER0332,20450.53,Card,Android,1,0,2,5276.69,0,0.0407,821,20,0,1,0
TXN0006822,USR02306,MER0172,3972.34,Card,Android,0,0,1,4205.48,0,0.8502,679,4,0,0,0
TXN0006823,USR03492,MER0351,2334.66,UPI,Android,0,0,1,2297.93,0,0.2253,240,21,0,0,0
TXN0006824,USR00469,MER0179,632.47,Card,iOS,0,0,2,1132.3,0,0.0648,578,19,0,0,0
TXN0006825,USR01891,MER0027,2780.06,UPI,Android,0,0,6,2503.06,0,0.096,364,17,0,0,0
TXN0006826,USR01790,MER0124,3218.96,Wallet,Web,1,1,1,984.31,0,0.0159,425,16,1,0,0
TXN0006827,USR01885,MER0306,4735.32,Card,Android,0,1,2,4145.01,0,0.1948,255,21,1,0,0
TXN0006828,USR00191,MER0481,3813.85,UPI,iOS,0,1,1,1862.4,0,0.4218,745,18,0,0,0
TXN0006829,USR01656,MER0248,4763.18,Card,Web,0,1,3,4903.98,0,0.0817,903,20,0,0,0
TXN0006830,USR01049,MER0431,4104.72,Card,iOS,0,0,1,9031.48,0,0.1367,435,16,1,0,0
TXN0006831,USR02161,MER0390,3213.34,UPI,iOS,0,0,4,5524.76,0,0.2373,1638,13,0,0,0
TXN0006832,USR00813,MER0281,1161.05,UPI,Android,0,1,2,2729.56,0,0.3388,508,18,0,0,0
TXN0006833,USR01523,MER0403,1038.73,UPI,Android,0,0,1,933.5,0,0.4485,1375,0,1,0,0
TXN0006834,USR02171,MER0201,9254.7,Wallet,iOS,0,1,2,4030.67,0,0.2618,116,19,1,0,0
TXN0006835,USR00225,MER0222,2206.13,UPI,iOS,0,1,1,2065.38,1,0.0,457,15,1,0,0
TXN0006836,USR02754,MER0369,1463.95,UPI,Android,0,0,1,1920.79,0,0.134,627,3,1,0,0
TXN0006837,USR02506,MER0320,314.13,UPI,Web,0,0,2,583.09,0,0.304,369,21,1,0,0
TXN0006838,USR00201,MER0264,2722.11,UPI,Android,0,0,1,2215.52,0,0.1536,1555,14,0,0,0
TXN0006839,USR00227,MER0217,851.76,UPI,Web,0,0,2,2183.67,0,0.8132,1339,20,1,0,0
TXN0006840,USR02976,MER0488,2945.2,UPI,Web,0,1,1,7005.75,0,0.1607,1093,15,1,0,0
TXN0006841,USR00992,MER0033,1774.24,UPI,iOS,0,1,2,975.56,0,0.2327,205,20,0,0,0
TXN0006842,USR03013,MER0028,2194.46,UPI,Android,1,0,1,2817.66,0,0.2392,776,19,0,1,0
TXN0006843,USR01748,MER0240,1160.59,Wallet,iOS,0,0,3,1511.49,1,0.486,1468,12,1,0,0
TXN0006844,USR01198,MER0018,1442.12,Card,iOS,0,0,3,1712.3,0,0.0964,604,17,0,0,0
TXN0006845,USR00958,MER0171,6873.67,Card,iOS,0,0,3,4284.78,0,0.1769,586,21,0,0,0
TXN0006846,USR02307,MER0285,13929.73,UPI,Android,0,0,2,1419.3,0,0.1502,265,21,0,0,0
TXN0006847,USR00385,MER0203,1367.47,NetBanking,Android,0,1,1,2454.64,0,0.1881,254,11,0,1,0
TXN0006848,USR01410,MER0102,631.94,UPI,iOS,0,0,1,1105.33,0,0.1982,631,17,0,0,0
TXN0006849,USR01211,MER0143,2716.16,Card,iOS,1,0,3,3286.09,1,0.1493,2060,8,0,0,0
TXN0006850,USR00540,MER0303,78915.01,Card,Web,0,0,1,7504.68,0,0.2481,1233,19,0,0,0
TXN0006851,USR01235,MER0476,2891.85,UPI,Android,0,0,3,3118.84,0,0.1619,113,20,1,0,0
TXN0006852,USR01851,MER0391,6310.1,UPI,Android,0,0,1,7255.68,0,0.4545,1671,14,0,0,0
TXN0006853,USR02372,MER0274,5552.01,Card,iOS,0,2,5,5645.37,0,0.041,729,11,1,0,0
TXN0006854,USR00303,MER0070,2013.28,Card,Web,0,1,1,2172.43,0,0.0326,548,20,1,0,0
TXN0006855,USR03054,MER0122,830.79,NetBanking,Android,0,0,2,1531.88,0,0.2893,152,17,1,1,0
TXN0006856,USR03075,MER0221,4469.31,Card,Android,0,0,3,2117.33,1,0.1706,559,4,1,0,0
TXN0006857,USR02422,MER0124,2443.41,NetBanking,Web,0,1,2,3635.17,0,0.0383,712,22,1,0,0
TXN0006858,USR03236,MER0345,3885.58,Card,Android,0,1,3,3721.89,1,0.0453,1892,17,1,0,0
TXN0006859,USR01498,MER0184,946.18,Card,Android,0,0,1,4384.69,0,0.3753,1118,9,0,0,0
TXN0006860,USR02876,MER0417,2067.91,NetBanking,Web,0,1,3,2538.22,0,0.1027,455,12,1,0,0
TXN0006861,USR02546,MER0135,1928.96,Wallet,iOS,1,1,2,4475.8,0,0.2081,1033,8,1,0,0
TXN0006862,USR01969,MER0249,2254.07,UPI,Android,0,0,1,4795.28,0,0.22,1071,8,0,0,0
TXN0006863,USR00629,MER0358,16276.12,Card,Web,0,0,2,2991.35,0,0.2006,108,11,0,0,0
TXN0006864,USR01952,MER0104,6152.86,UPI,Web,0,0,2,5404.64,0,0.0182,388,20,0,0,0
TXN0006865,USR03155,MER0381,2668.13,NetBanking,Web,0,1,1,1160.26,0,0.4344,445,18,0,0,0
TXN0006866,USR03447,MER0293,2732.95,Card,Android,0,4,1,1552.03,0,0.2186,1818,23,1,0,0
TXN0006867,USR01569,MER0324,65340.48,UPI,iOS,0,1,1,4124.11,0,0.0984,745,15,0,0,0
TXN0006868,USR00868,MER0228,1215.54,NetBanking,Android,1,0,3,1474.8,0,0.1204,1068,3,1,0,0
TXN0006869,USR02617,MER0468,4459.85,UPI,Android,0,2,3,1474.77,0,0.2523,306,11,0,1,0
TXN0006870,USR00266,MER0386,2969.42,UPI,iOS,1,0,2,1696.82,0,0.1378,536,11,1,0,0
TXN0006871,USR00529,MER0097,3996.55,UPI,Android,0,0,6,4078.26,0,0.1601,636,7,0,0,0
TXN0006872,USR01967,MER0278,2591.27,UPI,Android,0,1,3,2253.71,0,0.1103,179,19,0,0,0
TXN0006873,USR03466,MER0452,437.61,UPI,Android,0,0,2,507.64,0,0.0598,1161,13,0,0,0
TXN0006874,USR01151,MER0140,5306.55,Card,Android,0,1,2,829.5,0,0.6803,252,22,1,0,0
TXN0006875,USR01552,MER0269,2418.24,UPI,Web,0,0,2,2623.3,0,0.4422,668,17,1,0,0
TXN0006876,USR01129,MER0378,4527.3,NetBanking,Web,0,0,1,3616.2,0,0.1825,1942,9,0,0,0
TXN0006877,USR01542,MER0137,3509.55,UPI,Android,0,0,1,1054.12,0,0.1902,1144,13,0,0,0
TXN0006878,USR00025,MER0259,1103.43,UPI,iOS,0,0,3,2762.62,0,0.4312,351,13,0,0,0
TXN0006879,USR02082,MER0277,1142.04,UPI,Web,0,0,1,527.46,0,0.3866,338,12,0,0,1
TXN0006880,USR02087,MER0089,1346.72,UPI,Android,1,1,2,1845.59,0,0.6919,572,12,1,0,0
TXN0006881,USR01105,MER0089,2128.53,Card,iOS,0,0,1,896.98,0,0.7383,274,17,0,0,1
TXN0006882,USR00925,MER0282,1427.86,NetBanking,Android,1,1,7,1908.39,0,0.0041,166,7,0,0,0
TXN0006883,USR02666,MER0090,733.06,UPI,Web,0,1,12,572.52,0,0.042,689,17,0,0,0
TXN0006884,USR00658,MER0475,3455.97,UPI,Android,1,0,2,4073.37,0,0.1978,735,20,0,0,0
TXN0006885,USR00165,MER0262,2441.62,UPI,iOS,0,0,1,8923.48,0,0.4556,423,8,0,0,0
TXN0006886,USR00142,MER0353,2435.15,Card,Android,0,0,2,731.94,0,0.5892,469,16,0,1,0
TXN0006887,USR03087,MER0199,1018.7,UPI,iOS,0,0,8,2111.3,0,0.0949,216,15,0,0,0
TXN0006888,USR01276,MER0150,3329.74,UPI,iOS,0,1,1,3295.31,0,0.3763,882,17,1,0,1
TXN0006889,USR00357,MER0244,4307.96,Card,Android,0,1,2,9662.07,0,0.2386,648,8,0,0,0
TXN0006890,USR03077,MER0356,531.55,Wallet,Web,0,0,1,1463.29,0,0.3912,922,16,0,0,0
TXN0006891,USR00521,MER0199,2558.63,UPI,Android,0,1,2,3117.49,0,0.1853,1763,17,0,1,1
TXN0006892,USR01179,MER0142,1048.83,Card,Android,0,0,1,1690.47,0,0.5087,221,8,0,0,0
TXN0006893,USR00073,MER0072,1433.71,Card,Web,0,0,2,727.18,0,0.2799,345,9,0,0,0
TXN0006894,USR02377,MER0272,663.78,UPI,Android,0,1,2,715.84,0,0.5327,1218,10,0,0,0
TXN0006895,USR02448,MER0340,1306.88,Card,Android,0,0,4,3993.3,0,0.4663,276,20,1,0,0
TXN0006896,USR02648,MER0264,16768.31,UPI,Android,0,1,1,1826.65,0,0.2063,611,13,0,0,0
TXN0006897,USR00921,MER0128,1457.72,UPI,Android,0,1,3,1679.59,0,0.5402,725,11,0,0,0
TXN0006898,USR01149,MER0124,455.94,UPI,Web,0,0,3,2859.1,0,0.0118,440,4,1,0,0
TXN0006899,USR03284,MER0189,2337.92,Card,iOS,0,0,2,3581.93,0,0.2206,1533,10,1,0,0
TXN0006900,USR02876,MER0174,3382.85,Card,Android,0,0,2,2538.22,0,0.082,728,19,1,0,0
TXN0006901,USR00131,MER0102,602.58,Wallet,Android,0,2,4,1362.37,0,0.1817,403,21,0,0,0
TXN0006902,USR02422,MER0472,4998.55,UPI,iOS,0,0,1,3635.17,0,0.0,898,19,0,0,0
TXN0006903,USR02845,MER0165,2256.98,Card,iOS,0,0,2,1737.59,0,0.1441,533,20,0,0,0
TXN0006904,USR01958,MER0126,720.68,NetBanking,Android,1,0,1,1576.48,0,0.2241,2008,15,1,0,0
TXN0006905,USR02240,MER0304,1533.99,UPI,Android,0,0,3,1626.96,1,0.877,764,15,0,0,0
TXN0006906,USR00004,MER0401,2503.5,Card,Web,0,2,3,1453.1,0,0.1939,82,9,1,1,0
TXN0006907,USR00106,MER0233,929.48,Card,Android,0,2,1,1836.55,0,0.1309,617,11,0,0,0
TXN0006908,USR00123,MER0334,3626.97,NetBanking,Web,0,1,1,4421.95,0,0.473,1010,22,0,0,0
TXN0006909,USR00557,MER0048,5496.58,Card,Android,0,0,3,2524.27,0,0.264,981,17,1,0,0
TXN0006910,USR03469,MER0267,3241.21,Card,Android,0,0,1,6318.25,0,0.2448,517,10,0,0,0
TXN0006911,USR02221,MER0034,2684.28,Wallet,Android,0,0,1,2027.53,0,0.1144,324,18,0,0,0
TXN0006912,USR02738,MER0069,904.2,NetBanking,Web,0,0,1,2067.43,0,0.955,960,0,0,0,0
TXN0006913,USR01035,MER0296,1506.41,Wallet,Android,0,1,2,1778.23,0,0.4567,2326,20,1,0,1
TXN0006914,USR03282,MER0103,5278.48,UPI,Web,0,1,3,4022.87,0,0.4568,74,14,1,0,0
TXN0006915,USR00697,MER0019,120.92,Card,Web,1,0,4,717.95,0,0.0,470,7,0,0,0
TXN0006916,USR03159,MER0090,1039.37,UPI,Android,0,1,2,1605.33,0,0.065,1157,8,0,0,0
TXN0006917,USR00108,MER0387,6435.47,UPI,Android,0,7,2,4966.45,0,0.8169,1967,19,0,0,0
TXN0006918,USR00072,MER0294,1682.95,Card,Web,0,1,2,1503.72,0,0.2608,567,11,0,0,0
TXN0006919,USR00277,MER0191,1726.46,UPI,Android,0,1,1,2643.72,0,0.128,517,10,0,0,0
TXN0006920,USR02772,MER0487,365.2,Card,Web,0,0,2,850.43,0,0.2949,524,18,0,0,0
TXN0006921,USR00902,MER0193,4821.7,UPI,iOS,0,0,2,3224.03,0,0.1321,1281,21,1,0,0
TXN0006922,USR01580,MER0439,2908.51,Wallet,iOS,0,0,1,3856.55,0,0.0168,355,12,0,1,0
TXN0006923,USR01650,MER0173,7621.77,UPI,Android,0,0,2,5410.59,0,0.3013,1390,19,0,1,0
TXN0006924,USR02764,MER0013,1696.85,UPI,iOS,1,7,1,1356.64,0,0.4867,662,0,0,0,1
TXN0006925,USR01221,MER0056,552.39,Card,Web,0,1,1,801.43,0,0.218,548,2,1,0,0
TXN0006926,USR00024,MER0137,4974.34,Card,iOS,0,1,1,2415.85,0,0.1401,918,10,1,0,0
TXN0006927,USR01353,MER0094,1640.53,Card,Web,0,0,3,2645.61,0,0.0811,1240,7,0,0,0
TXN0006928,USR01009,MER0079,4817.35,Wallet,Android,0,0,2,2149.2,0,0.2353,1005,8,0,1,0
TXN0006929,USR02559,MER0192,6494.16,Wallet,iOS,0,1,2,2636.82,0,0.5341,537,22,0,0,0
TXN0006930,USR02630,MER0488,63541.95,UPI,Android,0,0,1,3548.4,0,0.1674,920,21,0,0,0
TXN0006931,USR00322,MER0101,1274.02,UPI,Android,0,1,3,1525.28,0,0.4912,97,14,1,0,0
TXN0006932,USR02776,MER0118,36858.13,UPI,iOS,0,0,2,6191.51,0,0.0595,507,21,1,0,0
TXN0006933,USR00247,MER0498,2904.84,UPI,iOS,0,1,3,2737.52,0,0.9418,793,18,0,0,0
TXN0006934,USR02170,MER0101,4382.23,Card,Web,0,0,1,3872.88,0,0.5138,1307,20,0,0,0
TXN0006935,USR01363,MER0416,1729.15,UPI,iOS,0,1,2,1846.91,0,0.2781,486,22,1,1,0
TXN0006936,USR01055,MER0311,2413.62,UPI,Android,0,0,3,5723.37,0,0.4407,313,17,0,0,0
TXN0006937,USR01692,MER0464,9956.44,UPI,Web,0,0,1,4119.65,0,0.1195,394,9,1,0,0
TXN0006938,USR01087,MER0279,590.65,Card,Android,0,0,3,937.63,0,0.3416,584,20,0,0,0
TXN0006939,USR02779,MER0297,2167.36,NetBanking,iOS,0,1,1,1175.14,0,0.2916,639,21,0,0,0
TXN0006940,USR03384,MER0113,7893.3,Card,iOS,0,0,1,3600.73,0,0.8722,999,15,0,0,0
TXN0006941,USR02856,MER0288,6412.39,UPI,Android,0,0,1,4365.97,0,0.2322,307,8,0,0,0
TXN0006942,USR01538,MER0336,2069.22,UPI,Android,0,0,1,3580.1,0,0.0367,552,23,0,0,0
TXN0006943,USR01762,MER0494,1440.79,UPI,iOS,0,0,2,1936.27,0,0.9349,968,7,1,0,0
TXN0006944,USR01565,MER0049,406.5,UPI,Web,0,0,3,2936.79,0,0.9888,338,20,0,0,0
TXN0006945,USR02778,MER0079,1456.83,Card,Web,0,0,2,1665.49,0,0.2479,865,12,0,0,0
TXN0006946,USR01934,MER0010,2644.92,NetBanking,Web,0,1,2,1560.0,0,0.3208,362,7,1,0,0
TXN0006947,USR01639,MER0396,5368.09,UPI,Android,0,0,1,1002.78,0,0.2981,117,21,0,0,0
TXN0006948,USR01434,MER0042,848.69,UPI,Android,0,1,2,1364.51,0,0.3363,328,23,0,0,0
TXN0006949,USR01313,MER0458,1289.12,UPI,Android,0,0,2,1679.23,0,0.6137,145,19,0,0,0
TXN0006950,USR01935,MER0183,9154.74,Card,Web,0,1,1,4011.67,0,0.2065,705,17,1,0,0
TXN0006951,USR02412,MER0145,1368.66,NetBanking,Android,0,0,1,1496.27,0,0.1572,453,6,0,0,0
TXN0006952,USR01514,MER0488,13840.76,UPI,iOS,0,1,2,3818.73,0,0.1737,562,12,0,0,1
TXN0006953,USR02824,MER0361,1936.12,Card,Web,0,2,1,3069.8,0,0.2096,581,8,0,0,0
TXN0006954,USR02894,MER0274,1203.42,UPI,iOS,0,0,1,1081.94,0,0.051,915,15,0,0,0
TXN0006955,USR01502,MER0445,575.55,Card,Android,0,0,1,826.65,0,0.4516,807,13,1,0,0
TXN0006956,USR03182,MER0378,17079.6,UPI,Android,0,1,2,4031.97,0,0.2374,817,7,1,0,0
TXN0006957,USR00606,MER0319,3422.45,UPI,iOS,0,1,2,3161.25,0,0.0639,1041,8,1,0,0
TXN0006958,USR03263,MER0161,12285.78,Card,Android,0,0,1,2790.52,1,0.3748,1003,21,0,0,0
TXN0006959,USR01030,MER0494,1230.68,UPI,Android,0,2,12,1750.77,0,0.9292,559,16,0,0,1
TXN0006960,USR01976,MER0360,20851.06,UPI,Android,0,0,2,7297.62,0,0.4835,1683,15,1,0,0
TXN0006961,USR00993,MER0473,1436.43,UPI,Web,0,6,1,1387.08,0,0.3348,553,11,0,0,0
TXN0006962,USR01548,MER0484,1544.32,UPI,Web,0,1,2,888.86,0,0.3125,555,19,0,0,0
TXN0006963,USR01191,MER0275,479.95,Card,iOS,0,0,1,1214.25,0,0.2201,439,14,0,0,0
TXN0006964,USR02469,MER0179,1790.85,UPI,Android,1,1,3,1464.97,0,0.0912,376,7,0,0,0
TXN0006965,USR00285,MER0474,393.23,Card,Android,0,0,1,892.63,0,0.185,216,7,0,1,0
TXN0006966,USR02935,MER0500,1527.1,Card,Android,0,0,1,1334.1,0,0.2261,385,2,0,0,0
TXN0006967,USR03164,MER0061,1195.0,UPI,Web,0,0,2,3748.61,0,0.2939,393,16,1,0,0
TXN0006968,USR01971,MER0320,1201.28,UPI,Android,0,0,2,1351.38,0,0.2925,758,14,0,0,0
TXN0006969,USR01916,MER0302,11397.69,Card,Android,0,0,2,1633.31,0,0.4824,475,10,1,0,0
TXN0006970,USR02450,MER0375,6910.28,Card,iOS,0,0,1,4897.73,1,0.4384,938,1,0,0,0
TXN0006971,USR00697,MER0488,280.89,Card,Web,0,2,1,717.95,0,0.174,258,17,1,0,0
TXN0006972,USR02625,MER0127,695.65,Card,Android,0,0,3,2868.91,0,0.2756,360,14,1,0,0
TXN0006973,USR00766,MER0488,1370.1,Wallet,iOS,0,0,1,1007.11,0,0.1548,1906,13,0,0,0
TXN0006974,USR02368,MER0322,7123.4,Card,Web,0,0,2,2398.69,0,0.3586,548,20,0,0,0
TXN0006975,USR01070,MER0042,1159.29,Wallet,Android,0,1,1,2439.63,0,0.2799,451,19,0,0,0
TXN0006976,USR02612,MER0256,23432.47,Card,Web,1,7,1,5441.16,0,0.054,858,19,0,0,1
TXN0006977,USR02769,MER0067,12920.62,NetBanking,Android,0,2,3,3136.65,1,0.4386,1012,9,1,0,0
TXN0006978,USR00731,MER0479,758.2,Wallet,iOS,0,2,1,962.57,0,0.2896,838,14,0,0,0
TXN0006979,USR02162,MER0382,1690.02,UPI,Android,0,0,1,5466.14,0,0.2634,1192,17,0,1,0
TXN0006980,USR01745,MER0453,4249.7,Card,Android,0,0,1,2566.35,0,0.345,395,8,0,0,0
TXN0006981,USR01030,MER0302,1828.23,UPI,Android,0,1,1,1750.77,0,0.5046,437,13,0,0,0
TXN0006982,USR02059,MER0199,9206.75,NetBanking,Android,0,0,1,3329.22,0,0.1495,620,15,1,0,1
TXN0006983,USR03475,MER0215,2443.48,UPI,iOS,0,7,1,6086.51,0,0.2893,339,5,0,0,0
TXN0006984,USR00009,MER0474,2149.18,Card,Android,1,3,3,2074.6,1,0.1532,921,11,1,1,1
TXN0006985,USR03350,MER0076,1594.69,UPI,iOS,0,0,2,1668.31,0,0.045,295,19,1,0,0
TXN0006986,USR02996,MER0443,19329.14,Wallet,Android,0,0,1,5288.75,0,0.1411,480,8,0,0,0
TXN0006987,USR01853,MER0212,1137.22,NetBanking,iOS,0,0,1,1574.7,0,0.2036,297,22,0,0,0
TXN0006988,USR02136,MER0296,2087.16,Card,Android,0,1,1,2848.94,0,0.4224,1620,8,0,0,0
TXN0006989,USR01293,MER0334,2885.03,UPI,iOS,0,0,2,2674.57,0,0.4329,379,7,0,0,0
TXN0006990,USR00452,MER0042,4635.81,Card,Android,0,1,1,3919.46,0,0.2779,1023,20,0,0,0
TXN0006991,USR02001,MER0075,1447.99,UPI,Android,0,1,1,1269.12,0,0.0698,848,5,0,0,0
TXN0006992,USR02858,MER0081,6151.45,NetBanking,Android,0,4,2,2713.87,0,0.819,627,20,0,0,0
TXN0006993,USR00809,MER0390,1040.48,UPI,iOS,0,1,2,2597.63,0,0.1806,910,12,0,0,0
TXN0006994,USR02510,MER0039,1148.83,Card,Android,1,0,1,4451.13,0,0.25,886,19,0,0,0
TXN0006995,USR02619,MER0306,8985.93,UPI,iOS,0,0,1,4542.35,0,0.2093,976,19,0,0,0
TXN0006996,USR02655,MER0054,620.94,NetBanking,Android,0,0,2,1287.64,0,0.1571,1326,16,1,0,0
TXN0006997,USR01191,MER0384,878.89,Card,Web,1,0,1,1214.25,0,0.2063,1305,5,1,0,0
TXN0006998,USR01373,MER0489,4988.32,NetBanking,Android,0,0,1,8148.31,0,0.3526,91,14,1,0,0
TXN0006999,USR01457,MER0208,687.91,UPI,Android,1,0,1,1141.14,0,0.3032,592,6,1,0,0
TXN0007000,USR02990,MER0107,402.16,Card,iOS,0,0,2,1208.09,0,0.1306,379,5,0,0,0
TXN0007001,USR03152,MER0223,401.5,UPI,Android,0,0,1,636.05,0,0.1788,424,18,1,0,0
TXN0007002,USR01450,MER0346,3124.28,Wallet,Android,0,0,1,2057.9,0,0.1305,169,12,0,0,0
TXN0007003,USR03395,MER0364,764.92,UPI,iOS,0,0,2,806.42,0,0.2593,319,5,0,0,0
TXN0007004,USR01997,MER0319,2183.34,UPI,iOS,0,0,1,1596.17,1,0.1038,1669,13,0,0,0
TXN0007005,USR01348,MER0291,4939.15,Card,Android,0,1,1,7421.44,0,0.0335,885,19,0,0,0
TXN0007006,USR00003,MER0316,3081.0,UPI,Android,0,1,1,1690.81,0,0.3077,362,22,0,0,0
TXN0007007,USR02139,MER0109,609.74,Wallet,Android,0,0,1,924.31,0,0.4109,1061,10,0,0,0
TXN0007008,USR02258,MER0104,550.82,Wallet,Android,0,0,2,2642.75,0,0.1037,1359,19,0,0,0
TXN0007009,USR03390,MER0466,4146.16,Card,iOS,0,1,2,3470.2,0,0.3963,96,17,1,0,0
TXN0007010,USR02514,MER0290,6066.4,Card,Android,1,1,1,3670.21,0,0.1675,204,0,0,0,0
TXN0007011,USR00104,MER0431,554.47,UPI,Web,0,0,1,871.88,0,0.1666,370,16,0,0,0
TXN0007012,USR01985,MER0313,2619.91,UPI,iOS,0,1,3,1161.5,1,0.3564,943,6,0,0,0
TXN0007013,USR02600,MER0228,404.02,Wallet,iOS,0,6,2,783.65,0,0.0795,1570,20,0,0,0
TXN0007014,USR01738,MER0286,2377.33,UPI,Android,0,2,3,1541.96,0,0.2766,1036,13,1,0,0
TXN0007015,USR01503,MER0346,19131.69,NetBanking,Android,0,0,3,5726.52,0,0.1656,411,19,0,0,0
TXN0007016,USR02835,MER0094,2443.98,Card,Android,0,2,1,2502.23,0,0.1248,543,20,1,0,0
TXN0007017,USR02140,MER0232,2650.68,UPI,Android,0,1,1,3280.13,0,0.0442,628,12,1,0,0
TXN0007018,USR02385,MER0362,2269.21,UPI,Android,0,0,2,2574.14,0,0.0606,423,9,0,0,0
TXN0007019,USR01625,MER0044,2573.77,Card,Web,0,1,1,837.78,0,0.1278,43,11,0,0,0
TXN0007020,USR00974,MER0037,1457.73,NetBanking,Web,1,0,1,1146.68,0,0.1429,245,7,0,0,0
TXN0007021,USR01817,MER0081,18801.1,Card,Android,0,0,1,4221.07,0,0.7785,490,13,0,0,0
TXN0007022,USR03357,MER0296,2996.51,Card,Android,0,0,1,2576.39,0,0.4067,472,16,1,0,0
TXN0007023,USR02110,MER0120,699.7,NetBanking,iOS,0,0,2,1177.78,0,0.1998,1362,21,0,0,0
TXN0007024,USR02476,MER0219,2136.08,UPI,iOS,1,0,1,3418.14,0,0.2372,819,17,0,0,0
TXN0007025,USR00435,MER0067,1595.91,UPI,Android,0,0,1,1604.94,0,0.5131,661,13,0,0,0
TXN0007026,USR03458,MER0126,329.99,Wallet,iOS,0,0,2,1508.4,0,0.2327,920,9,0,0,0
TXN0007027,USR00857,MER0009,1940.34,Card,iOS,0,2,1,2871.56,0,0.1785,202,13,0,0,0
TXN0007028,USR03400,MER0404,1997.95,UPI,Android,0,0,2,2909.95,0,0.3999,107,20,1,0,0
TXN0007029,USR01561,MER0234,4147.06,Wallet,iOS,1,0,1,3668.38,0,0.4356,909,10,1,0,0
TXN0007030,USR03217,MER0088,7461.32,UPI,Web,1,3,1,1937.94,0,0.1787,1224,16,0,0,1
TXN0007031,USR03122,MER0264,2176.09,Card,iOS,0,0,2,2199.13,0,0.2025,678,16,0,0,0
TXN0007032,USR02644,MER0467,711.64,Wallet,iOS,0,0,3,2986.59,0,0.846,554,16,0,0,0
TXN0007033,USR03208,MER0413,2300.61,UPI,Android,0,0,2,712.03,0,0.1323,430,13,0,0,0
TXN0007034,USR02134,MER0443,3220.19,Wallet,Android,0,0,1,2802.73,1,0.1917,274,20,1,0,0
TXN0007035,USR02971,MER0204,5611.94,Wallet,iOS,0,0,2,5517.59,1,0.8855,618,19,0,0,0
TXN0007036,USR00603,MER0181,17030.67,UPI,Android,1,1,3,5558.94,0,0.0663,329,16,1,0,0
TXN0007037,USR00246,MER0159,2497.61,UPI,Android,0,1,3,1315.32,0,0.079,672,10,1,0,0
TXN0007038,USR01902,MER0153,2753.26,Wallet,Android,0,1,1,1481.57,0,0.23,696,8,1,0,0
TXN0007039,USR02835,MER0460,2035.71,Card,iOS,0,0,2,2502.23,0,0.0465,2045,18,0,0,0
TXN0007040,USR02679,MER0069,5045.74,UPI,Web,0,1,1,2404.1,0,0.9542,408,10,0,0,0
TXN0007041,USR01848,MER0426,1335.57,UPI,Web,0,0,1,2676.27,0,0.8955,391,14,0,0,0
TXN0007042,USR01824,MER0459,1451.0,UPI,iOS,0,4,2,759.63,0,0.1374,784,22,0,1,0
TXN0007043,USR02135,MER0423,1428.51,Card,Web,1,0,1,1840.38,0,0.3991,670,21,0,0,0
TXN0007044,USR03039,MER0314,795.58,Wallet,Android,1,1,2,2372.34,0,0.1293,588,12,0,1,0
TXN0007045,USR02947,MER0428,3317.75,Card,Android,0,0,1,2275.4,0,0.0173,1696,20,0,0,0
TXN0007046,USR00384,MER0016,2440.85,UPI,Android,0,2,2,938.11,0,0.4489,379,10,1,0,0
TXN0007047,USR02086,MER0409,2467.07,NetBanking,Android,1,0,2,3475.66,1,0.2053,1340,20,1,0,0
TXN0007048,USR01334,MER0256,3160.34,UPI,Android,0,1,2,1078.41,1,0.0993,970,2,0,0,0
TXN0007049,USR02798,MER0480,1047.87,UPI,Android,0,2,2,3629.28,0,0.3144,376,15,0,0,0
TXN0007050,USR01771,MER0043,798.57,NetBanking,Android,0,0,1,1987.27,0,0.4077,293,16,0,1,0
TXN0007051,USR03470,MER0466,4565.53,UPI,Web,0,1,1,5334.41,0,0.3762,697,7,1,0,0
TXN0007052,USR01514,MER0287,2781.44,Card,iOS,0,1,1,3818.73,0,0.1361,2997,17,0,0,0
TXN0007053,USR02377,MER0052,421.21,Wallet,Web,0,1,4,715.84,0,0.4813,636,18,0,0,0
TXN0007054,USR00381,MER0255,1391.29,UPI,Android,1,0,3,1328.41,0,0.2703,1729,13,0,0,1
TXN0007055,USR03264,MER0019,1482.98,Card,Android,0,1,1,2281.06,0,0.0621,112,14,0,0,0
TXN0007056,USR00538,MER0042,1131.22,Wallet,Android,0,1,2,1539.96,0,0.3003,455,18,1,0,0
TXN0007057,USR01325,MER0266,1646.31,UPI,Android,0,0,1,1416.34,0,0.1269,740,8,1,0,0
TXN0007058,USR02932,MER0408,1806.58,Wallet,Android,0,0,3,3071.19,0,0.3788,285,19,1,0,0
TXN0007059,USR03386,MER0055,1138.87,UPI,Android,1,1,2,1292.23,0,0.9236,332,6,0,0,0
TXN0007060,USR01696,MER0132,1233.89,Wallet,Android,0,1,2,2064.65,0,0.2622,229,8,1,0,0
TXN0007061,USR01697,MER0196,530.3,UPI,iOS,0,0,2,1328.09,0,0.2584,104,18,0,0,1
TXN0007062,USR00171,MER0271,14252.83,Card,Web,1,0,4,8645.94,0,0.4087,1543,21,0,0,0
TXN0007063,USR03427,MER0001,6979.11,Card,Android,0,1,3,2145.37,0,0.2699,635,16,0,0,0
TXN0007064,USR00058,MER0320,6352.95,UPI,Android,0,0,3,3103.18,0,0.3235,287,10,1,0,0
TXN0007065,USR00092,MER0249,13964.99,UPI,Android,0,0,1,11561.94,0,0.2344,123,11,0,0,0
TXN0007066,USR01658,MER0482,2211.57,Card,iOS,0,2,3,3689.92,0,0.7836,258,21,1,0,0
TXN0007067,USR00013,MER0151,1458.65,Wallet,Android,0,5,2,1885.31,1,0.1432,633,13,0,0,0
TXN0007068,USR00576,MER0247,4844.33,UPI,Android,0,0,2,2379.17,0,0.1874,258,20,1,0,0
TXN0007069,USR02198,MER0041,219.36,Wallet,Android,0,1,11,1191.99,0,0.3319,75,19,0,0,0
TXN0007070,USR02468,MER0459,2733.77,UPI,Android,0,0,4,3733.06,0,0.1219,320,10,1,0,0
TXN0007071,USR01044,MER0417,2824.6,Card,Android,0,0,1,1750.33,0,0.089,373,6,0,0,0
TXN0007072,USR02784,MER0178,1097.51,Card,iOS,0,0,1,2618.51,0,0.3024,553,17,0,0,0
TXN0007073,USR02128,MER0231,4790.1,Card,Web,0,0,2,3712.52,1,0.2492,755,15,0,0,0
TXN0007074,USR00800,MER0429,2440.39,Card,Web,0,1,3,1955.66,0,0.3811,614,19,0,0,0
TXN0007075,USR02494,MER0148,304.6,UPI,Android,0,0,1,912.43,0,0.1887,822,16,0,0,0
TXN0007076,USR02073,MER0118,2727.0,UPI,Web,0,0,2,2692.79,0,0.0336,182,15,1,0,0
TXN0007077,USR02843,MER0121,596.67,UPI,Android,0,0,1,978.41,0,0.3064,613,23,0,0,0
TXN0007078,USR00541,MER0354,2219.07,Card,Android,1,1,7,1728.92,0,0.1805,1102,22,0,0,0
TXN0007079,USR00808,MER0106,2897.91,UPI,Android,1,0,1,1880.88,0,0.0823,1021,0,0,0,0
TXN0007080,USR01063,MER0045,2928.34,UPI,Android,0,0,2,2309.89,0,0.1168,344,12,0,0,0
TXN0007081,USR01195,MER0083,1508.75,UPI,Web,0,0,1,1505.33,0,0.2053,264,13,0,0,0
TXN0007082,USR03111,MER0494,1121.21,UPI,Web,0,0,2,957.36,0,0.9395,457,13,0,0,0
TXN0007083,USR02564,MER0437,546.27,Card,Android,0,0,3,1339.26,0,0.2746,1129,7,0,0,0
TXN0007084,USR01905,MER0477,3681.99,NetBanking,iOS,0,0,2,3957.43,0,0.0148,659,12,1,0,0
TXN0007085,USR01892,MER0139,1100.2,UPI,Android,0,0,1,2052.3,0,0.1894,2061,10,1,0,0
TXN0007086,USR03101,MER0222,3047.14,UPI,iOS,0,0,1,1524.24,0,0.0,2392,12,0,0,0
TXN0007087,USR01564,MER0246,1615.21,UPI,Android,0,1,4,1038.25,0,0.4076,954,21,1,0,0
TXN0007088,USR00789,MER0262,1313.26,Card,Android,0,1,1,845.88,0,0.4655,1134,13,0,0,0
TXN0007089,USR00480,MER0014,7596.22,Card,iOS,0,0,11,2325.5,0,0.1749,267,19,0,0,0
TXN0007090,USR01156,MER0299,782.11,UPI,Android,1,0,3,1042.71,0,0.3556,348,7,0,0,0
TXN0007091,USR02287,MER0020,1664.43,UPI,Android,0,1,2,2598.07,0,0.4738,648,23,0,0,0
TXN0007092,USR01649,MER0138,1727.34,NetBanking,Web,0,1,4,2342.4,0,0.1624,257,20,1,0,0
TXN0007093,USR01477,MER0147,297.23,Card,Android,0,1,1,990.4,0,0.1975,213,16,0,0,0
TXN0007094,USR01681,MER0338,366.41,Wallet,Android,1,2,1,1153.71,0,0.2063,756,7,0,0,0
TXN0007095,USR03413,MER0449,6541.38,UPI,Android,0,0,3,4397.14,0,0.0485,1063,17,0,0,0
TXN0007096,USR03492,MER0350,800.52,Wallet,iOS,0,0,1,2297.93,0,0.107,1018,7,0,0,0
TXN0007097,USR00565,MER0218,2972.34,Wallet,Android,0,0,2,6775.32,0,0.2336,1170,17,0,1,0
TXN0007098,USR00401,MER0263,2345.31,UPI,Web,0,0,2,2652.91,1,0.0436,257,18,0,0,0
TXN0007099,USR00856,MER0257,1319.21,UPI,Android,0,1,1,1866.07,0,0.2198,274,20,0,0,0
TXN0007100,USR02982,MER0074,15634.23,UPI,iOS,0,0,2,967.42,0,0.2263,214,23,0,0,0
TXN0007101,USR01609,MER0479,1424.99,Wallet,Android,0,0,3,1434.24,0,0.2764,345,17,0,0,0
TXN0007102,USR03023,MER0460,582.39,UPI,Android,0,1,1,1087.93,0,0.0885,490,12,1,0,0
TXN0007103,USR02264,MER0121,4983.55,UPI,Android,0,0,1,2602.74,0,0.2631,866,22,0,0,0
TXN0007104,USR01937,MER0058,3484.89,Card,Android,1,0,3,2167.79,0,0.0871,385,13,1,0,0
TXN0007105,USR00986,MER0083,442.28,Card,iOS,0,0,3,1284.14,0,0.1564,518,20,0,0,0
TXN0007106,USR01205,MER0315,4989.3,UPI,Web,1,0,3,4373.94,0,0.0676,593,12,0,0,0
TXN0007107,USR00518,MER0015,2116.59,UPI,Web,0,1,1,3723.49,0,0.0919,1280,19,0,0,0
TXN0007108,USR01818,MER0052,2013.51,UPI,iOS,0,0,1,3610.03,1,0.4584,103,18,0,0,1
TXN0007109,USR00982,MER0325,15640.12,UPI,Android,0,0,2,4279.3,0,0.1286,196,12,0,0,0
TXN0007110,USR01024,MER0074,5692.48,UPI,Android,0,0,2,5472.14,0,0.2358,660,5,0,0,0
TXN0007111,USR00139,MER0035,1930.98,Wallet,Android,0,1,1,2374.19,0,0.3066,1388,0,0,0,0
TXN0007112,USR02797,MER0011,4384.89,NetBanking,Android,0,0,1,4336.2,0,0.2208,553,15,1,0,0
TXN0007113,USR03288,MER0353,5118.43,Wallet,iOS,0,0,2,2867.37,0,0.6044,2048,21,1,1,0
TXN0007114,USR01744,MER0182,3540.39,UPI,Android,0,2,3,6168.12,0,0.5148,299,7,1,1,0
TXN0007115,USR01877,MER0143,1537.37,UPI,iOS,0,0,2,2368.57,0,0.1081,446,10,1,0,0
TXN0007116,USR03241,MER0320,2309.27,Card,Android,0,1,1,1513.05,0,0.3043,824,21,0,0,0
TXN0007117,USR01791,MER0086,1126.41,UPI,Android,0,0,2,3528.36,0,0.0793,30,19,0,0,0
TXN0007118,USR02180,MER0261,2497.47,NetBanking,Web,0,2,2,1286.5,0,0.1767,1644,16,0,0,0
TXN0007119,USR01499,MER0242,504.1,Wallet,Android,0,0,3,1683.27,1,0.4539,1598,16,1,0,1
TXN0007120,USR01801,MER0338,4828.56,NetBanking,Web,0,0,1,6058.73,0,0.1325,774,14,0,0,0
TXN0007121,USR01827,MER0312,634.93,Wallet,Android,0,0,2,2110.48,0,0.2708,817,16,0,0,0
TXN0007122,USR02489,MER0338,409.58,UPI,Android,0,0,2,921.15,0,0.2207,511,5,0,0,0
TXN0007123,USR02115,MER0107,4966.02,UPI,Android,0,1,2,2050.94,0,0.1406,1220,0,1,0,0
TXN0007124,USR01764,MER0071,5467.15,Wallet,Android,0,1,1,2709.45,0,0.0941,738,13,0,0,0
TXN0007125,USR00266,MER0267,3697.68,Card,Web,0,2,1,1696.82,0,0.2764,669,7,0,0,0
TXN0007126,USR03166,MER0029,223.63,Wallet,Android,1,0,2,667.33,0,0.2939,421,16,0,0,0
TXN0007127,USR03109,MER0228,694.94,UPI,Android,1,0,1,1557.11,0,0.0827,1010,18,0,0,1
TXN0007128,USR00646,MER0313,2946.53,Card,Android,0,0,1,2425.21,0,0.3282,487,20,0,0,0
TXN0007129,USR01027,MER0411,1943.94,Card,Android,0,0,2,1221.02,0,0.1152,1330,15,0,0,0
TXN0007130,USR03407,MER0327,760.6,UPI,iOS,0,0,1,1421.92,0,0.0754,1589,15,0,0,0
TXN0007131,USR01124,MER0498,1545.84,Card,Android,0,2,2,2465.5,0,0.8778,792,15,0,0,0
TXN0007132,USR02843,MER0279,412.14,UPI,iOS,0,0,1,978.41,1,0.3312,667,0,1,0,0
TXN0007133,USR02751,MER0224,24457.84,UPI,Android,1,0,2,7791.35,0,0.9268,490,18,0,0,1
TXN0007134,USR03013,MER0123,1903.96,Card,Web,0,0,1,2817.66,0,0.3482,906,14,0,0,0
TXN0007135,USR00057,MER0337,1021.84,UPI,Android,0,1,2,1050.3,0,0.3949,1378,6,1,0,0
TXN0007136,USR01691,MER0406,3794.0,Wallet,Web,0,1,3,3755.4,0,0.3188,764,15,0,0,0
TXN0007137,USR01980,MER0161,5593.09,UPI,Android,0,0,1,2652.45,0,0.3969,757,17,0,0,0
TXN0007138,USR02931,MER0038,1235.63,Card,iOS,0,0,2,2578.88,0,0.0557,525,16,1,1,0
TXN0007139,USR00786,MER0006,4668.81,UPI,Android,0,0,2,2116.48,0,0.1903,51,12,0,0,0
TXN0007140,USR01074,MER0317,1132.05,Card,Android,0,0,2,2988.3,0,0.0704,698,20,0,0,0
TXN0007141,USR00630,MER0332,3633.51,UPI,Android,0,0,1,1650.17,0,0.0255,1155,10,0,0,0
TXN0007142,USR02667,MER0061,573.95,Wallet,iOS,1,0,2,2074.66,0,0.3563,333,8,1,0,0
TXN0007143,USR03497,MER0012,9446.3,Card,Android,0,1,1,10707.06,0,0.3811,1097,15,0,0,0
TXN0007144,USR00492,MER0328,2058.48,UPI,Android,0,0,2,671.43,0,0.3449,513,4,0,0,1
TXN0007145,USR00816,MER0199,6964.45,Card,iOS,0,0,2,4431.75,0,0.1283,492,7,0,0,0
TXN0007146,USR01075,MER0209,2660.34,UPI,Android,0,0,1,2065.06,0,0.3122,271,11,0,0,0
TXN0007147,USR03112,MER0132,1990.59,UPI,Android,1,0,1,4451.72,0,0.2656,568,0,0,1,0
TXN0007148,USR01561,MER0360,2055.86,UPI,Android,0,0,1,3668.38,0,0.4134,594,7,1,0,0
TXN0007149,USR00987,MER0373,15836.34,Card,Android,1,1,4,6323.94,0,0.6473,986,15,0,0,1
TXN0007150,USR01129,MER0027,4833.19,Card,Web,0,0,3,3616.2,0,0.0705,114,6,0,0,0
TXN0007151,USR02094,MER0045,5755.05,NetBanking,Web,0,1,2,3187.06,0,0.0747,245,9,0,1,0
TXN0007152,USR01355,MER0278,5073.81,UPI,Android,0,0,12,5057.94,0,0.0933,764,15,0,0,1
TXN0007153,USR00492,MER0302,521.42,UPI,Android,0,0,1,671.43,0,0.4442,1112,17,1,0,0
TXN0007154,USR02871,MER0073,11669.96,Card,Web,0,1,2,7064.07,0,0.1869,1007,18,0,0,0
TXN0007155,USR01478,MER0080,853.73,Card,iOS,0,0,1,744.62,1,0.0574,178,1,1,0,0
TXN0007156,USR00899,MER0342,1177.98,UPI,Android,0,2,1,1399.58,0,0.2177,604,6,0,0,0
TXN0007157,USR02550,MER0228,1104.73,UPI,Web,0,3,1,3214.55,1,0.0939,177,12,0,0,0
TXN0007158,USR02609,MER0060,2636.43,NetBanking,Web,1,1,2,1394.61,0,0.2827,462,12,1,0,0
TXN0007159,USR00543,MER0305,2918.77,UPI,Android,0,0,1,2235.23,0,0.2092,263,18,0,0,0
TXN0007160,USR00258,MER0037,1231.41,UPI,Web,0,1,1,2003.04,0,0.121,717,10,1,0,0
TXN0007161,USR00159,MER0116,1941.82,UPI,iOS,1,0,2,873.33,0,0.1589,499,8,0,0,0
TXN0007162,USR02681,MER0357,2801.44,UPI,Web,0,0,1,2470.91,0,0.0,770,16,0,0,0
TXN0007163,USR02191,MER0112,2709.91,UPI,Android,0,0,2,2356.71,1,0.1206,531,11,1,0,0
TXN0007164,USR02773,MER0032,11629.66,UPI,Android,0,2,2,6469.85,0,0.5707,1380,6,1,0,0
TXN0007165,USR02193,MER0480,6436.96,UPI,Android,0,0,1,4181.16,0,0.3262,612,20,0,0,0
TXN0007166,USR01406,MER0113,4350.85,UPI,Android,0,0,1,3702.19,0,0.7962,612,10,0,0,0
TXN0007167,USR02064,MER0258,1536.42,UPI,Android,0,0,2,1850.09,0,0.2088,646,5,0,0,0
TXN0007168,USR02529,MER0413,11523.47,UPI,Android,0,0,1,2904.17,0,0.1163,738,17,0,0,0
TXN0007169,USR01396,MER0495,1768.53,NetBanking,Android,0,1,1,3153.42,0,0.0822,1290,9,0,0,0
TXN0007170,USR03203,MER0405,3071.56,UPI,Web,0,0,1,1887.19,0,0.3346,204,7,0,0,0
TXN0007171,USR03149,MER0170,6281.35,UPI,Android,0,0,1,7014.39,1,0.8307,683,8,0,0,0
TXN0007172,USR02803,MER0428,1488.61,Wallet,Web,0,0,2,1128.0,0,0.0299,2204,22,0,0,0
TXN0007173,USR03473,MER0007,4953.59,Wallet,Android,0,0,2,2142.66,0,0.216,505,12,0,0,0
TXN0007174,USR01367,MER0164,576.71,Card,Android,0,0,2,758.75,0,0.8012,453,17,0,0,0
TXN0007175,USR00400,MER0100,5162.76,UPI,Web,1,1,2,3518.9,0,0.1766,1816,16,0,0,0
TXN0007176,USR01695,MER0265,1549.36,Wallet,Android,0,2,3,1345.33,0,0.2367,1379,12,0,0,0
TXN0007177,USR02611,MER0446,1223.42,Card,Android,0,1,3,2040.89,0,0.2655,818,14,1,0,0
TXN0007178,USR02728,MER0387,3014.57,UPI,Android,0,0,1,1280.98,0,0.7917,235,9,0,0,0
TXN0007179,USR01360,MER0500,8675.56,UPI,iOS,1,0,1,5465.49,0,0.2077,933,8,1,0,0
TXN0007180,USR01025,MER0069,849.29,UPI,Web,0,1,3,1220.82,0,0.9336,598,7,0,0,0
TXN0007181,USR01560,MER0377,9278.46,UPI,Android,0,0,3,4406.62,0,0.1788,779,16,0,0,0
TXN0007182,USR02814,MER0363,2731.94,UPI,Android,0,0,2,5225.95,0,0.1193,426,9,1,0,0
TXN0007183,USR00213,MER0229,1312.02,UPI,Web,0,0,1,1408.32,0,0.631,367,10,0,0,0
TXN0007184,USR01149,MER0049,1996.64,NetBanking,iOS,0,0,2,2859.1,0,0.9028,1834,20,1,0,0
TXN0007185,USR00805,MER0053,6021.45,Wallet,Android,0,0,1,3685.42,0,0.0655,920,16,0,0,0
TXN0007186,USR02821,MER0457,790.12,UPI,iOS,0,1,2,1173.28,0,0.2068,598,10,0,0,0
TXN0007187,USR01644,MER0148,4012.95,UPI,Android,0,0,1,2443.47,0,0.2079,642,23,1,0,0
TXN0007188,USR00304,MER0319,5205.65,Card,iOS,0,1,4,3567.03,0,0.0373,279,20,0,0,0
TXN0007189,USR00917,MER0473,1205.24,UPI,Android,0,0,2,1660.07,0,0.3058,935,9,0,0,1
TXN0007190,USR00156,MER0247,13789.59,Wallet,Android,0,1,1,3882.65,0,0.1352,567,20,0,0,0
TXN0007191,USR01665,MER0105,766.42,NetBanking,Android,0,1,2,1377.88,0,0.2634,1526,23,0,1,0
TXN0007192,USR03492,MER0243,792.57,Card,Web,0,0,2,2297.93,0,0.0516,684,20,1,0,0
TXN0007193,USR01986,MER0115,2801.44,UPI,iOS,0,5,2,1590.01,0,0.3278,2361,8,1,0,1
TXN0007194,USR03044,MER0091,336.03,Wallet,Android,0,0,1,1660.35,0,0.3361,557,13,0,0,1
TXN0007195,USR02600,MER0406,2182.16,UPI,Android,1,0,3,783.65,0,0.2601,1296,16,0,0,0
TXN0007196,USR03090,MER0173,2543.41,UPI,Android,0,0,1,2484.93,0,0.2803,39,16,0,0,0
TXN0007197,USR01089,MER0343,1773.67,Card,Android,0,1,3,5209.47,0,0.3908,837,14,0,0,0
TXN0007198,USR03330,MER0364,1172.32,UPI,iOS,0,0,4,2439.71,0,0.2421,2162,9,1,0,0
TXN0007199,USR00836,MER0275,1099.97,UPI,iOS,0,0,3,3750.27,0,0.2756,605,19,1,0,0
TXN0007200,USR01535,MER0271,3753.72,Card,Android,0,0,2,2995.38,0,0.4293,83,9,0,0,0
TXN0007201,USR02385,MER0091,941.89,UPI,Android,0,0,1,2574.14,0,0.3715,167,8,0,0,0
TXN0007202,USR01004,MER0265,9196.01,UPI,Android,0,0,2,6734.65,0,0.3163,364,15,0,0,0
TXN0007203,USR00926,MER0376,1111.51,Card,Android,0,2,3,1455.27,0,0.4222,1843,23,1,0,1
TXN0007204,USR00456,MER0098,749.72,UPI,iOS,0,0,2,1109.84,0,0.746,324,22,0,0,0
TXN0007205,USR00015,MER0117,2863.85,Wallet,iOS,0,1,2,2086.4,0,0.1034,159,5,0,0,0
TXN0007206,USR01755,MER0346,4153.06,NetBanking,iOS,1,1,2,2786.87,0,0.1198,606,17,0,0,1
TXN0007207,USR03454,MER0491,7783.18,NetBanking,iOS,0,1,1,3585.82,0,0.0948,624,17,0,0,1
TXN0007208,USR00771,MER0197,1267.4,UPI,Web,0,0,1,2102.83,0,0.4567,939,23,1,0,0
TXN0007209,USR01541,MER0415,2889.65,NetBanking,iOS,0,0,12,3103.71,0,0.1384,574,14,0,0,0
TXN0007210,USR03275,MER0092,2199.62,UPI,iOS,1,0,2,3653.62,0,0.1249,478,12,0,0,0
TXN0007211,USR02704,MER0285,2648.17,UPI,Android,0,0,2,2475.69,0,0.1754,928,21,1,0,0
TXN0007212,USR00015,MER0472,1133.23,UPI,Android,0,1,3,2086.4,0,0.004,214,6,0,0,0
TXN0007213,USR01753,MER0221,1157.75,Wallet,Android,0,0,1,1651.74,0,0.1698,509,8,0,0,0
TXN0007214,USR00502,MER0254,1636.44,UPI,Android,0,0,2,2326.13,0,0.1112,1474,20,1,0,0
TXN0007215,USR00865,MER0078,6340.31,Card,iOS,0,6,3,5396.27,0,0.3963,190,11,0,0,0
TXN0007216,USR00863,MER0265,4424.03,Wallet,iOS,0,0,1,4640.97,0,0.2549,858,17,0,0,0
TXN0007217,USR02144,MER0293,2805.4,UPI,Android,0,1,1,2048.3,0,0.2227,1359,12,0,0,0
TXN0007218,USR00697,MER0491,632.3,Wallet,Android,0,1,2,717.95,0,0.0322,1352,9,1,0,0
TXN0007219,USR00882,MER0101,4210.61,UPI,Android,0,0,1,6719.61,0,0.4769,195,18,1,0,0
TXN0007220,USR00791,MER0184,2640.8,UPI,Android,1,0,1,2419.01,0,0.3063,783,20,0,0,0
TXN0007221,USR01250,MER0324,1415.58,UPI,iOS,0,2,2,2880.36,0,0.0964,273,20,0,0,0
TXN0007222,USR02297,MER0472,5885.68,Card,Android,0,0,2,4107.15,0,0.0009,1150,14,0,1,0
TXN0007223,USR01400,MER0119,978.29,UPI,Android,0,0,2,1263.12,0,0.4085,998,6,0,0,0
TXN0007224,USR01147,MER0348,1582.47,Wallet,Android,0,0,3,1435.81,0,0.1715,254,20,0,0,0
TXN0007225,USR01812,MER0440,3036.36,UPI,Web,0,0,2,2724.39,0,0.1733,363,20,0,0,0
TXN0007226,USR02153,MER0317,7413.95,Card,Web,0,1,2,2460.22,0,0.0982,822,7,0,0,0
TXN0007227,USR00054,MER0214,1850.88,UPI,Android,0,0,6,1478.34,0,0.4598,592,18,1,0,0
TXN0007228,USR03116,MER0118,6200.24,UPI,Android,0,0,1,6183.41,0,0.0515,450,19,0,0,0
TXN0007229,USR03208,MER0145,411.42,Card,Web,0,1,2,712.03,0,0.1621,440,20,0,0,0
TXN0007230,USR02109,MER0026,7033.06,Card,Web,0,0,2,4149.15,0,0.2956,199,21,1,0,0
TXN0007231,USR02012,MER0077,1820.9,UPI,iOS,0,0,7,2325.37,0,0.4939,149,22,1,0,0
TXN0007232,USR02431,MER0219,370.11,Card,iOS,0,0,1,1166.96,0,0.241,1371,17,0,0,0
TXN0007233,USR01544,MER0071,1274.81,UPI,iOS,1,1,2,1542.27,0,0.0682,1120,16,0,0,0
TXN0007234,USR01280,MER0006,2105.45,UPI,iOS,0,0,3,1928.33,0,0.1897,1133,10,0,0,0
TXN0007235,USR01235,MER0347,1645.65,UPI,Web,0,1,1,3118.84,0,0.0969,464,16,0,0,0
TXN0007236,USR00560,MER0036,4514.95,Wallet,iOS,0,0,1,5167.99,0,0.1253,481,17,0,0,0
TXN0007237,USR02945,MER0071,1074.11,UPI,iOS,0,1,2,1188.81,0,0.1328,855,19,1,0,0
TXN0007238,USR01123,MER0298,2765.25,UPI,Web,0,0,1,3026.44,0,0.1517,571,17,1,0,0
TXN0007239,USR00996,MER0461,4240.35,UPI,Web,0,0,5,1832.54,0,0.1656,519,19,0,0,0
TXN0007240,USR03375,MER0363,373.35,Card,Android,0,0,1,1009.14,0,0.1147,540,9,0,0,0
TXN0007241,USR01774,MER0017,12898.31,UPI,Web,0,1,1,3135.41,0,0.2127,676,17,0,0,0
TXN0007242,USR02177,MER0084,896.69,UPI,Android,0,0,3,965.22,0,0.1663,281,10,0,0,0
TXN0007243,USR00860,MER0371,4546.04,NetBanking,Android,0,1,1,3147.17,0,0.1389,907,11,0,0,0
TXN0007244,USR00972,MER0367,2331.13,NetBanking,Android,0,0,1,2235.16,1,0.2086,1532,12,1,0,0
TXN0007245,USR02550,MER0196,882.45,UPI,Android,0,0,2,3214.55,0,0.2671,1967,11,0,0,0
TXN0007246,USR01579,MER0475,274.44,Card,Android,0,1,1,617.38,0,0.2647,1402,8,1,0,0
TXN0007247,USR00518,MER0445,2428.28,Wallet,Web,0,0,1,3723.49,0,0.5071,576,21,1,0,0
TXN0007248,USR02925,MER0372,13545.79,NetBanking,Android,1,1,2,6962.91,0,0.5461,957,13,1,0,0
TXN0007249,USR01410,MER0375,388.07,UPI,Web,0,0,3,1105.33,0,0.5,783,20,1,0,0
TXN0007250,USR02340,MER0393,1054.0,Wallet,Android,0,1,1,2051.81,0,0.2276,686,13,1,1,0
TXN0007251,USR01195,MER0075,1612.37,UPI,Android,0,1,3,1505.33,0,0.0512,271,12,0,0,0
TXN0007252,USR01963,MER0351,4757.14,Card,Android,1,0,2,3557.97,0,0.2569,521,22,0,0,0
TXN0007253,USR02715,MER0470,1730.37,Card,Android,0,0,2,1322.57,0,0.1961,49,23,0,0,0
TXN0007254,USR03099,MER0113,2334.17,Card,Web,0,0,1,4983.54,0,0.8453,712,8,0,0,0
TXN0007255,USR00726,MER0008,278.79,NetBanking,Android,0,1,1,926.12,1,0.1727,143,4,0,0,0
TXN0007256,USR02354,MER0181,2110.52,UPI,Android,0,0,2,1505.03,0,0.0641,201,18,0,0,0
TXN0007257,USR03202,MER0135,17733.27,UPI,Web,0,1,4,6643.2,0,0.1923,645,10,1,0,1
TXN0007258,USR02250,MER0475,1035.56,Card,Android,0,0,2,1395.93,0,0.2515,340,18,1,0,0
TXN0007259,USR00501,MER0223,460.3,UPI,Android,0,0,1,1103.29,0,0.1776,923,14,0,0,0
TXN0007260,USR00665,MER0331,1089.6,Card,Android,0,0,2,1561.0,0,0.0778,749,13,0,0,0
TXN0007261,USR00710,MER0491,6051.59,Wallet,iOS,1,0,2,4790.31,0,0.037,1687,12,0,0,0
TXN0007262,USR00373,MER0395,1854.84,Card,Android,0,0,1,2306.35,0,0.3629,1268,18,1,0,0
TXN0007263,USR02639,MER0375,11097.77,Wallet,iOS,0,1,5,4235.77,0,0.5256,310,19,0,0,0
TXN0007264,USR03378,MER0485,3887.65,UPI,iOS,0,0,1,2099.77,0,0.2131,1072,16,0,1,0
TXN0007265,USR01810,MER0345,3383.5,UPI,Android,0,1,2,3114.87,0,0.0569,349,12,1,0,0
TXN0007266,USR02097,MER0116,281.86,Wallet,iOS,0,0,2,1210.19,0,0.165,1079,12,0,0,0
TXN0007267,USR02708,MER0364,507.44,UPI,Web,1,1,2,878.14,0,0.2432,1328,10,0,0,0
TXN0007268,USR01455,MER0161,825.53,Card,Android,0,0,2,1287.68,0,0.3968,345,13,1,0,0
TXN0007269,USR01654,MER0166,2211.59,UPI,Android,1,0,2,3979.97,0,0.3723,782,17,0,0,0
TXN0007270,USR02062,MER0323,2829.71,Card,iOS,0,0,2,2592.91,0,0.2388,1028,12,0,1,0
TXN0007271,USR01067,MER0158,971.55,UPI,iOS,0,0,1,877.13,0,0.1768,264,11,0,0,0
TXN0007272,USR00217,MER0013,200.87,Wallet,Android,0,0,2,704.87,1,0.5157,490,19,1,0,0
TXN0007273,USR01988,MER0500,2317.53,UPI,Web,0,1,1,1365.05,0,0.2295,501,20,1,0,0
TXN0007274,USR02878,MER0286,6109.87,UPI,Android,0,2,1,6349.0,0,0.3105,402,13,0,0,0
TXN0007275,USR00257,MER0336,1592.07,UPI,Android,0,1,2,1293.74,0,0.05,183,21,0,0,0
TXN0007276,USR00759,MER0405,3254.81,UPI,Android,0,0,2,2001.42,0,0.2543,429,10,0,0,0
TXN0007277,USR00921,MER0318,919.73,NetBanking,Web,0,0,2,1679.59,0,0.2358,537,6,0,0,0
TXN0007278,USR02816,MER0306,11428.85,UPI,Android,0,1,2,4853.64,0,0.1771,288,16,0,0,0
TXN0007279,USR01767,MER0396,3491.16,Card,iOS,0,3,3,4064.64,0,0.292,1280,16,1,0,0
TXN0007280,USR01871,MER0148,3658.4,UPI,Web,1,0,2,1294.33,1,0.1712,495,7,0,0,1
TXN0007281,USR02259,MER0415,2522.36,Card,Android,0,0,7,5047.17,0,0.1996,473,14,0,0,0
TXN0007282,USR00969,MER0363,5179.51,UPI,Android,0,0,3,1933.19,1,0.1474,520,10,1,0,0
TXN0007283,USR02498,MER0092,883.06,Card,Web,0,0,1,1779.81,0,0.0739,979,17,0,0,0
TXN0007284,USR00106,MER0074,10946.41,NetBanking,Android,0,0,1,1836.55,0,0.1912,191,17,0,0,0
TXN0007285,USR00399,MER0440,842.99,UPI,Android,0,0,1,1758.61,0,0.136,389,17,0,0,0
TXN0007286,USR02856,MER0448,8886.94,Wallet,iOS,0,2,3,4365.97,0,0.1162,1255,7,0,0,1
TXN0007287,USR02304,MER0497,1960.99,NetBanking,iOS,0,1,2,2676.14,0,0.0804,288,9,0,0,0
TXN0007288,USR00618,MER0051,4112.46,NetBanking,Android,0,0,1,2583.65,0,0.0,556,15,0,0,0
TXN0007289,USR01536,MER0448,2557.34,Card,Web,1,0,1,2768.06,1,0.19,227,11,0,0,0
TXN0007290,USR00182,MER0432,1936.83,Wallet,iOS,0,0,1,4467.1,0,0.0592,1271,15,0,0,0
TXN0007291,USR02352,MER0384,1077.08,UPI,Android,0,0,1,8482.24,0,0.1935,243,8,0,0,0
TXN0007292,USR02646,MER0249,9475.74,Card,Android,0,0,3,1637.67,0,0.1996,190,12,1,0,0
TXN0007293,USR00975,MER0255,959.6,Card,iOS,0,1,2,957.13,0,0.2332,408,19,1,0,0
TXN0007294,USR01226,MER0215,163.63,UPI,Android,0,0,8,1432.13,0,0.2823,151,16,0,0,0
TXN0007295,USR00829,MER0015,1253.15,UPI,Android,0,2,1,1059.49,0,0.1106,595,19,0,0,0
TXN0007296,USR01363,MER0251,2886.42,UPI,Android,0,0,1,1846.91,0,0.2043,810,19,1,0,0
TXN0007297,USR00954,MER0119,1538.34,UPI,iOS,0,1,1,2706.25,0,0.4389,256,7,0,0,0
TXN0007298,USR00865,MER0101,3082.35,UPI,Android,0,0,2,5396.27,0,0.4838,771,9,0,0,0
TXN0007299,USR01506,MER0028,4817.02,Wallet,Android,0,0,12,5136.86,0,0.2564,894,16,0,0,0
TXN0007300,USR03008,MER0229,6540.0,Card,iOS,0,0,2,2892.35,0,0.6277,406,17,0,0,0
TXN0007301,USR02670,MER0024,910.96,Card,Web,0,0,2,891.16,0,0.2955,2700,13,0,0,0
TXN0007302,USR01041,MER0425,6187.71,Card,Android,0,0,1,2268.33,0,0.2679,923,23,1,1,1
TXN0007303,USR03300,MER0445,12051.53,UPI,iOS,0,0,1,5610.92,0,0.5151,463,18,1,0,0
TXN0007304,USR00736,MER0401,967.69,UPI,Android,0,0,1,1199.48,0,0.2127,368,6,1,0,0
TXN0007305,USR03188,MER0151,2104.84,UPI,Android,0,1,2,6855.27,0,0.1646,196,18,1,0,0
TXN0007306,USR01083,MER0082,4247.68,NetBanking,Android,0,0,2,5257.08,0,0.1556,1060,11,1,0,0
TXN0007307,USR01891,MER0253,3478.43,Wallet,Web,1,0,3,2503.06,0,0.4827,1747,8,1,0,0
TXN0007308,USR00712,MER0337,1243.14,Card,Android,0,0,4,1251.72,0,0.3201,1496,8,0,0,1
TXN0007309,USR02668,MER0011,6965.82,UPI,Web,0,0,2,4637.75,0,0.2217,736,20,1,0,0
TXN0007310,USR01112,MER0429,1155.26,NetBanking,Android,0,0,1,652.24,0,0.3572,2608,16,1,0,0
TXN0007311,USR03054,MER0220,2135.52,UPI,iOS,0,0,3,1531.88,0,0.3701,932,13,0,0,0
TXN0007312,USR00291,MER0410,3624.07,UPI,Android,1,0,2,4645.2,1,0.1703,1532,15,1,0,0
TXN0007313,USR01758,MER0039,2444.92,Card,iOS,1,0,2,1767.73,0,0.2162,3402,22,0,0,0
TXN0007314,USR00555,MER0213,150000.0,Card,Web,0,0,2,5031.87,0,0.6893,641,15,1,0,0
TXN0007315,USR03112,MER0230,1448.57,NetBanking,Web,1,0,2,4451.72,0,0.1212,1484,7,0,0,0
TXN0007316,USR01460,MER0025,2427.7,Wallet,Web,0,0,2,1796.96,0,0.1167,1258,12,0,0,0
TXN0007317,USR02361,MER0354,2770.49,NetBanking,Android,0,1,3,778.79,0,0.2107,436,7,1,0,0
TXN0007318,USR03079,MER0466,940.41,Card,iOS,0,0,1,2303.12,0,0.328,299,10,0,0,0
TXN0007319,USR01875,MER0271,112758.91,NetBanking,Web,0,0,1,8000.48,0,0.364,371,21,0,0,0
TXN0007320,USR00201,MER0198,4770.66,Card,Android,0,0,1,2215.52,0,0.1912,1351,12,1,0,0
TXN0007321,USR00773,MER0319,466.71,Card,Android,0,1,1,1420.89,0,0.0421,1218,21,1,0,0
TXN0007322,USR00745,MER0181,20009.41,Card,Android,0,0,1,12595.03,0,0.1119,900,14,0,0,0
TXN0007323,USR03200,MER0180,733.71,NetBanking,iOS,0,0,1,937.73,0,0.3467,617,7,0,0,0
TXN0007324,USR03180,MER0380,1034.93,UPI,Android,0,0,1,1136.38,0,0.3029,1653,6,0,0,0
TXN0007325,USR01670,MER0296,25118.6,Card,Android,0,1,2,4051.55,0,0.4198,187,12,0,0,1
TXN0007326,USR03116,MER0132,15134.95,UPI,Android,0,0,1,6183.41,0,0.2521,805,15,0,0,0
TXN0007327,USR00862,MER0204,1698.8,Card,iOS,0,1,3,1936.05,0,0.8679,829,14,1,0,0
TXN0007328,USR02379,MER0418,3505.33,Card,Android,0,0,2,5144.2,0,0.4147,980,16,1,0,0
TXN0007329,USR01372,MER0265,2137.05,UPI,Web,1,3,2,3098.19,1,0.2529,255,17,0,0,1
TXN0007330,USR00842,MER0039,1241.38,Card,Android,0,2,3,1668.18,0,0.2741,553,20,0,0,0
TXN0007331,USR00876,MER0429,865.05,Card,Android,0,0,2,1978.41,0,0.3768,316,15,1,0,0
TXN0007332,USR01470,MER0371,1190.67,UPI,iOS,0,1,3,1758.49,0,0.1793,228,19,1,0,0
TXN0007333,USR01189,MER0134,3649.1,Card,Android,1,3,1,3524.57,0,0.3671,1076,8,0,0,0
TXN0007334,USR00740,MER0483,2725.74,UPI,iOS,0,8,1,2141.67,0,0.2059,1053,20,0,0,0
TXN0007335,USR01170,MER0476,12506.37,Wallet,Web,0,0,2,5525.26,0,0.1645,292,6,0,0,0
TXN0007336,USR00451,MER0498,17549.14,NetBanking,Android,1,0,2,2073.73,0,0.9309,353,12,0,0,0
TXN0007337,USR03394,MER0189,1849.45,UPI,Android,0,0,1,2736.03,0,0.1947,1299,18,0,0,0
TXN0007338,USR01330,MER0462,939.92,UPI,Android,0,0,2,2046.2,0,0.3431,1244,19,1,0,0
TXN0007339,USR00376,MER0404,3330.11,UPI,iOS,0,1,2,2831.97,0,0.3845,577,13,1,0,0
TXN0007340,USR02016,MER0436,2023.22,Wallet,Android,0,1,2,2314.5,0,0.1196,720,11,0,0,0
TXN0007341,USR03091,MER0274,2334.86,UPI,iOS,0,0,1,2608.2,1,0.0984,1301,22,0,0,0
TXN0007342,USR01260,MER0140,1400.45,Card,Android,0,0,1,1218.69,0,0.624,1181,13,0,0,0
TXN0007343,USR02959,MER0114,3333.73,UPI,Web,0,2,3,2411.22,0,0.3012,1772,7,0,0,0
TXN0007344,USR02138,MER0484,3511.31,Wallet,Android,0,6,1,3039.76,0,0.2955,352,15,0,1,0
TXN0007345,USR02588,MER0252,5146.18,Card,iOS,0,0,1,6116.73,0,0.1412,1493,12,0,0,0
TXN0007346,USR01037,MER0464,790.51,Card,Android,0,1,2,1479.83,0,0.0659,527,23,0,0,0
TXN0007347,USR00130,MER0278,1606.23,Card,Android,0,1,2,2625.04,0,0.1046,1014,22,0,0,0
TXN0007348,USR01211,MER0268,5757.17,Wallet,Android,1,3,2,3286.09,0,0.2378,348,20,0,0,0
TXN0007349,USR03236,MER0037,2609.74,Card,iOS,0,0,2,3721.89,0,0.1289,1162,15,0,0,0
TXN0007350,USR02768,MER0202,1350.87,UPI,Web,0,0,1,3743.05,0,0.198,366,13,1,0,0
TXN0007351,USR02745,MER0279,7553.52,UPI,Android,0,0,1,3445.68,0,0.2992,258,17,0,0,0
TXN0007352,USR03075,MER0055,1021.88,UPI,Web,0,1,2,2117.33,0,0.9029,491,6,0,0,0
TXN0007353,USR01307,MER0082,1002.5,UPI,Android,0,0,2,1027.49,0,0.1868,984,23,0,0,0
TXN0007354,USR01128,MER0296,3310.97,Card,Web,0,0,1,2443.92,0,0.4325,1420,12,1,0,0
TXN0007355,USR03239,MER0125,991.77,Card,Android,0,1,2,1040.2,0,0.4022,500,13,0,0,0
TXN0007356,USR02001,MER0351,202.72,NetBanking,Android,0,0,1,1269.12,0,0.2588,1243,1,0,0,0
TXN0007357,USR01043,MER0231,1722.16,UPI,iOS,0,1,1,1366.74,0,0.2469,873,8,0,0,0
TXN0007358,USR00974,MER0202,2834.68,Card,Android,0,7,1,1146.68,0,0.2359,2278,21,0,0,0
TXN0007359,USR03071,MER0059,10371.73,Wallet,Web,1,0,6,6189.05,0,0.3484,1078,17,1,0,0
TXN0007360,USR00187,MER0204,658.85,UPI,Web,1,0,2,3196.39,0,0.8676,1683,10,1,1,0
TXN0007361,USR00216,MER0272,5103.16,Card,Android,0,1,2,1159.8,0,0.4858,283,18,0,0,0
TXN0007362,USR02583,MER0287,2842.4,UPI,Android,0,1,1,7762.17,0,0.0817,447,19,0,0,0
TXN0007363,USR00005,MER0136,507.18,UPI,Android,0,0,1,1159.02,0,0.1314,632,22,1,0,0
TXN0007364,USR00599,MER0014,3256.33,UPI,Android,0,0,1,1949.65,0,0.1948,588,22,0,0,0
TXN0007365,USR03468,MER0468,6858.78,UPI,iOS,0,1,1,5204.29,1,0.3307,1931,17,0,0,0
TXN0007366,USR01490,MER0479,771.14,UPI,Android,0,0,1,765.11,0,0.2713,759,9,1,0,0
TXN0007367,USR02547,MER0453,967.59,NetBanking,Android,0,2,3,1532.69,0,0.3321,557,23,1,0,0
TXN0007368,USR01705,MER0145,9633.6,UPI,Android,0,0,2,3884.68,0,0.1956,1813,13,0,0,0
TXN0007369,USR00317,MER0302,5715.53,UPI,Web,0,0,3,6181.13,0,0.4256,1327,17,0,0,0
TXN0007370,USR00646,MER0071,747.17,Card,Android,1,1,2,2425.21,0,0.1229,125,19,0,0,0
TXN0007371,USR02664,MER0453,3141.54,NetBanking,iOS,0,0,1,1359.96,0,0.3417,692,11,0,0,0
TXN0007372,USR00331,MER0003,16495.62,UPI,iOS,0,3,1,2426.06,0,0.5525,727,11,0,0,0
TXN0007373,USR02082,MER0236,1119.77,Card,Android,0,1,1,527.46,0,0.1408,239,12,0,0,0
TXN0007374,USR01219,MER0429,4643.18,UPI,iOS,0,0,1,3232.21,0,0.3345,51,16,0,0,0
TXN0007375,USR01297,MER0363,77205.34,UPI,Android,0,0,3,1665.81,0,0.1338,1430,4,0,0,1
TXN0007376,USR03334,MER0432,2007.9,NetBanking,iOS,0,0,2,2638.65,0,0.0984,165,11,0,0,0
TXN0007377,USR02121,MER0249,1494.17,Card,Android,0,0,1,1552.69,0,0.1906,654,9,0,0,0
TXN0007378,USR02153,MER0048,3929.56,Card,Android,1,6,1,2460.22,0,0.2658,176,21,0,0,0
TXN0007379,USR01227,MER0004,236.49,UPI,Web,0,0,2,309.4,0,0.0783,658,15,1,0,0
TXN0007380,USR01335,MER0077,3080.18,Card,Android,0,0,1,1816.82,0,0.467,559,23,1,0,0
TXN0007381,USR02401,MER0029,324.88,UPI,Android,0,0,1,2851.5,1,0.3636,426,8,0,0,0
TXN0007382,USR00137,MER0224,1996.93,UPI,Android,0,0,1,2212.26,0,0.9109,948,7,1,0,0
TXN0007383,USR00831,MER0026,6970.17,Card,iOS,0,0,2,1526.03,0,0.2308,305,7,0,0,0
TXN0007384,USR02101,MER0093,1078.96,Card,iOS,0,0,1,1253.87,0,0.3308,492,14,0,0,0
TXN0007385,USR02183,MER0210,2504.53,Card,Android,0,0,1,4950.5,0,0.4139,1201,17,0,0,0
TXN0007386,USR00323,MER0368,5828.41,UPI,Android,0,0,1,3191.0,0,0.3811,861,18,0,0,0
TXN0007387,USR02758,MER0338,19518.41,Wallet,Web,0,0,1,3106.83,0,0.1938,1307,11,1,0,0
TXN0007388,USR01899,MER0030,1745.09,NetBanking,iOS,1,0,4,1588.21,0,0.1753,288,11,0,0,0
TXN0007389,USR00832,MER0452,1261.93,NetBanking,iOS,0,2,2,1362.61,0,0.0771,1297,20,0,0,1
TXN0007390,USR02632,MER0275,2113.83,UPI,Android,0,0,8,1549.97,0,0.2413,1445,11,0,0,0
TXN0007391,USR03469,MER0175,16839.62,UPI,Android,0,1,1,6318.25,0,0.3197,861,17,0,0,0
TXN0007392,USR01483,MER0192,1333.81,Card,Android,0,0,5,1218.43,0,0.5652,429,7,1,0,0
TXN0007393,USR00993,MER0425,2418.16,Card,Android,0,0,1,1387.08,0,0.2727,356,10,1,0,0
TXN0007394,USR01048,MER0233,3127.08,Wallet,iOS,0,0,11,2961.79,0,0.1764,360,2,0,0,0
TXN0007395,USR02075,MER0123,2336.78,UPI,Web,0,1,3,3536.36,0,0.3312,390,16,0,0,0
TXN0007396,USR00166,MER0213,4345.66,Card,iOS,1,1,4,5058.65,0,0.6765,1407,8,1,0,0
TXN0007397,USR01693,MER0035,1448.26,UPI,Android,0,1,2,1867.34,0,0.298,327,12,0,0,0
TXN0007398,USR00087,MER0077,3169.59,NetBanking,iOS,0,0,1,2213.39,0,0.4652,1184,19,0,0,0
TXN0007399,USR00136,MER0158,1446.75,UPI,Android,0,0,2,1408.5,0,0.1504,291,22,0,0,0
TXN0007400,USR01506,MER0111,2758.18,NetBanking,Android,0,1,1,5136.86,1,0.5591,822,18,0,0,0
TXN0007401,USR02610,MER0175,7004.82,Wallet,Android,0,0,1,2265.75,0,0.3478,201,11,0,0,0
TXN0007402,USR03092,MER0033,966.6,UPI,iOS,1,0,2,3048.61,0,0.3162,204,7,0,0,0
TXN0007403,USR00307,MER0306,3205.28,Wallet,iOS,1,1,1,3848.61,0,0.1935,267,19,0,0,0
TXN0007404,USR00855,MER0058,959.26,UPI,Web,0,0,1,1007.49,0,0.0876,1037,16,0,0,0
TXN0007405,USR01476,MER0109,4904.14,UPI,Android,0,1,2,1402.14,0,0.4109,330,12,0,0,1
TXN0007406,USR02010,MER0489,11132.66,UPI,Android,0,0,1,4432.65,0,0.3816,1028,2,0,1,0
TXN0007407,USR03455,MER0003,964.89,NetBanking,Android,0,1,1,2135.7,0,0.5932,531,15,0,0,0
TXN0007408,USR02396,MER0140,2500.93,UPI,Web,0,2,2,2273.66,0,0.6478,646,12,0,0,0
TXN0007409,USR01885,MER0251,4617.3,UPI,Android,0,0,1,4145.01,0,0.2237,544,8,1,0,0
TXN0007410,USR00213,MER0154,1134.83,Card,Android,0,1,4,1408.32,0,0.2218,1071,13,1,1,0
TXN0007411,USR00283,MER0161,1930.15,UPI,Android,0,0,2,2287.85,0,0.3807,284,5,0,0,1
TXN0007412,USR00536,MER0064,919.23,UPI,Web,0,1,3,1246.85,0,0.2583,1104,7,0,0,0
TXN0007413,USR02313,MER0212,6421.92,UPI,Android,0,0,3,1753.07,0,0.2042,2447,9,1,0,0
TXN0007414,USR01160,MER0378,4479.1,UPI,Android,0,0,3,6353.94,1,0.1911,534,9,0,0,0
TXN0007415,USR00844,MER0294,5433.71,Card,iOS,0,0,2,4468.92,0,0.3384,451,4,1,0,0
TXN0007416,USR02346,MER0463,343.94,Card,iOS,0,0,2,2233.59,0,0.433,505,14,1,0,0
TXN0007417,USR02854,MER0350,4983.15,Card,iOS,0,0,2,2895.31,0,0.0911,415,19,1,1,0
TXN0007418,USR01537,MER0395,2480.28,UPI,Android,0,1,4,1111.5,0,0.3573,580,6,1,0,0
TXN0007419,USR03087,MER0216,941.62,Wallet,Android,1,0,2,2111.3,0,0.0894,921,1,1,0,1
TXN0007420,USR02570,MER0307,668.11,UPI,Android,0,1,3,1015.37,0,0.531,425,10,0,0,0
TXN0007421,USR02507,MER0290,14114.41,UPI,Web,0,0,2,10720.03,0,0.1906,541,19,0,0,0
TXN0007422,USR03037,MER0407,935.82,NetBanking,Android,0,1,1,970.12,0,0.2018,812,10,0,0,0
TXN0007423,USR00644,MER0251,603.79,Card,Android,0,0,1,453.7,0,0.1768,775,15,0,0,0
TXN0007424,USR02655,MER0203,996.01,Card,Android,0,2,2,1287.64,0,0.2015,673,5,1,0,0
TXN0007425,USR03353,MER0036,3318.56,UPI,Android,0,3,2,912.09,0,0.203,411,9,0,0,0
TXN0007426,USR03473,MER0430,1258.39,UPI,Android,0,0,1,2142.66,0,0.0259,770,13,0,0,0
TXN0007427,USR02024,MER0218,16443.12,Card,iOS,0,0,1,2489.23,0,0.2765,697,15,0,0,0
TXN0007428,USR02641,MER0400,21106.28,Wallet,Web,0,1,2,9073.75,0,0.222,718,16,0,0,0
TXN0007429,USR03111,MER0340,1657.89,Card,Android,0,0,2,957.36,0,0.513,705,16,0,0,0
TXN0007430,USR02983,MER0001,1414.53,UPI,Web,0,2,2,3145.4,0,0.1912,839,13,0,0,0
TXN0007431,USR03143,MER0326,3752.5,Card,Android,0,0,1,2049.2,0,0.3244,293,22,1,0,0
TXN0007432,USR02914,MER0244,4035.76,UPI,Android,0,2,1,2746.58,0,0.2414,772,21,0,0,0
TXN0007433,USR01335,MER0120,375.67,UPI,Android,1,2,4,1816.82,0,0.1802,738,22,1,0,0
TXN0007434,USR02556,MER0133,4910.23,Wallet,Android,0,1,1,14191.36,0,0.3083,837,15,1,0,0
TXN0007435,USR01437,MER0319,4163.26,Card,Android,0,1,2,3383.15,0,0.0489,48,13,0,0,0
TXN0007436,USR02807,MER0044,1411.49,Card,iOS,0,0,1,1633.33,0,0.1047,1697,22,0,0,0
TXN0007437,USR02836,MER0304,6115.13,UPI,iOS,0,0,1,9324.36,0,0.8337,770,18,1,0,0
TXN0007438,USR03272,MER0424,66996.32,UPI,Web,0,0,2,4339.4,1,0.5474,1051,18,1,0,0
TXN0007439,USR02060,MER0044,704.39,Card,Android,0,0,3,1399.19,0,0.1286,195,21,1,0,0
TXN0007440,USR01664,MER0004,1931.91,Card,iOS,0,0,2,2818.72,1,0.1458,640,21,0,0,0
TXN0007441,USR00580,MER0031,1366.21,Card,Web,0,0,1,2288.51,0,0.2999,656,2,0,0,0
TXN0007442,USR02235,MER0366,1921.24,Card,Android,0,1,2,1398.85,0,0.1939,460,21,0,0,0
TXN0007443,USR01983,MER0424,247.67,Card,Android,0,0,2,897.96,0,0.5194,886,18,0,1,0
TXN0007444,USR01803,MER0495,3403.5,Card,iOS,0,0,3,5119.86,0,0.1045,733,15,0,0,0
TXN0007445,USR02368,MER0015,660.03,UPI,Android,0,0,11,2398.69,0,0.1481,771,14,1,0,0
TXN0007446,USR02979,MER0242,1735.51,UPI,iOS,0,0,2,2285.47,0,0.478,1214,13,1,0,0
TXN0007447,USR00521,MER0025,4990.94,Card,Android,0,2,2,3117.49,0,0.1164,1253,8,0,0,0
TXN0007448,USR01510,MER0186,1554.01,Card,Android,1,3,1,958.29,1,0.3075,457,14,0,0,0
TXN0007449,USR02529,MER0154,1636.04,UPI,Web,0,1,2,2904.17,0,0.2543,255,6,0,0,0
TXN0007450,USR02870,MER0303,2721.66,NetBanking,Android,0,0,2,1948.87,0,0.2322,964,12,0,0,0
TXN0007451,USR02725,MER0455,4384.54,UPI,Web,0,0,2,5266.69,0,0.4493,485,12,0,0,0
TXN0007452,USR02798,MER0403,9198.26,NetBanking,iOS,0,1,2,3629.28,0,0.4929,381,20,1,0,0
TXN0007453,USR02993,MER0032,1325.47,Wallet,Android,0,0,1,1530.12,0,0.5422,1119,17,0,0,1
TXN0007454,USR03367,MER0121,316.88,Card,Android,0,0,1,2833.08,0,0.3011,446,14,0,0,0
TXN0007455,USR02129,MER0138,3278.44,UPI,iOS,0,1,3,1809.77,0,0.1204,1165,9,0,0,0
TXN0007456,USR00872,MER0126,1221.26,Card,Android,0,0,2,1786.81,0,0.1882,1633,8,0,0,0
TXN0007457,USR01973,MER0177,1283.38,UPI,Android,0,0,1,1643.65,0,0.407,168,8,1,0,0
TXN0007458,USR02484,MER0304,2209.43,NetBanking,Android,1,0,1,1823.71,0,0.848,2023,7,1,0,0
TXN0007459,USR00353,MER0370,184.88,UPI,Web,0,0,1,542.12,0,0.4198,931,19,0,0,0
TXN0007460,USR02650,MER0470,2115.51,UPI,Android,0,0,2,2107.59,0,0.1599,294,13,0,0,0
TXN0007461,USR01905,MER0352,5531.35,Card,Android,0,0,2,3957.43,0,0.2541,334,11,0,0,0
TXN0007462,USR03277,MER0150,3571.95,UPI,iOS,0,0,2,2889.22,0,0.3818,1634,17,0,0,0
TXN0007463,USR00742,MER0093,1074.02,Card,iOS,0,0,3,1737.84,0,0.3528,495,20,0,0,0
TXN0007464,USR03175,MER0189,3675.7,Card,Android,0,0,1,1891.85,0,0.2436,683,13,0,1,0
TXN0007465,USR01569,MER0400,1912.96,UPI,Android,0,1,3,4124.11,0,0.1862,1210,16,1,0,0
TXN0007466,USR02008,MER0497,4478.01,UPI,Android,1,1,1,7385.77,0,0.0879,663,8,0,0,0
TXN0007467,USR02311,MER0197,2140.28,Card,Android,0,0,1,2481.48,0,0.4326,692,8,0,0,0
TXN0007468,USR02028,MER0089,5798.84,Card,Android,0,0,8,4927.94,0,0.7671,1277,10,1,0,0
TXN0007469,USR03164,MER0003,2822.76,UPI,iOS,0,0,1,3748.61,0,0.5173,914,7,0,0,0
TXN0007470,USR00586,MER0039,5527.95,UPI,Android,0,0,2,2399.44,0,0.2365,1162,20,0,0,0
TXN0007471,USR02555,MER0319,560.89,UPI,iOS,0,0,1,476.72,0,0.0458,843,18,0,0,0
TXN0007472,USR03413,MER0295,28725.52,UPI,Android,1,0,1,4397.14,0,0.0716,1204,9,0,0,0
TXN0007473,USR00771,MER0322,2412.3,UPI,Android,0,1,1,2102.83,0,0.3891,298,21,0,0,0
TXN0007474,USR00893,MER0013,2238.0,Card,Web,0,0,3,1388.04,0,0.4244,143,3,1,0,0
TXN0007475,USR01663,MER0219,598.41,UPI,Web,0,0,2,528.96,0,0.2523,389,15,0,0,0
TXN0007476,USR02537,MER0091,225.1,UPI,iOS,0,0,3,870.79,0,0.3659,3023,23,0,0,0
TXN0007477,USR03357,MER0169,5370.03,UPI,iOS,1,0,1,2576.39,0,0.2846,394,8,1,0,0
TXN0007478,USR02786,MER0312,1205.17,Card,iOS,1,4,1,1162.36,0,0.249,159,12,1,0,0
TXN0007479,USR02780,MER0138,1235.73,UPI,Android,0,2,3,793.39,0,0.2273,753,0,1,0,1
TXN0007480,USR01545,MER0330,1733.42,UPI,iOS,0,0,1,2440.93,0,0.9586,1262,19,0,0,0
TXN0007481,USR02259,MER0145,1288.65,Wallet,Android,0,1,1,5047.17,0,0.1859,336,10,0,0,0
TXN0007482,USR00740,MER0256,394.86,NetBanking,Web,1,0,2,2141.67,0,0.0703,759,13,0,0,0
TXN0007483,USR01622,MER0230,771.47,NetBanking,Android,0,1,2,1600.78,0,0.1698,755,7,0,0,0
TXN0007484,USR00662,MER0192,2658.93,Card,iOS,0,1,1,1926.05,0,0.6108,708,10,0,0,0
TXN0007485,USR00095,MER0064,33512.93,UPI,Android,0,0,1,13838.43,0,0.2437,790,7,1,0,0
TXN0007486,USR02998,MER0289,1272.9,Wallet,Android,0,0,2,1076.67,0,0.0,868,11,0,0,0
TXN0007487,USR02817,MER0496,634.9,Card,Android,1,3,2,1423.78,0,0.1848,1699,20,0,0,0
TXN0007488,USR01788,MER0322,748.46,NetBanking,Android,0,0,1,1383.8,1,0.4203,171,18,1,0,0
TXN0007489,USR00051,MER0373,5255.77,Card,Android,0,1,1,2074.17,0,0.6576,908,15,0,0,0
TXN0007490,USR00316,MER0402,210.22,Card,iOS,0,0,1,567.87,0,0.3331,145,11,0,0,0
TXN0007491,USR00392,MER0020,21841.63,UPI,Android,0,2,3,5055.83,0,0.5229,765,15,1,0,0
TXN0007492,USR02510,MER0397,16344.73,UPI,Android,0,0,2,4451.13,0,0.0419,828,16,0,0,0
TXN0007493,USR00713,MER0122,8671.4,Card,iOS,0,0,1,1960.17,0,0.301,1151,23,0,1,0
TXN0007494,USR00876,MER0333,2475.4,NetBanking,Android,0,0,2,1978.41,1,0.4292,206,0,0,0,0
TXN0007495,USR03014,MER0492,7813.72,Card,iOS,0,1,1,10504.24,0,0.248,580,13,0,0,0
TXN0007496,USR03068,MER0448,11390.14,UPI,iOS,0,1,2,9264.4,1,0.2036,336,22,0,0,0
TXN0007497,USR02671,MER0208,3676.97,UPI,iOS,0,2,1,2009.55,0,0.3228,1529,18,0,0,0
TXN0007498,USR01084,MER0420,844.85,UPI,Web,0,0,2,1419.01,1,0.1977,792,11,0,0,0
TXN0007499,USR02030,MER0310,936.7,NetBanking,Android,0,0,2,2175.98,0,0.1883,620,13,1,0,0
TXN0007500,USR00701,MER0067,1915.73,UPI,Android,0,1,1,2470.78,0,0.5213,442,12,0,0,0
TXN0007501,USR03003,MER0120,2103.85,UPI,iOS,0,0,1,3856.76,0,0.2006,393,18,0,0,0
TXN0007502,USR00298,MER0479,6481.61,UPI,iOS,0,1,1,2788.58,0,0.2514,2083,17,1,0,0
TXN0007503,USR02606,MER0458,2286.44,Card,iOS,0,2,2,3746.52,1,0.5946,1309,6,0,0,0
TXN0007504,USR01791,MER0446,3595.54,Card,Web,0,2,2,3528.36,0,0.2512,552,8,0,1,0
TXN0007505,USR02652,MER0193,1578.2,UPI,Android,0,0,1,817.5,0,0.1488,582,15,0,0,1
TXN0007506,USR01578,MER0161,3533.95,Wallet,Web,0,1,2,1478.36,0,0.4152,1232,19,0,0,0
TXN0007507,USR00554,MER0404,737.25,Card,iOS,0,1,3,666.98,0,0.3495,2167,14,1,0,0
TXN0007508,USR02630,MER0011,4451.28,UPI,iOS,0,1,2,3548.4,0,0.2229,1027,11,0,0,0
TXN0007509,USR02209,MER0449,670.69,UPI,Android,0,0,3,1466.36,0,0.0379,454,11,1,0,0
TXN0007510,USR01627,MER0302,4374.97,Card,Android,1,2,3,2201.85,0,0.4504,54,16,0,0,0
TXN0007511,USR01305,MER0317,22997.31,UPI,Web,0,0,1,9734.15,0,0.0894,323,17,0,0,0
TXN0007512,USR01204,MER0220,281.99,UPI,Web,0,2,1,1139.72,1,0.4067,353,18,0,0,0
TXN0007513,USR01684,MER0490,9824.79,UPI,Android,0,0,2,2902.55,0,0.3114,189,14,0,0,0
TXN0007514,USR00916,MER0375,1623.67,UPI,Android,0,3,2,2826.85,0,0.4753,702,13,1,0,0
TXN0007515,USR00989,MER0027,3574.15,UPI,Android,0,0,3,2448.79,0,0.08,1217,16,0,0,0
TXN0007516,USR00974,MER0263,1153.41,Card,Android,0,1,3,1146.68,0,0.0282,801,12,0,0,0
TXN0007517,USR00045,MER0430,1053.73,Card,Android,1,1,3,1156.98,0,0.0393,108,17,1,1,0
TXN0007518,USR03248,MER0039,698.56,UPI,Web,0,4,4,852.11,1,0.2274,578,17,0,0,0
TXN0007519,USR00828,MER0369,599.7,UPI,Android,0,0,2,1288.3,1,0.1479,818,19,0,0,0
TXN0007520,USR00578,MER0123,1915.75,NetBanking,Android,1,0,10,1381.2,0,0.3434,246,7,0,0,0
TXN0007521,USR00530,MER0254,1134.32,UPI,iOS,0,1,2,1465.19,0,0.1191,745,16,1,0,0
TXN0007522,USR03459,MER0442,703.9,UPI,iOS,0,2,2,1899.63,0,0.3263,430,12,1,0,0
TXN0007523,USR01669,MER0247,2637.54,UPI,iOS,0,0,2,5841.87,0,0.1333,1155,21,0,0,0
TXN0007524,USR01145,MER0019,301.46,UPI,Android,0,8,1,803.67,0,0.1185,647,19,0,1,0
TXN0007525,USR01414,MER0011,2255.74,UPI,Android,0,0,1,3459.7,0,0.2236,353,20,1,0,0
TXN0007526,USR00310,MER0369,1343.79,NetBanking,Android,0,2,6,996.23,0,0.1244,1369,22,0,0,1
TXN0007527,USR01098,MER0466,1479.42,Wallet,iOS,0,1,1,2595.17,0,0.3573,682,13,0,0,0
TXN0007528,USR00871,MER0146,10094.87,Card,Web,0,0,2,5257.78,0,0.3151,1329,9,0,0,0
TXN0007529,USR02812,MER0468,3433.87,NetBanking,iOS,0,0,1,3933.48,0,0.2905,1840,19,1,0,0
TXN0007530,USR00205,MER0227,2013.81,UPI,iOS,0,1,1,2607.53,0,0.1113,184,12,0,0,0
TXN0007531,USR01490,MER0030,736.64,Wallet,Web,0,1,3,765.11,0,0.2105,959,20,0,0,0
TXN0007532,USR02766,MER0266,9798.94,NetBanking,Android,0,0,2,3772.59,0,0.0925,577,12,0,0,0
TXN0007533,USR02918,MER0487,416.14,Card,Android,0,1,1,1174.24,0,0.2807,219,19,0,0,0
TXN0007534,USR01794,MER0126,4928.49,NetBanking,Android,0,0,1,1572.16,0,0.191,87,11,0,0,0
TXN0007535,USR00779,MER0481,3310.83,Wallet,Web,0,6,2,1743.48,0,0.4264,528,16,0,0,1
TXN0007536,USR01180,MER0326,1821.45,UPI,Android,0,0,2,1944.93,0,0.3087,1468,8,0,0,0
TXN0007537,USR00779,MER0199,3887.1,UPI,iOS,0,0,2,1743.48,0,0.1201,2068,8,1,0,0
TXN0007538,USR02318,MER0347,646.75,Card,Android,0,1,1,857.6,0,0.1468,1203,13,0,0,0
TXN0007539,USR01025,MER0201,1426.48,Card,iOS,0,0,3,1220.82,0,0.2397,590,9,1,0,1
TXN0007540,USR02208,MER0043,1722.52,UPI,Android,1,1,3,2674.08,1,0.4423,480,12,1,1,1
TXN0007541,USR02295,MER0436,5274.39,UPI,Android,0,0,1,2764.89,0,0.1774,685,12,0,0,0
TXN0007542,USR03290,MER0187,504.78,UPI,Android,0,2,2,883.01,0,0.1178,146,21,0,0,0
TXN0007543,USR01297,MER0283,1527.03,UPI,Android,0,0,3,1665.81,0,0.1467,1161,10,0,0,0
TXN0007544,USR03365,MER0373,2375.28,UPI,Android,1,4,2,1531.33,1,0.6356,260,20,0,0,0
TXN0007545,USR01403,MER0042,5823.0,UPI,Android,0,0,2,2878.07,0,0.2734,483,19,0,0,0
TXN0007546,USR02383,MER0361,1493.37,UPI,Android,0,1,1,2835.63,0,0.1698,586,20,0,0,0
TXN0007547,USR02316,MER0183,30616.94,NetBanking,Android,0,0,1,3129.33,0,0.1765,242,9,0,0,0
TXN0007548,USR02863,MER0273,1572.42,UPI,Web,0,0,1,3352.3,0,0.1382,791,20,1,0,0
TXN0007549,USR01642,MER0229,1886.11,NetBanking,Android,1,1,2,9325.5,0,0.6015,209,19,1,0,0
TXN0007550,USR02774,MER0389,1502.5,UPI,Android,0,0,1,2706.71,0,0.0137,826,22,1,0,0
TXN0007551,USR01244,MER0094,4655.86,UPI,Android,0,0,1,2683.64,0,0.1376,1123,5,1,0,0
TXN0007552,USR01720,MER0054,2627.18,Card,Android,0,0,1,2786.28,0,0.2202,2181,20,0,0,0
TXN0007553,USR01749,MER0206,1549.29,NetBanking,iOS,1,0,1,2394.07,0,0.1151,1213,20,0,0,0
TXN0007554,USR02466,MER0060,1404.97,Card,Web,0,0,2,1419.16,0,0.3308,264,21,1,0,0
TXN0007555,USR02165,MER0122,839.69,NetBanking,Android,1,0,1,868.62,0,0.2854,527,14,0,0,0
TXN0007556,USR00274,MER0329,5471.19,UPI,iOS,0,0,2,3675.64,0,0.1092,229,8,0,0,0
TXN0007557,USR02832,MER0410,511.41,UPI,iOS,0,0,2,1715.74,0,0.2072,738,16,0,0,0
TXN0007558,USR02654,MER0347,2401.56,Wallet,iOS,1,0,2,2717.77,0,0.1221,573,23,0,0,0
TXN0007559,USR00366,MER0159,1691.6,Card,Web,0,0,2,1626.12,0,0.0393,454,16,0,0,0
TXN0007560,USR03367,MER0408,1008.33,UPI,Android,0,0,2,2833.08,0,0.3726,516,18,0,0,0
TXN0007561,USR02313,MER0204,617.81,UPI,Android,0,0,8,1753.07,0,0.8168,648,13,0,0,0
TXN0007562,USR00298,MER0091,2039.98,Wallet,Android,0,9,2,2788.58,0,0.2885,611,17,0,0,0
TXN0007563,USR01720,MER0379,2666.71,UPI,Android,0,0,1,2786.28,1,0.0351,1241,9,1,0,0
TXN0007564,USR02927,MER0259,2629.54,Card,Android,1,0,2,2740.48,0,0.444,803,10,1,1,0
TXN0007565,USR00980,MER0186,411.53,UPI,Web,0,0,3,645.77,0,0.291,715,20,0,0,0
TXN0007566,USR03266,MER0331,1098.89,UPI,Android,0,0,3,1776.03,0,0.061,695,7,0,0,0
TXN0007567,USR01465,MER0363,3732.02,UPI,Web,1,0,2,5214.67,0,0.1278,921,20,0,0,0
TXN0007568,USR00792,MER0112,7912.29,UPI,Android,0,0,1,6709.21,0,0.1626,777,9,1,0,0
TXN0007569,USR01248,MER0059,8940.95,Card,Web,0,0,2,3836.32,0,0.328,1503,7,1,0,0
TXN0007570,USR01837,MER0259,319.31,UPI,Android,1,0,2,1660.47,0,0.4162,457,18,1,0,0
TXN0007571,USR02409,MER0026,4666.65,Wallet,Android,0,0,3,3132.65,0,0.3042,47,7,0,0,0
TXN0007572,USR03248,MER0320,748.21,Card,iOS,0,0,3,852.11,0,0.3022,259,13,0,0,0
TXN0007573,USR00683,MER0220,4744.41,UPI,Android,0,0,1,3415.92,0,0.3553,446,15,1,0,0
TXN0007574,USR03361,MER0108,3358.73,Card,Web,0,0,2,1503.76,0,0.9313,592,19,0,0,1
TXN0007575,USR01847,MER0300,2428.08,UPI,Android,0,0,2,4396.43,0,0.1735,400,18,1,0,0
TXN0007576,USR00448,MER0188,4154.05,UPI,Android,0,0,2,2212.64,0,0.0782,525,20,0,0,0
TXN0007577,USR03243,MER0195,811.93,UPI,iOS,0,0,1,2105.55,0,0.1346,1012,7,0,0,0
TXN0007578,USR01222,MER0109,2382.06,Card,Android,0,0,2,2284.38,0,0.4405,844,3,0,0,0
TXN0007579,USR02173,MER0339,20072.98,UPI,iOS,0,0,2,4182.43,0,0.2997,464,17,0,1,0
TXN0007580,USR02444,MER0452,2940.28,Card,Android,0,1,1,2989.73,0,0.0636,1087,10,0,0,0
TXN0007581,USR00047,MER0310,413.52,UPI,iOS,0,0,2,886.09,0,0.1749,791,9,0,0,0
TXN0007582,USR00776,MER0119,6438.97,UPI,iOS,0,6,1,1499.71,0,0.4548,460,19,1,0,0
TXN0007583,USR02403,MER0417,9510.2,UPI,Web,0,0,2,3190.69,0,0.0969,815,8,0,0,0
TXN0007584,USR01137,MER0061,2328.43,UPI,Android,0,0,2,4927.99,0,0.3144,930,8,0,1,0
TXN0007585,USR00033,MER0145,2624.75,UPI,Android,0,0,1,2407.14,0,0.1905,254,20,0,0,0
TXN0007586,USR00082,MER0018,3826.39,UPI,Android,0,0,3,2172.09,1,0.0665,159,18,0,0,0
TXN0007587,USR02893,MER0425,3270.62,UPI,iOS,0,0,1,4257.29,0,0.2961,99,7,1,0,0
TXN0007588,USR00538,MER0023,3901.02,Card,Android,0,0,1,1539.96,0,0.3259,338,22,0,0,0
TXN0007589,USR00352,MER0274,983.95,UPI,Web,0,1,2,1409.44,0,0.0611,1353,15,1,0,0
TXN0007590,USR01969,MER0096,4195.02,NetBanking,Web,0,0,4,4795.28,0,0.0241,2030,8,0,0,0
TXN0007591,USR00417,MER0107,612.35,Card,Web,0,0,1,1316.03,0,0.1848,1396,10,1,0,0
TXN0007592,USR02286,MER0305,2282.63,Wallet,Android,0,0,1,2190.62,0,0.2448,1117,12,1,0,0
TXN0007593,USR01905,MER0402,3772.63,UPI,Android,0,1,2,3957.43,0,0.361,554,17,0,0,0
TXN0007594,USR02272,MER0009,5001.83,UPI,Android,1,0,1,3326.61,0,0.1591,1673,17,0,0,0
TXN0007595,USR01721,MER0080,1924.15,UPI,Web,0,0,2,3198.08,0,0.0289,394,13,0,0,0
TXN0007596,USR02725,MER0144,3065.98,UPI,iOS,0,1,2,5266.69,0,0.6057,772,0,0,0,0
TXN0007597,USR02257,MER0472,820.16,Card,Android,0,0,2,618.01,0,0.0345,260,17,0,0,0
TXN0007598,USR01454,MER0030,3484.73,NetBanking,Android,0,0,3,1339.66,0,0.2143,409,9,0,0,0
TXN0007599,USR00054,MER0090,2211.81,UPI,Web,1,1,4,1478.34,0,0.0454,987,18,0,1,0
TXN0007600,USR00958,MER0202,15412.94,UPI,Android,1,0,1,4284.78,0,0.2142,334,20,1,0,0
TXN0007601,USR00461,MER0163,5676.51,Card,Android,0,0,2,4000.88,0,0.2649,243,17,0,0,0
TXN0007602,USR00055,MER0025,2092.71,UPI,iOS,1,0,3,1513.71,0,0.075,313,5,0,0,0
TXN0007603,USR00957,MER0271,2344.48,Wallet,Android,0,1,3,1511.3,0,0.3542,755,9,0,0,0
TXN0007604,USR00724,MER0304,18827.17,Card,Android,0,1,2,6778.92,1,0.8593,704,18,1,1,0
TXN0007605,USR00269,MER0089,2201.51,Wallet,Web,0,0,2,949.42,0,0.7237,640,19,1,0,0
TXN0007606,USR01094,MER0345,661.14,UPI,Android,0,1,4,1517.9,0,0.0548,1070,13,1,0,0
TXN0007607,USR01773,MER0029,3662.42,UPI,iOS,0,1,2,2163.45,0,0.3046,395,21,0,0,0
TXN0007608,USR00624,MER0366,4249.2,Card,Web,0,0,2,3690.17,0,0.1846,998,8,0,0,0
TXN0007609,USR00956,MER0130,1347.88,UPI,Android,0,0,2,1629.44,1,0.8355,297,9,1,0,0
TXN0007610,USR00071,MER0113,332.73,Wallet,Android,1,0,1,1253.67,0,0.8878,563,19,0,0,0
TXN0007611,USR00177,MER0099,582.5,UPI,iOS,0,0,1,1856.13,0,0.2784,289,16,0,0,0
TXN0007612,USR00552,MER0435,1387.88,UPI,Android,0,0,3,1896.85,0,0.4521,660,18,0,0,0
TXN0007613,USR01586,MER0252,3086.62,UPI,Android,0,1,1,1127.59,0,0.1229,971,23,0,0,0
TXN0007614,USR02332,MER0346,1719.95,Card,Android,0,0,3,2315.91,1,0.1495,1517,21,0,1,0
TXN0007615,USR02760,MER0102,3156.86,UPI,Web,0,2,1,1984.27,0,0.206,127,9,0,0,0
TXN0007616,USR02204,MER0029,1742.4,UPI,iOS,0,0,2,2783.07,0,0.3066,103,17,0,1,0
TXN0007617,USR02159,MER0020,2538.72,UPI,Android,1,1,2,2513.22,0,0.5612,596,7,1,0,0
TXN0007618,USR03275,MER0221,1608.58,Card,Android,0,0,3,3653.62,0,0.1398,662,0,1,0,0
TXN0007619,USR00895,MER0164,2447.86,Wallet,Web,0,0,3,2075.29,0,0.7666,1400,11,1,0,0
TXN0007620,USR02794,MER0384,2069.19,UPI,Web,0,0,2,1508.78,0,0.2305,1097,18,0,0,0
TXN0007621,USR03280,MER0395,394.82,UPI,Android,0,1,3,1156.25,0,0.3675,424,13,0,0,0
TXN0007622,USR01988,MER0156,755.66,Card,iOS,0,0,3,1365.05,0,0.2375,446,18,0,0,0
TXN0007623,USR02942,MER0217,1125.37,Card,Android,0,0,1,2946.08,0,0.8307,139,18,0,0,0
TXN0007624,USR00482,MER0191,3018.46,UPI,Android,0,1,2,2199.24,0,0.1467,659,21,1,0,0
TXN0007625,USR03076,MER0338,2155.21,UPI,Web,0,1,1,2013.36,0,0.2443,746,15,1,0,0
TXN0007626,USR01975,MER0315,1880.57,Card,Android,0,2,2,2049.03,0,0.1053,787,12,1,0,0
TXN0007627,USR00776,MER0326,1300.71,Card,Android,0,1,2,1499.71,0,0.3444,759,10,0,0,0
TXN0007628,USR00216,MER0028,1391.92,UPI,Android,0,0,2,1159.8,0,0.2453,114,15,1,0,0
TXN0007629,USR02520,MER0169,2871.77,UPI,Android,0,0,3,2358.62,0,0.3619,692,21,1,0,0
TXN0007630,USR01509,MER0484,2819.14,Card,Web,0,1,3,4234.43,0,0.2504,318,14,0,0,0
TXN0007631,USR01086,MER0171,779.46,UPI,Android,0,0,1,1294.95,0,0.1903,662,14,0,0,0
TXN0007632,USR01366,MER0088,749.71,Card,iOS,1,0,2,822.35,0,0.152,669,22,0,0,0
TXN0007633,USR03469,MER0100,5242.68,Card,iOS,0,1,3,6318.25,0,0.2064,1161,10,1,0,0
TXN0007634,USR01498,MER0014,18390.04,Card,iOS,0,0,2,4384.69,1,0.1988,1241,10,0,0,1
TXN0007635,USR00276,MER0391,1206.68,UPI,iOS,0,1,1,1672.43,0,0.4885,1037,19,0,0,0
TXN0007636,USR00980,MER0003,756.73,UPI,iOS,0,0,1,645.77,0,0.5689,280,19,0,0,0
TXN0007637,USR00509,MER0299,2256.23,Card,Android,0,1,1,1695.92,0,0.3579,660,15,0,0,0
TXN0007638,USR02401,MER0200,7435.18,Wallet,Android,0,0,2,2851.5,1,0.1624,743,2,1,0,1
TXN0007639,USR02802,MER0048,4736.7,NetBanking,Web,0,0,1,8929.8,1,0.2596,1300,5,0,0,0
TXN0007640,USR02944,MER0443,4132.22,Wallet,Android,0,1,2,1655.77,0,0.1873,273,16,0,0,0
TXN0007641,USR02216,MER0371,1731.51,Card,Android,0,1,1,2024.09,0,0.1601,223,7,0,0,0
TXN0007642,USR02690,MER0410,12968.23,Wallet,Android,0,0,3,2251.36,0,0.1677,1465,17,0,0,0
TXN0007643,USR01461,MER0469,1416.37,UPI,Android,0,1,3,1146.86,0,0.2073,309,12,0,0,0
TXN0007644,USR02198,MER0457,468.04,Wallet,Android,0,0,2,1191.99,0,0.1692,546,16,1,0,0
TXN0007645,USR00375,MER0351,1339.98,UPI,Android,0,1,1,1623.54,0,0.2531,491,17,1,0,0
TXN0007646,USR01885,MER0267,10319.34,Card,Android,1,0,1,4145.01,0,0.3563,496,8,0,0,0
TXN0007647,USR01952,MER0349,5451.92,UPI,iOS,0,1,3,5404.64,0,0.2068,558,18,0,0,0
TXN0007648,USR00109,MER0225,1444.61,Card,Web,0,0,1,1585.29,0,0.351,166,14,1,0,0
TXN0007649,USR01920,MER0091,1784.44,UPI,Android,1,0,2,1117.87,1,0.3387,1127,7,1,0,0
TXN0007650,USR02531,MER0193,510.4,UPI,Web,0,0,2,687.86,1,0.1777,930,10,0,0,0
TXN0007651,USR01287,MER0234,3479.91,Card,Android,0,0,1,4257.72,0,0.4541,196,15,0,0,0
TXN0007652,USR01908,MER0024,351.94,Wallet,Android,0,0,1,730.42,0,0.2786,373,12,0,0,0
TXN0007653,USR01002,MER0424,2146.74,Wallet,Android,1,0,3,649.99,0,0.4948,896,6,0,0,0
TXN0007654,USR00948,MER0455,622.41,UPI,iOS,0,0,1,1577.94,0,0.3819,818,7,1,0,0
TXN0007655,USR00454,MER0210,2354.67,Card,Web,0,2,2,2191.05,0,0.4264,848,23,1,0,0
TXN0007656,USR01148,MER0249,10188.13,Card,Android,0,0,1,7581.47,0,0.2094,59,8,1,0,0
TXN0007657,USR02812,MER0421,3705.04,UPI,iOS,0,0,3,3933.48,0,0.1926,1228,7,1,0,0
TXN0007658,USR03275,MER0228,1409.08,NetBanking,iOS,0,0,2,3653.62,0,0.083,129,20,0,0,0
TXN0007659,USR02225,MER0345,490.08,UPI,Android,0,0,7,1057.52,0,0.0728,1452,17,0,0,0
TXN0007660,USR02186,MER0258,1279.28,Wallet,Android,0,1,2,923.2,0,0.2555,949,7,0,0,0
TXN0007661,USR02149,MER0136,412.61,UPI,Android,0,0,2,760.53,0,0.0935,718,22,0,0,0
TXN0007662,USR01666,MER0398,1003.86,Wallet,Android,0,1,4,4691.27,0,0.0,607,13,1,0,0
TXN0007663,USR01481,MER0097,1480.31,Card,iOS,1,1,1,1177.77,0,0.1498,381,18,1,0,0
TXN0007664,USR02174,MER0113,1679.4,Card,Android,0,1,1,3308.96,0,0.826,417,11,0,0,0
TXN0007665,USR02746,MER0346,1655.04,UPI,Web,0,0,1,1104.45,0,0.1418,366,19,0,0,0
TXN0007666,USR01449,MER0355,1988.73,UPI,iOS,0,0,1,2417.33,0,0.0761,839,5,0,0,0
TXN0007667,USR01981,MER0478,935.03,UPI,Android,1,0,2,1176.67,0,0.4394,432,18,0,0,0
TXN0007668,USR01646,MER0356,1112.05,Wallet,Android,0,0,1,1125.91,0,0.4255,459,8,0,0,0
TXN0007669,USR01000,MER0013,1762.95,Card,iOS,0,1,1,4206.81,0,0.4699,374,7,1,0,0
TXN0007670,USR01017,MER0425,418.62,UPI,iOS,0,1,2,797.36,0,0.2698,434,20,0,0,0
TXN0007671,USR00276,MER0207,1319.34,UPI,Android,0,1,3,1672.43,0,0.1208,264,16,0,0,0
TXN0007672,USR01540,MER0005,2142.6,UPI,Android,0,5,1,5134.31,0,0.2143,1681,11,0,1,0
TXN0007673,USR02494,MER0290,1451.08,Card,Web,0,1,2,912.43,0,0.1615,575,22,1,0,0
TXN0007674,USR02400,MER0086,1147.74,UPI,Android,0,0,2,1505.48,0,0.0997,933,20,0,0,0
TXN0007675,USR03450,MER0208,1144.73,Wallet,iOS,0,0,1,3417.01,0,0.3112,571,19,1,0,0
TXN0007676,USR00140,MER0236,1513.74,Card,Android,1,0,1,2379.96,0,0.226,908,16,0,0,0
TXN0007677,USR02663,MER0038,1077.46,UPI,Android,0,1,2,1053.11,0,0.048,251,9,1,0,0
TXN0007678,USR02783,MER0426,667.6,UPI,Android,0,1,1,967.66,0,0.9054,251,17,0,0,0
TXN0007679,USR01528,MER0256,17680.04,Card,Android,0,0,2,2549.62,0,0.0717,162,6,1,0,1
TXN0007680,USR00991,MER0483,2033.27,NetBanking,Android,0,1,4,1413.88,0,0.1946,1604,9,0,1,0
TXN0007681,USR01250,MER0233,15442.72,UPI,Web,0,0,2,2880.36,0,0.1694,306,7,0,0,0
TXN0007682,USR02389,MER0298,6207.42,UPI,Android,0,0,2,2849.89,0,0.1807,683,13,0,0,0
TXN0007683,USR03018,MER0407,2678.32,Card,Android,1,0,2,9146.54,0,0.1671,1113,19,0,0,0
TXN0007684,USR02250,MER0107,1024.49,UPI,Android,0,1,2,1395.93,0,0.1572,286,5,0,0,0
TXN0007685,USR01800,MER0455,3009.17,UPI,Android,0,0,2,3833.0,0,0.4672,1722,19,1,0,0
TXN0007686,USR02285,MER0093,3558.3,UPI,Web,1,0,1,2472.51,0,0.3842,894,13,1,1,0
TXN0007687,USR00248,MER0498,10328.55,UPI,Android,0,5,1,3356.08,0,0.9153,515,9,1,0,1
TXN0007688,USR02129,MER0320,1174.33,Card,Web,0,0,2,1809.77,0,0.2753,280,21,0,0,0
TXN0007689,USR00148,MER0260,1671.19,Wallet,Android,0,1,2,4303.86,0,0.5728,179,16,0,0,0
TXN0007690,USR03357,MER0106,1588.45,NetBanking,Android,0,0,1,2576.39,0,0.0588,734,20,1,0,1
TXN0007691,USR03113,MER0285,1268.14,Card,iOS,0,1,1,2002.35,0,0.1711,464,17,1,0,0
TXN0007692,USR01780,MER0277,2769.75,UPI,Android,0,0,5,3647.79,0,0.449,104,13,0,0,0
TXN0007693,USR01310,MER0492,682.64,UPI,iOS,0,0,1,1686.25,0,0.289,1397,19,0,0,0
TXN0007694,USR02564,MER0418,2583.58,UPI,Android,0,0,3,1339.26,0,0.4045,241,7,1,0,0
TXN0007695,USR02232,MER0242,6340.18,Card,Android,0,1,2,4744.16,1,0.4582,875,7,0,0,0
TXN0007696,USR02470,MER0195,461.09,UPI,Android,0,1,2,1375.74,0,0.1454,562,20,0,0,0
TXN0007697,USR01805,MER0194,6029.5,UPI,Android,0,0,2,6221.21,0,0.5747,615,7,1,0,0
TXN0007698,USR00827,MER0190,558.8,UPI,iOS,0,1,1,1813.07,0,0.1407,3156,9,0,0,0
TXN0007699,USR00257,MER0007,3234.77,UPI,Android,0,1,1,1293.74,0,0.1757,1438,18,0,0,0
TXN0007700,USR00992,MER0019,2966.59,Card,Android,0,1,3,975.56,0,0.0643,917,6,0,0,0
TXN0007701,USR01852,MER0376,2249.18,NetBanking,Android,0,0,2,2461.31,0,0.3971,758,18,0,0,0
TXN0007702,USR01485,MER0128,904.82,Card,Android,0,0,1,1757.48,0,0.5946,615,14,0,0,0
TXN0007703,USR01773,MER0206,1275.62,UPI,Android,0,0,1,2163.45,0,0.17,1047,17,0,0,0
TXN0007704,USR00972,MER0350,1533.6,UPI,Android,0,1,1,2235.16,0,0.1432,230,6,0,0,0
TXN0007705,USR03283,MER0304,3619.82,Card,Android,1,0,1,4109.66,0,0.8624,476,8,0,0,0
TXN0007706,USR01284,MER0181,9924.98,Wallet,Android,0,1,1,3889.64,0,0.1204,1204,6,1,0,0
TXN0007707,USR02962,MER0377,2085.4,Card,Android,0,0,1,1101.78,0,0.1542,216,17,0,0,0
TXN0007708,USR01369,MER0080,7144.0,UPI,Web,0,0,1,3732.77,0,0.0096,608,9,0,0,0
TXN0007709,USR01553,MER0237,1582.45,Card,Android,0,1,3,1471.32,0,0.0256,299,8,1,0,0
TXN0007710,USR02114,MER0053,2996.09,UPI,Android,0,0,2,7227.61,0,0.0709,142,21,0,0,0
TXN0007711,USR00921,MER0266,917.69,UPI,Android,0,2,1,1679.59,0,0.1851,948,18,0,1,0
TXN0007712,USR00770,MER0048,1089.87,NetBanking,iOS,0,0,1,1096.74,0,0.2525,687,9,1,0,0
TXN0007713,USR01328,MER0471,2325.47,Wallet,Android,0,0,2,5804.98,0,0.2036,707,12,1,0,0
TXN0007714,USR02816,MER0330,5746.53,UPI,iOS,0,0,1,4853.64,0,0.9517,531,18,0,0,0
TXN0007715,USR00507,MER0123,985.34,Card,Android,1,2,2,580.16,0,0.3724,408,11,1,0,0
TXN0007716,USR01532,MER0307,5594.99,UPI,iOS,0,1,1,3971.82,0,0.4999,484,22,0,0,0
TXN0007717,USR02353,MER0175,3679.31,UPI,iOS,0,0,2,2688.52,0,0.339,1058,23,0,0,0
TXN0007718,USR02472,MER0260,440.0,Wallet,Android,0,2,1,1773.14,0,0.5615,613,15,1,0,0
TXN0007719,USR01521,MER0084,2196.37,Wallet,Android,0,0,3,884.08,0,0.1406,329,14,0,0,0
TXN0007720,USR00286,MER0251,762.18,UPI,Android,0,1,2,2476.76,0,0.221,366,19,0,0,1
TXN0007721,USR00056,MER0054,1081.73,Wallet,Android,0,0,1,1269.4,0,0.0891,68,0,1,0,0
TXN0007722,USR01645,MER0077,3657.98,UPI,Android,0,7,2,2463.44,0,0.4718,839,16,1,0,0
TXN0007723,USR02836,MER0293,11482.45,Card,Android,0,0,3,9324.36,0,0.2273,908,12,0,0,0
TXN0007724,USR00099,MER0251,2251.93,NetBanking,Android,0,0,2,5940.72,1,0.1835,1254,18,0,0,0
TXN0007725,USR03107,MER0147,644.07,Wallet,Web,0,0,1,1493.08,0,0.1415,260,22,1,0,0
TXN0007726,USR02366,MER0030,2601.08,Card,iOS,0,2,10,2223.84,0,0.2118,179,9,0,0,0
TXN0007727,USR00029,MER0212,1051.1,UPI,Web,0,0,4,764.93,1,0.1739,127,18,0,0,0
TXN0007728,USR01203,MER0463,131.74,Card,Web,0,0,2,307.35,0,0.473,185,19,0,0,0
TXN0007729,USR00772,MER0355,11109.37,NetBanking,Android,0,0,1,8803.26,1,0.0359,484,16,0,1,1
TXN0007730,USR03323,MER0030,288.57,UPI,iOS,0,0,5,903.18,0,0.2066,679,10,1,0,0
TXN0007731,USR01942,MER0469,3255.78,UPI,Android,0,0,1,2183.37,0,0.1539,147,18,0,0,0
TXN0007732,USR01135,MER0212,1540.42,UPI,iOS,0,0,1,3060.01,0,0.1964,403,16,1,0,0
TXN0007733,USR00974,MER0288,1155.86,Card,Android,1,0,1,1146.68,1,0.1904,1955,11,1,0,0
TXN0007734,USR01974,MER0001,658.58,UPI,iOS,0,1,1,737.31,0,0.2127,1728,18,0,0,0
TXN0007735,USR00018,MER0156,7836.53,Card,Android,0,1,1,3571.99,0,0.2089,1016,14,0,0,0
TXN0007736,USR00901,MER0394,1978.82,UPI,iOS,1,0,2,1747.46,0,0.9283,1152,12,0,0,0
TXN0007737,USR00579,MER0166,2451.4,NetBanking,iOS,0,4,2,3967.01,0,0.3824,1488,17,1,0,0
TXN0007738,USR02171,MER0084,4967.11,UPI,Android,0,2,1,4030.67,0,0.1748,558,19,0,0,0
TXN0007739,USR02343,MER0046,10078.15,Wallet,iOS,0,0,11,2265.58,0,0.2341,591,7,0,0,0
TXN0007740,USR01635,MER0463,1169.28,NetBanking,Android,0,0,1,721.44,0,0.436,1579,19,0,0,0
TXN0007741,USR00491,MER0407,1093.81,Card,iOS,0,1,1,1199.93,0,0.2137,208,7,0,0,0
TXN0007742,USR01298,MER0022,1178.33,UPI,iOS,0,0,1,2257.6,0,0.2234,846,13,0,0,0
TXN0007743,USR02951,MER0463,1486.26,Wallet,iOS,0,0,2,2435.47,0,0.4535,801,10,0,0,0
TXN0007744,USR00713,MER0411,3042.33,UPI,iOS,0,0,2,1960.17,0,0.096,572,11,1,0,0
TXN0007745,USR00572,MER0180,721.98,Card,Android,0,1,2,1436.24,0,0.4038,663,9,0,0,1
TXN0007746,USR00391,MER0329,8091.13,UPI,iOS,0,1,1,8489.52,1,0.0648,444,12,0,0,0
TXN0007747,USR02859,MER0129,4003.67,UPI,Web,0,0,9,1495.0,0,0.3703,236,16,0,0,0
TXN0007748,USR00420,MER0125,2031.95,Card,Android,0,0,2,1916.91,0,0.4145,907,21,0,0,0
TXN0007749,USR02036,MER0358,2101.73,Card,iOS,1,1,2,4805.37,0,0.2443,779,8,0,0,0
TXN0007750,USR03497,MER0102,48859.75,NetBanking,Android,0,3,2,10707.06,0,0.1986,1465,16,0,0,0
TXN0007751,USR02247,MER0178,6100.5,Card,Android,0,0,1,1802.92,1,0.2995,1724,18,0,0,0
TXN0007752,USR01444,MER0179,2603.48,UPI,Android,0,1,4,1907.9,0,0.0754,514,21,0,0,0
TXN0007753,USR00724,MER0076,16157.14,Card,iOS,0,0,1,6778.92,0,0.0526,195,12,0,0,0
TXN0007754,USR00007,MER0415,2906.02,UPI,Android,0,4,1,414.47,0,0.2163,1204,17,1,0,0
TXN0007755,USR00545,MER0337,3166.67,UPI,iOS,0,1,3,1976.0,0,0.3527,598,13,0,0,0
TXN0007756,USR03336,MER0431,1158.93,UPI,Android,0,1,3,1652.77,0,0.1226,1066,23,1,0,0
TXN0007757,USR00503,MER0262,1578.42,UPI,Android,1,0,5,4403.16,0,0.4682,358,7,0,0,0
TXN0007758,USR00070,MER0088,18903.66,UPI,Web,0,1,1,3074.59,0,0.1419,834,21,0,0,0
TXN0007759,USR02857,MER0140,2418.84,UPI,Android,0,3,1,7000.61,1,0.5885,468,14,0,0,0
TXN0007760,USR01466,MER0177,2577.36,UPI,Android,0,1,3,2186.99,0,0.4032,879,17,1,0,0
TXN0007761,USR01250,MER0471,3366.07,Wallet,Android,0,1,1,2880.36,0,0.2093,493,13,0,0,0
TXN0007762,USR02512,MER0119,2401.62,UPI,Android,0,0,2,1741.28,0,0.4178,790,15,0,0,0
TXN0007763,USR01831,MER0347,11801.58,NetBanking,iOS,0,1,1,1879.92,0,0.106,793,16,1,0,0
TXN0007764,USR03202,MER0062,5968.73,Wallet,Android,0,0,1,6643.2,0,0.1571,579,10,0,0,0
TXN0007765,USR01637,MER0478,1237.79,Wallet,iOS,0,0,2,1177.82,0,0.4034,538,9,1,0,0
TXN0007766,USR02496,MER0324,1090.77,UPI,Android,0,0,2,811.71,0,0.144,621,19,1,1,0
TXN0007767,USR03077,MER0216,1390.11,UPI,iOS,0,1,1,1463.29,0,0.0221,480,12,1,0,0
TXN0007768,USR01623,MER0173,1730.57,Card,Android,0,2,1,1911.08,0,0.277,1204,9,0,0,0
TXN0007769,USR00995,MER0178,3633.16,UPI,Android,0,0,1,9887.79,0,0.2557,1062,6,0,0,0
TXN0007770,USR03411,MER0113,6687.99,UPI,iOS,0,0,1,1649.48,0,0.8548,102,21,0,0,0
TXN0007771,USR00794,MER0300,1754.19,UPI,Android,0,0,3,1253.95,1,0.1668,428,8,0,0,0
TXN0007772,USR00138,MER0433,4617.08,Card,Android,0,0,1,4175.99,0,0.3089,651,20,1,0,0
TXN0007773,USR02024,MER0121,1510.37,Card,Web,0,1,1,2489.23,0,0.3023,515,2,0,0,0
TXN0007774,USR03455,MER0375,986.29,UPI,Web,0,2,1,2135.7,0,0.5138,701,9,0,0,0
TXN0007775,USR00303,MER0284,3838.33,UPI,Android,0,0,1,2172.43,0,0.2474,631,11,0,0,0
TXN0007776,USR02973,MER0387,14596.25,Card,Web,0,0,2,1921.47,0,0.8275,948,16,0,0,0
TXN0007777,USR02907,MER0385,6202.79,Card,iOS,0,1,2,4169.65,0,0.1557,1927,20,0,0,0
TXN0007778,USR03252,MER0020,682.49,Card,Web,0,0,2,1899.41,0,0.5673,718,7,0,0,0
TXN0007779,USR01476,MER0011,4062.24,Wallet,Web,0,0,3,1402.14,0,0.2171,751,18,0,0,0
TXN0007780,USR00892,MER0458,4271.91,Card,Android,0,0,1,2346.84,0,0.6057,690,12,0,0,0
TXN0007781,USR01793,MER0078,1454.36,UPI,Web,0,0,2,1620.82,0,0.4101,1602,10,1,0,0
TXN0007782,USR00499,MER0288,2840.1,UPI,Android,0,0,1,2132.19,0,0.2007,335,11,0,0,1
TXN0007783,USR02950,MER0377,7814.59,UPI,Android,0,0,1,4818.53,0,0.1259,733,6,0,0,1
TXN0007784,USR02322,MER0252,579.41,UPI,Android,0,1,3,1595.01,0,0.139,653,13,1,0,0
TXN0007785,USR01692,MER0004,13115.6,Wallet,Android,0,1,1,4119.65,0,0.107,1165,12,0,0,0
TXN0007786,USR01806,MER0006,2203.1,Card,Android,0,0,2,1635.45,0,0.1811,961,19,1,0,0
TXN0007787,USR02493,MER0335,623.91,Card,Android,0,1,2,1088.94,0,0.0754,406,14,0,0,0
TXN0007788,USR01832,MER0449,702.7,UPI,Web,0,0,1,1626.98,0,0.0203,610,15,0,0,0
TXN0007789,USR02940,MER0172,1069.86,Card,iOS,0,5,1,552.57,0,0.8678,1104,18,0,0,0
TXN0007790,USR03237,MER0272,2203.86,UPI,Android,0,0,1,1990.08,0,0.4735,2764,20,0,0,0
TXN0007791,USR03325,MER0467,3017.97,UPI,iOS,0,2,2,2241.42,0,0.8404,939,20,0,0,0
TXN0007792,USR02171,MER0413,3908.41,Card,Web,0,0,1,4030.67,0,0.1449,631,18,1,0,0
TXN0007793,USR02599,MER0271,2414.81,UPI,Android,0,0,2,5225.73,0,0.4103,1259,9,0,0,0
TXN0007794,USR01089,MER0328,7146.93,UPI,Android,0,0,11,5209.47,0,0.3229,603,12,0,0,0
TXN0007795,USR00134,MER0481,1010.85,UPI,Web,0,0,1,1225.1,0,0.4909,471,20,1,0,0
TXN0007796,USR01401,MER0399,896.48,UPI,Android,0,0,1,957.28,0,0.3093,946,9,0,0,0
TXN0007797,USR03051,MER0208,15901.53,UPI,Android,0,1,1,3019.14,1,0.2802,1130,19,1,0,0
TXN0007798,USR00468,MER0347,4753.3,Card,Android,0,0,11,2672.76,0,0.1523,689,15,0,0,1
TXN0007799,USR01910,MER0165,4025.93,UPI,Web,0,0,2,2171.65,0,0.1318,1079,23,0,0,0
TXN0007800,USR00674,MER0461,8984.87,UPI,Android,0,0,1,1332.11,0,0.1573,140,21,0,0,0
TXN0007801,USR01503,MER0047,7185.04,UPI,Web,1,0,1,5726.52,0,0.3146,1064,23,1,0,0
TXN0007802,USR00502,MER0113,2411.85,UPI,iOS,0,0,2,2326.13,0,0.7981,1221,19,0,0,0
TXN0007803,USR02572,MER0174,1523.86,Wallet,Android,0,0,1,2612.42,0,0.067,390,13,1,1,0
TXN0007804,USR02837,MER0102,1574.75,Wallet,Web,0,0,1,2293.16,0,0.1722,1473,8,1,0,0
TXN0007805,USR02655,MER0298,280.52,Card,Android,0,0,1,1287.64,0,0.1973,99,11,0,0,0
TXN0007806,USR02468,MER0357,6273.5,Card,iOS,0,1,1,3733.06,1,0.0285,799,18,0,0,0
TXN0007807,USR00824,MER0446,3277.93,Card,Android,1,0,1,2166.83,0,0.271,1351,17,1,0,0
TXN0007808,USR01857,MER0251,3735.88,UPI,Web,0,0,1,2050.35,0,0.1744,1648,6,0,0,0
TXN0007809,USR00367,MER0311,1743.61,Card,Android,0,0,1,1890.68,0,0.4584,1195,12,0,0,0
TXN0007810,USR01311,MER0300,945.74,UPI,Android,0,0,3,906.66,0,0.1952,2295,16,0,0,0
TXN0007811,USR01771,MER0002,1833.55,UPI,iOS,0,1,1,1987.27,0,0.3241,109,12,0,0,0
TXN0007812,USR02340,MER0355,5294.65,Wallet,Web,0,0,1,2051.81,0,0.0866,563,7,0,0,0
TXN0007813,USR00339,MER0012,4440.39,Wallet,Web,0,0,1,1954.13,0,0.3711,569,10,0,0,0
TXN0007814,USR02846,MER0274,1958.18,UPI,Android,0,5,1,2101.85,0,0.0205,724,9,0,0,0
TXN0007815,USR01607,MER0500,324.05,NetBanking,Android,0,1,2,650.78,0,0.164,598,14,0,0,0
TXN0007816,USR03085,MER0394,5573.35,Card,Android,0,0,1,3012.58,0,0.9623,486,18,0,0,0
TXN0007817,USR01847,MER0254,2073.21,Card,Android,0,1,1,4396.43,0,0.1164,910,17,0,0,0
TXN0007818,USR01915,MER0160,375.55,Card,Web,0,2,3,1209.41,0,0.0364,342,14,1,0,0
TXN0007819,USR02425,MER0419,13446.06,Wallet,iOS,0,0,1,1985.57,0,0.2639,468,12,0,0,0
TXN0007820,USR02870,MER0430,4457.4,NetBanking,iOS,0,1,4,1948.87,0,0.0071,292,18,0,0,0
TXN0007821,USR00552,MER0185,1347.88,Card,iOS,0,0,2,1896.85,0,0.1422,217,13,1,0,0
TXN0007822,USR01790,MER0054,1252.88,UPI,Android,0,1,2,984.31,0,0.2037,1048,5,0,0,0
TXN0007823,USR00105,MER0292,3714.35,Card,Android,0,0,8,5267.15,0,0.0357,398,17,0,0,0
TXN0007824,USR01661,MER0318,19439.3,UPI,Web,0,1,1,12151.61,0,0.256,495,17,0,0,0
TXN0007825,USR02848,MER0468,6930.9,Card,Android,0,1,2,3312.05,0,0.2691,1628,21,0,0,0
TXN0007826,USR03030,MER0446,4740.59,NetBanking,iOS,0,0,1,6022.03,0,0.2463,332,16,0,1,0
TXN0007827,USR00993,MER0115,629.6,Wallet,Android,0,1,1,1387.08,0,0.3196,1895,19,1,0,0
TXN0007828,USR01353,MER0127,881.47,Card,Android,0,1,2,2645.61,0,0.3284,121,18,0,0,0
TXN0007829,USR01931,MER0499,5104.72,UPI,Android,0,0,9,2755.69,1,0.132,1101,9,0,0,0
TXN0007830,USR01386,MER0164,1317.89,UPI,Android,0,0,1,3140.42,1,0.7772,1852,17,1,0,1
TXN0007831,USR00624,MER0230,4588.4,UPI,iOS,0,0,1,3690.17,0,0.0906,881,12,0,0,0
TXN0007832,USR01068,MER0153,9547.65,NetBanking,Web,0,1,2,5734.85,0,0.199,1962,4,0,0,0
TXN0007833,USR01415,MER0197,1542.39,UPI,Android,0,1,1,2326.27,0,0.3986,327,6,0,0,0
TXN0007834,USR01816,MER0283,1326.39,Wallet,Web,0,0,1,1571.67,0,0.1465,283,17,0,0,0
TXN0007835,USR03223,MER0147,2202.01,UPI,Android,0,0,1,1127.57,0,0.1569,1075,20,0,0,0
TXN0007836,USR01907,MER0207,1144.33,Card,Android,0,0,2,2152.7,0,0.1514,734,23,1,0,0
TXN0007837,USR01355,MER0177,11485.11,NetBanking,iOS,0,0,6,5057.94,0,0.3311,312,8,1,0,1
TXN0007838,USR02312,MER0054,2921.04,Card,Android,0,1,2,3635.34,0,0.1242,641,22,1,0,0
TXN0007839,USR02706,MER0394,3374.07,Card,Android,0,0,7,1413.43,0,0.9229,688,17,0,0,0
TXN0007840,USR01507,MER0446,4430.2,UPI,Android,0,0,2,1460.41,0,0.3055,187,8,0,0,0
TXN0007841,USR01713,MER0247,2619.46,UPI,Android,1,0,2,2956.75,0,0.11,476,18,0,0,0
TXN0007842,USR00763,MER0103,619.99,Card,Web,0,0,2,1088.37,0,0.4537,505,15,0,0,0
TXN0007843,USR03027,MER0322,6443.96,UPI,Android,0,1,2,3148.67,0,0.3842,1641,9,0,0,0
TXN0007844,USR03034,MER0268,470.2,Card,Android,0,1,1,1644.25,0,0.2252,479,10,0,0,0
TXN0007845,USR00613,MER0276,3053.59,UPI,iOS,0,1,3,2685.96,1,0.1159,323,6,0,0,0
TXN0007846,USR01212,MER0298,872.41,UPI,Android,0,1,1,946.6,0,0.1523,711,18,0,0,0
TXN0007847,USR00952,MER0359,3142.43,Wallet,Android,0,2,1,1301.4,0,0.0921,205,9,1,0,0
TXN0007848,USR03231,MER0021,3875.34,Wallet,Android,0,0,3,1492.15,0,0.4157,136,20,0,0,0
TXN0007849,USR00229,MER0050,1063.4,NetBanking,Web,0,0,3,2203.6,0,0.2937,169,21,0,1,0
TXN0007850,USR00726,MER0048,993.99,UPI,Web,0,0,1,926.12,0,0.2624,1545,5,0,0,0
TXN0007851,USR01103,MER0078,1287.93,UPI,Web,0,0,2,2041.88,0,0.3792,975,9,0,0,0
TXN0007852,USR01961,MER0486,1521.47,UPI,Android,1,0,2,1975.6,0,0.3433,1423,20,1,0,0
TXN0007853,USR00872,MER0366,2651.04,NetBanking,Android,0,0,2,1786.81,0,0.1571,250,13,1,0,0
TXN0007854,USR01879,MER0333,2188.72,Card,Web,0,0,2,2928.35,0,0.4805,142,15,1,0,0
TXN0007855,USR02616,MER0350,636.2,NetBanking,Web,0,0,1,581.66,1,0.0865,719,12,0,0,0
TXN0007856,USR02901,MER0017,3662.2,Wallet,Android,0,1,9,1932.53,0,0.2191,1488,17,0,0,0
TXN0007857,USR00347,MER0107,12938.42,UPI,iOS,0,0,1,4568.96,0,0.1854,286,22,0,1,0
TXN0007858,USR00486,MER0398,2146.27,UPI,Android,0,1,1,1832.87,0,0.0573,129,11,1,0,0
TXN0007859,USR00334,MER0232,12434.17,UPI,Android,0,0,1,12009.01,0,0.0415,1060,10,0,0,0
TXN0007860,USR03185,MER0255,888.38,Card,Android,0,0,1,2072.79,0,0.2361,846,19,0,0,0
TXN0007861,USR02283,MER0376,13143.02,NetBanking,Web,0,1,2,4411.06,0,0.4353,835,0,0,0,0
TXN0007862,USR01860,MER0038,2066.45,UPI,Web,0,1,1,1520.33,0,0.0846,916,14,1,0,0
TXN0007863,USR02769,MER0400,3291.15,Wallet,Android,0,0,3,3136.65,0,0.1748,727,18,0,0,0
TXN0007864,USR02052,MER0341,4235.05,UPI,Android,0,0,2,4187.73,0,0.2269,674,19,0,0,0
TXN0007865,USR00825,MER0202,400.36,Card,Android,0,0,1,324.63,0,0.2268,780,17,1,0,0
TXN0007866,USR01786,MER0250,3334.67,UPI,Android,0,0,1,2011.11,0,0.1024,374,14,0,0,0
TXN0007867,USR02462,MER0038,1918.93,Card,Android,0,1,1,1058.62,0,0.0413,443,14,0,0,0
TXN0007868,USR00127,MER0103,5048.64,Card,Android,1,0,1,1664.19,0,0.4636,101,18,0,0,0
TXN0007869,USR02123,MER0124,2811.18,UPI,Web,0,0,3,2481.51,0,0.078,833,18,1,0,0
TXN0007870,USR01740,MER0439,7852.46,NetBanking,Web,0,1,2,2334.51,0,0.018,886,9,0,0,0
TXN0007871,USR00244,MER0057,96371.19,Card,Web,0,1,1,5139.58,0,0.2973,838,20,0,0,0
TXN0007872,USR00923,MER0146,996.8,UPI,iOS,0,0,1,1094.27,0,0.2485,571,9,0,0,0
TXN0007873,USR01570,MER0066,6785.64,UPI,iOS,0,1,7,2797.37,0,0.1423,1035,18,0,0,1
TXN0007874,USR01200,MER0143,1991.59,UPI,iOS,0,0,2,1968.61,0,0.1642,851,8,0,1,0
TXN0007875,USR01016,MER0006,13005.61,UPI,iOS,1,0,3,4451.66,0,0.1985,1480,17,1,1,0
TXN0007876,USR02272,MER0137,16005.08,UPI,Android,0,1,1,3326.61,0,0.1607,221,8,0,0,0
TXN0007877,USR01416,MER0362,4524.56,UPI,Android,0,0,2,4482.35,1,0.1213,1023,19,0,0,0
TXN0007878,USR01742,MER0384,6132.3,Wallet,Android,1,1,2,5723.68,0,0.2327,1477,7,0,0,1
TXN0007879,USR02795,MER0190,2772.77,NetBanking,iOS,1,1,1,1479.22,0,0.1268,307,22,1,0,0
TXN0007880,USR00327,MER0354,1525.32,UPI,Android,0,0,1,2120.02,0,0.2091,736,13,0,0,0
TXN0007881,USR01260,MER0310,619.91,Wallet,Android,1,0,1,1218.69,0,0.1689,531,7,0,0,0
TXN0007882,USR00256,MER0452,3272.42,UPI,Web,0,0,1,2282.17,0,0.0,183,10,0,0,0
TXN0007883,USR03246,MER0403,1127.92,Card,Android,0,5,11,2025.08,1,0.5615,675,16,1,0,0
TXN0007884,USR00650,MER0115,274.56,UPI,Android,0,1,3,1082.16,0,0.3325,401,18,0,0,0
TXN0007885,USR02870,MER0295,6974.91,UPI,Web,0,0,1,1948.87,0,0.0528,568,18,1,0,0
TXN0007886,USR00669,MER0394,5284.56,UPI,Android,0,1,1,2850.02,1,0.941,1348,7,0,0,0
TXN0007887,USR01135,MER0153,11296.11,Card,Android,0,0,1,3060.01,0,0.2106,417,8,0,0,0
TXN0007888,USR02130,MER0287,2748.94,Card,iOS,0,0,1,1540.22,0,0.135,651,19,0,0,0
TXN0007889,USR02910,MER0201,990.35,Wallet,Web,0,1,2,637.91,0,0.2606,374,11,0,0,0
TXN0007890,USR00623,MER0155,1102.88,UPI,Android,1,2,1,888.57,0,0.9379,1306,17,0,0,0
TXN0007891,USR00746,MER0100,2618.44,Card,Android,0,0,2,3147.22,0,0.2174,195,1,1,0,0
TXN0007892,USR03087,MER0018,2903.81,UPI,Android,1,0,2,2111.3,0,0.0595,619,22,0,0,0
TXN0007893,USR01127,MER0375,1253.0,UPI,Android,1,1,10,1961.82,0,0.4922,537,23,0,0,0
TXN0007894,USR00735,MER0410,3520.72,UPI,Web,0,0,2,7992.55,0,0.2009,1785,21,1,0,0
TXN0007895,USR02603,MER0326,2608.89,UPI,Web,0,1,2,3483.81,0,0.3451,837,20,0,0,0
TXN0007896,USR00319,MER0121,11919.35,Wallet,Web,0,0,1,4944.56,0,0.2691,608,21,0,0,0
TXN0007897,USR03035,MER0010,615.94,Card,Android,1,0,4,1572.61,0,0.3101,1848,19,0,0,0
TXN0007898,USR03066,MER0316,1649.1,Card,iOS,0,1,1,4162.52,0,0.263,511,15,0,0,0
TXN0007899,USR02998,MER0100,1567.72,UPI,iOS,0,4,1,1076.67,0,0.1837,292,11,0,0,0
TXN0007900,USR01034,MER0275,1355.02,UPI,Android,1,0,2,1920.67,0,0.253,541,21,0,0,0
TXN0007901,USR00400,MER0486,4747.91,Card,iOS,0,0,1,3518.9,0,0.3304,421,13,0,0,0
TXN0007902,USR01489,MER0003,15716.41,UPI,Android,1,0,2,8101.17,0,0.5654,859,16,0,1,1
TXN0007903,USR01172,MER0289,3143.62,UPI,iOS,0,0,3,2370.43,0,0.0054,740,16,0,0,0
TXN0007904,USR03357,MER0498,1554.53,UPI,iOS,1,1,2,2576.39,0,0.9018,153,23,0,0,0
TXN0007905,USR02211,MER0168,2440.91,NetBanking,Android,1,0,2,1018.84,0,0.1834,442,19,0,0,0
TXN0007906,USR03306,MER0408,5475.65,UPI,iOS,0,0,2,3373.61,0,0.36,2600,18,0,0,0
TXN0007907,USR02629,MER0415,2620.18,UPI,Android,0,0,2,2701.82,0,0.1765,164,10,1,0,0
TXN0007908,USR02503,MER0244,3642.59,Card,Android,1,1,2,3889.32,0,0.2585,440,17,0,1,0
TXN0007909,USR00392,MER0154,6295.38,Wallet,Android,0,0,2,5055.83,0,0.262,954,17,0,1,0
TXN0007910,USR00242,MER0341,1134.48,UPI,Web,0,1,2,1493.02,0,0.2097,954,21,0,0,0
TXN0007911,USR00163,MER0310,222.37,UPI,Android,0,0,2,756.59,0,0.1444,327,17,0,0,0
TXN0007912,USR02077,MER0239,9982.53,NetBanking,Web,0,1,2,6114.87,1,0.2235,1146,20,0,0,0
TXN0007913,USR00706,MER0097,3868.34,Wallet,Android,1,0,2,2473.14,1,0.1631,703,21,0,0,0
TXN0007914,USR03462,MER0373,739.39,Card,Android,0,1,1,4074.87,0,0.6454,1641,20,0,1,0
TXN0007915,USR00465,MER0106,2511.74,UPI,Android,0,0,2,1828.12,0,0.0124,1173,9,0,0,0
TXN0007916,USR03315,MER0068,4963.08,UPI,Android,0,0,3,1473.08,0,0.5961,132,7,1,0,0
TXN0007917,USR02337,MER0034,990.15,Wallet,Web,0,1,4,2344.33,0,0.1679,1200,19,1,0,0
TXN0007918,USR00372,MER0224,2274.84,Card,Android,1,0,2,2521.06,0,0.9559,403,8,1,0,1
TXN0007919,USR00205,MER0061,2175.75,UPI,iOS,0,0,2,2607.53,0,0.3805,911,7,0,0,0
TXN0007920,USR01386,MER0168,9873.49,UPI,iOS,0,0,1,3140.42,0,0.152,926,21,0,1,0
TXN0007921,USR01187,MER0121,5122.45,UPI,Android,0,0,2,2402.6,0,0.3059,386,3,0,0,1
TXN0007922,USR01105,MER0230,453.31,Card,Android,0,1,1,896.98,0,0.1275,985,21,0,0,0
TXN0007923,USR01850,MER0389,2947.33,Card,Android,0,1,3,2421.95,0,0.0998,986,8,1,0,0
TXN0007924,USR00455,MER0226,5920.21,UPI,iOS,0,0,1,1185.84,0,0.1038,523,14,0,0,0
TXN0007925,USR00454,MER0279,1329.22,Card,Web,1,1,1,2191.05,0,0.2595,83,16,0,0,0
TXN0007926,USR02432,MER0072,2494.0,Wallet,iOS,0,0,2,2643.01,1,0.2911,1509,19,0,0,0
TXN0007927,USR03467,MER0057,2004.57,Card,Android,0,0,9,1456.01,0,0.3406,821,4,0,0,1
TXN0007928,USR00959,MER0489,453.81,UPI,iOS,1,2,3,740.2,0,0.3711,1294,11,0,0,1
TXN0007929,USR03262,MER0310,13269.34,NetBanking,iOS,0,0,2,3919.44,0,0.1508,506,14,0,0,0
TXN0007930,USR01208,MER0008,327.08,UPI,Android,0,1,2,483.25,0,0.1849,492,16,0,0,0
TXN0007931,USR01176,MER0283,538.33,Card,Android,0,1,4,1538.51,0,0.1612,247,21,0,0,0
TXN0007932,USR00317,MER0006,4028.98,UPI,Android,0,2,1,6181.13,1,0.1778,194,19,0,0,0
TXN0007933,USR01482,MER0039,1224.02,Card,iOS,1,0,1,804.1,0,0.2139,1350,9,1,0,0
TXN0007934,USR01743,MER0187,2392.55,Card,iOS,0,0,1,4468.46,0,0.0765,589,14,0,0,0
TXN0007935,USR02324,MER0329,3564.19,UPI,Android,1,0,1,3014.25,0,0.1423,894,7,0,0,0
TXN0007936,USR00554,MER0311,951.27,Card,iOS,0,0,1,666.98,0,0.453,424,15,1,0,0
TXN0007937,USR00661,MER0396,753.9,Card,Web,0,0,3,1892.56,0,0.2997,394,17,0,0,0
TXN0007938,USR01513,MER0090,1791.66,UPI,Android,0,0,3,2826.42,0,0.0685,360,19,0,0,0
TXN0007939,USR00244,MER0096,6285.41,UPI,Android,0,1,9,5139.58,0,0.0576,984,8,0,0,0
TXN0007940,USR00502,MER0267,3669.08,UPI,Android,0,0,1,2326.13,0,0.2983,740,15,0,0,0
TXN0007941,USR02202,MER0435,809.78,NetBanking,iOS,0,1,1,1254.75,0,0.4163,2293,19,0,0,0
TXN0007942,USR03339,MER0362,3625.63,UPI,Android,0,0,1,3416.96,0,0.0968,370,10,0,0,0
TXN0007943,USR02006,MER0335,1681.23,UPI,Web,0,0,2,2168.34,0,0.0591,469,8,0,0,0
TXN0007944,USR00508,MER0048,3228.11,UPI,Android,0,0,1,2009.42,0,0.2733,1801,12,0,0,0
TXN0007945,USR03469,MER0440,8735.72,Wallet,iOS,0,0,1,6318.25,1,0.1838,859,9,0,0,0
TXN0007946,USR01827,MER0493,1534.2,Card,iOS,0,0,2,2110.48,0,0.3833,461,10,0,0,0
TXN0007947,USR02509,MER0292,6832.47,Card,Android,0,0,3,5089.64,0,0.0636,1180,14,0,0,0
TXN0007948,USR00690,MER0169,991.69,Card,Web,0,0,2,1403.17,0,0.328,543,22,0,0,0
TXN0007949,USR02025,MER0332,2689.66,Card,Web,0,0,2,2034.22,1,0.0029,964,8,1,0,0
TXN0007950,USR00268,MER0322,3583.66,NetBanking,Android,0,0,9,2683.31,0,0.3615,464,15,1,0,1
TXN0007951,USR02191,MER0465,12359.44,Card,Android,0,1,1,2356.71,0,0.1662,350,19,1,0,0
TXN0007952,USR00709,MER0056,2038.17,Card,Web,0,0,1,2729.62,0,0.1963,475,17,0,0,0
TXN0007953,USR03184,MER0258,3897.99,Card,Web,0,0,1,4536.58,0,0.2457,463,19,0,0,0
TXN0007954,USR00192,MER0355,466.47,Card,Android,0,2,3,781.49,1,0.0579,241,5,1,0,0
TXN0007955,USR02285,MER0175,1118.06,Card,Android,0,2,1,2472.51,0,0.3039,333,20,1,0,0
TXN0007956,USR00488,MER0421,1287.44,Card,Android,1,0,2,1880.06,0,0.2202,129,1,1,0,0
TXN0007957,USR02405,MER0033,2959.97,Wallet,Android,0,0,2,1927.66,0,0.2868,316,7,1,0,0
TXN0007958,USR01728,MER0053,4069.27,NetBanking,iOS,1,0,1,2515.55,0,0.0407,709,19,0,0,0
TXN0007959,USR03387,MER0396,914.6,Card,iOS,0,0,3,777.12,0,0.294,828,21,1,0,0
TXN0007960,USR02282,MER0063,1502.96,Card,iOS,1,0,2,1954.99,0,0.3988,740,6,0,0,0
TXN0007961,USR01302,MER0210,860.8,UPI,Web,0,0,3,1290.9,0,0.4033,713,12,0,0,0
TXN0007962,USR00306,MER0141,1457.44,Wallet,Android,0,0,1,2964.77,0,0.6237,210,18,1,0,0
TXN0007963,USR02086,MER0345,2214.05,Card,Android,0,0,3,3475.66,0,0.0455,840,12,0,0,0
TXN0007964,USR01544,MER0006,577.39,NetBanking,Android,1,0,2,1542.27,0,0.2213,445,23,0,0,0
TXN0007965,USR00184,MER0179,25232.69,Card,iOS,0,0,2,9978.99,0,0.0701,514,8,0,0,0
TXN0007966,USR02035,MER0494,17694.02,Card,iOS,0,0,6,4955.4,0,0.9583,3650,13,0,0,0
TXN0007967,USR00735,MER0185,1886.43,UPI,Web,0,1,1,7992.55,0,0.181,446,19,0,0,0
TXN0007968,USR00820,MER0300,3574.37,Card,Android,0,2,2,3051.15,0,0.2125,1287,21,1,0,0
TXN0007969,USR00032,MER0495,2534.94,UPI,Web,0,1,1,2189.85,0,0.097,449,13,0,0,0
TXN0007970,USR01303,MER0304,3518.32,Card,Android,0,0,3,3182.42,0,0.8724,1226,20,0,0,0
TXN0007971,USR00764,MER0378,2267.59,UPI,Android,0,0,2,3652.8,0,0.2806,861,20,0,0,0
TXN0007972,USR00252,MER0480,5080.92,UPI,Web,0,0,1,2558.14,0,0.2689,520,14,1,0,0
TXN0007973,USR01521,MER0309,1130.13,Wallet,Android,0,1,2,884.08,0,0.2135,275,7,1,0,0
TXN0007974,USR00771,MER0417,4211.64,Card,iOS,0,1,3,2102.83,0,0.1263,1040,23,0,0,0
TXN0007975,USR00470,MER0255,1693.65,UPI,Android,0,0,1,3027.97,0,0.2332,276,17,0,0,0
TXN0007976,USR01634,MER0408,366.68,Wallet,Android,0,0,1,1043.54,0,0.3762,367,22,0,0,0
TXN0007977,USR00222,MER0321,32553.09,UPI,Android,1,0,2,3584.36,0,0.1072,414,17,0,0,0
TXN0007978,USR03467,MER0170,692.38,UPI,Web,0,1,3,1456.01,0,0.9153,844,20,0,0,0
TXN0007979,USR01649,MER0280,4761.15,UPI,iOS,1,0,2,2342.4,0,0.3959,1631,18,0,1,1
TXN0007980,USR03487,MER0168,309.54,UPI,Android,1,0,12,1504.57,0,0.1911,229,13,0,0,0
TXN0007981,USR03085,MER0199,2045.1,Wallet,Web,0,1,1,3012.58,0,0.0961,311,14,1,0,0
TXN0007982,USR03429,MER0146,888.75,Card,Android,0,0,2,1455.76,0,0.2974,518,18,0,0,0
TXN0007983,USR01900,MER0246,1219.97,Card,Android,0,0,4,1629.28,0,0.3771,1476,10,0,0,0
TXN0007984,USR01481,MER0174,1352.04,Card,Web,1,0,3,1177.77,1,0.0642,2813,15,0,0,1
TXN0007985,USR02520,MER0314,2984.3,UPI,Android,0,0,1,2358.62,0,0.1629,233,13,0,0,0
TXN0007986,USR00283,MER0185,3449.47,Card,Android,0,1,3,2287.85,0,0.1814,527,7,0,0,0
TXN0007987,USR02941,MER0246,8925.01,Card,Web,0,1,2,5448.1,0,0.3631,775,13,0,0,1
TXN0007988,USR01133,MER0071,3623.13,Card,Android,0,1,3,4309.56,0,0.0702,924,7,1,1,0
TXN0007989,USR00026,MER0194,2923.56,Card,Android,1,0,1,673.37,0,0.5536,556,8,0,0,0
TXN0007990,USR00833,MER0178,3646.55,UPI,Android,1,0,3,1412.1,0,0.2884,910,20,0,1,1
TXN0007991,USR00849,MER0481,1755.42,UPI,Android,0,0,1,2310.21,0,0.4186,585,10,1,0,0
TXN0007992,USR00050,MER0224,1138.4,UPI,iOS,0,1,1,1320.71,0,0.8893,1198,13,1,0,0
TXN0007993,USR02341,MER0011,2660.58,Card,Web,0,1,2,3554.94,0,0.2047,1657,1,1,0,0
TXN0007994,USR00334,MER0155,14838.6,UPI,iOS,0,2,1,12009.01,0,0.9253,352,22,0,0,0
TXN0007995,USR02964,MER0365,1220.85,Card,Android,0,0,4,2584.01,0,0.1154,526,19,0,0,0
TXN0007996,USR01587,MER0083,1378.35,Card,Android,1,0,1,2558.32,0,0.1924,935,20,0,0,0
TXN0007997,USR02514,MER0082,733.26,UPI,Android,0,0,3,3670.21,0,0.1577,623,20,1,0,0
TXN0007998,USR01189,MER0187,2516.13,Card,Web,0,1,9,3524.57,0,0.1347,300,14,0,0,0
TXN0007999,USR00462,MER0179,1282.85,UPI,iOS,0,0,1,626.54,0,0.0865,429,13,1,0,0
TXN0008000,USR00632,MER0241,867.78,NetBanking,Android,0,1,1,1017.85,0,0.1082,293,18,1,0,0
TXN0008001,USR02261,MER0018,617.19,UPI,Android,0,0,1,695.35,0,0.0585,551,18,0,0,0
TXN0008002,USR02507,MER0361,12458.32,Wallet,Android,1,0,2,10720.03,1,0.232,1017,15,1,0,1
TXN0008003,USR00937,MER0107,875.79,UPI,Web,0,0,2,1894.55,0,0.1386,222,18,0,0,0
TXN0008004,USR01250,MER0356,2790.22,Card,Android,0,0,4,2880.36,0,0.421,505,14,1,0,0
TXN0008005,USR03308,MER0283,2697.74,Card,Android,0,1,1,1493.88,0,0.1483,969,15,0,0,0
TXN0008006,USR02982,MER0102,1147.52,UPI,iOS,0,0,2,967.42,0,0.2252,331,15,0,0,0
TXN0008007,USR01446,MER0235,20323.44,UPI,Android,0,0,2,2324.29,0,0.0489,560,20,1,0,0
TXN0008008,USR00844,MER0019,10562.63,UPI,iOS,0,0,1,4468.92,0,0.0631,262,22,0,0,0
TXN0008009,USR01055,MER0351,8772.51,Wallet,Android,0,0,2,5723.37,0,0.222,901,12,0,0,0
TXN0008010,USR01885,MER0152,2359.1,Card,Android,0,0,2,4145.01,0,0.154,398,15,0,0,0
TXN0008011,USR01984,MER0192,3879.81,UPI,Android,1,0,2,5225.57,0,0.5951,229,20,0,0,0
TXN0008012,USR00645,MER0079,12799.05,UPI,iOS,1,0,2,3349.12,0,0.2529,1284,14,0,0,0
TXN0008013,USR00231,MER0183,3844.52,NetBanking,Web,0,0,2,3223.43,0,0.1922,629,6,0,0,0
TXN0008014,USR01734,MER0198,5050.24,UPI,Android,0,1,2,4660.61,0,0.1335,1000,20,0,0,0
TXN0008015,USR02792,MER0113,1082.19,Card,Android,0,0,1,2113.11,1,0.8771,428,7,0,0,0
TXN0008016,USR00534,MER0490,3344.3,UPI,Web,0,0,2,3755.08,0,0.3223,207,14,1,0,0
TXN0008017,USR01430,MER0140,2352.93,UPI,Web,0,1,1,1476.79,0,0.6711,925,13,1,0,0
TXN0008018,USR00566,MER0091,535.58,UPI,Android,0,1,1,557.06,0,0.3349,655,7,1,0,0
TXN0008019,USR00848,MER0275,564.19,NetBanking,iOS,0,0,1,862.08,0,0.1982,1438,12,0,0,0
TXN0008020,USR02143,MER0160,2515.14,Card,Android,0,1,1,3251.93,0,0.054,1195,14,0,0,0
TXN0008021,USR01002,MER0227,1458.36,UPI,iOS,0,0,1,649.99,0,0.1069,478,17,0,1,0
TXN0008022,USR00924,MER0363,5503.36,Card,iOS,1,1,2,3577.12,0,0.1025,1410,15,0,0,0
TXN0008023,USR03485,MER0040,8912.92,UPI,iOS,0,2,4,6378.88,0,0.0953,449,19,0,0,0
TXN0008024,USR00604,MER0255,2898.45,NetBanking,Android,0,0,2,2218.3,0,0.2404,1736,0,0,0,0
TXN0008025,USR00663,MER0011,585.92,UPI,Android,0,1,1,1443.69,0,0.2348,1020,22,0,0,0
TXN0008026,USR03255,MER0022,3527.86,Wallet,Android,0,1,1,3048.35,0,0.2094,1324,19,0,1,0
TXN0008027,USR01926,MER0047,3563.62,Wallet,Android,0,0,2,1736.4,0,0.3523,455,7,0,0,0
TXN0008028,USR00151,MER0081,1416.72,UPI,Web,0,0,2,1797.16,0,0.7732,440,17,0,0,0
TXN0008029,USR01488,MER0175,9527.87,NetBanking,Android,1,6,1,4955.37,0,0.284,2163,21,0,0,0
TXN0008030,USR01979,MER0468,2987.78,NetBanking,Android,1,0,10,2121.17,0,0.3097,1087,11,1,0,0
TXN0008031,USR00887,MER0454,4264.32,Wallet,iOS,0,1,1,2470.34,0,0.3239,1156,9,0,0,0
TXN0008032,USR01919,MER0052,4291.47,UPI,Android,0,0,2,4349.04,1,0.4829,1019,15,0,0,0
TXN0008033,USR02270,MER0496,2020.61,Card,Android,0,0,1,1121.94,0,0.1865,1411,2,0,0,0
TXN0008034,USR00878,MER0318,649.19,UPI,Android,0,0,1,1959.21,0,0.2472,980,0,0,0,0
TXN0008035,USR02844,MER0277,665.21,NetBanking,Web,0,1,1,682.82,0,0.3663,961,4,0,0,0
TXN0008036,USR01585,MER0397,5687.48,UPI,Web,1,0,2,3578.33,0,0.071,688,18,0,0,0
TXN0008037,USR03373,MER0243,2506.89,Card,Android,0,0,2,2129.12,1,0.1002,1873,9,0,0,0
TXN0008038,USR00308,MER0133,3667.77,Wallet,Android,0,0,3,1751.96,0,0.3248,869,20,0,0,0
TXN0008039,USR01135,MER0265,2599.47,NetBanking,iOS,0,2,3,3060.01,0,0.3325,1139,17,1,1,0
TXN0008040,USR02525,MER0363,1116.87,Wallet,iOS,0,0,1,1741.42,0,0.126,1494,18,1,0,0
TXN0008041,USR03133,MER0342,1084.9,Wallet,Android,0,2,3,3712.18,0,0.2475,692,17,0,0,1
TXN0008042,USR00776,MER0085,1172.03,Card,Android,0,0,2,1499.71,0,0.9017,164,16,0,0,0
TXN0008043,USR03431,MER0470,3843.79,Card,Android,0,0,3,2785.17,0,0.1756,1031,12,1,0,0
TXN0008044,USR00677,MER0143,11377.09,UPI,Android,1,1,1,1226.26,1,0.1252,516,18,1,0,0
TXN0008045,USR01457,MER0410,396.38,NetBanking,Android,0,0,1,1141.14,0,0.1741,644,17,0,0,0
TXN0008046,USR01103,MER0156,4527.21,UPI,Android,0,1,5,2041.88,0,0.2661,204,7,0,0,0
TXN0008047,USR01486,MER0032,954.18,Wallet,Android,0,1,1,2023.19,0,0.4903,518,6,0,0,0
TXN0008048,USR03159,MER0499,1399.48,UPI,Android,0,1,11,1605.33,0,0.1754,543,15,0,0,0
TXN0008049,USR02564,MER0295,845.84,UPI,Android,0,0,1,1339.26,0,0.0916,451,1,0,0,0
TXN0008050,USR02788,MER0108,3821.39,Card,Android,0,1,1,2974.85,0,0.942,1174,18,0,0,0
TXN0008051,USR00889,MER0001,933.23,NetBanking,Android,0,1,1,916.82,0,0.2085,153,11,1,0,0
TXN0008052,USR03315,MER0065,2283.01,UPI,Android,0,0,1,1473.08,0,0.173,847,5,1,1,0
TXN0008053,USR01525,MER0085,7962.36,Card,Android,0,0,3,2219.29,0,0.9392,140,22,0,0,0
TXN0008054,USR02282,MER0463,2476.48,UPI,iOS,1,0,1,1954.99,0,0.4541,896,11,0,0,0
TXN0008055,USR02443,MER0089,2523.3,Card,iOS,0,1,1,4017.97,0,0.687,652,22,0,0,0
TXN0008056,USR02321,MER0081,1855.53,Card,Web,0,1,1,1399.62,0,0.7799,158,17,0,0,0
TXN0008057,USR02107,MER0419,17088.92,UPI,Web,0,0,1,4427.92,0,0.2725,368,6,0,0,0
TXN0008058,USR01681,MER0440,1760.41,Card,Android,0,0,3,1153.71,1,0.1821,772,10,0,0,0
TXN0008059,USR02267,MER0105,1830.12,Wallet,Web,1,1,2,973.83,0,0.2364,316,14,0,0,0
TXN0008060,USR03169,MER0326,774.66,Wallet,Web,0,0,4,2565.23,0,0.2872,1552,8,0,0,0
TXN0008061,USR01365,MER0268,9538.7,Card,Android,0,0,6,7589.79,0,0.2233,390,18,0,0,0
TXN0008062,USR01789,MER0289,1398.98,UPI,Android,0,0,1,1783.75,0,0.0,1214,19,0,0,0
TXN0008063,USR00631,MER0156,521.47,Card,Android,1,0,1,894.57,0,0.2279,1225,19,1,0,0
TXN0008064,USR01243,MER0376,1519.06,Card,Web,0,0,2,1622.81,0,0.3988,325,16,1,0,0
TXN0008065,USR02703,MER0441,3527.71,Wallet,Android,0,1,1,3429.56,0,0.8939,692,8,0,0,1
TXN0008066,USR02242,MER0363,2251.41,Card,Android,0,1,1,3710.33,0,0.0749,840,21,0,1,0
TXN0008067,USR00740,MER0452,2333.29,Card,iOS,0,1,1,2141.67,0,0.02,944,15,0,0,0
TXN0008068,USR01912,MER0056,1143.55,Card,Web,0,1,1,1362.13,0,0.1882,1029,1,0,0,0
TXN0008069,USR02842,MER0329,2143.98,Wallet,iOS,0,0,1,1359.22,1,0.1067,313,17,1,0,0
TXN0008070,USR00435,MER0500,1798.47,Card,Android,0,0,3,1604.94,1,0.177,385,11,0,0,1
TXN0008071,USR00217,MER0268,878.9,UPI,Android,0,0,1,704.87,0,0.221,505,15,0,0,0
TXN0008072,USR01375,MER0471,5366.89,Wallet,iOS,0,0,1,2787.35,0,0.1585,663,6,0,0,0
TXN0008073,USR02298,MER0175,5357.68,Card,iOS,0,0,1,3777.12,0,0.3213,1128,2,0,0,0
TXN0008074,USR01097,MER0449,2686.34,Card,Android,0,2,1,2836.48,0,0.0488,1000,19,0,0,0
TXN0008075,USR02874,MER0470,503.12,UPI,iOS,0,0,1,2376.56,0,0.1735,700,21,0,0,0
TXN0008076,USR02964,MER0312,3558.09,UPI,Android,0,0,1,2584.01,0,0.2343,416,20,1,0,0
TXN0008077,USR01864,MER0353,528.46,Wallet,Android,0,1,2,1071.22,0,0.5823,409,9,0,0,0
TXN0008078,USR01326,MER0262,1147.75,UPI,Android,0,1,3,1283.89,0,0.4558,123,8,0,0,0
TXN0008079,USR00147,MER0159,2397.3,UPI,Web,0,0,2,1929.36,0,0.0761,808,17,0,0,0
TXN0008080,USR02876,MER0269,6304.37,Card,Android,0,0,1,2538.22,0,0.412,805,19,0,0,0
TXN0008081,USR03134,MER0482,9139.66,UPI,Android,0,0,1,2550.15,0,0.8493,394,13,0,0,1
TXN0008082,USR01549,MER0008,1540.4,Card,Android,0,3,2,3143.46,0,0.1527,248,14,1,0,1
TXN0008083,USR01808,MER0103,770.35,UPI,Web,0,0,1,2088.64,0,0.4316,136,14,0,1,0
TXN0008084,USR02638,MER0250,3429.85,UPI,Web,1,1,3,2851.94,0,0.1516,349,6,1,0,0
TXN0008085,USR02434,MER0170,1440.08,NetBanking,iOS,0,0,2,1271.44,0,0.8545,905,17,0,0,1
TXN0008086,USR00474,MER0312,3530.79,Card,Android,0,0,2,1287.0,0,0.2276,623,23,1,0,0
TXN0008087,USR02354,MER0181,1414.61,NetBanking,iOS,0,0,1,1505.03,0,0.0886,619,12,0,0,0
TXN0008088,USR03237,MER0330,2910.73,Card,iOS,0,1,3,1990.08,0,0.9949,156,9,0,0,0
TXN0008089,USR02628,MER0054,419.82,Wallet,Android,0,0,2,1070.14,0,0.1866,516,16,0,0,0
TXN0008090,USR01682,MER0167,323.3,UPI,Android,0,0,2,695.54,0,0.3517,288,20,0,0,0
TXN0008091,USR01832,MER0347,973.29,UPI,Android,0,1,1,1626.98,1,0.1334,1890,17,1,0,0
TXN0008092,USR00910,MER0236,3136.51,UPI,Android,0,0,1,3841.79,0,0.1912,1811,19,0,0,0
TXN0008093,USR02313,MER0357,2748.42,UPI,Android,0,0,2,1753.07,0,0.0276,568,13,0,0,0
TXN0008094,USR00846,MER0319,760.74,NetBanking,Android,0,0,2,1011.67,0,0.061,548,19,0,0,0
TXN0008095,USR01197,MER0165,467.26,Card,iOS,0,2,1,472.04,0,0.0929,1077,6,0,0,0
TXN0008096,USR00928,MER0215,13283.53,Card,iOS,0,1,1,2771.19,0,0.2676,821,8,0,1,0
TXN0008097,USR01174,MER0483,711.78,Card,Web,0,0,1,1489.68,0,0.1875,475,20,0,0,0
TXN0008098,USR01284,MER0482,2312.11,UPI,Android,0,2,1,3889.64,0,0.7945,279,18,0,0,1
TXN0008099,USR00291,MER0018,7199.84,NetBanking,Android,0,1,1,4645.2,0,0.0731,562,22,1,0,0
TXN0008100,USR02512,MER0353,3373.7,Card,Android,0,0,1,1741.28,0,0.5806,770,19,0,0,0
TXN0008101,USR01544,MER0246,1977.66,UPI,Android,0,1,2,1542.27,0,0.3962,193,20,1,0,0
TXN0008102,USR03324,MER0001,2768.19,Card,Android,0,1,2,791.15,0,0.2308,423,17,0,0,0
TXN0008103,USR00634,MER0318,1150.23,UPI,Web,0,1,2,962.13,0,0.2533,689,9,0,0,0
TXN0008104,USR02342,MER0012,520.63,Card,Android,0,0,2,2270.7,0,0.3752,826,20,1,0,0
TXN0008105,USR00628,MER0160,2487.96,Card,iOS,0,0,1,2439.09,0,0.0333,835,11,0,0,0
TXN0008106,USR01916,MER0346,1029.94,NetBanking,Android,0,0,1,1633.31,0,0.1488,387,9,0,0,0
TXN0008107,USR01719,MER0407,6499.4,NetBanking,Android,0,0,1,2522.79,0,0.163,1521,19,0,0,0
TXN0008108,USR01571,MER0207,7182.9,UPI,iOS,0,0,1,3770.37,0,0.1635,1599,20,1,0,0
TXN0008109,USR02292,MER0405,1197.48,UPI,Android,0,0,2,3954.29,0,0.2858,756,12,0,0,0
TXN0008110,USR02899,MER0420,13312.7,Wallet,Android,0,0,2,5293.55,0,0.1728,617,9,0,0,0
TXN0008111,USR01109,MER0224,3451.9,Card,iOS,0,2,1,1845.19,0,0.9342,834,7,0,0,0
TXN0008112,USR02974,MER0087,2858.74,Card,Android,1,2,3,3796.17,0,0.1313,326,18,0,0,0
TXN0008113,USR00647,MER0330,2853.68,Card,iOS,0,0,2,3174.31,0,0.9949,1342,13,0,0,0
TXN0008114,USR01026,MER0007,14399.51,Card,iOS,0,1,2,1773.37,0,0.222,912,13,0,0,0
TXN0008115,USR01088,MER0447,345.16,Card,Web,1,0,3,1500.43,0,0.9528,690,22,0,0,0
TXN0008116,USR03337,MER0195,4445.52,NetBanking,iOS,0,1,2,3391.29,0,0.1864,426,21,0,0,0
TXN0008117,USR00416,MER0381,4183.41,Card,Android,0,0,1,2001.45,0,0.4116,386,16,0,0,0
TXN0008118,USR01383,MER0369,490.03,UPI,iOS,0,0,1,549.13,1,0.1887,1410,7,0,0,0
TXN0008119,USR01486,MER0237,3068.45,UPI,iOS,0,0,4,2023.19,0,0.0087,1194,13,1,0,0
TXN0008120,USR02801,MER0486,2035.01,NetBanking,Android,0,2,2,1986.21,1,0.2887,1013,6,1,0,0
TXN0008121,USR01701,MER0399,866.43,Card,iOS,0,0,1,1601.81,0,0.3489,751,12,0,0,0
TXN0008122,USR03384,MER0442,1912.93,Card,Android,0,0,3,3600.73,0,0.328,812,9,1,0,0
TXN0008123,USR02592,MER0047,3049.2,UPI,iOS,0,0,2,1919.93,0,0.3504,937,17,1,0,0
TXN0008124,USR02463,MER0243,661.32,NetBanking,Android,0,0,1,1098.77,0,0.0283,1197,11,0,0,0
TXN0008125,USR02636,MER0476,348.53,Card,Android,0,0,1,1098.18,0,0.1895,402,18,0,0,0
TXN0008126,USR00566,MER0407,578.7,NetBanking,Android,0,0,8,557.06,0,0.1813,567,20,0,1,0
TXN0008127,USR01572,MER0228,371.85,UPI,Android,0,0,11,565.62,0,0.0696,318,19,0,0,0
TXN0008128,USR02052,MER0036,1680.01,UPI,Web,0,2,1,4187.73,0,0.1509,615,15,0,0,0
TXN0008129,USR00730,MER0142,2552.26,UPI,iOS,0,0,2,2548.03,0,0.4931,220,8,0,0,0
TXN0008130,USR00416,MER0287,24734.77,UPI,Android,0,1,1,2001.45,0,0.0639,1203,12,0,0,0
TXN0008131,USR00476,MER0321,9115.32,NetBanking,Android,0,0,2,9444.65,0,0.1058,216,12,0,0,0
TXN0008132,USR02762,MER0463,20927.44,UPI,Web,0,8,1,5276.69,0,0.4312,537,10,0,0,1
TXN0008133,USR02300,MER0047,2178.2,Wallet,iOS,0,0,2,1618.66,0,0.3897,317,17,0,0,0
TXN0008134,USR00985,MER0199,5166.24,Wallet,Android,0,0,3,2577.53,0,0.1522,233,11,0,0,0
TXN0008135,USR02581,MER0137,12601.92,UPI,Android,0,0,12,2692.48,0,0.1503,2219,6,0,0,1
TXN0008136,USR02434,MER0481,3415.35,Card,Android,0,0,1,1271.44,0,0.4408,1414,15,0,0,0
TXN0008137,USR02858,MER0084,1251.72,Wallet,Android,1,2,1,2713.87,0,0.1523,334,2,1,0,0
TXN0008138,USR03186,MER0111,2120.43,Card,Android,0,0,1,1201.77,0,0.5175,519,12,0,0,0
TXN0008139,USR03088,MER0149,1161.27,UPI,iOS,0,0,1,1014.92,0,0.1754,2318,13,1,0,0
TXN0008140,USR00634,MER0053,399.27,Wallet,Android,1,1,1,962.13,0,0.1003,761,20,0,0,0
TXN0008141,USR02693,MER0322,5602.15,Card,Android,0,0,2,4800.97,0,0.3718,652,20,0,0,0
TXN0008142,USR01376,MER0263,20152.75,NetBanking,Web,0,1,1,5322.24,0,0.0604,237,16,1,1,0
TXN0008143,USR01411,MER0279,4895.88,Card,Android,0,1,2,2175.74,0,0.2977,440,7,0,0,0
TXN0008144,USR02265,MER0454,401.27,UPI,Android,0,0,1,875.08,0,0.2975,713,11,0,0,0
TXN0008145,USR02108,MER0217,1210.2,UPI,Android,1,0,2,1259.75,0,0.791,1454,14,0,0,1
TXN0008146,USR01469,MER0156,4602.66,Wallet,Android,0,1,2,3396.1,0,0.22,535,18,0,0,0
TXN0008147,USR03499,MER0188,472.36,NetBanking,iOS,0,0,3,1725.5,0,0.0734,692,23,1,0,0
TXN0008148,USR00612,MER0401,968.86,UPI,iOS,0,0,1,3452.45,0,0.2163,557,6,0,0,0
TXN0008149,USR00340,MER0265,1734.52,UPI,Android,0,1,2,1631.33,0,0.2733,472,6,1,0,0
TXN0008150,USR00102,MER0085,1735.63,UPI,Android,0,0,2,1617.12,0,0.8897,264,8,1,0,0
TXN0008151,USR02850,MER0345,311.59,UPI,Android,0,0,2,1231.05,0,0.0714,218,14,0,1,0
TXN0008152,USR01424,MER0373,4391.3,UPI,Web,0,0,2,3491.33,0,0.6083,889,7,0,0,0
TXN0008153,USR01531,MER0125,10113.55,UPI,Android,0,0,1,4861.09,0,0.409,571,19,0,0,0
TXN0008154,USR02273,MER0279,4137.64,UPI,iOS,0,0,2,5090.13,1,0.3123,374,8,0,0,0
TXN0008155,USR01524,MER0282,1359.22,Card,Web,0,1,1,1368.68,0,0.0641,734,20,0,0,0
TXN0008156,USR02009,MER0088,3490.85,NetBanking,Android,0,0,3,2432.03,1,0.1461,342,13,0,0,1
TXN0008157,USR00205,MER0005,3402.47,UPI,iOS,0,0,7,2607.53,0,0.1652,231,11,1,0,0
TXN0008158,USR00547,MER0360,4131.79,Card,iOS,0,0,2,2735.46,0,0.4846,134,8,0,0,0
TXN0008159,USR03263,MER0308,1383.39,UPI,Android,1,1,2,2790.52,1,0.1833,359,9,0,0,0
TXN0008160,USR01578,MER0357,1057.51,Card,Web,0,0,1,1478.36,0,0.0,500,23,0,0,0
TXN0008161,USR00586,MER0189,1228.06,NetBanking,iOS,0,1,3,2399.44,0,0.1998,376,6,0,0,0
TXN0008162,USR01294,MER0258,2535.75,UPI,Android,0,0,1,927.07,0,0.2314,519,3,1,0,0
TXN0008163,USR01172,MER0491,3560.48,Wallet,Android,0,3,3,2370.43,0,0.0808,1710,8,0,0,0
TXN0008164,USR00960,MER0113,447.8,UPI,Android,0,1,1,1046.65,0,0.869,448,20,0,0,0
TXN0008165,USR01028,MER0327,1658.3,UPI,Android,0,0,2,2034.23,0,0.0797,230,11,0,0,0
TXN0008166,USR02553,MER0067,3951.96,UPI,Web,0,0,1,1841.04,0,0.5137,1019,18,1,0,0
TXN0008167,USR00374,MER0033,916.55,UPI,iOS,0,0,3,1534.42,0,0.2634,186,23,0,0,0
TXN0008168,USR01084,MER0479,2492.04,UPI,Android,0,0,2,1419.01,1,0.3348,584,5,1,0,1
TXN0008169,USR01638,MER0065,4850.56,Card,Web,0,0,1,1883.64,0,0.1464,637,11,0,0,0
TXN0008170,USR01891,MER0328,5715.23,UPI,Android,0,0,1,2503.06,0,0.3002,866,19,1,0,0
TXN0008171,USR03082,MER0258,3135.45,Wallet,Android,0,1,3,2894.7,1,0.2319,228,6,1,0,0
TXN0008172,USR03232,MER0405,8061.36,UPI,Android,0,1,1,3443.0,0,0.3105,532,21,0,0,0
TXN0008173,USR01041,MER0274,1481.47,UPI,Web,0,6,3,2268.33,0,0.0434,402,11,1,0,0
TXN0008174,USR01888,MER0349,23023.29,Card,Android,0,0,4,4041.73,0,0.2428,1612,0,0,0,0
TXN0008175,USR00079,MER0448,2445.1,Card,Android,0,1,2,2161.22,0,0.194,54,16,0,0,0
TXN0008176,USR02160,MER0415,7200.64,Wallet,Android,0,0,1,3315.07,0,0.2115,954,9,0,0,0
TXN0008177,USR00536,MER0361,913.91,Wallet,iOS,0,0,3,1246.85,0,0.2209,129,10,1,0,0
TXN0008178,USR00257,MER0082,1763.17,Card,Android,0,0,3,1293.74,0,0.1958,866,8,0,0,0
TXN0008179,USR02352,MER0085,11932.54,NetBanking,Web,0,0,1,8482.24,0,0.9036,1503,8,0,1,0
TXN0008180,USR00624,MER0249,1798.43,UPI,Android,0,0,2,3690.17,0,0.2117,678,22,0,0,0
TXN0008181,USR01671,MER0330,612.77,NetBanking,Android,0,0,2,1284.42,0,0.9811,803,14,0,0,0
TXN0008182,USR00354,MER0334,1237.43,UPI,Web,0,0,2,1507.24,0,0.4741,1190,9,0,0,0
TXN0008183,USR02610,MER0394,4776.68,UPI,Android,1,0,2,2265.75,0,0.9539,1029,13,0,0,0
TXN0008184,USR02677,MER0052,280.03,UPI,Web,1,0,2,1100.52,0,0.4576,142,18,0,0,0
TXN0008185,USR02012,MER0087,1703.41,Card,Web,0,0,1,2325.37,0,0.1806,995,18,0,0,0
TXN0008186,USR02926,MER0075,2772.55,Card,iOS,0,3,2,1135.03,0,0.0601,870,20,0,0,0
TXN0008187,USR01529,MER0271,637.9,UPI,Android,0,1,4,1628.35,0,0.3848,691,7,0,0,0
TXN0008188,USR00653,MER0317,2822.55,UPI,Android,1,0,2,1203.02,0,0.116,278,14,0,0,0
TXN0008189,USR00530,MER0058,618.77,Card,Android,0,0,2,1465.19,0,0.0987,637,17,0,0,0
TXN0008190,USR00768,MER0435,1981.76,Card,Android,0,0,1,4030.51,0,0.4651,15,14,0,0,0
TXN0008191,USR00702,MER0152,471.36,NetBanking,iOS,0,0,1,550.93,0,0.0929,119,18,0,0,0
TXN0008192,USR01132,MER0331,6663.91,NetBanking,Android,1,0,3,1818.14,0,0.0839,2128,13,0,0,0
TXN0008193,USR00751,MER0376,2052.86,Card,Android,0,0,1,3421.36,0,0.4055,414,11,0,0,0
TXN0008194,USR02069,MER0019,716.24,Card,Android,0,0,1,2622.16,0,0.0889,561,13,0,0,0
TXN0008195,USR00520,MER0433,810.08,Card,Android,0,0,3,2336.77,0,0.2975,687,8,0,1,0
TXN0008196,USR02177,MER0486,1796.07,Wallet,Android,0,0,1,965.22,0,0.3224,745,9,1,0,0
TXN0008197,USR01170,MER0480,1981.62,Card,iOS,0,1,1,5525.26,0,0.2966,455,18,1,0,0
TXN0008198,USR02404,MER0070,6024.02,Card,Android,0,2,3,2692.37,0,0.0604,307,16,0,0,0
TXN0008199,USR01796,MER0197,976.01,UPI,Android,0,0,11,975.76,0,0.4478,154,16,0,0,0
TXN0008200,USR03169,MER0117,2384.08,Wallet,iOS,0,0,1,2565.23,0,0.0384,386,20,0,0,0
TXN0008201,USR01540,MER0226,6049.67,Card,Android,0,2,1,5134.31,0,0.1142,878,8,0,0,0
TXN0008202,USR01033,MER0488,1857.22,UPI,Web,0,2,1,3475.52,0,0.136,473,15,0,0,0
TXN0008203,USR02062,MER0382,2723.86,Card,Web,0,0,1,2592.91,0,0.2427,677,9,0,0,0
TXN0008204,USR02306,MER0386,1694.48,UPI,Android,0,0,1,4205.48,0,0.1806,70,14,1,0,0
TXN0008205,USR01538,MER0211,8994.3,UPI,Android,0,0,1,3580.1,0,0.4761,758,21,1,0,0
TXN0008206,USR01960,MER0469,1066.03,Card,Web,0,1,1,2348.07,0,0.185,1070,11,0,0,0
TXN0008207,USR01649,MER0461,3056.2,Card,iOS,0,1,1,2342.4,0,0.1669,650,19,0,0,0
TXN0008208,USR01071,MER0404,698.23,NetBanking,Web,0,0,1,1546.23,0,0.3697,1011,9,1,0,0
TXN0008209,USR01098,MER0408,1681.6,NetBanking,Android,0,1,1,2595.17,0,0.374,634,12,0,0,0
TXN0008210,USR03176,MER0326,615.35,UPI,Web,0,0,2,846.7,0,0.3156,981,8,0,0,0
TXN0008211,USR02364,MER0048,25348.2,UPI,Web,0,0,2,3114.71,0,0.2623,1040,9,0,0,0
TXN0008212,USR00335,MER0143,6037.32,UPI,Android,0,0,2,6413.22,0,0.1836,1322,10,0,0,0
TXN0008213,USR03368,MER0385,1718.75,NetBanking,Android,0,0,1,3264.48,0,0.146,982,15,1,0,0
TXN0008214,USR02493,MER0164,752.11,UPI,Android,0,0,2,1088.94,0,0.7553,1342,14,0,0,0
TXN0008215,USR00176,MER0087,408.18,UPI,Android,0,3,2,1267.85,0,0.1723,1463,17,1,0,0
TXN0008216,USR02548,MER0474,819.65,Card,Android,0,0,1,968.82,0,0.1346,150,9,0,0,0
TXN0008217,USR02064,MER0245,6672.66,UPI,Android,0,0,1,1850.09,0,0.0354,1709,18,0,0,0
TXN0008218,USR03204,MER0431,3359.77,Card,Web,0,0,2,2772.99,0,0.1476,425,17,0,0,0
TXN0008219,USR01713,MER0143,5389.97,Wallet,Android,0,0,2,2956.75,0,0.1253,1045,7,0,0,0
TXN0008220,USR01816,MER0180,776.45,Card,Web,1,2,6,1571.67,0,0.3155,576,18,0,0,1
TXN0008221,USR01102,MER0172,655.2,UPI,Android,0,2,1,797.39,0,0.8545,873,13,0,0,0
TXN0008222,USR01126,MER0187,4621.24,UPI,Web,0,0,8,4194.83,0,0.133,446,17,0,0,0
TXN0008223,USR02163,MER0219,1809.58,UPI,Android,0,0,1,3206.94,0,0.2707,410,12,1,0,0
TXN0008224,USR02898,MER0149,1085.43,UPI,Android,0,0,1,855.53,0,0.2256,471,17,1,0,0
TXN0008225,USR03118,MER0408,2494.21,UPI,Web,0,1,2,1683.48,0,0.385,407,13,0,0,1
TXN0008226,USR02698,MER0164,3397.7,UPI,Android,0,0,3,2416.33,0,0.7621,340,12,0,0,0
TXN0008227,USR02135,MER0221,1570.19,Card,Android,0,0,1,1840.38,0,0.13,657,12,0,0,0
TXN0008228,USR01752,MER0431,4986.63,UPI,Android,0,0,1,2390.02,0,0.1258,265,2,0,0,0
TXN0008229,USR01189,MER0219,2785.07,Card,iOS,0,0,1,3524.57,0,0.2612,1501,19,0,1,0
TXN0008230,USR02688,MER0006,2217.25,UPI,iOS,0,0,1,2996.42,0,0.186,969,19,0,0,0
TXN0008231,USR01114,MER0001,3634.01,UPI,Android,0,0,1,1353.14,0,0.21,495,11,1,0,0
TXN0008232,USR00938,MER0219,1464.25,Card,Web,0,0,1,3415.62,0,0.2655,368,7,0,0,0
TXN0008233,USR03038,MER0325,460.59,UPI,Android,0,0,2,1650.17,0,0.158,680,6,0,0,0
TXN0008234,USR02064,MER0472,942.15,Card,Web,0,1,1,1850.09,0,0.0611,518,9,0,0,0
TXN0008235,USR01240,MER0066,2512.82,Card,iOS,0,0,1,1998.89,0,0.1055,576,12,0,0,0
TXN0008236,USR03029,MER0272,2711.98,Card,Android,0,1,7,1131.44,0,0.5151,397,23,0,1,0
TXN0008237,USR03370,MER0145,791.46,NetBanking,iOS,0,1,2,1338.7,1,0.1599,1225,10,0,0,0
TXN0008238,USR01113,MER0226,11858.69,Wallet,Android,0,1,2,3374.94,0,0.1323,733,22,0,0,0
TXN0008239,USR01825,MER0222,3268.85,Card,iOS,0,0,1,3369.81,0,0.0116,714,12,0,0,0
TXN0008240,USR01693,MER0157,1634.49,Wallet,iOS,0,0,2,1867.34,0,0.2399,905,15,0,0,0
TXN0008241,USR02456,MER0010,743.64,NetBanking,Android,0,0,1,1441.61,0,0.3513,805,17,0,0,0
TXN0008242,USR03329,MER0037,9671.08,Wallet,iOS,1,1,2,2494.69,0,0.1234,693,16,0,0,0
TXN0008243,USR01920,MER0262,954.3,Card,Android,0,2,2,1117.87,1,0.4711,1153,7,0,0,0
TXN0008244,USR02794,MER0113,550.06,Wallet,iOS,0,0,2,1508.78,0,0.8236,94,8,1,0,0
TXN0008245,USR02085,MER0164,11689.06,UPI,Android,0,0,2,2094.12,0,0.7564,429,9,1,0,1
TXN0008246,USR03105,MER0046,7187.95,NetBanking,Web,0,1,1,5691.44,0,0.2568,209,18,0,0,0
TXN0008247,USR01417,MER0025,2915.13,UPI,Web,0,0,1,1724.19,0,0.101,207,14,0,0,0
TXN0008248,USR01349,MER0064,6739.78,UPI,Android,0,0,1,2111.3,1,0.2221,192,19,0,0,0
TXN0008249,USR01479,MER0189,1983.9,UPI,iOS,0,0,1,1339.98,0,0.2611,657,23,1,0,0
TXN0008250,USR03488,MER0082,7941.35,Wallet,iOS,0,3,3,4137.79,1,0.197,396,12,1,0,1
TXN0008251,USR02141,MER0116,4241.27,UPI,iOS,1,0,2,4287.69,0,0.1805,585,7,1,0,0
TXN0008252,USR00534,MER0152,6058.1,Card,Android,0,0,1,3755.08,0,0.1451,859,17,0,0,0
TXN0008253,USR00144,MER0146,2265.55,Card,iOS,0,1,1,2441.01,0,0.2792,1647,8,1,0,0
TXN0008254,USR01816,MER0006,1473.42,UPI,Android,0,0,2,1571.67,0,0.2135,394,11,1,0,0
TXN0008255,USR02820,MER0059,7947.4,Wallet,Web,0,0,1,7664.88,0,0.353,602,11,0,0,0
TXN0008256,USR01678,MER0476,368.41,UPI,Android,1,1,3,515.39,0,0.1763,359,23,0,0,0
TXN0008257,USR01961,MER0334,2702.09,Card,Android,0,0,1,1975.6,0,0.4741,1722,21,1,1,0
TXN0008258,USR02795,MER0062,2019.49,Wallet,iOS,1,0,1,1479.22,0,0.2123,411,11,0,0,0
TXN0008259,USR01808,MER0142,27796.97,UPI,Android,0,0,1,2088.64,0,0.5179,827,14,0,0,0
TXN0008260,USR03181,MER0192,3349.82,UPI,Android,0,1,2,2221.96,0,0.608,576,9,0,0,0
TXN0008261,USR02233,MER0453,32685.28,UPI,iOS,0,0,3,8140.84,0,0.3126,597,14,1,0,0
TXN0008262,USR02559,MER0440,5351.98,Card,Android,1,0,1,2636.82,0,0.1785,874,2,0,0,0
TXN0008263,USR02736,MER0386,1712.89,Wallet,Android,0,1,2,2090.5,0,0.1157,458,6,0,0,0
TXN0008264,USR02194,MER0054,3005.34,UPI,iOS,0,1,1,2280.01,0,0.1699,154,10,0,0,0
TXN0008265,USR00176,MER0246,3334.97,UPI,Android,0,0,5,1267.85,0,0.3817,1000,22,0,0,0
TXN0008266,USR01497,MER0242,2079.74,Card,Android,0,0,2,4332.84,0,0.488,1247,6,0,0,0
TXN0008267,USR00496,MER0319,5348.02,Card,Android,0,2,2,1318.47,0,0.0472,406,17,0,0,0
TXN0008268,USR01787,MER0423,3578.8,UPI,Android,1,1,3,6571.67,1,0.4138,450,8,1,0,0
TXN0008269,USR00502,MER0161,4230.85,UPI,iOS,0,1,1,2326.13,0,0.3953,346,13,0,0,0
TXN0008270,USR01783,MER0279,4088.39,UPI,Android,0,0,3,4277.63,0,0.298,257,0,0,0,1
TXN0008271,USR01204,MER0132,1045.1,UPI,Web,0,0,3,1139.72,1,0.2325,263,15,1,0,0
TXN0008272,USR00072,MER0106,559.81,Card,Android,0,0,3,1503.72,0,0.0372,473,14,0,0,0
TXN0008273,USR00438,MER0157,3431.59,Card,Web,0,1,2,1876.91,0,0.1813,216,21,1,0,0
TXN0008274,USR01761,MER0368,562.35,Wallet,Android,0,6,2,1494.79,0,0.3598,389,11,0,0,0
TXN0008275,USR00276,MER0219,562.98,Card,iOS,0,0,3,1672.43,0,0.2438,954,20,0,0,0
TXN0008276,USR02996,MER0341,11594.93,UPI,Android,0,0,2,5288.75,0,0.2206,577,19,1,0,0
TXN0008277,USR02656,MER0346,10248.51,UPI,Android,0,0,3,2970.16,0,0.0919,185,10,1,0,0
TXN0008278,USR02483,MER0182,833.21,Wallet,Android,0,0,2,1416.16,0,0.5517,437,13,0,0,0
TXN0008279,USR00603,MER0478,10887.84,Card,iOS,0,1,1,5558.94,0,0.3829,1233,18,0,0,0
TXN0008280,USR02785,MER0024,1280.6,Wallet,Android,0,0,4,758.68,0,0.3118,523,14,0,0,0
TXN0008281,USR02222,MER0449,2521.08,UPI,Android,0,0,2,2830.86,0,0.034,1224,13,0,0,0
TXN0008282,USR01367,MER0004,1888.36,UPI,iOS,0,2,3,758.75,0,0.0834,572,20,0,0,0
TXN0008283,USR00002,MER0192,846.35,Wallet,iOS,1,0,1,1000.98,0,0.5916,1361,19,0,0,0
TXN0008284,USR01852,MER0413,3398.45,UPI,Android,0,1,1,2461.31,0,0.088,817,11,1,0,0
TXN0008285,USR02786,MER0343,2862.45,UPI,iOS,0,0,2,1162.36,0,0.3064,490,20,1,0,0
TXN0008286,USR00118,MER0161,307.28,Card,Web,0,0,1,772.55,0,0.4093,1090,13,0,0,0
TXN0008287,USR00185,MER0443,5973.96,Card,Android,0,0,1,2706.61,0,0.2225,443,8,1,0,0
TXN0008288,USR01341,MER0069,3960.1,Card,iOS,0,0,1,2799.39,0,0.9376,1101,15,0,0,0
TXN0008289,USR01791,MER0336,3029.09,Card,Android,0,0,1,3528.36,0,0.0789,436,16,1,0,0
TXN0008290,USR01661,MER0260,45654.86,UPI,Android,0,1,1,12151.61,0,0.5209,311,7,1,0,0
TXN0008291,USR01492,MER0104,12916.94,Wallet,iOS,0,0,5,3464.17,0,0.0709,758,17,0,0,0
TXN0008292,USR00894,MER0461,1713.12,Wallet,iOS,0,1,3,1312.74,0,0.1753,109,9,0,0,0
TXN0008293,USR00210,MER0383,557.57,Card,Android,1,0,1,1671.8,0,0.0039,829,10,0,0,0
TXN0008294,USR00110,MER0005,7267.78,UPI,iOS,0,1,2,2734.51,1,0.1647,392,9,0,0,0
TXN0008295,USR00346,MER0044,625.77,Card,Android,0,0,2,1198.05,1,0.1292,1711,20,0,1,1
TXN0008296,USR02417,MER0029,2253.3,Wallet,iOS,0,0,1,2220.98,0,0.2942,6,21,0,0,0
TXN0008297,USR02751,MER0208,3776.81,UPI,Android,0,0,1,7791.35,0,0.2914,1031,13,0,0,0
TXN0008298,USR01523,MER0209,375.28,UPI,iOS,0,0,2,933.5,0,0.3097,875,11,0,0,0
TXN0008299,USR00271,MER0362,337.42,NetBanking,Web,0,0,1,1808.76,0,0.0745,560,5,0,0,0
TXN0008300,USR01455,MER0338,1381.64,Wallet,Android,0,0,3,1287.68,0,0.2034,1716,22,0,0,0
TXN0008301,USR03450,MER0008,621.05,NetBanking,Android,0,1,2,3417.01,0,0.173,1084,9,1,0,0
TXN0008302,USR00875,MER0239,819.63,Card,Android,0,0,1,1085.1,0,0.1651,1167,12,0,0,0
TXN0008303,USR01719,MER0393,3956.39,UPI,Android,0,1,2,2522.79,0,0.2494,1758,14,1,0,0
TXN0008304,USR01883,MER0449,2544.83,UPI,Web,0,0,3,4499.54,0,0.0367,852,11,1,0,0
TXN0008305,USR01155,MER0147,1145.26,Card,Web,0,0,2,2629.29,0,0.1562,168,17,0,0,0
TXN0008306,USR01534,MER0023,1280.41,Wallet,Web,0,1,1,1413.45,0,0.3004,354,20,0,0,0
TXN0008307,USR01652,MER0077,666.58,UPI,Web,0,0,1,1272.53,1,0.4771,475,14,0,0,0
TXN0008308,USR01659,MER0171,4777.76,UPI,Android,0,1,1,4394.25,0,0.1871,1124,19,1,0,0
TXN0008309,USR02512,MER0222,787.4,Wallet,iOS,0,1,1,1741.28,0,0.0,1126,13,0,0,0
TXN0008310,USR02034,MER0176,4758.15,UPI,Android,1,0,1,5392.96,0,0.1915,286,9,0,0,0
TXN0008311,USR00187,MER0046,2369.31,UPI,iOS,0,0,3,3196.39,0,0.239,39,12,0,0,0
TXN0008312,USR00023,MER0171,3473.71,NetBanking,iOS,0,0,1,3682.23,0,0.1774,762,20,0,0,0
TXN0008313,USR01438,MER0145,13891.29,Card,iOS,0,0,3,4499.44,0,0.1992,1810,8,1,0,0
TXN0008314,USR03177,MER0244,6197.51,Wallet,Android,0,1,2,5642.25,0,0.2087,594,14,1,0,0
TXN0008315,USR00130,MER0040,3590.52,NetBanking,Web,0,1,1,2625.04,0,0.1248,1101,9,1,0,0
TXN0008316,USR00249,MER0396,2015.11,Wallet,Android,0,0,3,3321.87,0,0.3025,923,17,0,0,0
TXN0008317,USR02378,MER0209,791.33,Card,Web,0,0,2,708.38,0,0.3111,806,20,0,0,0
TXN0008318,USR01579,MER0159,481.85,Card,Android,1,1,3,617.38,1,0.028,978,0,0,0,1
TXN0008319,USR00808,MER0454,1827.76,Card,Android,0,0,3,1880.88,0,0.3069,401,17,0,0,0
TXN0008320,USR00726,MER0373,1405.63,NetBanking,Web,0,1,1,926.12,0,0.6201,1595,17,1,0,0
TXN0008321,USR02328,MER0069,1235.51,UPI,Web,1,0,1,1862.0,0,0.9513,766,19,0,0,0
TXN0008322,USR01834,MER0074,2842.21,Card,Android,0,0,2,3979.57,0,0.2008,259,15,0,0,0
TXN0008323,USR02234,MER0002,1983.64,Wallet,Android,0,0,3,2959.88,1,0.3229,348,14,0,0,0
TXN0008324,USR00981,MER0281,1142.73,UPI,Android,0,0,1,1728.99,0,0.3592,917,16,0,0,0
TXN0008325,USR01843,MER0178,2708.75,Card,Web,0,0,7,2513.71,1,0.2726,630,7,1,0,1
TXN0008326,USR03011,MER0188,4204.27,UPI,Android,0,1,2,5744.07,0,0.0688,305,18,1,0,0
TXN0008327,USR01109,MER0255,5160.89,UPI,Android,0,1,1,1845.19,1,0.2304,446,11,1,0,0
TXN0008328,USR01388,MER0270,16250.59,UPI,Android,1,0,11,2482.17,0,0.3634,399,18,1,0,1
TXN0008329,USR00574,MER0001,3030.34,Card,Android,0,1,1,4795.1,0,0.2162,296,5,0,0,0
TXN0008330,USR02236,MER0054,3937.36,UPI,Android,0,0,1,3349.56,0,0.1656,252,6,0,0,0
TXN0008331,USR00114,MER0395,6943.49,Card,Web,0,1,3,3457.13,0,0.403,103,21,0,0,0
TXN0008332,USR00872,MER0477,1403.67,UPI,Web,0,1,1,1786.81,0,0.0,782,17,0,0,0
TXN0008333,USR02496,MER0419,377.35,UPI,Android,0,1,3,811.71,0,0.3269,704,22,1,0,0
TXN0008334,USR00068,MER0454,2381.65,UPI,Web,0,0,2,716.27,1,0.3012,354,2,0,1,1
TXN0008335,USR03462,MER0232,6352.65,Card,iOS,0,0,1,4074.87,0,0.0396,912,10,0,0,0
TXN0008336,USR01415,MER0414,13884.16,UPI,iOS,0,0,2,2326.27,0,0.2509,36,7,1,0,0
TXN0008337,USR01396,MER0442,57067.11,Card,Android,0,1,2,3153.42,0,0.3161,287,12,0,0,0
TXN0008338,USR01878,MER0447,2806.3,Wallet,iOS,0,0,3,1694.35,0,1.0,1403,16,1,0,0
TXN0008339,USR02238,MER0075,1729.55,Wallet,Web,0,1,1,1882.08,0,0.0478,911,10,0,0,0
TXN0008340,USR01609,MER0074,675.34,Card,Web,0,0,2,1434.24,0,0.2003,901,10,1,0,0
TXN0008341,USR03095,MER0202,2733.32,Card,Android,0,0,2,4098.88,0,0.2135,1565,7,0,0,0
TXN0008342,USR03368,MER0252,7393.29,Card,Android,0,0,2,3264.48,0,0.1883,1357,7,0,0,0
TXN0008343,USR00702,MER0480,856.38,Card,Android,0,1,11,550.93,0,0.3347,287,9,0,0,0
TXN0008344,USR02474,MER0159,3469.45,UPI,iOS,0,0,1,4172.01,0,0.0693,226,11,0,0,0
TXN0008345,USR01054,MER0416,27608.79,NetBanking,Android,0,1,2,8135.27,0,0.2336,1073,20,0,0,0
TXN0008346,USR03485,MER0444,5418.36,Wallet,Android,0,0,1,6378.88,0,0.0879,289,16,0,0,0
TXN0008347,USR00887,MER0483,4784.45,Card,iOS,0,1,1,2470.34,0,0.1454,921,2,0,0,0
TXN0008348,USR01033,MER0095,3873.55,Card,Web,0,0,2,3475.52,0,0.0,78,11,0,0,1
TXN0008349,USR02500,MER0121,9918.98,Card,iOS,0,0,1,2592.76,0,0.2668,1261,21,0,0,0
TXN0008350,USR02762,MER0110,8632.14,UPI,iOS,0,0,2,5276.69,0,0.0448,282,17,1,0,0
TXN0008351,USR00451,MER0368,2039.26,UPI,Android,0,0,1,2073.73,0,0.4115,171,12,1,0,0
TXN0008352,USR01945,MER0344,1955.24,UPI,iOS,0,0,2,2337.9,0,0.1337,477,14,1,0,0
TXN0008353,USR01210,MER0204,4485.82,Wallet,Web,0,0,10,4768.3,0,0.8782,2286,17,1,0,0
TXN0008354,USR02142,MER0045,1529.27,Card,Android,0,1,1,2710.34,0,0.1013,1310,11,0,0,0
TXN0008355,USR01949,MER0261,223.87,UPI,Web,0,8,3,629.61,0,0.1614,279,19,1,0,0
TXN0008356,USR03451,MER0367,9471.84,UPI,Android,0,1,3,7972.78,0,0.2262,983,21,0,0,0
TXN0008357,USR03268,MER0238,3478.07,Wallet,iOS,0,0,1,5368.84,0,0.3557,655,17,1,0,0
TXN0008358,USR02289,MER0135,2338.82,Wallet,Web,0,6,1,3617.17,0,0.1722,979,22,0,0,0
TXN0008359,USR02378,MER0297,632.08,Wallet,Web,0,0,1,708.38,1,0.3037,1371,21,0,0,0
TXN0008360,USR03146,MER0331,1511.06,UPI,Android,0,2,10,1529.91,0,0.1087,380,20,0,1,0
TXN0008361,USR00643,MER0296,2452.66,Card,Android,0,0,4,2564.75,1,0.4829,375,19,0,0,0
TXN0008362,USR02541,MER0437,4280.92,Card,Web,0,4,1,1287.36,0,0.2459,579,15,0,0,0
TXN0008363,USR02703,MER0157,5255.87,UPI,Android,0,0,3,3429.56,0,0.2386,499,16,0,0,0
TXN0008364,USR00446,MER0305,4658.86,UPI,Android,0,0,2,1073.74,0,0.2417,110,18,0,0,0
TXN0008365,USR03085,MER0428,2089.08,Card,Android,0,0,2,3012.58,0,0.0478,174,9,1,0,0
TXN0008366,USR02448,MER0107,6678.53,Card,iOS,0,0,1,3993.3,0,0.1575,413,16,0,0,0
TXN0008367,USR01215,MER0141,729.73,UPI,iOS,0,0,3,1011.03,0,0.6222,395,20,0,0,0
TXN0008368,USR01696,MER0025,1311.2,UPI,Android,0,1,1,2064.65,1,0.1007,543,18,0,0,0
TXN0008369,USR01714,MER0188,6720.38,UPI,iOS,0,0,2,1507.35,0,0.092,918,19,0,0,0
TXN0008370,USR03216,MER0023,739.47,Card,iOS,0,1,2,1351.54,0,0.3153,516,9,0,0,0
TXN0008371,USR03393,MER0374,947.47,Card,iOS,0,1,1,4967.38,0,0.4964,217,8,1,0,0
TXN0008372,USR02824,MER0045,1753.98,Wallet,Android,0,0,1,3069.8,0,0.1232,740,21,0,0,0
TXN0008373,USR02283,MER0347,988.19,UPI,iOS,0,6,3,4411.06,0,0.0981,299,15,0,0,0
TXN0008374,USR00365,MER0290,467.44,Card,iOS,0,0,1,974.79,0,0.1842,866,11,0,0,0
TXN0008375,USR03202,MER0494,3405.37,UPI,Android,1,0,2,6643.2,0,0.9443,379,11,1,0,0
TXN0008376,USR00469,MER0175,1104.78,Card,iOS,0,0,2,1132.3,0,0.2883,1231,12,0,0,0
TXN0008377,USR00584,MER0173,361.65,Wallet,iOS,1,0,2,1662.99,0,0.2714,197,12,0,0,0
TXN0008378,USR00244,MER0122,11565.85,Card,Android,0,0,2,5139.58,0,0.2642,267,17,1,1,0
TXN0008379,USR03318,MER0269,856.38,Wallet,iOS,1,1,1,3474.71,0,0.4252,1164,10,1,0,0
TXN0008380,USR01727,MER0110,3460.01,UPI,Android,1,0,1,3987.85,0,0.0652,935,17,0,0,0
TXN0008381,USR00826,MER0057,4932.97,NetBanking,Android,0,0,2,6549.13,0,0.362,351,15,1,0,0
TXN0008382,USR00283,MER0475,3942.69,Wallet,Web,0,0,2,2287.85,0,0.2174,1659,20,0,0,0
TXN0008383,USR01442,MER0340,1704.3,UPI,Android,0,0,2,1391.03,0,0.4622,1162,8,1,0,0
TXN0008384,USR02533,MER0060,12711.85,Card,Web,0,1,2,5685.88,0,0.2755,975,14,0,0,0
TXN0008385,USR03481,MER0310,1007.29,Card,iOS,0,0,1,1373.7,0,0.1326,1659,6,1,0,0
TXN0008386,USR01934,MER0153,1061.91,NetBanking,Android,1,0,1,1560.0,0,0.2241,268,20,0,0,0
TXN0008387,USR02125,MER0091,1202.12,UPI,Android,0,1,2,938.82,0,0.3616,826,8,0,0,0
TXN0008388,USR02926,MER0236,2265.25,Card,Android,0,0,9,1135.03,1,0.2053,467,8,0,0,0
TXN0008389,USR03157,MER0394,2530.79,Card,iOS,0,0,1,1468.85,0,0.9675,434,15,1,0,0
TXN0008390,USR00980,MER0001,774.45,UPI,Android,0,0,1,645.77,0,0.2092,369,12,1,0,0
TXN0008391,USR03472,MER0178,1058.34,Wallet,Android,0,0,2,941.0,0,0.2973,413,10,0,0,0
TXN0008392,USR01817,MER0461,3911.66,Card,Web,0,0,2,4221.07,0,0.1805,385,7,0,0,0
TXN0008393,USR03256,MER0198,1162.7,Card,Web,0,0,1,909.92,0,0.149,1838,16,1,0,0
TXN0008394,USR00412,MER0050,7861.44,NetBanking,Web,0,0,3,1909.45,0,0.3193,934,19,0,0,1
TXN0008395,USR00341,MER0215,1477.39,NetBanking,Android,0,0,1,1849.53,0,0.2558,383,13,1,0,0
TXN0008396,USR03097,MER0342,1136.6,Wallet,Android,0,0,1,1553.44,0,0.2066,127,21,0,0,0
TXN0008397,USR02354,MER0499,1042.11,UPI,Android,0,0,3,1505.03,0,0.1807,431,21,1,0,0
TXN0008398,USR00613,MER0315,3381.73,Wallet,Android,0,0,3,2685.96,1,0.0554,333,22,0,0,0
TXN0008399,USR03133,MER0026,766.41,UPI,Web,1,0,1,3712.18,0,0.303,2094,19,0,0,0
TXN0008400,USR00359,MER0405,2145.48,Card,iOS,0,1,1,2485.83,0,0.3709,388,20,0,0,0
TXN0008401,USR02389,MER0391,5110.75,NetBanking,Android,0,1,8,2849.89,0,0.4619,759,20,1,0,1
TXN0008402,USR00718,MER0326,1676.84,UPI,Android,0,2,1,2574.87,0,0.3285,986,20,0,0,0
TXN0008403,USR00248,MER0449,3651.73,UPI,Android,0,0,1,3356.08,0,0.0,180,11,0,0,0
TXN0008404,USR02822,MER0385,13733.62,Wallet,Android,0,0,1,3161.75,0,0.161,565,11,0,0,1
TXN0008405,USR02966,MER0117,3115.23,UPI,Android,0,0,2,2579.38,0,0.093,788,22,1,0,0
TXN0008406,USR00371,MER0211,147.16,UPI,Web,0,0,1,775.7,0,0.4589,683,14,0,0,0
TXN0008407,USR00326,MER0254,380.99,UPI,Android,0,1,1,1105.33,0,0.172,2887,4,1,0,0
TXN0008408,USR02151,MER0245,1360.69,Card,iOS,0,0,1,1713.8,0,0.0419,298,16,0,0,0
TXN0008409,USR00101,MER0320,1548.57,Card,Android,0,0,3,2903.99,0,0.3032,1235,14,1,0,0
TXN0008410,USR02612,MER0351,5575.76,UPI,Android,0,0,2,5441.16,0,0.2586,389,15,1,0,0
TXN0008411,USR03205,MER0052,3658.8,NetBanking,Android,1,0,2,4755.15,0,0.4853,1063,6,1,0,0
TXN0008412,USR02629,MER0285,5950.64,Wallet,Android,0,1,1,2701.82,0,0.1756,372,18,0,0,0
TXN0008413,USR00808,MER0020,815.45,Card,Android,0,1,3,1880.88,0,0.5894,876,17,1,0,0
TXN0008414,USR00666,MER0256,1360.11,UPI,iOS,0,0,2,1660.24,0,0.1133,1208,8,0,0,0
TXN0008415,USR02383,MER0212,3154.06,Wallet,iOS,0,0,6,2835.63,0,0.2346,1332,11,0,0,0
TXN0008416,USR00216,MER0103,1410.38,UPI,iOS,0,0,1,1159.8,0,0.4707,726,18,0,1,0
TXN0008417,USR01882,MER0496,1417.2,NetBanking,Web,1,1,1,1340.42,0,0.1632,601,10,1,0,0
TXN0008418,USR01571,MER0130,631.95,UPI,Web,0,0,1,3770.37,0,0.837,1632,19,0,0,0
TXN0008419,USR02607,MER0029,3914.08,Wallet,Web,0,4,2,3875.25,0,0.3538,446,14,0,0,0
TXN0008420,USR00709,MER0180,2329.42,NetBanking,Android,0,1,9,2729.62,0,0.3435,647,7,0,0,0
TXN0008421,USR02669,MER0379,18196.03,UPI,Android,0,0,2,1271.7,0,0.0911,610,10,0,0,0
TXN0008422,USR02448,MER0005,6392.7,UPI,iOS,0,0,2,3993.3,0,0.1416,386,23,0,0,0
TXN0008423,USR00836,MER0247,4242.86,UPI,Web,0,1,1,3750.27,0,0.159,817,18,1,0,0
TXN0008424,USR01249,MER0209,3740.68,UPI,Web,0,1,2,3138.64,0,0.3262,839,18,0,0,0
TXN0008425,USR00232,MER0433,3259.6,Card,iOS,0,0,2,1294.19,0,0.2584,880,19,0,0,0
TXN0008426,USR01573,MER0002,2147.59,UPI,Web,0,0,1,986.23,1,0.2792,635,11,1,0,0
TXN0008427,USR00913,MER0009,8589.62,UPI,Android,0,1,3,7406.18,0,0.1664,641,17,0,0,0
TXN0008428,USR00398,MER0283,3220.06,UPI,Android,0,2,2,722.31,0,0.1717,437,7,1,1,0
TXN0008429,USR01960,MER0090,1420.9,UPI,Android,0,0,1,2348.07,0,0.0974,1011,23,0,0,0
TXN0008430,USR01987,MER0353,3500.65,Wallet,Android,0,0,3,8640.57,0,0.583,818,17,0,0,0
TXN0008431,USR00301,MER0140,1001.18,UPI,iOS,0,1,2,1060.76,0,0.6113,1842,5,1,0,0
TXN0008432,USR00650,MER0282,786.49,UPI,Android,0,0,1,1082.16,0,0.02,1168,20,1,0,0
TXN0008433,USR00290,MER0019,235.22,UPI,iOS,0,0,1,1459.06,0,0.0972,22,12,1,0,0
TXN0008434,USR02377,MER0347,425.7,UPI,iOS,0,1,2,715.84,0,0.1101,1886,2,0,0,0
TXN0008435,USR01184,MER0260,4398.51,UPI,Web,0,0,3,3610.64,0,0.4933,249,13,0,0,0
TXN0008436,USR00250,MER0001,2033.01,UPI,Web,0,0,2,2228.43,1,0.2103,2157,6,1,0,0
TXN0008437,USR00671,MER0133,756.4,UPI,iOS,0,1,2,1390.79,0,0.3004,596,16,0,0,0
TXN0008438,USR03416,MER0030,5311.03,UPI,iOS,0,1,3,5415.75,0,0.2417,1811,10,0,0,0
TXN0008439,USR00896,MER0023,4067.66,Card,iOS,0,1,2,3913.59,0,0.3662,1748,10,1,0,0
TXN0008440,USR02396,MER0350,3619.17,Card,Android,1,0,2,2273.66,0,0.1211,541,13,0,0,0
TXN0008441,USR01640,MER0214,1487.78,NetBanking,iOS,0,1,1,2482.26,0,0.4833,411,20,0,0,0
TXN0008442,USR00637,MER0402,4427.82,Card,Web,0,0,1,2481.17,0,0.3493,1113,8,0,1,0
TXN0008443,USR01076,MER0129,1266.11,UPI,Android,0,1,3,2918.91,0,0.3886,1636,22,0,0,0
TXN0008444,USR00050,MER0359,874.36,UPI,Android,0,0,1,1320.71,0,0.072,196,7,1,0,0
TXN0008445,USR02615,MER0308,10545.33,Card,Android,0,1,3,3262.22,0,0.1595,568,10,0,0,0
TXN0008446,USR01171,MER0332,3475.03,Card,Android,0,2,2,7635.41,0,0.0,749,20,0,0,0
TXN0008447,USR01748,MER0415,894.75,UPI,iOS,0,1,1,1511.49,0,0.2162,307,22,0,0,0
TXN0008448,USR00535,MER0354,1066.92,Wallet,Web,0,2,1,2764.93,0,0.1984,737,9,0,0,0
TXN0008449,USR02885,MER0373,1108.91,UPI,Android,0,0,2,2114.9,0,0.5758,419,16,1,0,1
TXN0008450,USR00765,MER0370,2833.44,UPI,Android,0,1,1,2696.27,0,0.4207,550,15,0,0,0
TXN0008451,USR01982,MER0224,1378.29,Card,iOS,0,0,3,871.22,0,0.9225,1587,20,1,0,0
TXN0008452,USR03055,MER0363,1030.11,NetBanking,Web,0,1,3,1097.56,0,0.0667,299,8,1,0,0
TXN0008453,USR02497,MER0422,1423.97,Wallet,Android,0,1,2,1891.23,0,0.0,625,18,0,0,0
TXN0008454,USR02112,MER0370,505.14,NetBanking,Android,0,0,1,1299.37,0,0.3635,1092,13,0,0,0
TXN0008455,USR03109,MER0304,877.48,UPI,Android,0,0,1,1557.11,0,0.8283,707,21,1,0,0
TXN0008456,USR00618,MER0038,807.4,UPI,Android,0,1,1,2583.65,0,0.0617,1342,8,0,0,0
TXN0008457,USR03373,MER0219,3441.93,UPI,Android,0,0,2,2129.12,0,0.2778,498,7,0,0,0
TXN0008458,USR01949,MER0032,1070.07,Card,Android,0,2,1,629.61,0,0.5389,650,20,0,0,0
TXN0008459,USR01435,MER0052,2057.68,Wallet,Android,0,0,1,2227.1,0,0.4511,314,16,0,1,0
TXN0008460,USR00896,MER0181,5115.63,UPI,Android,1,0,1,3913.59,0,0.0835,848,20,0,0,0
TXN0008461,USR02608,MER0233,2473.91,UPI,Android,0,1,1,1383.91,0,0.188,2204,6,0,0,0
TXN0008462,USR03417,MER0264,5837.34,NetBanking,Web,0,0,3,5705.35,0,0.1851,448,7,0,0,0
TXN0008463,USR02416,MER0451,7011.6,UPI,Web,0,1,1,2702.47,0,0.0335,490,13,0,0,0
TXN0008464,USR00115,MER0382,937.94,UPI,Web,1,1,1,2060.73,0,0.261,1084,16,1,0,0
TXN0008465,USR01642,MER0212,6901.3,NetBanking,Android,0,1,2,9325.5,0,0.1668,1788,18,0,0,0
TXN0008466,USR02564,MER0168,909.69,UPI,Android,0,0,1,1339.26,0,0.1307,477,18,0,0,0
TXN0008467,USR01392,MER0357,1895.65,Wallet,Android,0,0,1,1250.51,0,0.0168,765,12,0,0,0
TXN0008468,USR02706,MER0138,478.76,UPI,Android,0,7,1,1413.43,0,0.1718,787,21,0,0,0
TXN0008469,USR02476,MER0442,9222.42,UPI,iOS,0,0,4,3418.14,0,0.3384,1864,21,0,0,0
TXN0008470,USR00236,MER0391,4529.96,UPI,iOS,1,0,1,3177.95,0,0.5041,95,12,1,0,0
TXN0008471,USR01953,MER0342,10460.38,UPI,Android,0,1,3,3118.59,0,0.2353,1565,13,1,0,1
TXN0008472,USR00602,MER0125,1605.45,UPI,Android,0,1,2,1737.79,0,0.3853,178,7,0,0,0
TXN0008473,USR01703,MER0311,600.14,Card,iOS,0,2,2,937.66,0,0.4469,880,16,0,0,0
TXN0008474,USR01346,MER0411,2003.67,Card,Web,0,0,3,1312.41,0,0.0765,125,17,1,0,0
TXN0008475,USR02825,MER0036,3822.4,UPI,iOS,0,0,1,1913.38,0,0.1624,373,12,0,0,0
TXN0008476,USR03039,MER0089,1349.17,UPI,Android,0,0,1,2372.34,0,0.7458,791,10,0,0,0
TXN0008477,USR01616,MER0258,1527.09,Card,Android,0,0,2,6764.11,0,0.2718,741,17,0,0,0
TXN0008478,USR01880,MER0180,1253.91,UPI,Android,0,1,2,4909.54,0,0.335,638,15,1,0,0
TXN0008479,USR02192,MER0355,3593.85,UPI,iOS,0,0,4,3129.98,0,0.0693,121,10,0,0,0
TXN0008480,USR02294,MER0201,3376.56,NetBanking,Android,0,0,2,1171.07,0,0.2489,2234,9,1,0,0
TXN0008481,USR02224,MER0499,388.65,NetBanking,iOS,0,1,2,1042.39,0,0.1636,430,16,0,0,0
TXN0008482,USR02741,MER0150,1868.21,UPI,Android,0,0,1,2389.5,0,0.3929,1369,12,1,0,0
TXN0008483,USR03437,MER0181,2915.93,UPI,Android,0,1,2,3939.57,0,0.0704,870,8,0,0,0
TXN0008484,USR02899,MER0002,20070.93,Card,iOS,0,1,11,5293.55,0,0.2657,224,0,1,0,0
TXN0008485,USR00472,MER0124,24856.7,UPI,Web,1,0,1,5139.04,0,0.0237,357,12,0,0,0
TXN0008486,USR01667,MER0118,4056.12,Wallet,Web,0,0,2,3141.25,0,0.0418,536,4,1,0,0
TXN0008487,USR01615,MER0382,11201.42,UPI,iOS,1,2,2,6168.65,0,0.248,119,10,1,0,0
TXN0008488,USR01781,MER0169,5355.31,UPI,iOS,0,0,1,3008.81,0,0.2901,611,19,1,0,0
TXN0008489,USR01850,MER0102,916.44,Card,Android,0,0,1,2421.95,0,0.163,658,15,0,0,0
TXN0008490,USR02514,MER0157,5772.96,UPI,Web,0,1,1,3670.21,0,0.1797,1324,16,0,0,0
TXN0008491,USR01474,MER0282,998.52,UPI,Android,0,0,2,2187.24,0,0.0407,573,13,0,0,0
TXN0008492,USR00922,MER0393,1559.01,Card,iOS,0,0,2,1854.39,0,0.3068,1323,0,0,0,0
TXN0008493,USR01602,MER0490,3882.07,NetBanking,Android,0,0,2,1796.35,0,0.2905,999,8,0,0,0
TXN0008494,USR02991,MER0024,1794.87,UPI,Web,0,0,1,1780.09,0,0.3088,244,22,0,0,0
TXN0008495,USR01091,MER0421,14325.38,Card,iOS,0,0,2,1171.08,0,0.1339,241,11,0,0,0
TXN0008496,USR00073,MER0195,1762.76,UPI,Android,0,0,2,727.18,0,0.2159,315,8,0,0,0
TXN0008497,USR03418,MER0405,1620.46,Wallet,Web,0,0,1,6035.75,1,0.3106,906,19,0,0,0
TXN0008498,USR00686,MER0019,469.14,UPI,Android,0,1,3,2365.76,0,0.0684,586,5,0,0,0
TXN0008499,USR02110,MER0314,2586.57,UPI,Android,0,2,4,1177.78,0,0.0876,487,18,0,0,0
TXN0008500,USR02801,MER0466,4490.49,UPI,Android,1,0,1,1986.21,0,0.3342,600,3,0,0,1
TXN0008501,USR00961,MER0020,9225.16,Wallet,Android,0,0,2,1873.31,0,0.5591,1248,20,1,0,0
TXN0008502,USR01191,MER0396,1531.92,UPI,Web,0,0,3,1214.25,0,0.2656,423,20,0,0,0
TXN0008503,USR00982,MER0058,7742.95,Card,Android,0,0,1,4279.3,0,0.0695,195,12,0,0,0
TXN0008504,USR00525,MER0492,2251.71,UPI,Web,0,1,1,1261.26,0,0.2529,324,18,0,0,0
TXN0008505,USR00536,MER0373,952.76,Card,Android,0,0,2,1246.85,0,0.6145,1052,9,0,0,0
TXN0008506,USR00654,MER0456,5894.23,NetBanking,Android,0,0,3,3113.54,0,0.0928,479,18,0,0,0
TXN0008507,USR01604,MER0449,1881.51,UPI,iOS,0,1,2,2538.4,0,0.0309,1388,9,0,0,0
TXN0008508,USR01858,MER0158,1737.87,Card,Android,0,0,3,1533.12,1,0.1488,339,21,1,0,0
TXN0008509,USR00056,MER0208,1394.53,UPI,Android,0,0,1,1269.4,0,0.348,460,18,0,0,0
TXN0008510,USR02962,MER0346,564.47,Card,Android,0,2,2,1101.78,0,0.1253,204,17,0,0,0
TXN0008511,USR02366,MER0088,1238.97,UPI,Android,0,0,3,2223.84,0,0.1344,1786,14,1,0,0
TXN0008512,USR00248,MER0154,15947.99,UPI,iOS,0,1,1,3356.08,0,0.2617,344,21,0,0,0
TXN0008513,USR02950,MER0050,2411.65,Wallet,Android,0,0,1,4818.53,0,0.3063,474,12,1,0,0
TXN0008514,USR00107,MER0445,4249.52,UPI,iOS,0,1,1,998.65,0,0.4465,1514,16,0,0,0
TXN0008515,USR01962,MER0124,6929.18,UPI,iOS,0,1,3,4798.42,0,0.0631,705,16,1,0,0
TXN0008516,USR01629,MER0206,1979.64,UPI,iOS,0,0,4,2163.98,1,0.089,364,17,0,0,0
TXN0008517,USR01758,MER0227,2726.91,Card,iOS,0,0,1,1767.73,0,0.1453,894,14,1,0,0
TXN0008518,USR03347,MER0188,5611.22,NetBanking,Android,0,0,3,4654.81,0,0.0747,91,8,1,0,0
TXN0008519,USR03245,MER0389,642.42,Wallet,Web,0,0,1,1263.73,0,0.1228,668,10,1,0,0
TXN0008520,USR00977,MER0458,3351.54,Wallet,Android,0,1,2,2393.87,0,0.5865,411,11,0,0,0
TXN0008521,USR02029,MER0287,1811.57,NetBanking,iOS,0,0,1,2819.0,0,0.1027,1404,14,1,0,0
TXN0008522,USR03358,MER0419,57889.46,Card,Android,0,0,2,2171.58,0,0.2504,638,8,0,0,0
TXN0008523,USR02551,MER0056,3669.79,Card,Web,0,0,3,2832.51,1,0.2032,1420,6,1,0,0
TXN0008524,USR03107,MER0484,857.9,Card,iOS,0,1,2,1493.08,0,0.2535,73,10,1,0,0
TXN0008525,USR01522,MER0058,2137.68,NetBanking,Android,0,0,2,1756.41,0,0.0876,416,19,1,0,0
TXN0008526,USR00991,MER0034,691.04,UPI,Web,0,2,2,1413.88,0,0.2005,245,18,0,0,0
TXN0008527,USR01788,MER0012,1584.76,Card,Android,1,0,3,1383.8,0,0.367,1744,12,0,0,0
TXN0008528,USR02860,MER0122,1601.05,Wallet,Web,0,0,2,1980.13,1,0.2985,1645,7,0,0,0
TXN0008529,USR03251,MER0419,886.46,UPI,Android,0,0,2,1690.17,0,0.2828,689,23,1,0,0
TXN0008530,USR02401,MER0151,1482.08,Wallet,Android,0,2,1,2851.5,0,0.1397,578,18,0,0,0
TXN0008531,USR02473,MER0396,27333.48,Wallet,iOS,0,0,1,4977.66,0,0.3394,644,15,0,0,0
TXN0008532,USR01792,MER0213,1530.91,Card,Android,0,0,2,1506.91,0,0.6194,110,11,0,0,0
TXN0008533,USR01119,MER0052,1536.73,Wallet,Android,1,0,1,2204.52,0,0.532,421,20,1,0,0
TXN0008534,USR01481,MER0237,724.76,UPI,Web,0,0,2,1177.77,0,0.0592,1205,10,0,0,0
TXN0008535,USR01742,MER0117,7643.47,NetBanking,Android,0,1,2,5723.68,0,0.0675,254,21,1,0,0
TXN0008536,USR02855,MER0146,580.82,UPI,Android,1,0,2,966.97,0,0.2991,795,17,0,0,0
TXN0008537,USR01944,MER0259,3175.92,UPI,Android,0,0,1,7342.82,0,0.4394,969,9,0,0,0
TXN0008538,USR02776,MER0396,5753.69,Card,Web,0,0,2,6191.51,1,0.2878,682,14,0,0,0
TXN0008539,USR00096,MER0294,2306.75,Card,Android,1,0,2,2495.82,0,0.2861,296,6,0,0,0
TXN0008540,USR02650,MER0112,1484.8,Card,iOS,0,0,1,2107.59,0,0.1113,587,19,0,0,0
TXN0008541,USR01775,MER0359,1244.19,Card,iOS,0,0,1,2484.85,0,0.0668,105,8,0,1,0
TXN0008542,USR03494,MER0349,1052.75,Wallet,iOS,0,0,1,1466.54,0,0.2363,1282,10,0,0,0
TXN0008543,USR01652,MER0119,863.18,Card,Android,0,1,1,1272.53,0,0.4155,1108,8,0,0,0
TXN0008544,USR01675,MER0426,1086.62,Wallet,Android,0,0,3,1770.21,0,0.9247,549,4,0,0,1
TXN0008545,USR00447,MER0422,1706.3,UPI,Android,0,0,3,1469.98,0,0.0,792,13,0,0,0
TXN0008546,USR02825,MER0302,9040.88,NetBanking,iOS,0,1,1,1913.38,1,0.4516,518,21,0,0,0
TXN0008547,USR02456,MER0149,3577.38,Wallet,Android,0,0,9,1441.61,0,0.1686,242,14,1,0,0
TXN0008548,USR03019,MER0178,8030.11,Wallet,Android,1,0,4,2085.52,0,0.3462,354,17,1,0,0
TXN0008549,USR00325,MER0220,1764.12,UPI,Android,0,0,1,2790.97,0,0.3725,180,3,0,0,0
TXN0008550,USR00741,MER0094,3902.77,NetBanking,Android,0,0,1,1228.64,0,0.0737,282,15,1,0,0
TXN0008551,USR03070,MER0153,6961.8,UPI,Android,0,1,2,6213.96,0,0.26,271,19,0,0,0
TXN0008552,USR00148,MER0068,8328.59,UPI,Android,0,0,2,4303.86,0,0.6307,265,21,0,0,0
TXN0008553,USR01779,MER0078,2282.17,UPI,Web,0,0,2,1725.61,0,0.3428,751,16,0,0,0
TXN0008554,USR01417,MER0373,1280.95,NetBanking,Web,0,1,1,1724.19,0,0.5926,119,8,0,0,0
TXN0008555,USR03288,MER0065,4578.79,NetBanking,Android,0,0,2,2867.37,0,0.1909,414,18,0,0,0
TXN0008556,USR02999,MER0235,599.77,Card,Android,0,0,1,444.7,0,0.0844,931,23,0,0,0
TXN0008557,USR03139,MER0215,1124.55,Wallet,Android,0,1,1,4222.72,0,0.3043,1021,16,0,0,0
TXN0008558,USR01012,MER0024,1590.58,Card,iOS,1,1,2,1828.44,0,0.2903,325,17,0,0,0
TXN0008559,USR02057,MER0416,17841.91,UPI,Android,0,0,1,10008.35,0,0.2771,1132,12,0,0,0
TXN0008560,USR02451,MER0492,1293.76,Card,Android,0,1,1,1113.84,0,0.2469,536,3,1,0,0
TXN0008561,USR03387,MER0320,1036.51,UPI,Android,0,0,1,777.12,0,0.2955,651,7,0,0,0
TXN0008562,USR00026,MER0336,2071.48,Card,Android,0,1,3,673.37,0,0.0431,636,22,0,0,0
TXN0008563,USR03420,MER0117,1543.78,UPI,Android,0,0,3,1349.53,1,0.0779,722,13,1,0,0
TXN0008564,USR01244,MER0423,2381.68,UPI,iOS,0,1,2,2683.64,0,0.417,940,14,1,1,0
TXN0008565,USR00449,MER0393,2106.28,Card,Android,0,0,3,2563.59,0,0.2669,384,13,0,0,0
TXN0008566,USR02155,MER0220,1790.2,Card,Android,1,0,5,3069.12,0,0.3801,864,8,0,0,0
TXN0008567,USR02736,MER0353,3842.43,Wallet,Web,0,1,1,2090.5,0,0.5767,901,14,0,0,0
TXN0008568,USR00455,MER0478,1446.56,Card,Android,1,0,1,1185.84,1,0.3682,476,9,0,0,1
TXN0008569,USR00143,MER0302,3219.5,UPI,Android,0,0,2,2838.15,0,0.4705,1834,15,0,0,0
TXN0008570,USR03139,MER0100,17584.98,Wallet,Android,1,0,3,4222.72,1,0.1594,483,21,0,0,0
TXN0008571,USR03268,MER0166,7183.21,UPI,Android,0,0,1,5368.84,0,0.3968,1986,22,0,0,0
TXN0008572,USR00547,MER0093,6175.91,Card,Android,0,2,1,2735.46,0,0.3602,558,18,1,0,1
TXN0008573,USR03165,MER0166,33280.69,UPI,iOS,0,1,1,3817.54,1,0.4285,2317,22,0,0,1
TXN0008574,USR03185,MER0446,1529.01,UPI,iOS,0,0,2,2072.79,0,0.231,119,17,0,0,0
TXN0008575,USR03491,MER0095,1287.96,Card,Android,0,1,1,2902.68,0,0.0235,614,12,1,0,0
TXN0008576,USR00758,MER0446,1338.55,NetBanking,Android,0,1,2,1182.68,0,0.2476,1445,21,0,0,0
TXN0008577,USR02026,MER0143,1024.82,UPI,Android,1,1,2,7331.87,0,0.1798,713,21,1,0,0
TXN0008578,USR03480,MER0250,3826.0,NetBanking,iOS,0,3,1,3305.68,0,0.1303,1206,13,1,0,0
TXN0008579,USR03160,MER0265,4219.86,Card,Android,0,0,1,3535.0,0,0.286,383,19,0,0,0
TXN0008580,USR02117,MER0063,1392.4,UPI,Android,1,1,2,1712.03,0,0.3975,892,17,1,0,0
TXN0008581,USR00690,MER0093,1248.86,Card,iOS,0,2,3,1403.17,0,0.377,1012,10,0,0,0
TXN0008582,USR00296,MER0153,406.04,Card,Android,1,0,1,1050.79,0,0.2185,142,21,0,0,0
TXN0008583,USR00908,MER0030,8126.81,Card,Android,0,0,1,3150.41,1,0.2224,932,8,0,0,0
TXN0008584,USR00229,MER0378,1644.23,UPI,Android,0,0,3,2203.6,0,0.2458,579,22,0,0,1
TXN0008585,USR00684,MER0274,362.09,Wallet,Web,0,0,2,766.48,1,0.0313,326,11,0,0,0
TXN0008586,USR00263,MER0423,8320.26,Wallet,Web,0,0,2,5909.36,0,0.3956,446,10,0,0,0
TXN0008587,USR02668,MER0432,4777.77,Wallet,Web,0,0,2,4637.75,0,0.072,361,12,0,0,0
TXN0008588,USR02065,MER0174,1016.54,Wallet,Android,0,0,1,1383.2,0,0.1347,503,16,1,0,0
TXN0008589,USR01813,MER0409,2816.75,UPI,Android,1,1,4,4135.83,0,0.2483,301,7,1,0,0
TXN0008590,USR02834,MER0031,2224.59,Card,Web,0,0,1,2348.16,0,0.3181,453,12,0,0,0
TXN0008591,USR01438,MER0215,11278.97,Card,Web,0,0,1,4499.44,0,0.2724,770,7,0,1,0
TXN0008592,USR01411,MER0333,2902.13,UPI,Android,0,1,1,2175.74,0,0.4955,533,22,0,0,1
TXN0008593,USR00725,MER0234,3187.61,Card,Android,0,5,3,3435.1,0,0.4258,57,13,1,0,0
TXN0008594,USR01557,MER0370,3205.1,UPI,Android,0,3,1,1823.93,0,0.354,722,20,0,0,0
TXN0008595,USR00611,MER0430,3834.77,Wallet,Android,0,2,1,3952.26,0,0.0,720,14,0,0,0
TXN0008596,USR02063,MER0213,1667.97,UPI,Android,1,0,1,1313.23,0,0.6534,872,16,0,0,0
TXN0008597,USR03492,MER0138,2437.13,Wallet,Android,0,0,3,2297.93,0,0.1847,130,10,0,0,0
TXN0008598,USR01866,MER0292,927.6,UPI,Android,0,1,1,637.76,0,0.0148,739,16,0,0,0
TXN0008599,USR01047,MER0435,1885.33,NetBanking,iOS,0,0,2,2728.87,1,0.4184,456,19,0,0,0
TXN0008600,USR02409,MER0494,1312.0,Card,Android,0,0,2,3132.65,1,0.9377,978,10,0,1,0
TXN0008601,USR02871,MER0408,12909.35,UPI,Android,0,1,2,7064.07,0,0.3715,1083,20,1,0,0
TXN0008602,USR01652,MER0123,3577.11,UPI,Web,0,0,1,1272.53,0,0.3645,621,10,0,0,0
TXN0008603,USR00877,MER0103,1079.08,Card,Android,0,0,1,546.97,0,0.4953,2025,0,0,1,0
TXN0008604,USR02499,MER0287,2197.7,UPI,Web,0,0,2,2030.58,0,0.0405,1327,22,0,1,0
TXN0008605,USR00656,MER0202,828.46,Wallet,Android,0,0,1,1203.22,0,0.2398,247,21,0,0,0
TXN0008606,USR03491,MER0306,5215.67,Wallet,iOS,0,0,3,2902.68,0,0.2136,334,15,1,0,0
TXN0008607,USR01113,MER0462,3834.21,Card,Android,1,0,1,3374.94,1,0.3838,489,19,1,0,0
TXN0008608,USR01227,MER0275,3230.62,UPI,Web,0,0,1,309.4,0,0.2796,580,17,0,0,1
TXN0008609,USR02545,MER0178,2010.3,UPI,Android,1,0,1,2625.62,0,0.2952,166,14,0,0,0
TXN0008610,USR00043,MER0435,3769.97,Card,Android,0,1,1,1310.25,0,0.5495,316,10,1,0,0
TXN0008611,USR00711,MER0220,5854.61,UPI,Android,0,0,2,1897.04,0,0.418,700,22,0,0,0
TXN0008612,USR00440,MER0303,1475.76,Card,Web,0,0,1,1056.52,0,0.228,332,15,0,0,0
TXN0008613,USR01369,MER0068,3646.8,Card,Android,0,3,1,3732.77,0,0.5657,375,13,0,0,0
TXN0008614,USR01938,MER0254,1139.79,Card,Android,0,0,2,1119.14,0,0.0989,488,16,0,0,0
TXN0008615,USR00629,MER0214,2866.45,Card,iOS,0,1,3,2991.35,0,0.4339,223,20,1,0,0
TXN0008616,USR01205,MER0062,9408.75,Card,Android,0,1,2,4373.94,0,0.1965,729,14,1,0,0
TXN0008617,USR02703,MER0106,1740.43,Wallet,Android,0,1,3,3429.56,0,0.0319,700,7,1,0,0
TXN0008618,USR03290,MER0352,748.02,UPI,Android,0,0,2,883.01,0,0.2516,299,13,1,0,0
TXN0008619,USR00050,MER0091,1025.31,UPI,Android,0,2,1,1320.71,0,0.3663,698,8,0,0,0
TXN0008620,USR02197,MER0067,407.24,UPI,Android,0,2,1,1483.66,0,0.5065,487,10,0,0,0
TXN0008621,USR00090,MER0029,5985.07,UPI,Android,0,0,1,3390.06,0,0.2915,591,16,1,0,0
TXN0008622,USR01822,MER0014,4942.5,Card,iOS,0,1,2,2417.1,0,0.226,1394,15,1,0,0
TXN0008623,USR03079,MER0218,1387.67,Wallet,iOS,0,1,3,2303.12,0,0.2454,824,22,0,0,0
TXN0008624,USR02794,MER0245,3013.18,Card,iOS,0,0,1,1508.78,0,0.0792,332,17,0,0,0
TXN0008625,USR00815,MER0313,710.81,NetBanking,Android,0,0,2,2337.05,0,0.286,1931,11,0,1,0
TXN0008626,USR00906,MER0287,6493.27,UPI,Android,0,0,2,6709.47,0,0.0909,343,9,0,0,0
TXN0008627,USR02743,MER0269,2243.07,UPI,iOS,0,1,1,2582.48,0,0.4359,486,7,0,0,0
TXN0008628,USR02870,MER0500,1974.73,UPI,Web,0,0,4,1948.87,0,0.238,1377,13,0,0,0
TXN0008629,USR00984,MER0125,2098.85,Card,Android,0,1,3,2079.15,0,0.4116,665,16,0,0,0
TXN0008630,USR00011,MER0357,5294.03,UPI,iOS,0,3,1,5882.9,0,0.0416,963,18,0,0,0
TXN0008631,USR01556,MER0040,3396.45,UPI,iOS,1,1,1,4720.55,0,0.0264,179,0,0,0,0
TXN0008632,USR02169,MER0425,206.22,UPI,iOS,0,1,2,234.45,0,0.2819,1048,20,0,0,0
TXN0008633,USR01554,MER0182,6293.84,Wallet,Android,0,0,3,2479.49,0,0.5623,1131,12,0,0,0
TXN0008634,USR03272,MER0174,2721.16,UPI,iOS,0,1,1,4339.4,0,0.1141,683,18,0,0,0
TXN0008635,USR02848,MER0068,15981.2,UPI,Android,0,0,1,3312.05,0,0.578,679,13,0,0,0
TXN0008636,USR02758,MER0255,1870.65,Card,Android,0,0,2,3106.83,0,0.2115,581,12,0,0,0
TXN0008637,USR00072,MER0200,1700.26,UPI,Android,0,0,2,1503.72,0,0.141,675,22,1,0,0
TXN0008638,USR02988,MER0488,4923.78,Card,Web,0,0,1,3430.85,0,0.1683,271,21,0,0,0
TXN0008639,USR02644,MER0090,2302.67,Card,iOS,0,0,1,2986.59,0,0.0629,701,17,0,0,0
TXN0008640,USR01390,MER0209,1736.74,Wallet,Android,0,2,1,674.83,0,0.3624,308,21,1,0,0
TXN0008641,USR02064,MER0451,2605.93,Wallet,Android,0,0,3,1850.09,0,0.003,669,0,0,0,0
TXN0008642,USR02885,MER0404,1735.82,UPI,iOS,0,1,3,2114.9,0,0.4128,1487,14,0,0,0
TXN0008643,USR03172,MER0383,150000.0,Wallet,Web,0,0,1,11551.72,0,0.0516,964,22,0,0,0
TXN0008644,USR01928,MER0263,896.2,Card,Android,0,0,1,1957.29,0,0.0235,691,15,0,0,0
TXN0008645,USR00145,MER0437,2488.53,Wallet,iOS,0,0,2,3930.79,0,0.2775,1759,20,0,0,0
TXN0008646,USR02165,MER0112,1238.87,Card,Android,0,0,2,868.62,0,0.1867,85,3,0,0,0
TXN0008647,USR02381,MER0405,1417.22,UPI,Android,0,1,3,836.64,0,0.28,737,12,1,0,0
TXN0008648,USR00207,MER0291,12735.91,Card,Android,0,0,1,10613.62,0,0.0827,1031,13,1,0,0
TXN0008649,USR02861,MER0175,1452.96,NetBanking,Android,0,0,2,1673.95,0,0.3584,507,13,0,0,0
TXN0008650,USR00706,MER0110,1962.95,NetBanking,Android,0,3,1,2473.14,0,0.1206,479,12,0,0,0
TXN0008651,USR03117,MER0261,63169.37,UPI,Android,0,0,2,5434.85,0,0.1559,1250,11,0,0,0
TXN0008652,USR01929,MER0002,5130.13,Card,Android,0,0,2,4536.01,0,0.2954,121,4,0,0,0
TXN0008653,USR01128,MER0358,1240.59,Wallet,Android,0,1,6,2443.92,0,0.3129,312,10,0,0,0
TXN0008654,USR00206,MER0118,961.65,UPI,iOS,0,0,1,1974.71,0,0.096,2056,0,1,0,0
TXN0008655,USR00063,MER0195,2134.21,Card,Android,0,2,1,754.58,0,0.2135,790,8,1,0,0
TXN0008656,USR02596,MER0097,1070.81,NetBanking,iOS,0,0,2,1888.76,0,0.2104,361,9,0,0,0
TXN0008657,USR01321,MER0233,11073.85,Card,Android,1,1,2,9566.05,0,0.2204,554,7,0,0,0
TXN0008658,USR02941,MER0186,13707.18,UPI,Android,0,0,1,5448.1,1,0.288,572,0,1,1,1
TXN0008659,USR00807,MER0094,2867.63,UPI,Android,0,1,2,2040.45,0,0.0807,359,18,0,0,0
TXN0008660,USR03222,MER0445,427.42,Card,Android,0,0,1,775.31,0,0.4659,299,19,0,0,0
TXN0008661,USR03296,MER0380,2785.11,Card,Android,0,0,1,6083.54,0,0.2869,425,17,0,0,0
TXN0008662,USR00357,MER0194,35322.77,NetBanking,Android,0,1,2,9662.07,0,0.5479,550,16,0,0,0
TXN0008663,USR02265,MER0029,393.34,Wallet,iOS,0,1,2,875.08,0,0.3028,1010,9,0,0,0
TXN0008664,USR03290,MER0423,563.96,UPI,Web,0,0,2,883.01,0,0.3825,2093,21,0,0,0
TXN0008665,USR01131,MER0349,5835.98,Wallet,iOS,0,0,2,4691.91,0,0.2582,1249,17,1,0,0
TXN0008666,USR00237,MER0278,679.64,UPI,Android,0,0,3,836.44,0,0.1619,600,18,1,1,0
TXN0008667,USR03065,MER0303,1944.53,UPI,Android,0,0,1,1352.4,0,0.2531,401,6,0,0,0
TXN0008668,USR01660,MER0004,474.03,Card,iOS,1,1,3,1433.76,0,0.1075,785,16,1,0,0
TXN0008669,USR00095,MER0237,11313.11,Card,Android,1,0,2,13838.43,0,0.0709,319,16,0,0,0
TXN0008670,USR02941,MER0095,8441.86,UPI,iOS,0,0,2,5448.1,0,0.0113,676,7,0,0,0
TXN0008671,USR02377,MER0326,1111.91,Card,Web,0,0,2,715.84,0,0.3125,554,13,0,0,0
TXN0008672,USR00247,MER0466,1724.41,NetBanking,Android,0,0,8,2737.52,0,0.3572,1019,7,0,0,0
TXN0008673,USR00906,MER0266,3058.39,Card,Android,0,1,3,6709.47,1,0.0917,873,7,0,0,0
TXN0008674,USR00064,MER0303,3718.88,UPI,Android,0,0,2,3351.98,0,0.2446,374,12,1,0,0
TXN0008675,USR03343,MER0334,866.1,NetBanking,Android,0,0,1,2342.5,0,0.4941,304,21,0,0,0
TXN0008676,USR00088,MER0465,6048.87,UPI,Android,0,0,2,2522.37,0,0.1933,935,12,0,0,0
TXN0008677,USR02786,MER0020,1238.36,UPI,Web,0,0,2,1162.36,0,0.5424,516,22,1,0,0
TXN0008678,USR01790,MER0156,566.93,UPI,Android,0,0,1,984.31,0,0.2357,706,9,1,1,0
TXN0008679,USR02040,MER0135,957.49,UPI,Android,0,1,1,2150.71,0,0.1679,478,12,0,0,0
TXN0008680,USR02841,MER0359,467.33,UPI,Android,0,0,2,774.99,1,0.0732,973,11,1,0,0
TXN0008681,USR03133,MER0224,1146.86,UPI,Android,0,0,3,3712.18,1,0.9253,865,21,0,0,0
TXN0008682,USR00446,MER0387,1458.47,Card,iOS,0,2,1,1073.74,1,0.8179,973,16,0,0,0
TXN0008683,USR00063,MER0237,402.67,UPI,Android,0,0,1,754.58,0,0.0511,79,12,1,0,0
TXN0008684,USR00437,MER0488,6379.34,UPI,Android,0,1,1,5029.4,0,0.1571,1334,18,1,0,0
TXN0008685,USR02389,MER0384,3992.09,Card,iOS,0,1,1,2849.89,0,0.2041,184,17,0,0,0
TXN0008686,USR01990,MER0010,8376.69,UPI,iOS,0,0,1,4392.66,0,0.3267,523,21,0,0,0
TXN0008687,USR00294,MER0495,2186.52,Card,Android,0,6,1,1917.42,0,0.1254,692,6,0,0,0
TXN0008688,USR00821,MER0477,4607.55,UPI,Android,0,1,1,2154.44,0,0.0757,904,18,0,0,0
TXN0008689,USR01881,MER0022,16740.62,Wallet,iOS,0,1,3,6487.25,0,0.265,868,14,1,0,0
TXN0008690,USR02556,MER0196,16257.4,NetBanking,Android,0,0,1,14191.36,1,0.2528,893,8,1,0,0
TXN0008691,USR01202,MER0486,1717.46,UPI,Android,0,1,2,1435.49,0,0.3171,988,7,0,1,0
TXN0008692,USR03324,MER0419,503.77,Card,Android,0,2,1,791.15,0,0.3071,747,15,0,1,0
TXN0008693,USR03473,MER0235,1000.96,Wallet,Android,1,0,1,2142.66,0,0.12,1554,19,0,0,0
TXN0008694,USR02682,MER0273,13677.9,Card,Android,0,0,1,5712.68,0,0.1348,884,22,0,0,0
TXN0008695,USR01590,MER0015,5580.52,UPI,Web,0,1,1,3792.96,0,0.1825,910,13,0,0,0
TXN0008696,USR03071,MER0283,9653.28,UPI,iOS,0,0,1,6189.05,0,0.1601,609,19,0,0,0
TXN0008697,USR02548,MER0334,602.31,Card,Web,0,1,3,968.82,0,0.4553,220,9,0,0,0
TXN0008698,USR01819,MER0180,4275.04,Card,Web,0,0,4,1395.94,0,0.3135,1858,7,0,0,0
TXN0008699,USR01554,MER0154,2000.61,Wallet,Android,1,0,1,2479.49,1,0.2662,1362,18,0,0,0
TXN0008700,USR02914,MER0415,1466.73,UPI,Android,0,0,2,2746.58,0,0.1724,439,18,1,0,0
TXN0008701,USR01950,MER0225,3985.38,UPI,iOS,0,0,10,6332.39,0,0.3404,401,12,0,0,0
TXN0008702,USR00641,MER0133,5187.13,UPI,Web,0,2,1,1759.31,0,0.3158,272,7,0,0,0
TXN0008703,USR03500,MER0188,661.29,Card,iOS,0,0,2,1547.12,0,0.127,447,0,0,0,0
TXN0008704,USR00240,MER0247,7831.24,Card,Android,0,1,2,14138.88,0,0.1445,1608,12,1,0,0
TXN0008705,USR02433,MER0130,2073.34,UPI,Android,0,0,2,270.42,0,0.8331,121,5,0,0,1
TXN0008706,USR02296,MER0281,4806.89,Card,Web,0,0,1,2566.4,0,0.3402,999,12,0,0,0
TXN0008707,USR02052,MER0431,2349.87,Wallet,Android,0,0,1,4187.73,0,0.1796,1271,8,0,0,0
TXN0008708,USR00182,MER0372,1950.52,NetBanking,Web,1,0,3,4467.1,0,0.5522,906,18,1,0,0
TXN0008709,USR01725,MER0116,1323.52,Wallet,Android,0,0,3,4639.64,0,0.1552,1409,9,0,0,0
TXN0008710,USR03124,MER0236,792.03,Card,Web,1,0,1,776.41,0,0.2018,842,23,0,0,0
TXN0008711,USR00839,MER0272,3783.56,Wallet,Android,0,2,3,2354.88,0,0.465,1245,11,1,0,0
TXN0008712,USR02421,MER0341,4086.57,Card,Web,0,2,4,1439.32,1,0.2135,395,18,0,0,1
TXN0008713,USR03006,MER0379,453.64,UPI,Android,0,1,1,1864.92,0,0.0563,181,6,0,0,0
TXN0008714,USR03333,MER0243,462.38,NetBanking,iOS,0,0,2,1262.25,1,0.064,806,12,0,0,0
TXN0008715,USR01807,MER0158,412.8,UPI,Android,0,0,1,472.97,0,0.1136,853,13,1,1,0
TXN0008716,USR01099,MER0330,10182.56,UPI,Android,0,0,1,1438.43,0,1.0,631,7,0,0,0
TXN0008717,USR02449,MER0063,3182.31,UPI,Android,0,2,2,1767.84,0,0.4305,840,23,0,0,0
TXN0008718,USR01702,MER0338,2732.04,Card,iOS,0,0,1,2195.99,0,0.1658,1113,6,0,0,0
TXN0008719,USR02195,MER0449,4667.87,Card,Android,0,0,2,11853.79,1,0.028,1059,18,0,0,0
TXN0008720,USR02596,MER0355,1314.46,Card,iOS,0,0,2,1888.76,0,0.1115,933,13,0,0,0
TXN0008721,USR02486,MER0217,826.06,UPI,Android,1,0,7,844.46,0,0.8039,702,12,0,0,1
TXN0008722,USR00850,MER0412,2300.03,UPI,iOS,1,1,2,2597.29,0,0.1503,551,7,0,0,0
TXN0008723,USR02646,MER0267,1284.61,UPI,Android,0,0,2,1637.67,0,0.3231,259,19,0,0,0
TXN0008724,USR01897,MER0271,2701.29,UPI,Web,0,1,1,3734.61,0,0.3772,846,12,0,0,0
TXN0008725,USR03258,MER0427,1476.97,UPI,Android,0,1,1,2661.28,0,0.1709,432,22,0,0,0
TXN0008726,USR02309,MER0097,1699.87,UPI,Web,0,0,1,3612.69,0,0.1386,624,8,0,0,0
TXN0008727,USR03122,MER0390,5688.86,NetBanking,Android,0,0,2,2199.13,0,0.197,615,23,0,0,0
TXN0008728,USR03426,MER0340,806.17,Wallet,Android,1,1,2,1604.55,0,0.4728,474,19,1,0,0
TXN0008729,USR03481,MER0265,1071.09,UPI,Web,0,0,2,1373.7,0,0.2568,266,19,0,0,0
TXN0008730,USR02607,MER0039,3583.98,UPI,Android,0,6,2,3875.25,0,0.2356,1073,8,1,0,0
TXN0008731,USR02091,MER0383,6021.05,NetBanking,iOS,1,0,2,3806.62,0,0.0229,250,3,0,0,0
TXN0008732,USR00414,MER0110,8529.61,Card,Android,1,1,2,2519.6,0,0.0498,430,0,1,0,0
TXN0008733,USR01352,MER0448,3114.01,Wallet,iOS,0,3,2,1618.83,0,0.2037,1705,18,0,0,0
TXN0008734,USR01664,MER0397,1766.37,Wallet,Android,0,1,1,2818.72,0,0.082,838,19,1,0,0
TXN0008735,USR02732,MER0182,2032.72,UPI,Android,1,0,2,2401.14,0,0.5289,1096,23,0,1,0
TXN0008736,USR02061,MER0218,23217.48,UPI,Web,0,3,2,7477.32,0,0.2635,587,7,0,0,0
TXN0008737,USR01537,MER0013,526.17,UPI,Android,1,0,2,1111.5,0,0.4591,1675,17,0,0,0
TXN0008738,USR00514,MER0250,7151.69,Card,iOS,0,1,1,4474.06,0,0.1177,902,12,0,0,0
TXN0008739,USR02506,MER0029,1143.29,NetBanking,Web,0,1,1,583.09,0,0.2968,1084,11,1,0,0
TXN0008740,USR01512,MER0494,2990.87,UPI,Android,0,0,4,2515.41,0,0.9214,101,13,0,0,0
TXN0008741,USR00127,MER0321,1454.58,Wallet,Android,0,0,1,1664.19,0,0.0772,155,15,1,0,0
TXN0008742,USR00995,MER0118,43458.55,Card,Android,0,1,2,9887.79,0,0.0889,1166,17,0,0,0
TXN0008743,USR03079,MER0402,2169.06,Card,Web,1,4,1,2303.12,0,0.3236,500,16,0,0,0
TXN0008744,USR00416,MER0010,2205.18,Card,Web,0,0,8,2001.45,0,0.3267,1026,18,0,0,0
TXN0008745,USR01422,MER0275,722.0,Card,Web,0,0,2,967.12,0,0.2608,589,7,1,0,0
TXN0008746,USR01793,MER0056,1718.95,Card,Android,0,0,1,1620.82,0,0.1659,2057,19,0,0,0
TXN0008747,USR00294,MER0028,3651.53,Wallet,Android,0,0,1,1917.42,1,0.2694,918,8,0,0,0
TXN0008748,USR00580,MER0123,1785.47,Card,Web,0,0,2,2288.51,0,0.346,717,22,0,0,0
TXN0008749,USR03291,MER0148,274.35,UPI,Web,0,0,2,1316.26,0,0.2105,584,14,0,0,0
TXN0008750,USR02067,MER0363,2446.37,Card,Android,0,0,3,1776.84,0,0.1167,28,20,0,0,0
TXN0008751,USR00737,MER0446,510.19,Card,Android,0,0,1,1165.83,0,0.286,1105,13,0,0,0
TXN0008752,USR00594,MER0388,7892.06,Wallet,Android,0,0,1,4863.25,0,0.2501,314,15,0,0,0
TXN0008753,USR01491,MER0370,1198.63,UPI,iOS,1,0,2,1261.29,0,0.361,264,8,0,0,0
TXN0008754,USR02533,MER0283,10665.61,UPI,Android,0,2,2,5685.88,0,0.1625,984,16,0,0,0
TXN0008755,USR02557,MER0186,1489.07,UPI,Android,0,0,1,3098.62,0,0.3308,638,13,0,0,0
TXN0008756,USR00684,MER0128,495.93,Wallet,Web,0,0,2,766.48,0,0.5701,2431,17,1,0,0
TXN0008757,USR02540,MER0473,4701.14,Card,Android,0,0,2,6313.13,0,0.3266,1066,22,1,0,0
TXN0008758,USR03137,MER0261,836.55,UPI,Android,0,0,1,2556.84,0,0.1597,1799,7,0,0,0
TXN0008759,USR00793,MER0283,6567.2,Card,iOS,0,1,1,3101.44,0,0.1676,784,11,0,0,0
TXN0008760,USR00092,MER0008,3412.39,Card,Web,0,0,3,11561.94,0,0.1641,1361,21,1,0,0
TXN0008761,USR03357,MER0229,5400.29,Card,iOS,0,0,2,2576.39,1,0.6644,371,10,0,0,0
TXN0008762,USR01827,MER0341,2725.04,UPI,Web,0,1,3,2110.48,0,0.2462,227,12,0,0,0
TXN0008763,USR02718,MER0248,3688.4,Card,Web,0,0,1,4474.43,0,0.0627,1666,7,0,0,0
TXN0008764,USR01121,MER0308,2320.17,UPI,Android,0,0,3,1902.48,0,0.1802,484,7,0,0,1
TXN0008765,USR01048,MER0405,3541.54,UPI,Android,0,0,1,2961.79,0,0.3069,2616,12,0,0,0
TXN0008766,USR00788,MER0011,1143.48,Card,Android,1,0,2,1603.82,0,0.2201,912,7,1,0,0
TXN0008767,USR00760,MER0453,4483.74,UPI,Android,0,0,3,3803.0,1,0.3008,1581,7,0,0,0
TXN0008768,USR01651,MER0409,860.2,UPI,iOS,0,0,2,534.17,1,0.1948,123,11,0,0,0
TXN0008769,USR00371,MER0210,373.75,UPI,iOS,0,2,2,775.7,0,0.457,915,8,1,0,0
TXN0008770,USR02948,MER0382,867.78,Card,Android,0,0,2,711.0,0,0.3058,1657,20,0,0,0
TXN0008771,USR01790,MER0034,141.31,Wallet,Android,0,1,1,984.31,0,0.1075,110,18,0,0,0
TXN0008772,USR03204,MER0155,657.45,Wallet,Android,0,0,1,2772.99,0,0.9045,236,11,0,0,0
TXN0008773,USR01758,MER0054,2524.78,UPI,Android,0,1,1,1767.73,0,0.1652,428,13,0,0,1
TXN0008774,USR01062,MER0318,2771.82,UPI,Android,0,2,1,3936.69,0,0.2857,436,12,0,0,0
TXN0008775,USR01803,MER0429,2634.39,NetBanking,Android,0,0,2,5119.86,0,0.3577,1513,8,0,1,0
TXN0008776,USR00540,MER0301,6871.26,UPI,Web,0,0,1,7504.68,0,0.4151,578,6,1,0,0
TXN0008777,USR02885,MER0356,1512.74,Wallet,Android,0,0,3,2114.9,0,0.3677,504,11,0,0,0
TXN0008778,USR02521,MER0072,676.43,UPI,iOS,0,1,1,1449.01,0,0.2621,522,5,1,0,0
TXN0008779,USR00516,MER0468,459.14,Card,Android,0,0,1,1570.99,0,0.3056,964,8,0,0,0
TXN0008780,USR02037,MER0097,40.53,Card,Web,0,2,7,175.76,0,0.1783,500,20,1,0,0
TXN0008781,USR01883,MER0264,7285.64,Card,Web,0,0,1,4499.54,0,0.2213,613,21,1,0,0
TXN0008782,USR00704,MER0342,1640.41,Card,Android,0,0,1,2337.65,0,0.1925,1201,8,0,0,0
TXN0008783,USR00428,MER0429,4052.14,UPI,Android,0,1,2,2119.48,0,0.3623,480,16,0,0,0
TXN0008784,USR02662,MER0467,1340.5,UPI,iOS,0,0,10,1924.28,1,0.8371,215,16,0,0,1
TXN0008785,USR00925,MER0300,2343.95,Card,iOS,0,1,2,1908.39,0,0.2234,1441,8,0,0,0
TXN0008786,USR01817,MER0289,3668.56,Wallet,Web,1,0,1,4221.07,0,0.0505,358,12,0,0,0
TXN0008787,USR00867,MER0209,10019.65,Card,Android,0,0,1,10201.62,0,0.2718,1034,18,0,0,0
TXN0008788,USR02287,MER0284,2642.57,Card,Web,0,0,4,2598.07,0,0.3172,483,2,0,0,0
TXN0008789,USR00172,MER0338,1207.75,NetBanking,iOS,0,0,1,1750.09,0,0.222,1352,15,0,0,0
TXN0008790,USR01258,MER0324,1097.48,UPI,Android,0,0,1,2796.43,0,0.1224,695,22,0,0,0
TXN0008791,USR01915,MER0297,1997.21,UPI,iOS,0,0,3,1209.41,0,0.3362,1571,8,0,0,0
TXN0008792,USR01537,MER0221,3330.3,UPI,Android,0,0,4,1111.5,0,0.1504,2025,21,1,0,0
TXN0008793,USR02144,MER0098,6434.31,Wallet,Android,0,2,2,2048.3,0,0.7748,137,16,0,0,0
TXN0008794,USR00632,MER0028,650.08,UPI,Android,0,0,1,1017.85,0,0.2711,799,15,0,0,0
TXN0008795,USR01547,MER0211,586.26,UPI,Android,1,1,2,1044.87,1,0.4022,406,0,0,0,0
TXN0008796,USR02648,MER0199,1165.79,UPI,iOS,0,0,1,1826.65,0,0.1422,1229,20,1,0,0
TXN0008797,USR01168,MER0305,1219.58,UPI,Android,0,0,1,1455.16,0,0.2358,1269,9,0,0,0
TXN0008798,USR00550,MER0451,3895.8,UPI,Android,0,4,1,4253.19,0,0.0339,903,21,1,0,0
TXN0008799,USR02968,MER0351,752.38,UPI,Android,0,1,2,1622.55,0,0.2821,1549,23,0,1,0
TXN0008800,USR02725,MER0403,1726.32,UPI,Android,0,0,3,5266.69,0,0.4751,732,19,0,0,0
TXN0008801,USR02382,MER0290,1058.71,Card,Android,0,3,1,1073.68,0,0.1022,736,13,0,0,0
TXN0008802,USR02794,MER0464,112.97,UPI,iOS,0,1,3,1508.78,0,0.0642,1133,18,0,0,0
TXN0008803,USR02726,MER0470,21869.92,UPI,iOS,1,0,2,3044.2,0,0.1605,1298,16,0,0,0
TXN0008804,USR02614,MER0077,1012.54,UPI,Web,0,5,2,2101.56,1,0.4738,318,10,0,0,0
TXN0008805,USR01784,MER0320,4192.58,Card,iOS,0,3,2,2513.32,0,0.3407,1483,15,0,0,0
TXN0008806,USR00068,MER0253,1448.61,Card,iOS,0,0,1,716.27,0,0.4939,189,7,0,0,0
TXN0008807,USR02090,MER0487,3973.49,UPI,Android,0,0,3,1931.6,0,0.3192,795,20,0,0,0
TXN0008808,USR00956,MER0293,1207.79,UPI,Android,0,1,2,1629.44,0,0.1991,407,23,0,0,0
TXN0008809,USR02707,MER0008,231.45,UPI,Android,1,0,1,550.96,0,0.1802,840,9,0,0,0
TXN0008810,USR01640,MER0105,1313.46,Wallet,Android,0,0,2,2482.26,0,0.2896,413,19,1,0,0
TXN0008811,USR03169,MER0065,3001.54,NetBanking,Android,0,1,2,2565.23,0,0.1708,1021,13,0,0,0
TXN0008812,USR02085,MER0101,609.03,Card,Android,0,1,1,2094.12,1,0.461,1448,8,0,1,0
TXN0008813,USR01927,MER0048,3406.52,NetBanking,Android,0,0,4,1313.03,0,0.2829,436,14,0,0,0
TXN0008814,USR03218,MER0392,1424.57,UPI,Android,0,1,1,1900.14,0,0.3147,284,15,1,0,0
TXN0008815,USR01663,MER0248,721.29,Card,Android,0,1,2,528.96,0,0.0855,459,8,0,0,0
TXN0008816,USR01315,MER0336,1066.04,Card,Android,0,1,2,4041.34,0,0.0601,352,16,0,0,0
TXN0008817,USR01301,MER0500,1121.89,UPI,Android,0,1,2,2297.27,0,0.1986,1197,0,1,0,0
TXN0008818,USR03063,MER0324,290.52,Card,iOS,0,0,1,1204.42,0,0.1028,369,15,0,0,0
TXN0008819,USR02647,MER0240,1742.97,Card,iOS,0,1,11,878.39,0,0.4965,550,10,1,0,1
TXN0008820,USR00573,MER0134,3117.74,Wallet,iOS,0,0,1,3678.32,1,0.3632,375,22,1,0,0
TXN0008821,USR01724,MER0378,3204.9,UPI,iOS,0,0,2,2232.99,0,0.2724,394,16,0,0,0
TXN0008822,USR01300,MER0254,2311.22,UPI,Android,0,1,1,2321.28,0,0.1481,370,18,0,0,0
TXN0008823,USR02264,MER0379,3469.01,UPI,Web,0,0,1,2602.74,0,0.0552,345,13,0,0,0
TXN0008824,USR00183,MER0012,1753.43,UPI,Android,0,1,1,2350.27,0,0.3321,844,16,0,0,0
TXN0008825,USR02500,MER0082,2130.1,UPI,iOS,0,0,3,2592.76,0,0.1851,454,17,0,0,0
TXN0008826,USR02599,MER0065,4653.17,UPI,Android,0,0,1,5225.73,0,0.1601,476,15,1,0,0
TXN0008827,USR00794,MER0341,1597.37,UPI,Android,0,0,2,1253.95,0,0.2643,1142,10,0,0,0
TXN0008828,USR00528,MER0260,20643.91,Card,Web,0,0,1,1668.82,0,0.5199,58,0,1,0,0
TXN0008829,USR02197,MER0159,10683.98,Card,Android,0,0,2,1483.66,0,0.0359,267,9,0,1,0
TXN0008830,USR00900,MER0155,7962.41,UPI,Android,1,1,3,2494.23,0,0.9256,598,8,1,1,1
TXN0008831,USR03296,MER0304,1607.82,UPI,Android,1,1,2,6083.54,0,0.8749,340,18,1,0,0
TXN0008832,USR02714,MER0483,4717.21,Card,Android,0,1,2,5497.28,0,0.1512,1065,21,0,0,0
TXN0008833,USR03343,MER0498,1663.58,UPI,Web,0,0,1,2342.5,0,0.8922,1297,18,0,0,0
TXN0008834,USR01872,MER0236,5384.95,UPI,iOS,0,1,2,2252.21,0,0.1508,1447,6,0,0,0
TXN0008835,USR03285,MER0336,2219.3,UPI,iOS,0,0,2,2928.61,0,0.0464,327,21,1,0,0
TXN0008836,USR00049,MER0042,4411.81,UPI,Android,0,1,2,3320.11,0,0.3059,688,13,0,0,0
TXN0008837,USR01015,MER0473,126.95,UPI,Android,0,1,2,718.01,0,0.3079,1168,15,1,0,0
TXN0008838,USR00008,MER0009,573.27,NetBanking,iOS,0,0,3,1792.1,0,0.1943,78,13,0,0,0
TXN0008839,USR02372,MER0172,24222.6,Card,Android,0,0,1,5645.37,0,0.8675,592,5,1,0,0
TXN0008840,USR01788,MER0363,1364.8,NetBanking,Android,0,1,2,1383.8,0,0.078,1132,19,0,0,1
TXN0008841,USR01007,MER0485,3436.0,Card,Android,0,0,8,7412.73,0,0.1668,501,10,0,0,0
TXN0008842,USR01068,MER0086,6497.58,UPI,Android,0,0,7,5734.85,0,0.1075,440,17,1,0,0
TXN0008843,USR02254,MER0331,1245.88,Card,Web,0,1,3,2795.6,0,0.0898,1960,10,0,0,0
TXN0008844,USR00632,MER0094,789.52,Wallet,iOS,0,0,2,1017.85,0,0.0444,163,8,1,0,0
TXN0008845,USR01801,MER0026,2025.09,NetBanking,Android,0,0,6,6058.73,1,0.3259,1447,12,0,0,0
TXN0008846,USR02148,MER0212,2021.25,Card,Android,0,7,2,3749.41,0,0.1716,876,22,1,0,0
TXN0008847,USR00840,MER0289,2046.04,UPI,Android,0,0,2,2902.79,0,0.0052,194,13,0,0,0
TXN0008848,USR00800,MER0133,4168.8,Card,Android,0,0,2,1955.66,0,0.3588,641,7,0,1,0
TXN0008849,USR01240,MER0487,2655.69,UPI,Web,0,0,1,1998.89,0,0.2618,1592,17,0,0,0
TXN0008850,USR02073,MER0309,4056.48,UPI,Android,0,0,10,2692.79,0,0.1817,564,5,0,0,0
TXN0008851,USR00891,MER0220,2297.66,UPI,Android,0,0,1,2460.71,0,0.431,374,15,0,0,0
TXN0008852,USR01328,MER0243,9985.83,UPI,Android,1,0,1,5804.98,0,0.1092,757,16,0,1,0
TXN0008853,USR01903,MER0233,1497.19,UPI,iOS,0,0,3,2952.12,0,0.2549,508,17,0,0,0
TXN0008854,USR00654,MER0056,1747.55,NetBanking,Android,0,0,1,3113.54,0,0.1929,434,10,0,0,0
TXN0008855,USR01992,MER0304,1181.04,Card,Web,0,1,2,925.83,0,0.8769,681,17,1,0,1
TXN0008856,USR00484,MER0393,5511.41,Card,Android,0,0,1,7083.77,0,0.2725,118,10,1,0,0
TXN0008857,USR00499,MER0211,2008.08,Wallet,Android,1,1,1,2132.19,0,0.4104,865,9,0,0,0
TXN0008858,USR00830,MER0213,1494.2,UPI,Web,0,0,3,1767.86,0,0.6618,472,20,1,0,0
TXN0008859,USR01003,MER0456,2477.76,Card,Android,0,1,1,1056.4,0,0.0818,1010,19,0,0,0
TXN0008860,USR00105,MER0306,12826.18,Card,Android,1,0,5,5267.15,0,0.1776,577,8,1,0,0
TXN0008861,USR03366,MER0149,2401.53,UPI,Android,0,0,9,3962.78,0,0.162,1171,23,0,0,0
TXN0008862,USR01079,MER0002,228.36,UPI,iOS,0,0,2,852.38,0,0.3227,148,11,0,0,0
TXN0008863,USR02817,MER0412,811.43,Card,Android,0,0,1,1423.78,0,0.1608,262,8,0,0,0
TXN0008864,USR03157,MER0314,732.47,Wallet,iOS,0,0,1,1468.85,0,0.1112,224,8,0,0,0
TXN0008865,USR02803,MER0314,1952.89,UPI,iOS,0,0,3,1128.0,0,0.1074,689,17,0,1,0
TXN0008866,USR02910,MER0142,1177.26,Card,iOS,0,2,2,637.91,0,0.5313,1336,7,0,1,0
TXN0008867,USR00351,MER0094,4013.43,Card,Web,1,0,2,8864.19,0,0.1351,1389,21,0,0,0
TXN0008868,USR01303,MER0248,1758.39,NetBanking,Web,0,0,1,3182.42,0,0.0786,63,1,0,0,0
TXN0008869,USR02612,MER0379,1784.44,Wallet,Android,0,1,3,5441.16,0,0.0692,531,16,0,0,0
TXN0008870,USR02016,MER0149,2425.28,UPI,Web,1,0,1,2314.5,0,0.2053,231,7,0,0,0
TXN0008871,USR00020,MER0264,6182.95,Card,Android,0,1,1,6713.6,0,0.177,121,10,1,0,0
TXN0008872,USR01986,MER0499,2669.55,NetBanking,iOS,1,0,3,1590.01,0,0.19,1661,17,1,0,0
TXN0008873,USR02816,MER0110,6603.92,UPI,Android,0,2,1,4853.64,0,0.0719,909,7,0,0,0
TXN0008874,USR02901,MER0116,2852.44,Wallet,Android,0,1,2,1932.53,0,0.1865,600,22,0,0,0
TXN0008875,USR01344,MER0118,603.01,Card,iOS,0,1,2,1924.04,1,0.0921,790,15,1,0,0
TXN0008876,USR00828,MER0457,780.65,UPI,iOS,0,0,1,1288.3,0,0.1935,256,22,0,0,0
TXN0008877,USR01084,MER0265,2672.91,Card,Web,0,0,4,1419.01,0,0.3291,249,23,0,0,0
TXN0008878,USR01038,MER0459,34760.21,UPI,Android,1,3,1,5497.39,0,0.0865,1227,14,0,0,0
TXN0008879,USR01214,MER0474,636.13,UPI,iOS,0,0,1,2158.68,0,0.1537,1296,12,0,0,0
TXN0008880,USR01057,MER0211,5986.14,Wallet,Android,0,0,1,3517.3,0,0.4105,1376,6,0,0,0
TXN0008881,USR01601,MER0028,1112.24,Card,Android,0,0,2,1771.81,0,0.2633,644,12,0,0,1
TXN0008882,USR00144,MER0153,4990.38,NetBanking,Android,1,1,2,2441.01,0,0.2149,624,15,1,0,0
TXN0008883,USR00964,MER0272,2706.61,UPI,Android,0,1,2,2883.36,0,0.4871,754,18,0,0,0
TXN0008884,USR01102,MER0191,621.26,Wallet,iOS,0,0,1,797.39,0,0.1402,138,5,1,0,0
TXN0008885,USR00537,MER0002,5330.88,UPI,iOS,0,1,1,2100.17,0,0.3158,1274,17,0,0,0
TXN0008886,USR03073,MER0495,1114.44,Wallet,iOS,0,0,1,2992.98,0,0.1285,1093,12,0,1,0
TXN0008887,USR02365,MER0152,10945.38,Wallet,Web,0,0,1,4097.09,0,0.1083,1295,10,0,0,0
TXN0008888,USR03192,MER0310,1520.16,Wallet,iOS,0,1,2,2532.37,0,0.1333,1859,21,1,0,0
TXN0008889,USR01966,MER0474,2093.75,Card,iOS,0,0,2,1958.24,0,0.1639,1364,7,0,0,0
TXN0008890,USR00384,MER0273,1009.87,UPI,iOS,0,0,3,938.11,0,0.1655,916,20,0,1,0
TXN0008891,USR03167,MER0348,3035.12,NetBanking,Android,0,0,2,4339.58,0,0.2014,3053,20,1,0,0
TXN0008892,USR01604,MER0018,1394.89,UPI,Android,0,0,1,2538.4,0,0.1031,294,8,1,0,0
TXN0008893,USR02396,MER0349,1657.18,UPI,Web,0,0,2,2273.66,0,0.273,903,11,1,0,0
TXN0008894,USR01335,MER0424,832.44,UPI,Android,1,0,2,1816.82,1,0.5597,640,17,0,0,0
TXN0008895,USR01730,MER0460,10150.24,Card,Android,0,0,1,2598.37,0,0.088,948,21,0,0,0
TXN0008896,USR01713,MER0042,1989.09,Wallet,Android,0,0,1,2956.75,0,0.2816,56,19,1,0,0
TXN0008897,USR00997,MER0115,2756.94,Wallet,Android,0,0,8,1258.2,0,0.3123,600,21,0,0,0
TXN0008898,USR01942,MER0024,4351.13,Card,iOS,0,0,1,2183.37,0,0.3145,492,10,1,0,0
TXN0008899,USR02569,MER0459,2404.62,Card,Web,1,0,2,1946.6,0,0.102,167,11,0,0,0
TXN0008900,USR00071,MER0138,1081.54,NetBanking,iOS,0,0,2,1253.67,0,0.2092,878,19,0,0,0
TXN0008901,USR00459,MER0266,1090.96,Card,iOS,0,2,3,997.54,0,0.1182,194,19,1,0,0
TXN0008902,USR02948,MER0238,1021.1,UPI,Web,0,0,3,711.0,0,0.4011,2552,19,1,0,0
TXN0008903,USR01994,MER0345,2738.28,NetBanking,Android,0,1,2,2677.8,0,0.0445,324,18,1,0,0
TXN0008904,USR03408,MER0448,381.69,NetBanking,Android,0,7,1,1239.76,0,0.1556,358,11,0,0,1
TXN0008905,USR02117,MER0162,439.77,Card,iOS,0,1,3,1712.03,0,0.169,187,16,1,0,0
TXN0008906,USR02287,MER0396,7324.6,Card,Web,0,0,2,2598.07,0,0.2641,989,21,1,0,0
TXN0008907,USR03147,MER0146,516.15,NetBanking,Android,0,0,1,3616.99,0,0.2601,599,16,1,1,0
TXN0008908,USR02312,MER0099,3981.25,Wallet,Web,0,1,5,3635.34,0,0.3277,609,23,0,0,0
TXN0008909,USR01154,MER0054,30128.44,UPI,Web,1,0,1,6055.22,0,0.1531,285,11,1,0,0
TXN0008910,USR01848,MER0187,2858.22,NetBanking,Android,0,0,2,2676.27,0,0.1439,986,9,0,0,0
TXN0008911,USR00825,MER0281,135.9,Card,Android,1,2,11,324.63,1,0.373,1654,13,1,0,1
TXN0008912,USR01170,MER0391,6765.37,Card,Android,0,0,2,5525.26,0,0.4768,318,13,0,0,0
TXN0008913,USR02381,MER0425,923.09,UPI,Android,0,1,1,836.64,1,0.282,783,20,0,0,0
TXN0008914,USR00522,MER0264,10367.93,UPI,Android,1,0,2,1493.0,0,0.1774,254,8,0,0,0
TXN0008915,USR02352,MER0205,8860.12,UPI,Android,1,1,2,8482.24,0,0.7154,498,6,0,0,0
TXN0008916,USR02045,MER0088,14628.97,UPI,iOS,0,0,1,5825.67,0,0.1383,880,9,0,0,0
TXN0008917,USR01080,MER0458,260.44,UPI,iOS,0,0,2,805.48,0,0.6183,452,20,0,0,0
TXN0008918,USR00158,MER0199,1603.9,Card,Web,0,1,3,808.94,0,0.1419,1049,7,1,0,0
TXN0008919,USR02467,MER0383,6929.09,UPI,iOS,0,1,1,6189.24,0,0.0756,225,18,0,0,0
TXN0008920,USR02886,MER0313,4168.1,UPI,iOS,0,0,1,3608.34,0,0.3322,643,20,0,0,0
TXN0008921,USR02556,MER0466,16556.89,UPI,Android,0,0,1,14191.36,1,0.3871,809,14,1,0,0
TXN0008922,USR01474,MER0487,7107.86,Wallet,Android,0,0,1,2187.24,0,0.3137,103,15,0,0,0
TXN0008923,USR02288,MER0354,1639.65,Wallet,Android,0,0,4,1434.49,0,0.2229,301,19,0,0,0
TXN0008924,USR01452,MER0331,16708.52,UPI,iOS,0,0,1,4241.55,0,0.148,294,12,0,0,0
TXN0008925,USR01254,MER0069,1311.3,UPI,Android,0,1,3,2147.91,0,0.984,821,11,1,0,0
TXN0008926,USR01146,MER0009,13698.73,UPI,Web,0,2,3,7996.24,0,0.1895,146,12,0,0,1
TXN0008927,USR00738,MER0274,1382.76,Card,iOS,0,0,3,1053.29,0,0.0719,803,18,0,0,0
TXN0008928,USR03393,MER0353,1569.8,Wallet,Android,0,1,1,4967.38,0,0.6075,398,17,0,0,0
TXN0008929,USR02332,MER0374,3191.03,Wallet,Android,0,0,2,2315.91,0,0.5438,791,12,0,0,0
TXN0008930,USR00613,MER0126,1172.05,Wallet,iOS,0,1,1,2685.96,1,0.2008,388,17,0,0,0
TXN0008931,USR03028,MER0252,12628.04,Wallet,iOS,0,0,1,9683.02,0,0.1191,1037,9,0,0,0
TXN0008932,USR00530,MER0432,780.35,Card,Android,0,0,3,1465.19,0,0.0892,915,7,0,0,0
TXN0008933,USR02078,MER0048,3267.04,UPI,Android,0,1,3,4206.17,0,0.2453,752,7,0,0,0
TXN0008934,USR00580,MER0192,1470.55,UPI,Android,0,0,3,2288.51,0,0.5814,361,10,1,0,0
TXN0008935,USR01265,MER0473,5539.91,UPI,Android,1,0,2,1951.04,0,0.2848,553,9,0,0,0
TXN0008936,USR02305,MER0100,2634.76,UPI,Web,0,1,1,2073.96,0,0.2275,201,8,1,0,0
TXN0008937,USR03497,MER0159,25251.99,UPI,Android,0,1,1,10707.06,0,0.0826,493,22,0,0,0
TXN0008938,USR03472,MER0234,7197.52,UPI,Android,0,0,1,941.0,1,0.496,554,21,0,0,0
TXN0008939,USR03135,MER0345,3421.03,UPI,iOS,0,1,1,3477.25,0,0.0704,675,21,0,1,0
TXN0008940,USR00825,MER0128,910.61,Wallet,Android,0,0,1,324.63,0,0.5946,1096,13,1,0,0
TXN0008941,USR00328,MER0397,1124.95,Card,Android,0,1,2,1956.87,0,0.0772,381,11,0,0,0
TXN0008942,USR03170,MER0118,2805.77,UPI,iOS,0,2,1,1195.02,0,0.0598,887,14,1,0,0
TXN0008943,USR03232,MER0185,1831.14,UPI,Web,0,0,3,3443.0,0,0.1391,189,9,0,0,0
TXN0008944,USR00976,MER0287,1416.13,Card,Web,1,0,2,1508.61,0,0.1156,819,7,0,1,0
TXN0008945,USR00068,MER0007,1002.86,NetBanking,Android,0,1,2,716.27,0,0.2402,1059,13,1,0,0
TXN0008946,USR02268,MER0384,2945.87,UPI,Web,1,0,1,1878.66,0,0.2347,542,22,0,1,0
TXN0008947,USR00267,MER0335,706.58,Wallet,Android,0,1,1,1856.92,0,0.0585,498,19,0,0,0
TXN0008948,USR00142,MER0418,372.95,NetBanking,Android,0,0,1,731.94,0,0.4742,996,19,1,0,0
TXN0008949,USR03281,MER0138,2126.83,Wallet,iOS,1,1,5,1439.63,0,0.1835,883,15,0,0,0
TXN0008950,USR01735,MER0199,1479.78,Card,Web,0,0,1,2027.19,0,0.1253,1142,10,0,0,0
TXN0008951,USR00393,MER0450,356.03,UPI,Android,1,7,1,1023.64,0,0.4444,144,18,0,0,0
TXN0008952,USR02291,MER0034,1512.93,UPI,Android,0,0,3,1673.89,0,0.16,439,13,0,0,0
TXN0008953,USR01293,MER0246,2335.28,Card,Android,0,0,2,2674.57,0,0.4477,2145,22,0,1,0
TXN0008954,USR01878,MER0242,1830.67,NetBanking,Android,0,0,2,1694.35,0,0.4674,450,9,0,0,0
TXN0008955,USR03147,MER0224,5036.42,Card,Android,1,0,12,3616.99,0,0.924,723,20,1,0,1
TXN0008956,USR00833,MER0217,1878.26,UPI,iOS,0,0,1,1412.1,0,0.7849,921,11,0,0,0
TXN0008957,USR02263,MER0374,2764.59,UPI,Android,0,0,1,5052.98,0,0.5335,443,19,0,0,0
TXN0008958,USR02900,MER0099,761.79,UPI,Android,0,0,2,1076.5,0,0.272,488,20,0,0,0
TXN0008959,USR01484,MER0446,3178.23,NetBanking,iOS,0,6,2,1713.12,0,0.2363,1069,23,0,0,0
TXN0008960,USR03396,MER0449,2265.19,UPI,Android,0,0,1,3521.02,0,0.048,996,13,1,0,0
TXN0008961,USR01570,MER0090,2002.14,UPI,Android,0,0,1,2797.37,1,0.0591,139,6,1,0,0
TXN0008962,USR01608,MER0488,1096.81,Card,Android,0,1,2,3405.8,1,0.1783,258,7,1,0,0
TXN0008963,USR03095,MER0132,3819.29,UPI,iOS,0,0,2,4098.88,1,0.2418,409,20,0,0,0
TXN0008964,USR02226,MER0026,1153.15,UPI,Web,0,2,2,945.45,0,0.2667,669,14,0,0,0
TXN0008965,USR03041,MER0200,611.45,UPI,Android,0,0,1,2665.62,0,0.1042,229,17,0,0,0
TXN0008966,USR02767,MER0398,529.26,Card,Android,1,0,2,1202.37,0,0.0,197,12,0,0,0
TXN0008967,USR02494,MER0423,311.83,UPI,Web,0,0,2,912.43,0,0.4746,503,13,1,0,0
TXN0008968,USR00846,MER0323,1697.61,UPI,iOS,0,0,1,1011.67,0,0.2402,194,18,0,0,0
TXN0008969,USR01396,MER0406,756.99,Card,iOS,0,0,3,3153.42,0,0.2707,366,16,0,0,0
TXN0008970,USR03026,MER0131,6361.79,Card,Android,0,1,2,7077.79,0,0.1797,294,13,0,1,0
TXN0008971,USR02157,MER0440,2349.21,Card,Android,0,1,1,1472.88,1,0.1929,1224,21,0,1,0
TXN0008972,USR00981,MER0318,1882.81,Card,Web,1,0,3,1728.99,0,0.2289,375,13,0,0,0
TXN0008973,USR01146,MER0067,5541.15,Card,iOS,0,1,1,7996.24,0,0.477,774,12,1,0,0
TXN0008974,USR02716,MER0065,2459.15,Wallet,Web,0,0,4,2014.47,0,0.1357,142,16,0,0,0
TXN0008975,USR00624,MER0134,7406.02,UPI,Android,0,0,1,3690.17,0,0.3202,291,18,1,0,0
TXN0008976,USR00393,MER0035,901.12,UPI,Android,0,2,1,1023.64,1,0.3325,234,18,0,0,0
TXN0008977,USR02678,MER0142,228.48,Card,Android,0,0,3,1204.11,0,0.5944,865,19,0,0,0
TXN0008978,USR01010,MER0497,4727.53,UPI,iOS,0,0,2,2175.02,0,0.0522,605,10,0,0,0
TXN0008979,USR02679,MER0121,3050.69,UPI,Android,0,2,1,2404.1,0,0.2829,456,12,0,0,0
TXN0008980,USR01868,MER0319,1393.68,UPI,Android,0,0,1,1500.44,0,0.0698,187,16,0,0,0
TXN0008981,USR03493,MER0489,436.99,Wallet,iOS,0,0,2,1911.76,0,0.3018,206,16,1,1,0
TXN0008982,USR01838,MER0127,1720.85,Wallet,Web,0,0,3,2242.53,0,0.3237,739,21,0,0,0
TXN0008983,USR03037,MER0349,491.31,UPI,Android,0,0,1,970.12,0,0.1988,1180,21,0,0,0
TXN0008984,USR02977,MER0226,519.7,UPI,Android,0,3,1,1311.56,1,0.181,539,15,0,0,0
TXN0008985,USR00742,MER0143,1498.4,UPI,iOS,0,0,2,1737.84,0,0.1315,771,9,0,0,0
TXN0008986,USR03487,MER0476,972.98,UPI,Android,0,1,1,1504.57,0,0.1778,344,18,0,0,0
TXN0008987,USR02611,MER0329,1383.91,UPI,iOS,0,2,1,2040.89,0,0.0817,1198,8,0,0,0
TXN0008988,USR00376,MER0220,4588.28,UPI,Web,0,7,2,2831.97,0,0.3946,1041,10,0,0,0
TXN0008989,USR00022,MER0407,6980.58,Card,Android,1,0,10,6105.08,0,0.2026,557,21,0,0,0
TXN0008990,USR00950,MER0451,1314.62,NetBanking,Android,0,0,2,1974.51,1,0.0352,383,14,0,0,0
TXN0008991,USR00057,MER0391,638.24,UPI,Web,0,1,2,1050.3,0,0.4507,175,23,0,0,0
TXN0008992,USR01252,MER0435,1410.23,UPI,iOS,0,0,1,2057.0,1,0.4776,858,21,0,0,0
TXN0008993,USR03488,MER0162,3293.67,Card,Android,0,1,1,4137.79,0,0.192,291,11,1,0,0
TXN0008994,USR01677,MER0173,1593.93,UPI,Android,1,0,1,1100.42,0,0.2618,257,18,1,0,0
TXN0008995,USR00084,MER0117,646.34,UPI,iOS,0,0,1,1439.39,0,0.0668,792,14,0,0,0
TXN0008996,USR01729,MER0349,7922.28,UPI,Android,0,0,4,2914.22,0,0.2392,523,19,0,0,1
TXN0008997,USR00767,MER0402,2756.28,Card,iOS,0,2,2,1901.89,0,0.3153,1191,6,0,0,0
TXN0008998,USR02997,MER0331,294.49,UPI,Android,1,1,2,2222.87,0,0.0985,715,14,0,0,0
TXN0008999,USR00317,MER0300,6252.32,UPI,Android,0,0,1,6181.13,0,0.1921,1597,13,1,0,0
TXN0009000,USR02697,MER0386,9212.75,Card,Android,1,1,3,4577.98,0,0.131,379,23,0,0,0
TXN0009001,USR01561,MER0091,4616.42,UPI,Web,0,0,2,3668.38,0,0.3467,636,13,0,0,0
TXN0009002,USR00066,MER0183,1152.04,Wallet,Android,1,1,1,1629.74,0,0.217,178,12,0,0,0
TXN0009003,USR02356,MER0354,1081.65,Card,iOS,1,1,1,1188.24,0,0.2014,314,21,1,0,0
TXN0009004,USR01593,MER0027,2354.06,UPI,Web,0,0,2,2176.57,0,0.0752,229,9,0,0,0
TXN0009005,USR02701,MER0456,1943.6,UPI,Android,0,0,1,1174.03,0,0.0769,874,17,0,0,0
TXN0009006,USR02164,MER0086,620.56,Wallet,Web,0,1,1,1807.11,1,0.0954,618,17,1,0,0
TXN0009007,USR02756,MER0394,2989.07,UPI,iOS,0,0,1,4857.75,0,0.9496,437,10,0,0,0
TXN0009008,USR01612,MER0309,7138.71,UPI,Android,0,0,2,2306.56,1,0.2113,1095,1,0,0,0
TXN0009009,USR00028,MER0424,785.64,UPI,Web,0,1,1,806.56,0,0.5563,353,13,0,0,1
TXN0009010,USR00458,MER0388,4411.14,NetBanking,Web,0,1,1,1543.49,1,0.2358,1467,14,1,0,0
TXN0009011,USR01607,MER0258,5312.37,NetBanking,Android,0,1,2,650.78,0,0.2427,742,20,0,0,0
TXN0009012,USR01392,MER0379,834.67,Card,Web,0,0,3,1250.51,0,0.0465,881,23,1,0,0
TXN0009013,USR02781,MER0174,29313.72,UPI,iOS,0,1,1,10575.05,0,0.1211,287,17,0,0,0
TXN0009014,USR01441,MER0292,3891.24,UPI,Web,0,2,2,4952.59,0,0.0474,335,15,0,0,0
TXN0009015,USR03011,MER0458,81184.9,UPI,iOS,0,0,1,5744.07,0,0.5773,886,17,1,0,0
TXN0009016,USR00658,MER0043,9454.35,UPI,iOS,0,1,2,4073.37,1,0.409,375,7,0,0,0
TXN0009017,USR01348,MER0178,36241.2,NetBanking,Web,0,0,2,7421.44,0,0.2775,133,16,0,0,0
TXN0009018,USR02648,MER0009,1692.12,Card,iOS,0,0,12,1826.65,0,0.1936,340,19,0,0,0
TXN0009019,USR00435,MER0268,2169.48,UPI,Android,0,0,6,1604.94,0,0.2217,423,23,0,0,0
TXN0009020,USR01125,MER0392,438.34,Wallet,iOS,0,0,2,769.29,0,0.3228,564,8,0,0,0
TXN0009021,USR02632,MER0020,242.49,UPI,Web,0,2,4,1549.97,0,0.5116,898,22,0,0,0
TXN0009022,USR02062,MER0275,2397.03,Card,Web,0,0,4,2592.91,0,0.2548,814,9,0,0,0
TXN0009023,USR02724,MER0208,236.64,UPI,iOS,0,0,7,570.91,0,0.3399,114,11,1,0,0
TXN0009024,USR01806,MER0392,2472.26,UPI,Android,0,1,1,1635.45,0,0.3253,270,18,1,0,0
TXN0009025,USR03008,MER0111,709.97,UPI,Web,0,1,2,2892.35,1,0.5286,590,9,0,0,0
TXN0009026,USR03071,MER0082,3457.21,UPI,Android,0,0,3,6189.05,1,0.1589,500,16,0,0,0
TXN0009027,USR03411,MER0048,1902.54,NetBanking,iOS,0,0,2,1649.48,0,0.2798,1112,20,0,0,0
TXN0009028,USR00428,MER0204,2636.02,NetBanking,Android,1,0,1,2119.48,0,0.879,1430,5,0,0,0
TXN0009029,USR02070,MER0244,2608.03,Card,Web,0,1,1,2837.02,0,0.2619,821,8,0,0,1
TXN0009030,USR00400,MER0460,12840.93,Wallet,Android,0,1,1,3518.9,0,0.0548,565,10,1,0,0
TXN0009031,USR00802,MER0233,2293.9,UPI,Android,0,0,1,778.99,0,0.1644,763,18,0,0,0
TXN0009032,USR01052,MER0086,2722.92,UPI,Web,1,1,1,4685.25,0,0.0659,1142,17,1,0,0
TXN0009033,USR02262,MER0350,5094.55,UPI,Android,0,0,1,1681.01,0,0.0621,1398,15,0,0,0
TXN0009034,USR01510,MER0031,3241.96,UPI,Android,0,0,1,958.29,0,0.3065,343,21,0,0,0
TXN0009035,USR03027,MER0173,2739.49,UPI,Web,0,0,2,3148.67,1,0.2425,272,20,1,0,0
TXN0009036,USR01045,MER0327,2154.22,Card,Android,0,0,2,2191.84,0,0.1246,1258,9,0,0,0
TXN0009037,USR02161,MER0127,5066.86,Card,Android,0,0,1,5524.76,0,0.2837,853,6,0,0,0
TXN0009038,USR02672,MER0298,1055.63,UPI,Web,0,0,1,1765.68,0,0.1373,103,13,0,0,0
TXN0009039,USR03432,MER0227,1549.24,UPI,Web,1,1,2,2412.45,0,0.084,1197,7,0,0,0
TXN0009040,USR00859,MER0477,4534.06,Card,Android,0,0,2,1843.57,0,0.0501,2094,18,0,0,0
TXN0009041,USR02568,MER0144,10862.46,NetBanking,Android,0,2,1,8334.49,0,0.5477,754,14,0,0,0
TXN0009042,USR00297,MER0454,1293.99,UPI,Android,0,1,1,2027.38,0,0.3248,643,19,0,0,0
TXN0009043,USR01903,MER0313,1441.68,UPI,Web,1,0,1,2952.12,0,0.2918,677,20,0,0,0
TXN0009044,USR01449,MER0375,1332.19,NetBanking,Android,0,0,2,2417.33,1,0.5119,636,21,0,0,0
TXN0009045,USR03355,MER0085,2042.01,Card,Android,0,0,1,2415.51,0,0.9344,534,15,1,0,0
TXN0009046,USR02707,MER0010,1011.46,Wallet,Web,0,0,2,550.96,0,0.3296,1534,7,0,0,0
TXN0009047,USR03246,MER0366,1037.02,Card,iOS,0,1,1,2025.08,0,0.2073,931,13,1,0,0
TXN0009048,USR02977,MER0241,9078.49,NetBanking,iOS,0,1,2,1311.56,0,0.1158,467,12,0,1,0
TXN0009049,USR01438,MER0155,4932.08,Wallet,iOS,0,1,4,4499.44,0,0.9413,1287,21,0,0,0
TXN0009050,USR02567,MER0449,1889.43,UPI,Android,0,0,6,1792.17,0,0.0743,1410,17,0,0,0
TXN0009051,USR00107,MER0164,1988.19,UPI,Android,0,0,1,998.65,0,0.7665,206,22,0,0,0
TXN0009052,USR01953,MER0217,5444.47,Card,iOS,0,0,2,3118.59,0,0.7646,798,10,1,0,0
TXN0009053,USR00166,MER0363,1750.4,UPI,Android,0,0,2,5058.65,0,0.1249,2021,16,0,0,0
TXN0009054,USR02535,MER0482,462.27,UPI,Android,1,1,1,1060.65,0,0.8003,282,12,0,0,0
TXN0009055,USR03384,MER0450,2903.41,UPI,Web,0,1,1,3600.73,0,0.4417,325,19,0,0,0
TXN0009056,USR02385,MER0327,3163.93,UPI,iOS,0,0,1,2574.14,0,0.0912,65,8,0,0,0
TXN0009057,USR02940,MER0056,1403.98,Wallet,iOS,0,0,1,552.57,0,0.2032,72,19,0,0,0
TXN0009058,USR00821,MER0055,2147.66,UPI,iOS,0,1,2,2154.44,0,0.9011,1264,12,0,0,0
TXN0009059,USR03479,MER0347,9253.73,UPI,Android,0,0,1,2852.98,1,0.1195,1275,15,0,0,0
TXN0009060,USR01928,MER0255,1119.36,Card,Android,0,0,1,1957.29,0,0.2523,664,11,0,0,0
TXN0009061,USR02361,MER0067,503.04,Card,Android,0,0,3,778.79,0,0.4849,524,20,0,0,0
TXN0009062,USR02698,MER0348,1844.41,UPI,Android,0,0,1,2416.33,0,0.2097,925,5,0,0,0
TXN0009063,USR02239,MER0472,663.66,UPI,iOS,0,0,1,1256.61,0,0.0526,611,19,1,0,0
TXN0009064,USR01110,MER0033,14059.03,UPI,Android,0,0,1,6414.07,0,0.3126,457,11,0,0,0
TXN0009065,USR02141,MER0413,555.14,Wallet,Android,0,0,1,4287.69,0,0.1763,770,18,0,0,0
TXN0009066,USR02289,MER0173,2394.38,UPI,Web,0,0,1,3617.17,0,0.3146,424,16,1,0,0
TXN0009067,USR03001,MER0199,6875.24,Card,Android,0,0,1,3162.04,0,0.0874,302,23,0,0,0
TXN0009068,USR01686,MER0359,1412.88,NetBanking,Android,0,0,1,1859.85,0,0.0739,2288,12,1,0,0
TXN0009069,USR01757,MER0124,2609.7,UPI,iOS,0,0,2,1267.13,0,0.0452,1012,6,0,0,0
TXN0009070,USR01762,MER0079,8962.93,Wallet,Android,0,1,1,1936.27,0,0.2784,788,6,0,0,0
TXN0009071,USR00401,MER0482,2673.89,Card,Web,0,0,2,2652.91,0,0.8167,208,18,0,0,0
TXN0009072,USR00316,MER0175,1253.3,Card,Android,0,0,3,567.87,0,0.3303,1003,17,0,0,0
TXN0009073,USR00072,MER0085,8163.88,NetBanking,Web,0,0,3,1503.72,0,0.9093,424,10,0,0,1
TXN0009074,USR02332,MER0345,2942.64,UPI,Android,0,1,1,2315.91,0,0.0745,687,11,0,0,0
TXN0009075,USR01467,MER0109,1438.18,Wallet,Android,1,0,1,1565.16,0,0.4473,1557,20,1,0,0
TXN0009076,USR03030,MER0388,10970.38,UPI,Android,0,3,2,6022.03,0,0.1817,520,21,0,0,0
TXN0009077,USR02458,MER0036,3577.93,UPI,Android,0,0,2,1603.44,0,0.1496,306,22,0,0,0
TXN0009078,USR00496,MER0260,1219.6,UPI,Web,0,0,2,1318.47,0,0.5369,563,12,0,0,0
TXN0009079,USR00351,MER0202,5951.55,Card,Android,0,0,3,8864.19,0,0.191,2034,22,0,0,0
TXN0009080,USR01282,MER0479,12061.88,UPI,Android,0,2,1,3682.26,1,0.2454,957,16,0,0,0
TXN0009081,USR03224,MER0261,1124.59,UPI,Android,0,0,1,1436.57,0,0.1689,1821,10,1,0,0
TXN0009082,USR00171,MER0463,19425.26,UPI,Android,0,0,3,8645.94,0,0.4524,237,8,0,0,0
TXN0009083,USR00656,MER0125,1383.02,UPI,Android,0,0,1,1203.22,0,0.4133,233,14,1,0,0
TXN0009084,USR00104,MER0237,3090.45,UPI,Web,0,0,1,871.88,0,0.0357,134,18,1,1,0
TXN0009085,USR01448,MER0407,958.58,Card,iOS,0,0,1,1857.08,0,0.1948,119,8,0,0,0
TXN0009086,USR03464,MER0081,2828.54,Card,Android,0,0,1,5487.46,0,0.7718,506,10,0,0,0
TXN0009087,USR02394,MER0464,8158.95,Card,Android,0,1,1,4636.16,0,0.1083,582,14,0,0,0
TXN0009088,USR01728,MER0387,1060.4,Card,Android,1,0,1,2515.55,0,0.8767,424,22,1,0,0
TXN0009089,USR00506,MER0339,2100.94,UPI,Android,0,0,1,2030.76,0,0.2975,332,8,0,0,0
TXN0009090,USR01245,MER0122,2342.96,UPI,Android,0,0,1,807.8,0,0.3166,2266,19,1,0,0
TXN0009091,USR01836,MER0410,2174.87,Card,Android,0,0,1,8265.17,0,0.2165,319,21,0,0,0
TXN0009092,USR00963,MER0422,2191.45,Card,Android,1,0,4,1724.65,0,0.0895,488,20,0,0,0
TXN0009093,USR02468,MER0147,8496.77,Card,Web,0,1,2,3733.06,0,0.1247,336,8,1,0,0
TXN0009094,USR03431,MER0294,2600.37,UPI,Android,0,0,3,2785.17,0,0.3138,918,8,0,0,0
TXN0009095,USR00721,MER0031,2889.15,UPI,Android,0,0,2,5920.79,1,0.2222,1326,7,0,0,0
TXN0009096,USR00883,MER0198,679.59,UPI,iOS,0,0,2,863.14,0,0.133,497,23,1,0,0
TXN0009097,USR00442,MER0076,492.01,Card,Android,0,0,3,945.99,0,0.0173,357,23,0,0,1
TXN0009098,USR02540,MER0279,6311.83,NetBanking,iOS,0,0,1,6313.13,0,0.2987,538,21,1,0,0
TXN0009099,USR01617,MER0275,453.58,Card,Android,0,0,1,581.96,0,0.2784,1154,8,0,0,0
TXN0009100,USR00994,MER0267,1253.88,Wallet,Android,0,1,1,1907.49,0,0.3378,533,10,0,0,0
TXN0009101,USR00768,MER0339,5362.98,Card,iOS,0,0,1,4030.51,0,0.306,723,0,0,0,0
TXN0009102,USR00247,MER0463,8117.44,NetBanking,Android,0,1,2,2737.52,0,0.5042,1047,19,0,0,0
TXN0009103,USR01667,MER0099,3783.51,Wallet,Web,0,1,1,3141.25,0,0.2766,385,22,0,0,0
TXN0009104,USR02392,MER0108,14268.89,UPI,iOS,1,1,1,5701.01,0,0.9022,219,7,1,0,1
TXN0009105,USR00823,MER0108,11446.65,UPI,Android,0,1,1,3861.07,0,0.8975,850,15,0,0,0
TXN0009106,USR00006,MER0465,1403.7,NetBanking,Android,0,1,1,2251.27,0,0.2382,970,13,0,0,0
TXN0009107,USR01657,MER0047,733.88,Card,Android,0,1,3,632.99,0,0.3732,1534,18,1,0,0
TXN0009108,USR02366,MER0016,1557.8,UPI,Android,0,1,1,2223.84,0,0.4349,782,20,0,1,0
TXN0009109,USR01208,MER0081,158.12,Card,Android,0,0,2,483.25,0,0.7877,410,18,0,1,0
TXN0009110,USR00877,MER0385,672.19,UPI,Web,0,1,1,546.97,0,0.1456,227,21,0,0,0
TXN0009111,USR00541,MER0290,771.01,Wallet,Android,0,1,2,1728.92,0,0.1502,877,12,1,0,0
TXN0009112,USR02612,MER0460,7335.24,Card,Android,0,1,2,5441.16,0,0.0624,924,9,0,0,0
TXN0009113,USR03016,MER0103,2032.61,Wallet,Android,0,0,2,6550.58,0,0.4539,1309,7,0,0,0
TXN0009114,USR02695,MER0198,2577.59,Card,Android,0,0,2,2395.86,0,0.1328,1375,16,0,0,0
TXN0009115,USR01814,MER0278,638.83,UPI,Android,0,0,4,2080.91,0,0.1434,392,14,1,0,0
TXN0009116,USR02535,MER0037,12613.54,NetBanking,Web,0,0,1,1060.65,1,0.1928,691,12,0,0,0
TXN0009117,USR01390,MER0460,483.59,UPI,Android,0,0,1,674.83,1,0.0423,466,6,0,0,0
TXN0009118,USR00086,MER0403,1728.28,Wallet,Android,0,0,1,2585.14,0,0.5182,1226,14,0,0,0
TXN0009119,USR01287,MER0072,9114.05,UPI,Android,0,0,1,4257.72,0,0.3002,1029,19,1,0,0
TXN0009120,USR02464,MER0422,1979.67,UPI,iOS,1,0,3,2623.37,0,0.0029,681,6,0,0,0
TXN0009121,USR02266,MER0225,10561.66,Card,iOS,0,0,2,10251.42,0,0.3321,226,18,0,0,0
TXN0009122,USR03466,MER0169,418.54,Card,iOS,0,0,2,507.64,0,0.2761,765,21,0,0,0
TXN0009123,USR03492,MER0474,3149.78,NetBanking,iOS,0,0,1,2297.93,0,0.1296,320,6,1,0,0
TXN0009124,USR00850,MER0260,5235.12,Wallet,Web,0,0,2,2597.29,0,0.5204,1148,18,0,0,0
TXN0009125,USR00034,MER0114,4302.07,UPI,Web,0,0,1,2477.97,0,0.3226,2546,21,0,0,0
TXN0009126,USR00960,MER0405,711.48,Wallet,Android,0,0,1,1046.65,1,0.3454,333,6,0,0,0
TXN0009127,USR03067,MER0358,9391.96,NetBanking,iOS,0,0,2,4134.39,1,0.3169,836,3,0,0,0
TXN0009128,USR02848,MER0097,1628.72,NetBanking,iOS,0,1,1,3312.05,0,0.1643,1700,3,0,0,0
TXN0009129,USR00346,MER0339,667.71,NetBanking,Android,0,2,2,1198.05,0,0.2929,983,5,0,0,0
TXN0009130,USR00562,MER0315,1653.09,Card,iOS,0,0,1,1905.34,1,0.031,103,20,0,0,0
TXN0009131,USR01973,MER0138,3322.16,Wallet,iOS,0,0,3,1643.65,0,0.2019,1346,6,0,0,0
TXN0009132,USR02313,MER0216,718.1,Card,Android,0,3,1,1753.07,0,0.0911,1681,16,0,0,0
TXN0009133,USR03439,MER0420,2997.64,UPI,Android,0,0,1,1658.57,0,0.1902,98,14,0,0,0
TXN0009134,USR02643,MER0088,1256.57,Wallet,iOS,0,2,2,1374.11,0,0.1342,523,19,0,0,0
TXN0009135,USR00742,MER0362,1209.68,UPI,Android,0,0,1,1737.84,0,0.0349,251,12,0,0,1
TXN0009136,USR00131,MER0416,2856.63,UPI,Android,0,0,2,1362.37,0,0.2143,291,13,0,1,0
TXN0009137,USR02218,MER0469,2097.06,UPI,Android,0,0,2,3929.29,0,0.2203,319,20,1,0,0
TXN0009138,USR01939,MER0163,3217.42,UPI,Web,0,1,1,652.39,0,0.2226,1220,20,0,0,0
TXN0009139,USR03227,MER0134,838.67,Wallet,Android,0,0,1,1001.24,0,0.3021,1810,13,1,0,0
TXN0009140,USR02016,MER0468,2452.43,Card,Android,0,0,10,2314.5,1,0.2795,753,20,0,0,0
TXN0009141,USR01755,MER0232,8051.1,Card,Web,0,1,10,2786.87,0,0.0847,1368,0,0,0,0
TXN0009142,USR01063,MER0285,2493.96,Card,Android,0,1,1,2309.89,0,0.2203,1223,9,0,0,0
TXN0009143,USR00302,MER0257,5737.06,Card,Web,0,0,2,2562.44,0,0.2123,415,9,1,0,0
TXN0009144,USR03068,MER0258,2159.56,UPI,Web,0,1,1,9264.4,0,0.2206,752,8,0,0,0
TXN0009145,USR02892,MER0313,12383.73,Card,iOS,0,0,1,1835.06,0,0.3636,496,6,1,0,0
TXN0009146,USR00570,MER0212,2202.87,UPI,Web,0,1,1,1740.4,0,0.1669,1286,13,0,0,0
TXN0009147,USR02464,MER0197,5436.22,NetBanking,Web,0,1,1,2623.37,0,0.457,731,23,0,1,0
TXN0009148,USR01275,MER0201,7662.67,UPI,Android,0,0,1,4628.25,0,0.2702,357,17,0,0,0
TXN0009149,USR01530,MER0329,3121.68,NetBanking,Android,0,0,1,2017.04,0,0.0682,334,16,0,0,0
TXN0009150,USR02971,MER0409,11267.28,UPI,Android,0,0,2,5517.59,0,0.2302,789,6,0,1,0
TXN0009151,USR02948,MER0278,3701.47,UPI,Android,0,1,1,711.0,0,0.1271,1132,10,1,1,0
TXN0009152,USR00668,MER0339,965.91,NetBanking,Android,0,0,1,4751.25,0,0.2827,838,15,0,0,0
TXN0009153,USR01077,MER0207,7370.45,Card,Android,1,1,3,2743.11,0,0.155,241,15,0,0,0
TXN0009154,USR02875,MER0387,472.49,UPI,Android,0,0,1,907.9,0,0.8306,1000,7,1,0,0
TXN0009155,USR03210,MER0197,3631.75,Card,Android,1,1,3,3046.23,0,0.456,631,3,0,0,0
TXN0009156,USR00277,MER0211,2864.83,UPI,Web,0,0,3,2643.72,0,0.4039,487,20,0,0,0
TXN0009157,USR02918,MER0028,1155.69,UPI,Android,0,1,10,1174.24,0,0.2625,918,15,1,0,1
TXN0009158,USR01713,MER0131,1268.38,UPI,iOS,0,0,3,2956.75,0,0.1361,149,9,1,0,0
TXN0009159,USR02067,MER0370,418.52,UPI,Android,0,1,2,1776.84,0,0.4298,124,16,0,0,0
TXN0009160,USR00264,MER0044,446.8,UPI,Android,0,0,1,966.65,0,0.1246,775,7,0,0,0
TXN0009161,USR02382,MER0112,1851.47,UPI,Android,0,2,2,1073.68,1,0.1433,964,17,0,0,0
TXN0009162,USR02373,MER0389,182.39,Wallet,Android,0,0,2,543.32,0,0.1206,472,21,0,1,0
TXN0009163,USR02320,MER0437,960.79,UPI,Android,0,1,3,1903.7,1,0.2291,433,19,0,0,0
TXN0009164,USR02768,MER0208,4810.94,UPI,Android,0,0,2,3743.05,0,0.3348,396,20,0,0,0
TXN0009165,USR03312,MER0204,279.46,UPI,Android,1,1,1,615.61,0,0.8422,582,20,0,0,0
TXN0009166,USR02975,MER0255,4810.56,NetBanking,Web,1,0,2,7476.83,0,0.2865,1069,9,0,0,0
TXN0009167,USR02607,MER0386,3909.94,UPI,Android,0,0,1,3875.25,0,0.1396,1025,8,1,0,0
TXN0009168,USR03435,MER0235,3801.87,UPI,Android,0,1,1,3260.86,0,0.0905,1333,22,0,0,0
TXN0009169,USR02361,MER0087,348.53,NetBanking,Web,0,0,1,778.79,0,0.1728,452,12,1,0,0
TXN0009170,USR02353,MER0216,2830.54,UPI,Android,0,0,1,2688.52,0,0.0856,363,15,0,0,0
TXN0009171,USR01898,MER0128,1190.2,UPI,iOS,0,0,1,938.89,0,0.6018,319,10,0,0,0
TXN0009172,USR02692,MER0342,3199.69,Card,Android,0,0,3,8412.84,1,0.2257,1743,14,0,0,0
TXN0009173,USR00250,MER0072,2474.36,UPI,iOS,0,0,1,2228.43,0,0.2868,551,7,0,0,0
TXN0009174,USR01771,MER0305,1128.42,UPI,Android,0,0,1,1987.27,0,0.2625,304,13,0,0,0
TXN0009175,USR01489,MER0065,8425.2,Card,Web,0,1,2,8101.17,0,0.1405,673,19,0,0,0
TXN0009176,USR03195,MER0487,6800.98,NetBanking,Android,0,2,2,4248.01,0,0.278,1661,20,1,0,0
TXN0009177,USR00254,MER0321,2429.6,NetBanking,iOS,0,0,1,2899.77,0,0.0815,158,23,0,0,0
TXN0009178,USR02254,MER0070,5133.08,Card,Android,0,0,1,2795.6,0,0.1101,1785,10,1,0,0
TXN0009179,USR00646,MER0480,4076.77,UPI,Android,0,2,7,2425.21,0,0.3276,718,12,1,0,0
TXN0009180,USR03093,MER0287,2649.91,Card,Android,0,0,1,1449.02,0,0.0623,1052,0,1,0,0
TXN0009181,USR02982,MER0304,1230.13,NetBanking,Android,0,0,3,967.42,0,0.824,334,19,1,0,0
TXN0009182,USR00825,MER0032,682.14,Card,Android,0,2,3,324.63,0,0.514,259,11,0,0,0
TXN0009183,USR03051,MER0094,3789.53,UPI,iOS,0,3,3,3019.14,0,0.0776,1276,18,0,0,0
TXN0009184,USR01739,MER0404,917.09,NetBanking,Web,0,0,4,3202.34,0,0.3886,712,6,0,1,0
TXN0009185,USR03399,MER0234,2265.03,NetBanking,Android,0,0,1,4211.75,0,0.4876,247,6,0,0,0
TXN0009186,USR02555,MER0309,389.48,UPI,iOS,0,0,1,476.72,0,0.1797,68,19,1,0,0
TXN0009187,USR00121,MER0494,1632.09,Card,Web,0,0,1,1826.97,0,0.9073,789,16,1,0,0
TXN0009188,USR00710,MER0215,30555.59,Wallet,iOS,0,0,2,4790.31,0,0.3111,1686,9,1,0,0
TXN0009189,USR01413,MER0191,1746.07,UPI,iOS,1,0,1,3281.74,0,0.1242,323,10,0,0,0
TXN0009190,USR00740,MER0402,8652.56,NetBanking,Web,0,0,2,2141.67,0,0.3657,228,10,0,0,0
TXN0009191,USR00464,MER0034,2858.89,UPI,Web,0,0,11,3235.57,0,0.1435,111,11,1,1,0
TXN0009192,USR03424,MER0228,3611.15,UPI,Android,0,0,2,3817.37,0,0.0633,1634,14,0,0,0
TXN0009193,USR03042,MER0428,2755.97,NetBanking,iOS,0,0,3,4695.99,0,0.0314,701,19,1,0,0
TXN0009194,USR01522,MER0114,811.27,NetBanking,Android,0,2,2,1756.41,0,0.3098,478,21,0,0,0
TXN0009195,USR00753,MER0153,4204.63,UPI,Android,0,1,1,4841.02,1,0.189,1946,7,1,1,0
TXN0009196,USR00637,MER0237,2407.45,Wallet,Android,0,0,1,2481.17,0,0.0459,94,11,1,0,0
TXN0009197,USR03206,MER0038,7007.64,Card,Android,0,2,3,7842.61,0,0.0837,658,17,0,0,0
TXN0009198,USR01161,MER0036,27700.29,Wallet,Android,1,0,2,2498.74,0,0.1344,393,22,1,0,0
TXN0009199,USR00045,MER0126,1004.88,Card,iOS,0,0,2,1156.98,0,0.2201,122,16,1,0,0
TXN0009200,USR01391,MER0449,3074.51,NetBanking,iOS,0,1,4,3438.43,0,0.0539,1078,17,0,0,0
TXN0009201,USR01591,MER0111,6397.08,Card,iOS,0,0,1,3739.04,0,0.5342,381,18,0,0,0
TXN0009202,USR02181,MER0366,2254.11,Wallet,Android,0,1,1,2680.29,0,0.175,1559,14,0,0,0
TXN0009203,USR01186,MER0214,49962.58,UPI,Android,0,0,10,6121.08,0,0.4172,506,9,0,0,1
TXN0009204,USR03231,MER0381,565.13,UPI,iOS,0,2,2,1492.15,0,0.4131,569,11,0,0,0
TXN0009205,USR02253,MER0166,2374.22,UPI,Android,0,0,3,6233.22,0,0.3997,645,19,1,0,0
TXN0009206,USR03454,MER0438,3724.26,UPI,Web,1,0,1,3585.82,0,0.0838,1350,10,0,0,0
TXN0009207,USR01285,MER0186,1228.17,NetBanking,iOS,0,1,1,1525.45,0,0.2541,771,16,0,0,0
TXN0009208,USR02281,MER0396,1245.77,Card,Android,0,2,2,2344.93,0,0.321,1229,21,1,0,0
TXN0009209,USR01279,MER0416,1997.08,Card,Android,0,0,5,1923.13,0,0.2955,935,10,0,0,0
TXN0009210,USR02450,MER0216,5415.82,UPI,iOS,0,1,1,4897.73,0,0.0932,389,11,0,0,0
TXN0009211,USR02610,MER0334,1292.76,Card,Android,0,0,1,2265.75,0,0.4933,839,20,0,1,1
TXN0009212,USR01127,MER0060,1284.46,UPI,Android,1,0,1,1961.82,0,0.2687,323,18,0,0,0
TXN0009213,USR03282,MER0249,4472.55,Wallet,Android,1,1,3,4022.87,0,0.2116,1012,7,0,0,0
TXN0009214,USR03001,MER0187,1442.01,UPI,iOS,0,1,1,3162.04,0,0.0968,1030,18,0,0,0
TXN0009215,USR03131,MER0478,1352.09,UPI,iOS,0,0,3,2195.81,1,0.3815,1067,13,1,0,0
TXN0009216,USR00763,MER0468,1520.61,UPI,Android,0,0,1,1088.37,0,0.3216,193,7,0,0,0
TXN0009217,USR02513,MER0392,7606.55,UPI,iOS,0,0,1,1276.73,0,0.3088,136,19,0,0,0
TXN0009218,USR00373,MER0475,1555.94,Card,iOS,0,1,3,2306.35,0,0.2154,515,17,0,0,0
TXN0009219,USR00370,MER0488,479.22,Card,iOS,0,1,1,965.23,0,0.1594,1049,17,0,0,0
TXN0009220,USR03407,MER0384,652.13,UPI,Android,0,0,2,1421.92,0,0.2181,547,15,1,0,0
TXN0009221,USR00536,MER0297,1078.7,Wallet,Android,0,0,2,1246.85,0,0.3581,884,11,0,0,0
TXN0009222,USR03025,MER0103,4229.25,NetBanking,iOS,0,0,3,1034.01,0,0.489,1751,18,0,0,0
TXN0009223,USR01508,MER0408,952.22,Card,Android,0,0,3,666.09,0,0.3642,305,8,0,0,0
TXN0009224,USR01063,MER0098,4633.9,Card,Web,0,1,1,2309.89,0,0.7523,1765,12,0,0,0
TXN0009225,USR00258,MER0093,3170.42,UPI,iOS,0,0,3,2003.04,1,0.3668,831,7,0,0,0
TXN0009226,USR02364,MER0440,1715.56,Card,Android,0,1,3,3114.71,0,0.1509,875,14,0,0,0
TXN0009227,USR02525,MER0058,1650.71,UPI,Android,1,1,2,1741.42,0,0.0964,892,21,0,0,0
TXN0009228,USR01635,MER0071,449.11,UPI,Android,0,0,2,721.44,0,0.1302,1716,10,0,0,0
TXN0009229,USR02835,MER0256,10212.03,UPI,iOS,0,2,1,2502.23,0,0.1023,522,11,1,0,0
TXN0009230,USR01131,MER0293,1972.46,Card,Android,0,0,2,4691.91,0,0.1837,270,14,1,0,0
TXN0009231,USR01931,MER0023,3285.34,UPI,Web,0,1,2,2755.69,0,0.3516,1706,18,1,0,0
TXN0009232,USR01004,MER0190,3911.15,Card,iOS,0,1,4,6734.65,0,0.1356,300,15,0,0,0
TXN0009233,USR02038,MER0113,4742.33,Wallet,iOS,0,0,3,2928.74,0,0.8279,502,15,0,0,1
TXN0009234,USR00477,MER0152,2244.07,UPI,Android,0,2,11,1909.81,0,0.1273,845,0,0,0,0
TXN0009235,USR01667,MER0091,7373.55,UPI,Web,0,2,1,3141.25,0,0.3338,480,20,0,0,0
TXN0009236,USR01923,MER0339,3956.49,UPI,Web,0,1,2,2480.14,0,0.29,454,17,0,1,0
TXN0009237,USR01948,MER0237,990.14,Card,Web,1,7,2,1715.04,0,0.047,346,6,0,0,0
TXN0009238,USR01564,MER0480,8062.3,UPI,Web,0,0,2,1038.25,1,0.2999,2129,20,1,0,0
TXN0009239,USR02253,MER0005,8844.54,Card,Android,0,1,1,6233.22,0,0.1498,846,17,0,0,0
TXN0009240,USR01793,MER0389,1037.13,UPI,Android,1,1,7,1620.82,0,0.104,1446,14,0,0,0
TXN0009241,USR00992,MER0455,1075.99,Card,Android,0,1,2,975.56,0,0.4537,745,12,0,0,0
TXN0009242,USR00754,MER0244,3341.36,Card,Web,0,0,1,2230.39,0,0.2552,1242,22,0,0,0
TXN0009243,USR02268,MER0350,2738.39,Card,Web,1,1,1,1878.66,0,0.1317,1802,11,1,0,0
TXN0009244,USR03286,MER0221,3911.55,NetBanking,Android,0,0,1,2877.13,0,0.1765,1260,23,1,0,0
TXN0009245,USR02637,MER0298,8865.83,UPI,Android,0,0,1,4647.54,0,0.1443,653,20,0,0,0
TXN0009246,USR02236,MER0454,5953.1,UPI,iOS,0,1,1,3349.56,0,0.3387,329,20,0,0,0
TXN0009247,USR03226,MER0266,3570.13,UPI,Android,0,0,1,1090.45,0,0.1625,345,14,1,0,0
TXN0009248,USR03149,MER0290,30440.17,NetBanking,Android,0,0,1,7014.39,0,0.1977,1239,22,1,0,0
TXN0009249,USR01773,MER0494,8493.54,UPI,Web,0,1,2,2163.45,0,0.9174,155,17,0,0,1
TXN0009250,USR00383,MER0249,3634.44,Card,Android,0,1,2,2146.33,0,0.1784,517,17,1,0,0
TXN0009251,USR02220,MER0087,5527.06,UPI,iOS,0,1,3,5650.78,0,0.2087,668,0,1,0,0
TXN0009252,USR02180,MER0342,1274.0,NetBanking,iOS,0,0,2,1286.5,0,0.1901,840,11,0,0,0
TXN0009253,USR00971,MER0347,973.18,Card,Android,0,1,2,1291.65,0,0.0822,1011,20,0,0,0
TXN0009254,USR02974,MER0119,3139.41,Card,iOS,0,0,2,3796.17,0,0.4274,438,11,0,0,0
TXN0009255,USR03045,MER0365,688.06,Card,iOS,1,1,2,3492.47,1,0.1384,908,16,0,0,0
TXN0009256,USR01159,MER0032,124614.12,Card,Web,0,0,2,5049.34,0,0.5657,516,23,0,0,1
TXN0009257,USR01670,MER0161,8996.79,UPI,Web,1,5,1,4051.55,0,0.417,896,9,0,0,0
TXN0009258,USR00684,MER0428,218.02,UPI,iOS,0,1,3,766.48,0,0.0182,347,12,0,0,0
TXN0009259,USR00625,MER0309,1577.74,UPI,Android,0,1,2,873.89,0,0.1735,511,17,0,0,0
TXN0009260,USR00928,MER0304,2621.44,UPI,Web,0,1,1,2771.19,0,0.8608,484,19,1,1,0
TXN0009261,USR01281,MER0311,2586.29,Card,iOS,0,0,1,3137.85,0,0.4649,436,17,0,0,0
TXN0009262,USR00956,MER0083,2210.2,NetBanking,Android,0,1,1,1629.44,0,0.1867,442,9,1,0,0
TXN0009263,USR00531,MER0481,362.75,Card,iOS,0,0,2,1337.46,0,0.432,1693,22,0,0,0
TXN0009264,USR01566,MER0150,1958.71,UPI,Android,0,0,2,2075.88,0,0.4006,318,1,0,0,0
TXN0009265,USR02183,MER0394,4986.41,Card,Web,0,0,1,4950.5,0,0.9277,254,18,1,0,0
TXN0009266,USR01141,MER0495,2146.93,UPI,Android,0,0,1,2129.99,0,0.1577,274,20,0,0,0
TXN0009267,USR01868,MER0121,533.21,Card,Android,0,1,3,1500.44,0,0.3066,232,19,0,0,0
TXN0009268,USR00950,MER0318,2591.15,Card,iOS,0,0,4,1974.51,0,0.2173,108,23,1,0,0
TXN0009269,USR02464,MER0022,5352.31,Card,Android,0,0,1,2623.37,0,0.2287,528,11,0,0,0
TXN0009270,USR02270,MER0319,1430.94,NetBanking,Android,0,2,1,1121.94,0,0.0328,1126,20,0,0,0
TXN0009271,USR03361,MER0221,1212.83,UPI,Android,0,3,2,1503.76,0,0.1505,1132,18,1,0,0
TXN0009272,USR00186,MER0037,13620.41,Wallet,Android,0,0,2,2065.68,0,0.1239,1267,23,1,0,0
TXN0009273,USR02986,MER0337,916.36,Wallet,Android,0,0,4,1874.52,0,0.3437,750,17,0,1,0
TXN0009274,USR01192,MER0485,1867.06,UPI,Android,1,0,3,1124.66,0,0.1682,401,22,0,0,0
TXN0009275,USR00232,MER0042,1466.74,Wallet,iOS,0,1,3,1294.19,0,0.303,1218,7,1,0,0
TXN0009276,USR02415,MER0447,24014.31,UPI,Android,0,0,1,5928.58,0,0.9553,494,20,0,0,0
TXN0009277,USR00602,MER0422,2183.81,Card,Web,0,2,1,1737.79,0,0.0485,111,11,1,0,0
TXN0009278,USR00616,MER0274,5298.49,UPI,Android,1,0,1,3613.19,0,0.0429,245,14,1,0,0
TXN0009279,USR03429,MER0451,1993.0,UPI,Android,0,0,1,1455.76,0,0.0,548,13,0,0,0
TXN0009280,USR00774,MER0155,1347.69,Card,Android,0,1,2,3035.53,0,0.8727,459,10,0,0,0
TXN0009281,USR01916,MER0361,831.12,UPI,Android,0,0,1,1633.31,0,0.214,855,13,0,0,0
TXN0009282,USR00703,MER0350,2281.33,UPI,Android,0,1,3,2924.84,0,0.103,767,14,0,0,0
TXN0009283,USR00434,MER0291,3838.5,Card,iOS,0,0,1,2025.4,0,0.0,351,18,0,0,0
TXN0009284,USR00004,MER0417,1634.81,Card,Android,0,0,3,1453.1,0,0.0991,1341,22,1,0,0
TXN0009285,USR00057,MER0439,860.9,UPI,Android,0,0,3,1050.3,0,0.0,572,17,0,0,0
TXN0009286,USR01659,MER0394,11226.55,Wallet,iOS,0,0,3,4394.25,0,0.9702,2113,8,0,0,0
TXN0009287,USR01520,MER0295,1386.1,NetBanking,Android,0,4,2,6072.96,0,0.0606,406,16,0,0,0
TXN0009288,USR00137,MER0489,827.81,UPI,Android,0,0,1,2212.26,0,0.4047,889,20,0,0,0
TXN0009289,USR01224,MER0278,327.66,NetBanking,Android,0,0,2,2078.74,0,0.1158,61,16,0,0,0
TXN0009290,USR00956,MER0319,3699.58,NetBanking,Web,0,0,1,1629.44,0,0.0581,1498,12,1,0,0
TXN0009291,USR02000,MER0095,3037.33,Card,Android,0,0,1,3423.36,0,0.0495,379,13,0,0,0
TXN0009292,USR03482,MER0161,2110.1,NetBanking,Android,0,1,1,1106.28,0,0.4037,682,9,0,0,0
TXN0009293,USR02421,MER0453,1265.55,Wallet,Android,0,2,1,1439.32,0,0.3394,736,14,0,0,0
TXN0009294,USR03215,MER0249,3933.74,Wallet,iOS,0,0,2,1979.61,0,0.1739,332,14,0,0,0
TXN0009295,USR00673,MER0256,3039.53,UPI,Android,1,2,2,3500.71,0,0.1303,33,6,1,0,0
TXN0009296,USR00753,MER0409,6185.83,Wallet,Android,0,0,2,4841.02,0,0.203,393,20,0,0,0
TXN0009297,USR02628,MER0164,1230.62,UPI,iOS,0,2,1,1070.14,0,0.7359,604,21,0,0,0
TXN0009298,USR01086,MER0133,1570.86,Card,iOS,0,0,1,1294.95,0,0.3282,150,11,0,0,0
TXN0009299,USR02971,MER0005,17653.81,UPI,iOS,0,2,1,5517.59,0,0.1879,434,13,1,0,0
TXN0009300,USR01623,MER0116,564.44,Wallet,Android,0,0,2,1911.08,0,0.1264,798,11,0,0,0
TXN0009301,USR00703,MER0257,2648.53,Wallet,Web,0,0,1,2924.84,1,0.2491,432,9,0,0,0
TXN0009302,USR02956,MER0363,2303.49,Card,Android,1,6,2,2099.87,1,0.0849,226,12,0,0,0
TXN0009303,USR01927,MER0165,1293.18,UPI,Android,0,0,1,1313.03,0,0.1257,341,19,1,0,0
TXN0009304,USR02810,MER0223,2723.05,UPI,Android,0,0,1,3812.29,0,0.1957,216,8,0,0,0
TXN0009305,USR01583,MER0111,880.6,UPI,Android,0,1,2,1360.49,0,0.584,1195,18,0,0,0
TXN0009306,USR00442,MER0409,12177.63,NetBanking,Android,0,1,1,945.99,0,0.245,397,20,0,0,0
TXN0009307,USR02384,MER0263,9677.82,Card,iOS,0,1,1,1288.92,0,0.0448,528,8,1,0,0
TXN0009308,USR00436,MER0072,3621.65,Wallet,Android,0,1,1,658.1,0,0.2926,915,16,0,0,0
TXN0009309,USR02322,MER0305,18982.61,Wallet,Android,0,0,1,1595.01,0,0.2729,220,16,1,0,0
TXN0009310,USR01459,MER0168,2147.97,Card,Web,0,0,1,2781.73,0,0.1448,133,15,0,0,0
TXN0009311,USR02771,MER0433,8609.74,UPI,Android,0,0,2,6079.76,0,0.2698,92,22,1,0,0
TXN0009312,USR03046,MER0135,2829.11,UPI,Android,0,0,2,2749.81,0,0.1816,1283,13,1,0,0
TXN0009313,USR01426,MER0433,2994.13,UPI,Web,0,0,2,1197.71,0,0.3122,169,18,0,0,0
TXN0009314,USR03088,MER0349,416.47,Wallet,iOS,0,0,2,1014.92,0,0.2342,1003,17,0,0,0
TXN0009315,USR00389,MER0068,575.85,Wallet,Web,0,0,2,2214.3,0,0.5538,384,16,0,0,0
TXN0009316,USR00376,MER0380,3493.42,UPI,Android,0,0,1,2831.97,0,0.3121,580,7,0,0,0
TXN0009317,USR03478,MER0361,4006.55,Card,Android,0,1,2,2307.65,0,0.2218,584,10,1,0,0
TXN0009318,USR02011,MER0229,2621.49,Card,Android,0,1,1,2243.17,0,0.6344,925,9,0,0,0
TXN0009319,USR01578,MER0081,2282.14,Card,Android,0,0,1,1478.36,0,0.8207,110,0,0,0,1
TXN0009320,USR00545,MER0240,2743.92,Card,iOS,0,0,2,1976.0,0,0.4798,1061,17,1,0,0
TXN0009321,USR01012,MER0305,599.04,UPI,Android,0,0,2,1828.44,0,0.2579,1288,19,0,0,0
TXN0009322,USR02402,MER0067,1085.5,Card,Android,0,0,2,931.98,0,0.4588,637,22,0,0,0
TXN0009323,USR02876,MER0171,6231.05,Wallet,Android,0,1,1,2538.22,0,0.2227,300,21,0,0,0
TXN0009324,USR03208,MER0351,766.46,UPI,Android,0,2,1,712.03,0,0.2951,839,20,0,0,0
TXN0009325,USR01428,MER0277,398.18,Card,Android,0,0,2,1074.99,0,0.4465,367,8,0,0,0
TXN0009326,USR01592,MER0497,2424.68,UPI,Android,0,0,2,3241.63,0,0.0557,1031,9,0,0,0
TXN0009327,USR00572,MER0109,2039.88,Wallet,Android,0,2,2,1436.24,0,0.4424,231,20,0,0,0
TXN0009328,USR00291,MER0389,16097.9,NetBanking,Android,0,1,2,4645.2,0,0.1099,828,7,1,0,0
TXN0009329,USR01533,MER0213,244.07,Card,iOS,1,0,3,1049.44,1,0.681,2492,20,0,0,0
TXN0009330,USR02028,MER0112,6080.02,UPI,Android,0,0,1,4927.94,0,0.1338,220,18,1,0,0
TXN0009331,USR00366,MER0476,790.57,NetBanking,iOS,0,1,1,1626.12,0,0.1716,278,11,1,0,0
TXN0009332,USR01430,MER0312,2024.73,UPI,Android,1,0,1,1476.79,0,0.232,619,18,1,0,1
TXN0009333,USR02246,MER0268,4210.1,Card,Android,0,1,1,2898.66,0,0.2077,1687,11,1,1,0
TXN0009334,USR02839,MER0148,5969.59,UPI,Web,0,1,1,7422.71,1,0.2444,855,22,0,0,0
TXN0009335,USR03285,MER0441,4389.79,UPI,Android,0,0,2,2928.61,0,0.8845,1218,11,0,0,0
TXN0009336,USR01192,MER0016,2430.77,Wallet,Web,0,1,1,1124.66,0,0.4529,209,12,1,0,0
TXN0009337,USR01372,MER0058,2617.78,UPI,Android,1,1,1,3098.19,0,0.0973,965,13,1,0,0
TXN0009338,USR03063,MER0090,437.47,Wallet,iOS,0,0,2,1204.42,0,0.1092,385,17,0,0,0
TXN0009339,USR02427,MER0327,4683.91,Wallet,iOS,0,0,1,1764.24,0,0.1231,849,19,0,0,0
TXN0009340,USR00958,MER0052,7401.85,Card,Android,1,0,1,4284.78,0,0.5021,355,7,1,0,0
TXN0009341,USR02398,MER0399,2196.39,UPI,Android,0,0,2,1538.66,0,0.2587,710,9,0,0,0
TXN0009342,USR00552,MER0098,1097.13,UPI,Web,0,1,1,1896.85,1,0.7461,772,10,1,1,0
TXN0009343,USR01572,MER0339,1093.82,NetBanking,iOS,0,0,1,565.62,0,0.3068,375,14,0,0,0
TXN0009344,USR01073,MER0398,5459.69,UPI,iOS,0,1,3,1318.96,0,0.0815,290,8,0,0,0
TXN0009345,USR03475,MER0440,5305.43,UPI,Web,0,0,2,6086.51,0,0.1689,357,20,0,0,0
TXN0009346,USR00123,MER0147,4502.43,Card,Android,0,0,2,4421.95,0,0.2095,284,13,0,0,0
TXN0009347,USR02999,MER0038,196.46,Card,iOS,0,0,1,444.7,0,0.0845,953,16,0,0,0
TXN0009348,USR00985,MER0379,1460.47,Card,Web,0,0,2,2577.53,0,0.0592,832,15,1,0,0
TXN0009349,USR00127,MER0225,730.26,UPI,Web,1,0,7,1664.19,0,0.3564,1840,21,0,0,0
TXN0009350,USR02311,MER0475,2593.6,UPI,Android,0,1,1,2481.48,0,0.2389,1830,7,0,0,0
TXN0009351,USR02374,MER0095,1232.48,UPI,iOS,0,0,1,1655.98,1,0.0897,1372,9,0,0,0
TXN0009352,USR00498,MER0288,2039.98,Card,Android,0,0,3,1639.72,0,0.1657,2033,7,0,0,0
TXN0009353,USR00135,MER0060,1281.65,NetBanking,iOS,1,1,2,2560.79,0,0.2605,471,16,1,0,0
TXN0009354,USR00390,MER0243,4553.72,Wallet,iOS,0,0,1,5401.0,0,0.0733,294,11,1,0,0
TXN0009355,USR01432,MER0001,934.26,Card,Android,0,0,2,1951.4,0,0.2085,1301,14,1,0,0
TXN0009356,USR00464,MER0376,3522.8,Card,Android,0,0,3,3235.57,0,0.4337,261,13,0,0,0
TXN0009357,USR02461,MER0303,905.03,Card,Android,0,1,1,3081.73,0,0.2542,482,18,0,0,0
TXN0009358,USR00272,MER0049,2123.57,Card,Android,0,1,2,2001.63,0,0.9601,673,20,0,0,1
TXN0009359,USR02762,MER0250,4106.68,Wallet,Android,0,0,1,5276.69,0,0.1105,712,23,0,0,0
TXN0009360,USR03062,MER0215,816.12,Card,Android,0,0,1,753.15,0,0.3042,1476,22,0,0,0
TXN0009361,USR02509,MER0337,1473.4,UPI,Android,0,0,2,5089.64,0,0.3786,796,17,0,0,0
TXN0009362,USR03305,MER0250,2913.86,Card,Android,0,0,1,1911.87,0,0.1483,553,11,1,0,0
TXN0009363,USR03288,MER0230,2199.66,UPI,iOS,0,0,2,2867.37,0,0.1364,174,17,0,0,0
TXN0009364,USR00163,MER0416,841.47,Card,iOS,1,1,3,756.59,0,0.2292,159,12,0,0,0
TXN0009365,USR01197,MER0260,116.82,Wallet,Android,0,0,2,472.04,1,0.5557,561,23,0,0,0
TXN0009366,USR02661,MER0408,257.09,Card,Web,1,2,2,661.3,0,0.3694,525,20,0,0,0
TXN0009367,USR01189,MER0443,2531.59,UPI,Android,0,0,3,3524.57,0,0.1901,286,14,1,0,0
TXN0009368,USR02581,MER0425,6895.19,Card,Android,0,1,1,2692.48,0,0.3504,2291,7,0,0,0
TXN0009369,USR02711,MER0478,3692.03,UPI,Android,0,1,1,2655.26,0,0.3917,797,9,0,0,0
TXN0009370,USR03490,MER0349,976.54,Card,iOS,0,0,1,934.96,0,0.2212,618,15,1,0,0
TXN0009371,USR01155,MER0281,1285.58,UPI,Android,0,0,1,2629.29,0,0.3359,295,13,0,0,0
TXN0009372,USR01218,MER0266,1369.08,Card,Android,0,0,2,3192.02,0,0.1855,381,16,0,0,0
TXN0009373,USR00085,MER0103,2106.37,Wallet,Web,0,0,1,1814.43,1,0.4037,369,11,1,0,0
TXN0009374,USR01000,MER0414,6627.32,UPI,iOS,0,0,1,4206.81,0,0.2628,229,8,0,0,0
TXN0009375,USR00982,MER0347,4731.54,Card,iOS,0,0,1,4279.3,0,0.1488,366,14,0,0,0
TXN0009376,USR01586,MER0437,3672.85,Card,Android,0,1,2,1127.59,0,0.2565,1011,8,0,0,0
TXN0009377,USR01475,MER0351,1240.95,Wallet,Android,0,0,2,2132.4,0,0.2113,1580,2,0,0,0
TXN0009378,USR02999,MER0241,481.33,NetBanking,Android,0,0,3,444.7,0,0.0909,127,16,0,0,0
TXN0009379,USR02709,MER0148,381.61,Card,Android,0,0,2,1357.63,0,0.1884,1001,11,0,0,0
TXN0009380,USR02551,MER0493,3136.53,UPI,Web,0,0,2,2832.51,0,0.4037,1534,16,1,0,0
TXN0009381,USR00019,MER0367,12226.45,Card,Android,0,0,1,4462.25,0,0.2178,140,7,1,0,0
TXN0009382,USR01651,MER0438,240.05,Card,Android,0,1,2,534.17,0,0.0175,804,20,0,0,0
TXN0009383,USR02554,MER0293,1514.09,Wallet,Android,0,1,1,868.04,0,0.2342,491,20,1,0,0
TXN0009384,USR00856,MER0256,5009.74,Wallet,iOS,0,0,1,1866.07,0,0.0904,107,19,0,0,0
TXN0009385,USR01487,MER0018,2491.93,Card,Android,0,0,2,4304.46,0,0.057,631,9,1,1,0
TXN0009386,USR02545,MER0035,3495.63,UPI,Android,0,0,9,2625.62,0,0.2916,2157,19,0,0,0
TXN0009387,USR02781,MER0354,31369.38,Card,Android,0,1,2,10575.05,0,0.2409,166,11,1,0,0
TXN0009388,USR02991,MER0113,1998.91,NetBanking,Web,1,1,2,1780.09,0,0.8622,278,13,0,0,0
TXN0009389,USR01505,MER0042,2946.52,UPI,iOS,0,2,1,1758.02,0,0.3037,854,11,0,1,0
TXN0009390,USR01400,MER0389,334.99,Card,iOS,0,1,5,1263.12,0,0.1087,995,19,0,0,0
TXN0009391,USR01340,MER0311,2788.52,Card,iOS,0,0,1,1907.08,0,0.4217,1249,17,0,0,0
TXN0009392,USR02341,MER0056,4907.43,UPI,Web,0,0,1,3554.94,0,0.2042,2045,18,0,0,0
TXN0009393,USR01469,MER0250,1243.28,Wallet,Android,0,0,2,3396.1,0,0.1148,652,19,0,1,0
TXN0009394,USR01401,MER0235,454.76,UPI,iOS,0,0,5,957.28,0,0.0706,1241,19,0,0,0
TXN0009395,USR00589,MER0002,3645.02,NetBanking,Android,0,1,3,2480.55,0,0.2858,258,17,1,0,0
TXN0009396,USR01675,MER0303,1354.11,Card,Web,0,1,1,1770.21,0,0.2238,451,16,0,0,0
TXN0009397,USR00831,MER0199,3232.54,UPI,Android,0,0,1,1526.03,0,0.0811,594,14,0,0,0
TXN0009398,USR01838,MER0440,2667.99,Wallet,iOS,0,0,2,2242.53,0,0.135,1444,6,1,0,0
TXN0009399,USR03111,MER0058,948.45,Wallet,Android,0,0,1,957.36,0,0.1078,1074,3,0,0,0
TXN0009400,USR02716,MER0424,1694.92,UPI,Android,0,2,2,2014.47,0,0.5022,489,21,1,0,0
TXN0009401,USR01674,MER0004,2038.91,UPI,iOS,0,1,2,1736.18,0,0.0592,1415,18,1,0,0
TXN0009402,USR03422,MER0383,1822.87,Card,Android,0,0,2,1074.98,0,0.0376,558,19,0,0,0
TXN0009403,USR03431,MER0392,3891.06,Card,iOS,0,0,2,2785.17,0,0.2947,140,22,1,0,0
TXN0009404,USR01556,MER0204,3311.36,UPI,Android,0,2,1,4720.55,0,0.8391,115,20,0,0,0
TXN0009405,USR02673,MER0141,24520.81,Card,Web,0,1,1,1494.15,0,0.6579,309,18,0,0,0
TXN0009406,USR01199,MER0072,7175.24,Card,Android,0,0,3,4697.81,1,0.3381,2702,11,0,0,0
TXN0009407,USR03076,MER0170,2527.35,Wallet,iOS,0,0,1,2013.36,0,0.8909,802,4,1,0,0
TXN0009408,USR01308,MER0335,1178.99,Wallet,Web,1,0,3,1160.25,0,0.0362,328,14,0,0,0
TXN0009409,USR00904,MER0363,10499.23,UPI,iOS,0,0,2,7700.35,0,0.1057,267,18,0,1,0
TXN0009410,USR00469,MER0091,288.07,Card,Android,0,1,1,1132.3,0,0.3557,468,13,0,0,0
TXN0009411,USR02950,MER0006,5453.25,Card,Android,0,0,1,4818.53,0,0.1833,1731,21,1,0,0
TXN0009412,USR01040,MER0281,10890.86,Card,Android,0,0,2,3514.83,1,0.3515,535,17,0,0,0
TXN0009413,USR02847,MER0291,5281.4,UPI,Android,0,0,1,4738.88,0,0.0268,1813,16,0,0,0
TXN0009414,USR00303,MER0491,2194.49,Card,iOS,0,0,2,2172.43,0,0.0732,968,17,0,0,0
TXN0009415,USR01754,MER0381,6060.63,Wallet,Web,0,1,4,1879.11,0,0.3592,595,11,0,0,0
TXN0009416,USR01498,MER0276,5946.97,UPI,iOS,0,1,1,4384.69,0,0.1407,815,12,0,0,0
TXN0009417,USR01536,MER0296,2288.03,UPI,Web,0,0,2,2768.06,0,0.4007,662,18,0,0,0
TXN0009418,USR00586,MER0323,5858.72,Card,Web,0,1,2,2399.44,0,0.2948,717,16,0,0,0
TXN0009419,USR00259,MER0226,1834.2,NetBanking,Android,1,0,2,3590.94,0,0.1457,1104,8,1,0,0
TXN0009420,USR01213,MER0339,1002.93,Card,Android,0,0,1,1460.22,1,0.2812,160,8,0,1,0
TXN0009421,USR01646,MER0098,694.87,UPI,Android,0,0,2,1125.91,0,0.7807,102,9,0,0,0
TXN0009422,USR02778,MER0416,5935.89,Wallet,Android,0,0,2,1665.49,0,0.2507,487,17,1,0,0
TXN0009423,USR01619,MER0431,563.55,Card,Android,0,0,1,679.18,0,0.0945,862,12,1,0,1
TXN0009424,USR00861,MER0218,2495.88,Card,Android,0,1,2,3893.3,0,0.2882,778,7,0,0,0
TXN0009425,USR00919,MER0229,401.76,UPI,Android,0,0,2,1902.79,0,0.621,971,22,0,0,0
TXN0009426,USR02142,MER0249,1337.61,UPI,Android,0,0,1,2710.34,0,0.2091,1071,9,1,0,0
TXN0009427,USR01525,MER0409,3087.2,Card,Android,0,1,2,2219.29,0,0.2586,1070,13,1,0,0
TXN0009428,USR03155,MER0088,1609.35,Wallet,Android,0,0,1,1160.26,0,0.1697,205,17,0,0,0
TXN0009429,USR01540,MER0171,3055.91,Wallet,iOS,0,0,1,5134.31,0,0.1945,592,15,1,0,0
TXN0009430,USR01985,MER0308,719.53,NetBanking,Android,1,0,2,1161.5,0,0.2206,652,11,1,0,0
TXN0009431,USR00224,MER0347,27147.54,Card,iOS,0,0,2,7479.6,0,0.1432,1490,13,1,0,0
TXN0009432,USR00679,MER0148,10996.24,Card,Android,0,4,8,1658.91,0,0.2368,80,10,0,0,1
TXN0009433,USR02976,MER0059,15249.81,Card,iOS,0,0,1,7005.75,0,0.3398,1625,7,0,0,0
TXN0009434,USR01207,MER0254,4754.94,UPI,Android,0,0,12,1626.62,0,0.1164,202,23,0,0,0
TXN0009435,USR01474,MER0320,7448.89,UPI,Web,0,0,1,2187.24,0,0.3113,564,14,1,0,0
TXN0009436,USR02067,MER0384,8325.54,Wallet,Web,1,0,5,1776.84,0,0.1978,787,21,0,1,0
TXN0009437,USR00203,MER0002,937.92,UPI,Android,1,0,2,1225.43,0,0.3474,1173,8,0,0,0
TXN0009438,USR01774,MER0009,1584.72,NetBanking,Android,1,0,2,3135.41,0,0.1697,827,10,0,0,0
TXN0009439,USR01212,MER0194,3371.08,Wallet,Android,0,0,2,946.6,0,0.5608,1144,7,0,0,0
TXN0009440,USR00521,MER0282,14151.97,UPI,Android,0,0,1,3117.49,0,0.0036,460,9,0,0,0
TXN0009441,USR01465,MER0002,2365.26,UPI,iOS,0,1,2,5214.67,1,0.2933,1311,9,0,1,0
TXN0009442,USR01564,MER0087,478.78,Card,Android,0,0,2,1038.25,0,0.116,619,7,0,0,0
TXN0009443,USR00653,MER0210,1041.05,Card,Android,0,1,2,1203.02,0,0.4441,319,19,0,0,0
TXN0009444,USR01901,MER0140,1097.23,Card,Android,0,1,4,4814.06,0,0.5775,298,8,0,0,0
TXN0009445,USR02612,MER0356,1844.4,UPI,iOS,0,1,2,5441.16,0,0.3707,778,16,1,0,0
TXN0009446,USR00936,MER0018,1939.18,Wallet,Android,0,1,1,3191.04,0,0.056,1335,17,0,0,0
TXN0009447,USR03383,MER0445,3173.46,Card,Android,0,2,2,7892.31,0,0.4788,635,6,1,1,0
TXN0009448,USR02144,MER0085,4186.84,Card,Android,1,0,1,2048.3,0,0.946,431,11,0,0,0
TXN0009449,USR02706,MER0221,1350.95,NetBanking,Android,0,0,2,1413.43,0,0.1587,706,18,0,0,0
TXN0009450,USR00246,MER0494,1895.6,Wallet,Android,0,0,1,1315.32,0,0.9273,872,11,0,0,0
TXN0009451,USR02687,MER0332,2657.74,Card,iOS,0,0,3,1995.42,0,0.0446,1009,22,1,0,0
TXN0009452,USR01179,MER0500,1385.59,Wallet,Web,0,0,3,1690.47,0,0.2037,303,8,0,0,0
TXN0009453,USR02486,MER0010,1636.23,NetBanking,Android,0,0,1,844.46,0,0.3278,79,14,0,0,0
TXN0009454,USR02815,MER0360,13132.98,Wallet,Android,0,0,2,9969.99,0,0.4928,551,17,1,0,0
TXN0009455,USR00877,MER0038,413.7,Wallet,Android,0,0,1,546.97,0,0.0739,1713,13,0,0,0
TXN0009456,USR00908,MER0306,891.47,UPI,Android,0,0,3,3150.41,0,0.1759,620,14,0,0,0
TXN0009457,USR00209,MER0163,2539.15,Wallet,Web,0,0,1,1834.84,0,0.2788,1505,14,0,0,0
TXN0009458,USR02119,MER0389,293.35,Wallet,Android,1,1,4,764.72,1,0.0938,713,17,0,0,0
TXN0009459,USR02710,MER0063,1540.08,Card,Android,0,0,2,1231.25,0,0.3765,740,12,0,0,0
TXN0009460,USR01436,MER0449,3737.23,Card,Android,0,1,1,3711.9,0,0.0656,794,21,0,0,0
TXN0009461,USR00564,MER0241,815.49,Card,Android,0,1,1,2283.03,0,0.1251,401,20,0,0,0
TXN0009462,USR01108,MER0260,763.86,Card,Android,0,1,3,666.7,0,0.5084,457,16,0,0,0
TXN0009463,USR01410,MER0286,1206.71,UPI,iOS,0,0,3,1105.33,0,0.2367,1184,13,1,0,1
TXN0009464,USR03207,MER0018,6625.05,Card,iOS,0,0,1,6052.64,0,0.0404,227,18,0,0,0
TXN0009465,USR00435,MER0156,1697.1,UPI,Android,0,1,1,1604.94,0,0.2768,465,13,1,0,0
TXN0009466,USR01202,MER0355,853.67,Card,Android,1,0,1,1435.49,0,0.0814,314,17,0,0,0
TXN0009467,USR02234,MER0481,23913.05,NetBanking,Web,0,2,3,2959.88,0,0.4538,825,11,1,0,0
TXN0009468,USR00829,MER0493,614.27,UPI,Android,0,0,2,1059.49,0,0.3702,591,18,1,0,0
TXN0009469,USR03097,MER0268,681.66,NetBanking,Android,0,2,1,1553.44,0,0.2422,532,5,0,0,0
TXN0009470,USR03183,MER0130,1609.7,Card,iOS,0,0,1,1041.14,0,0.8428,296,3,0,0,0
TXN0009471,USR01331,MER0239,6793.99,NetBanking,Web,0,0,1,3639.36,0,0.1765,627,18,1,0,0
TXN0009472,USR02611,MER0232,3003.71,UPI,Android,1,0,2,2040.89,0,0.0708,818,17,0,0,0
TXN0009473,USR02646,MER0199,1341.91,UPI,iOS,0,1,3,1637.67,0,0.0936,207,7,1,0,0
TXN0009474,USR02387,MER0181,166.68,Card,Web,0,0,2,708.03,0,0.1172,377,16,0,0,0
TXN0009475,USR00653,MER0435,3325.6,Card,Android,0,0,1,1203.02,0,0.5147,317,17,0,0,0
TXN0009476,USR00174,MER0196,1051.83,Card,Web,0,1,1,4518.61,0,0.2872,713,12,0,0,0
TXN0009477,USR01216,MER0015,867.39,Card,Android,0,0,1,597.96,0,0.107,1101,21,0,0,0
TXN0009478,USR00460,MER0361,22614.97,Card,Android,0,0,2,5203.03,0,0.1869,546,9,0,0,0
TXN0009479,USR01024,MER0333,5796.68,NetBanking,iOS,0,0,1,5472.14,0,0.4484,828,15,0,0,0
TXN0009480,USR02235,MER0190,1641.05,UPI,Android,0,0,2,1398.85,0,0.115,141,7,0,0,0
TXN0009481,USR02061,MER0315,9346.35,UPI,Android,0,0,2,7477.32,0,0.0227,478,18,0,0,0
TXN0009482,USR00734,MER0471,7188.25,Wallet,iOS,1,0,1,1956.14,0,0.1792,253,7,0,0,0
TXN0009483,USR00062,MER0463,27024.71,UPI,Android,0,0,1,5229.47,0,0.4359,666,0,0,0,0
TXN0009484,USR00790,MER0395,958.66,Card,Android,0,1,2,1849.39,0,0.382,491,11,1,0,0
TXN0009485,USR01592,MER0292,1535.1,Card,iOS,0,0,1,3241.63,0,0.063,303,15,1,0,0
TXN0009486,USR02727,MER0014,1016.91,UPI,Android,0,0,1,1353.33,0,0.2019,540,18,0,0,0
TXN0009487,USR01278,MER0257,4930.98,UPI,Android,1,0,2,1480.14,0,0.1944,843,16,0,0,0
TXN0009488,USR01001,MER0410,1007.57,UPI,iOS,0,0,1,1604.64,0,0.2074,1181,12,1,0,0
TXN0009489,USR01930,MER0423,1066.87,UPI,iOS,0,0,11,822.77,0,0.3966,848,0,1,0,0
TXN0009490,USR00251,MER0387,5018.13,UPI,Android,1,2,1,2439.84,0,0.8154,379,8,0,0,0
TXN0009491,USR00790,MER0494,3082.45,UPI,Android,0,0,2,1849.39,0,0.917,91,9,0,0,0
TXN0009492,USR00128,MER0259,2118.66,Wallet,Web,0,1,3,1070.12,0,0.4433,641,19,0,0,0
TXN0009493,USR01840,MER0055,1614.32,Wallet,Android,0,0,4,611.38,0,0.9006,889,21,0,0,0
TXN0009494,USR01552,MER0249,3115.41,UPI,Android,0,0,2,2623.3,0,0.1624,588,9,1,1,0
TXN0009495,USR02039,MER0160,1728.51,Card,iOS,0,0,1,2525.23,0,0.0354,379,7,0,0,0
TXN0009496,USR02160,MER0418,3506.0,UPI,Web,0,0,3,3315.07,0,0.4093,1925,9,0,0,0
TXN0009497,USR01383,MER0389,409.21,UPI,iOS,0,0,1,549.13,0,0.0647,589,15,0,0,0
TXN0009498,USR03042,MER0213,27446.15,UPI,Android,0,0,2,4695.99,0,0.6421,1904,16,1,0,0
TXN0009499,USR03214,MER0195,839.11,Card,iOS,0,0,1,1294.47,0,0.1754,1055,19,0,0,0
TXN0009500,USR00388,MER0080,1370.04,UPI,iOS,0,1,2,1017.13,0,0.0411,421,8,1,0,0
TXN0009501,USR03221,MER0022,129.63,Wallet,iOS,0,0,1,401.55,0,0.2614,286,6,1,0,0
TXN0009502,USR00689,MER0157,2630.16,Wallet,Android,0,0,2,2512.85,0,0.1917,505,10,1,0,0
TXN0009503,USR00870,MER0121,2804.25,Card,Web,1,0,2,3624.99,0,0.2578,395,6,1,0,0
TXN0009504,USR01855,MER0133,1340.3,Wallet,iOS,0,1,2,866.23,0,0.2975,618,21,0,0,0
TXN0009505,USR00103,MER0500,3066.85,UPI,Web,0,0,1,1945.25,0,0.2219,1421,19,0,0,0
TXN0009506,USR01275,MER0341,12211.98,Card,Web,0,1,1,4628.25,1,0.25,938,21,0,0,0
TXN0009507,USR00682,MER0276,12272.09,UPI,Android,0,0,2,4924.77,0,0.1618,2074,16,0,0,0
TXN0009508,USR01689,MER0090,2548.27,Card,iOS,0,2,2,2809.91,0,0.0635,1385,13,0,0,0
TXN0009509,USR02852,MER0421,2619.02,UPI,iOS,0,0,1,5434.45,0,0.16,1080,15,1,0,0
TXN0009510,USR03235,MER0323,809.51,UPI,iOS,0,0,2,1543.72,0,0.2343,885,12,1,0,0
TXN0009511,USR00743,MER0258,1555.73,Card,Android,0,0,3,1315.18,0,0.2598,295,12,0,0,0
TXN0009512,USR01908,MER0233,778.39,UPI,Android,0,0,2,730.42,0,0.1847,727,21,1,0,0
TXN0009513,USR01661,MER0277,13917.8,UPI,iOS,0,0,1,12151.61,0,0.3911,389,5,1,0,0
TXN0009514,USR01453,MER0420,1718.87,Wallet,Android,0,0,1,2656.33,0,0.1479,848,15,0,0,0
TXN0009515,USR02215,MER0361,9084.07,UPI,Web,0,1,1,3392.99,0,0.2383,792,9,0,0,0
TXN0009516,USR03464,MER0243,1807.84,UPI,iOS,0,1,13,5487.46,0,0.1067,448,7,0,0,0
TXN0009517,USR01419,MER0334,1865.27,UPI,Android,0,0,1,2999.79,0,0.4529,892,16,0,0,0
TXN0009518,USR00229,MER0465,965.2,Card,Android,0,0,2,2203.6,1,0.209,511,13,1,0,0
TXN0009519,USR03206,MER0164,6418.03,Wallet,Android,0,1,1,7842.61,0,0.7539,738,10,0,0,0
TXN0009520,USR03263,MER0451,6512.71,Wallet,Android,1,1,1,2790.52,0,0.0177,591,10,1,0,0
TXN0009521,USR01129,MER0304,2796.14,Card,Android,0,0,2,3616.2,0,0.8116,1685,0,0,0,0
TXN0009522,USR01756,MER0093,5148.31,Card,Android,0,1,13,5030.93,0,0.3559,1386,14,0,0,0
TXN0009523,USR03020,MER0484,2912.01,Wallet,iOS,0,1,2,1897.6,0,0.2656,755,21,1,0,0
TXN0009524,USR01764,MER0344,2024.49,Wallet,Web,0,0,2,2709.45,0,0.157,1190,10,1,1,0
TXN0009525,USR01685,MER0193,2385.6,Wallet,iOS,0,1,2,1904.0,0,0.168,696,20,1,0,0
TXN0009526,USR03227,MER0108,1140.86,UPI,iOS,0,0,2,1001.24,0,0.9183,386,23,0,0,0
TXN0009527,USR02901,MER0458,814.36,Card,Android,0,4,1,1932.53,0,0.6109,2014,17,0,0,0
TXN0009528,USR01776,MER0412,1203.01,UPI,Web,1,1,2,1766.73,0,0.1851,71,16,0,0,0
TXN0009529,USR00566,MER0023,684.01,Card,Android,0,0,1,557.06,0,0.3452,166,7,0,0,0
TXN0009530,USR01535,MER0318,7172.46,Wallet,iOS,0,0,2,2995.38,0,0.2491,986,13,0,0,0
TXN0009531,USR02368,MER0058,5739.83,Card,iOS,0,0,1,2398.69,0,0.0752,94,19,0,0,0
TXN0009532,USR00954,MER0148,11638.46,Wallet,Android,0,2,2,2706.25,0,0.2221,491,6,0,0,0
TXN0009533,USR01881,MER0285,8752.75,UPI,iOS,0,1,2,6487.25,0,0.1601,765,16,0,0,0
TXN0009534,USR02306,MER0125,2970.71,UPI,Web,0,7,1,4205.48,0,0.4195,311,8,0,0,0
TXN0009535,USR00298,MER0257,2533.21,NetBanking,iOS,0,0,4,2788.58,0,0.2583,343,18,0,0,0
TXN0009536,USR01994,MER0215,2346.87,UPI,Android,0,0,2,2677.8,0,0.2892,1606,7,0,0,0
TXN0009537,USR02582,MER0291,871.07,UPI,Android,0,0,1,1228.32,0,0.0044,187,14,0,0,0
TXN0009538,USR00751,MER0401,4287.76,UPI,Android,0,0,2,3421.36,0,0.234,687,20,0,0,0
TXN0009539,USR01920,MER0078,1448.69,Wallet,Android,1,0,1,1117.87,0,0.3346,472,11,0,0,0
TXN0009540,USR02483,MER0399,578.59,Card,Web,0,0,2,1416.16,0,0.3033,385,12,0,0,0
TXN0009541,USR00156,MER0112,8084.91,UPI,Android,1,0,3,3882.65,0,0.1412,520,12,0,0,1
TXN0009542,USR02255,MER0017,436.58,Card,Android,0,0,3,1722.4,0,0.1659,585,23,0,0,0
TXN0009543,USR00910,MER0224,3113.51,Card,Android,1,0,11,3841.79,0,0.9345,217,18,0,0,1
TXN0009544,USR01391,MER0152,7482.16,Card,Android,0,0,1,3438.43,0,0.125,446,19,1,0,0
TXN0009545,USR02269,MER0093,1651.16,UPI,Android,0,0,1,1120.93,0,0.315,796,18,0,0,0
TXN0009546,USR00016,MER0212,3787.59,UPI,Android,1,2,1,5148.73,0,0.1897,135,8,1,0,0
TXN0009547,USR00059,MER0435,7910.48,UPI,Android,0,0,2,2015.03,0,0.5368,282,9,1,0,0
TXN0009548,USR01564,MER0293,719.41,UPI,Web,0,5,2,1038.25,0,0.2047,1005,18,0,0,0
TXN0009549,USR03325,MER0364,504.45,UPI,Android,0,0,1,2241.42,0,0.2846,69,15,1,0,0
TXN0009550,USR00022,MER0075,8045.34,Wallet,Android,0,0,2,6105.08,1,0.0643,599,15,0,0,0
TXN0009551,USR02761,MER0038,1218.24,NetBanking,iOS,0,0,2,4608.66,0,0.0978,278,8,1,0,0
TXN0009552,USR00263,MER0168,3089.14,UPI,Android,0,0,1,5909.36,0,0.1545,417,9,0,0,0
TXN0009553,USR01712,MER0388,774.41,Card,Web,0,0,1,519.94,0,0.2176,1156,8,1,0,0
TXN0009554,USR01508,MER0443,454.69,UPI,Android,0,0,3,666.09,0,0.1443,664,18,0,0,0
TXN0009555,USR01639,MER0051,1448.91,UPI,Android,0,1,2,1002.78,0,0.0466,2119,12,0,1,0
TXN0009556,USR00287,MER0239,555.48,Card,Android,0,0,1,1344.34,0,0.1715,285,20,0,0,0
TXN0009557,USR02638,MER0199,5033.45,UPI,Android,0,0,2,2851.94,0,0.1164,702,18,0,0,0
TXN0009558,USR00965,MER0373,630.65,UPI,Web,0,0,3,2240.01,0,0.6226,444,8,0,0,0
TXN0009559,USR02699,MER0103,3716.24,UPI,Android,0,0,3,1511.79,0,0.4163,1217,8,0,0,0
TXN0009560,USR02295,MER0243,1867.77,Card,Android,0,6,2,2764.89,0,0.0781,166,13,0,0,0
TXN0009561,USR01930,MER0425,2356.91,Card,Android,1,1,3,822.77,0,0.2871,701,12,1,0,0
TXN0009562,USR01081,MER0233,8171.17,UPI,Android,0,0,2,15733.32,0,0.1585,532,10,0,0,0
TXN0009563,USR02283,MER0391,16775.96,UPI,iOS,0,0,1,4411.06,0,0.5051,976,16,1,0,1
TXN0009564,USR03492,MER0311,1096.91,UPI,Android,0,0,2,2297.93,0,0.4711,1272,14,1,0,0
TXN0009565,USR03231,MER0299,390.07,UPI,Web,0,0,1,1492.15,0,0.3697,355,5,0,0,0
TXN0009566,USR03208,MER0130,698.65,UPI,Android,0,1,2,712.03,0,0.8112,517,11,0,0,0
TXN0009567,USR00769,MER0497,2244.67,Card,Android,0,1,1,970.53,0,0.0805,1453,13,0,0,0
TXN0009568,USR02049,MER0125,31013.89,Card,Android,0,3,1,4667.81,0,0.3896,527,9,0,0,0
TXN0009569,USR01393,MER0466,8492.99,Card,Android,0,1,1,3864.77,0,0.3306,173,5,0,0,0
TXN0009570,USR03385,MER0495,10569.0,UPI,Web,0,1,1,6198.77,0,0.138,1991,11,0,0,0
TXN0009571,USR03326,MER0256,1502.25,Card,Android,0,0,2,2850.67,0,0.0669,337,3,0,0,0
TXN0009572,USR03039,MER0435,3918.45,Wallet,Android,0,8,2,2372.34,1,0.4658,963,13,1,0,0
TXN0009573,USR00570,MER0358,1769.95,UPI,Android,0,0,3,1740.4,0,0.2057,551,20,1,0,0
TXN0009574,USR01117,MER0369,1212.86,UPI,Android,0,0,2,2125.46,0,0.0985,138,11,0,0,0
TXN0009575,USR02490,MER0035,2036.02,Wallet,Android,1,0,1,1881.11,0,0.2834,1050,7,0,0,0
TXN0009576,USR02624,MER0069,1834.7,Card,Android,1,0,9,2008.6,1,0.9398,228,9,0,0,0
TXN0009577,USR01227,MER0035,815.8,Card,iOS,0,0,2,309.4,0,0.3055,520,21,0,0,0
TXN0009578,USR00479,MER0016,1090.96,Card,iOS,0,0,1,1661.58,0,0.4605,703,11,0,0,0
TXN0009579,USR00480,MER0418,1476.35,UPI,Android,1,0,2,2325.5,0,0.4597,166,15,0,0,0
TXN0009580,USR02396,MER0088,1307.83,UPI,Android,0,0,1,2273.66,0,0.1356,739,19,0,0,0
TXN0009581,USR01590,MER0004,14138.15,Card,iOS,0,0,2,3792.96,0,0.0659,1143,9,0,0,0
TXN0009582,USR01719,MER0469,1510.79,Card,iOS,1,0,2,2522.79,0,0.1897,938,18,0,0,0
TXN0009583,USR02854,MER0140,7006.35,UPI,Android,0,0,1,2895.31,0,0.6213,294,22,0,0,0
TXN0009584,USR00059,MER0409,912.14,UPI,iOS,0,0,1,2015.03,0,0.229,342,13,1,0,0
TXN0009585,USR02641,MER0481,12430.52,NetBanking,Android,0,0,3,9073.75,0,0.4291,623,20,1,0,0
TXN0009586,USR00960,MER0262,1202.74,Card,Android,0,1,3,1046.65,0,0.4372,1058,13,0,0,0
TXN0009587,USR03260,MER0464,6350.12,UPI,Android,0,0,1,2746.83,0,0.0976,966,19,1,0,0
TXN0009588,USR03344,MER0485,2540.07,UPI,Android,0,1,2,1219.64,0,0.2398,487,7,0,0,0
TXN0009589,USR01758,MER0073,1783.64,Card,Web,0,1,1,1767.73,0,0.1948,609,17,0,0,0
TXN0009590,USR01106,MER0074,1697.57,UPI,iOS,0,1,2,2627.12,0,0.2232,334,21,0,0,0
TXN0009591,USR00817,MER0185,8909.32,UPI,Android,1,2,3,2907.01,0,0.1708,368,6,0,0,0
TXN0009592,USR00636,MER0280,979.47,NetBanking,Android,0,0,3,1628.83,0,0.424,144,16,0,0,0
TXN0009593,USR03498,MER0394,349.83,Card,Android,0,1,1,1882.21,0,0.9659,776,21,0,0,0
TXN0009594,USR00657,MER0092,989.71,NetBanking,Android,0,0,2,3966.27,0,0.0957,479,19,0,0,0
TXN0009595,USR01563,MER0097,257.95,UPI,iOS,0,0,2,867.49,0,0.1448,146,19,0,0,1
TXN0009596,USR01678,MER0154,752.81,UPI,iOS,0,0,1,515.39,0,0.2426,780,20,0,0,0
TXN0009597,USR02378,MER0136,3318.91,NetBanking,Android,0,1,1,708.38,0,0.1334,76,9,1,0,0
TXN0009598,USR02950,MER0471,1055.17,Wallet,Web,0,0,2,4818.53,1,0.1788,408,13,1,0,0
TXN0009599,USR01953,MER0198,1688.67,Card,Web,0,1,5,3118.59,0,0.1529,154,0,0,0,1
TXN0009600,USR02654,MER0435,2756.36,UPI,Android,0,0,1,2717.77,0,0.4391,2062,17,1,0,0
TXN0009601,USR01984,MER0028,15124.7,Card,Android,0,1,2,5225.57,0,0.1951,1584,17,0,0,0
TXN0009602,USR01529,MER0051,878.32,UPI,Android,0,0,1,1628.35,0,0.0059,454,19,1,0,0
TXN0009603,USR00553,MER0402,7651.26,NetBanking,Web,1,1,3,5256.65,0,0.3623,616,20,0,0,0
TXN0009604,USR00731,MER0125,764.75,Card,Android,0,1,2,962.57,0,0.4409,3528,13,0,0,0
TXN0009605,USR01514,MER0042,23737.94,UPI,iOS,0,0,1,3818.73,0,0.2967,1527,18,0,0,0
TXN0009606,USR00162,MER0298,2041.51,UPI,iOS,0,0,1,1934.06,0,0.181,752,4,0,0,0
TXN0009607,USR01108,MER0074,819.28,UPI,Android,0,0,1,666.7,0,0.1688,792,14,0,0,0
TXN0009608,USR01620,MER0031,3353.07,Wallet,Android,0,0,1,3317.5,0,0.2808,1619,13,1,0,0
TXN0009609,USR01655,MER0204,2206.08,UPI,iOS,0,1,2,3126.11,0,0.8618,194,8,0,0,0
TXN0009610,USR02852,MER0276,10243.73,Card,Android,0,0,2,5434.45,0,0.1561,1435,8,0,0,0
TXN0009611,USR03387,MER0264,2965.39,UPI,Android,0,0,1,777.12,0,0.2084,560,22,0,0,1
TXN0009612,USR02554,MER0293,195.36,Card,Web,0,0,3,868.04,0,0.2296,2101,19,1,0,0
TXN0009613,USR00279,MER0012,3237.1,Card,Android,0,0,2,3791.71,0,0.3357,1535,20,0,0,0
TXN0009614,USR01431,MER0146,11518.93,UPI,iOS,0,1,2,6731.42,0,0.2436,1168,19,0,0,0
TXN0009615,USR02555,MER0172,298.5,UPI,Android,0,1,2,476.72,1,0.8843,495,13,1,0,0
TXN0009616,USR02082,MER0147,573.84,UPI,Android,0,0,1,527.46,0,0.1758,199,6,0,0,0
TXN0009617,USR01603,MER0280,3046.88,NetBanking,Android,1,0,1,7713.86,0,0.4252,345,0,1,0,1
TXN0009618,USR01527,MER0115,9462.48,UPI,Android,0,0,1,4628.43,0,0.3569,1431,21,0,0,0
TXN0009619,USR01421,MER0316,4622.05,UPI,Android,1,2,1,3038.8,0,0.3499,77,6,1,0,0
TXN0009620,USR02027,MER0468,1581.04,Card,Web,1,0,1,1638.66,0,0.3073,1329,9,0,0,0
TXN0009621,USR00626,MER0331,674.88,UPI,Android,0,0,1,628.32,0,0.0691,239,14,1,0,0
TXN0009622,USR01812,MER0195,950.15,Wallet,Android,0,1,2,2724.39,0,0.211,474,12,1,0,1
TXN0009623,USR00721,MER0218,2132.44,UPI,Web,0,0,2,5920.79,0,0.248,303,12,0,0,0
TXN0009624,USR02384,MER0293,1122.96,NetBanking,iOS,0,0,1,1288.92,0,0.1699,958,21,0,1,0
TXN0009625,USR03027,MER0362,4335.64,Card,Web,0,0,1,3148.67,0,0.0729,980,13,1,0,0
TXN0009626,USR01777,MER0151,842.0,Card,Android,0,0,2,589.59,1,0.1362,1363,9,1,0,0
TXN0009627,USR01357,MER0020,3997.84,UPI,Android,1,0,1,5457.91,0,0.5125,751,12,0,0,0
TXN0009628,USR03293,MER0352,7350.54,UPI,iOS,0,0,2,4518.15,0,0.2182,2017,6,0,0,1
TXN0009629,USR02309,MER0331,9558.43,UPI,iOS,0,0,7,3612.69,0,0.0401,983,9,0,1,0
TXN0009630,USR01499,MER0051,1502.15,Wallet,Android,0,0,2,1683.27,0,0.0,818,8,0,1,0
TXN0009631,USR00101,MER0314,3452.31,NetBanking,Web,0,1,3,2903.99,0,0.1067,448,16,1,0,0
TXN0009632,USR00056,MER0036,1039.65,UPI,iOS,0,1,1,1269.4,0,0.0915,615,17,1,0,0
TXN0009633,USR00776,MER0322,5275.14,NetBanking,Android,0,0,1,1499.71,0,0.3764,594,12,0,0,0
TXN0009634,USR00828,MER0373,1384.6,Card,iOS,0,0,1,1288.3,0,0.6656,312,15,0,0,0
TXN0009635,USR02525,MER0008,5646.58,Wallet,Android,0,2,1,1741.42,0,0.193,122,15,1,0,0
TXN0009636,USR01753,MER0364,3036.87,NetBanking,Android,1,1,1,1651.74,0,0.24,183,8,0,0,0
TXN0009637,USR03500,MER0061,2665.86,NetBanking,Android,1,3,1,1547.12,0,0.3652,106,14,0,0,1
TXN0009638,USR01893,MER0133,305.09,Card,Android,0,1,1,444.66,0,0.3294,238,23,1,0,0
TXN0009639,USR03161,MER0353,597.74,Card,Android,0,0,1,1199.71,0,0.6208,1759,9,0,0,0
TXN0009640,USR01934,MER0178,1964.33,Card,iOS,0,0,1,1560.0,1,0.2796,1633,23,0,0,0
TXN0009641,USR01254,MER0489,5002.77,UPI,Web,0,0,11,2147.91,0,0.4036,1326,8,0,0,0
TXN0009642,USR02501,MER0479,20458.11,UPI,Android,1,3,1,6218.5,0,0.3098,460,8,0,0,0
TXN0009643,USR01573,MER0494,160.45,Wallet,Android,1,0,2,986.23,0,0.911,420,6,0,0,0
TXN0009644,USR00962,MER0053,29313.19,UPI,iOS,0,1,1,5294.34,0,0.0153,1324,14,1,0,0
TXN0009645,USR01657,MER0089,812.96,UPI,Android,0,0,2,632.99,0,0.7026,894,13,0,0,0
TXN0009646,USR02328,MER0092,3407.84,UPI,Android,0,0,11,1862.0,0,0.156,242,11,1,0,0
TXN0009647,USR01315,MER0293,1098.36,Card,Android,0,0,1,4041.34,0,0.2462,418,15,1,1,0
TXN0009648,USR02465,MER0216,2205.51,UPI,Android,0,0,1,2749.8,0,0.098,296,14,0,0,0
TXN0009649,USR03433,MER0373,4776.97,NetBanking,Web,0,0,1,2776.96,0,0.6158,695,7,1,0,0
TXN0009650,USR01440,MER0142,949.11,Wallet,Android,0,0,1,2324.68,0,0.5606,500,17,0,0,0
TXN0009651,USR01034,MER0100,228.34,UPI,iOS,0,1,2,1920.67,0,0.1874,730,15,1,0,0
TXN0009652,USR01408,MER0325,2930.27,UPI,iOS,0,0,1,2419.43,0,0.1533,362,16,0,0,0
TXN0009653,USR02934,MER0309,1803.02,UPI,Web,0,0,1,1964.64,0,0.1973,155,18,1,0,0
TXN0009654,USR00627,MER0346,10661.02,UPI,iOS,0,0,2,3970.26,0,0.1295,414,20,1,0,0
TXN0009655,USR03408,MER0157,1051.04,UPI,Android,0,0,3,1239.76,0,0.2173,243,0,0,0,0
TXN0009656,USR01449,MER0264,2160.25,UPI,Android,0,0,1,2417.33,0,0.1925,595,8,0,1,0
TXN0009657,USR02946,MER0465,12188.79,Card,Android,0,1,1,7753.84,0,0.1977,163,18,0,0,0
TXN0009658,USR02754,MER0306,3845.38,UPI,Android,0,8,1,1920.79,0,0.1783,857,4,0,0,1
TXN0009659,USR02743,MER0467,1474.69,UPI,Android,1,1,2,2582.48,0,0.8561,1315,11,0,0,1
TXN0009660,USR03182,MER0217,7570.76,NetBanking,Android,0,0,2,4031.97,0,0.8346,1333,11,0,0,0
TXN0009661,USR00647,MER0023,2073.92,Wallet,iOS,0,0,1,3174.31,0,0.4003,468,7,0,0,0
TXN0009662,USR02078,MER0381,4048.91,UPI,Android,0,0,2,4206.17,1,0.4027,318,7,0,0,0
TXN0009663,USR00347,MER0231,7044.44,Card,Web,0,1,1,4568.96,0,0.2538,287,19,0,0,0
TXN0009664,USR01048,MER0022,5177.34,UPI,Android,0,1,1,2961.79,0,0.2385,387,8,1,0,0
TXN0009665,USR00143,MER0070,3395.12,Wallet,iOS,1,0,5,2838.15,0,0.0563,866,11,0,0,0
TXN0009666,USR02389,MER0157,1245.18,Wallet,iOS,0,0,1,2849.89,0,0.2412,329,21,0,0,0
TXN0009667,USR02128,MER0096,918.63,Card,Android,0,0,2,3712.52,0,0.0335,1375,11,0,0,0
TXN0009668,USR02591,MER0343,1840.0,Card,Android,0,0,1,2214.65,0,0.3143,1214,18,0,0,0
TXN0009669,USR00617,MER0306,1748.71,Wallet,iOS,0,0,1,913.52,0,0.2165,750,8,1,0,0
TXN0009670,USR01163,MER0165,7916.12,UPI,Web,0,0,2,6020.19,0,0.0814,1307,16,1,0,0
TXN0009671,USR02368,MER0043,2716.07,Card,iOS,0,0,1,2398.69,0,0.3838,749,18,0,0,0
TXN0009672,USR02893,MER0040,4029.23,UPI,Android,0,0,8,4257.29,0,0.0639,364,7,1,0,0
TXN0009673,USR03100,MER0473,5480.33,UPI,Android,1,0,1,4611.78,1,0.312,2122,16,0,0,0
TXN0009674,USR00258,MER0173,931.39,Card,iOS,0,1,1,2003.04,0,0.2532,347,8,0,1,0
TXN0009675,USR01409,MER0054,2894.92,UPI,Android,0,0,7,1735.35,0,0.1708,305,15,0,0,0
TXN0009676,USR00038,MER0356,5126.88,UPI,iOS,0,1,2,2930.45,0,0.4411,948,12,0,0,0
TXN0009677,USR02865,MER0435,3111.87,UPI,Web,0,0,1,4224.99,0,0.4954,224,12,0,0,0
TXN0009678,USR00431,MER0061,2201.37,NetBanking,Android,0,0,1,1689.5,0,0.3718,513,13,0,0,0
TXN0009679,USR02878,MER0473,1754.85,UPI,Android,0,0,1,6349.0,0,0.2736,1586,2,0,0,0
TXN0009680,USR00547,MER0363,2962.2,UPI,Android,0,0,1,2735.46,0,0.1058,293,21,0,0,0
TXN0009681,USR00054,MER0127,7834.63,UPI,Android,0,0,2,1478.34,0,0.354,166,20,0,0,0
TXN0009682,USR03077,MER0388,3446.42,NetBanking,Android,1,0,2,1463.29,0,0.2105,808,23,1,0,0
TXN0009683,USR01536,MER0210,2282.16,UPI,Android,0,2,3,2768.06,1,0.4473,542,20,1,0,0
TXN0009684,USR01488,MER0318,8810.21,Card,Android,0,1,2,4955.37,0,0.272,474,20,1,0,0
TXN0009685,USR02264,MER0064,1868.1,Card,Android,1,2,1,2602.74,0,0.2463,552,23,0,0,0
TXN0009686,USR00963,MER0123,316.33,Card,Android,0,0,2,1724.65,0,0.3293,783,18,0,0,0
TXN0009687,USR02418,MER0387,970.25,Wallet,Android,0,1,1,1199.84,0,0.7845,1212,19,1,0,0
TXN0009688,USR01502,MER0403,906.01,UPI,Android,0,0,2,826.65,0,0.5005,323,12,1,0,0
TXN0009689,USR00955,MER0006,3154.48,UPI,Web,0,1,1,2974.93,0,0.2066,1221,17,0,0,1
TXN0009690,USR01382,MER0108,2642.44,UPI,Android,0,0,3,2465.07,0,0.9762,792,7,0,0,0
TXN0009691,USR00022,MER0304,4032.85,UPI,Android,0,8,2,6105.08,0,0.8391,777,7,1,0,0
TXN0009692,USR01056,MER0453,1193.57,Wallet,iOS,1,0,1,1584.13,0,0.3001,173,20,1,0,0
TXN0009693,USR02071,MER0338,486.7,UPI,Android,0,0,1,1151.26,0,0.2438,132,14,0,0,0
TXN0009694,USR00483,MER0354,511.31,Wallet,Web,0,0,2,2263.21,0,0.2002,688,9,1,0,0
TXN0009695,USR00415,MER0195,1395.28,UPI,Android,0,1,1,1583.67,0,0.2081,270,13,1,0,0
TXN0009696,USR02296,MER0028,1427.55,UPI,Android,0,0,1,2566.4,0,0.2468,822,8,1,0,0
TXN0009697,USR01499,MER0383,3484.14,Card,Android,0,0,2,1683.27,0,0.0911,159,9,0,0,0
TXN0009698,USR00479,MER0400,328.49,Wallet,iOS,0,0,1,1661.58,1,0.1932,728,19,0,0,0
TXN0009699,USR02618,MER0222,3111.41,UPI,Android,0,0,1,2652.6,0,0.0248,306,11,0,1,0
TXN0009700,USR02714,MER0254,150000.0,NetBanking,Android,0,1,1,5497.28,0,0.109,845,8,0,0,1
TXN0009701,USR00122,MER0118,2030.7,UPI,Android,0,0,2,2435.2,0,0.0888,300,11,0,0,0
TXN0009702,USR00706,MER0227,2347.88,Wallet,iOS,0,0,1,2473.14,0,0.0693,57,13,0,0,0
TXN0009703,USR01297,MER0121,2153.9,UPI,Web,0,0,4,1665.81,1,0.2569,814,9,0,0,0
TXN0009704,USR02560,MER0211,1186.9,UPI,Android,0,1,1,867.7,0,0.4429,353,12,0,0,0
TXN0009705,USR00260,MER0068,488.26,Wallet,Android,0,0,1,688.81,0,0.577,557,17,1,0,0
TXN0009706,USR02820,MER0304,24749.36,UPI,Android,0,0,2,7664.88,0,0.879,474,16,1,0,0
TXN0009707,USR01119,MER0124,3355.06,Card,Android,0,0,1,2204.52,0,0.0106,669,12,0,0,0
TXN0009708,USR00439,MER0363,329.2,Wallet,iOS,1,0,1,1367.11,0,0.1661,1228,11,0,0,0
TXN0009709,USR03022,MER0259,4710.3,UPI,iOS,0,0,2,2719.77,0,0.4406,994,16,1,0,0
TXN0009710,USR00304,MER0448,2559.06,Card,Android,1,1,8,3567.03,0,0.1426,273,17,1,0,0
TXN0009711,USR00454,MER0111,2088.83,Card,Android,0,0,1,2191.05,0,0.5106,355,7,1,0,0
TXN0009712,USR03324,MER0137,515.46,UPI,Android,0,0,2,791.15,0,0.1508,222,9,1,0,0
TXN0009713,USR01819,MER0122,3720.3,UPI,iOS,0,0,2,1395.94,1,0.2749,131,19,1,0,0
TXN0009714,USR01621,MER0316,1595.59,UPI,Android,0,0,2,1402.08,0,0.3459,1312,0,0,0,0
TXN0009715,USR02406,MER0054,2223.3,UPI,Web,0,0,1,2946.58,0,0.1581,1136,19,1,0,0
TXN0009716,USR02206,MER0344,1564.29,UPI,Android,0,0,4,2115.65,0,0.1249,714,18,0,0,0
TXN0009717,USR02148,MER0410,3205.68,Card,iOS,0,0,1,3749.41,0,0.1548,349,22,1,0,0
TXN0009718,USR00082,MER0338,11605.61,UPI,iOS,1,0,2,2172.09,0,0.2196,606,12,0,0,0
TXN0009719,USR01932,MER0068,1988.17,UPI,Android,0,0,3,5395.24,0,0.5574,638,13,0,0,0
TXN0009720,USR00976,MER0247,3129.47,Wallet,Android,0,0,2,1508.61,1,0.1529,317,22,1,0,0
TXN0009721,USR02827,MER0267,1259.57,Card,Android,0,1,2,879.62,0,0.2728,1167,10,0,0,0
TXN0009722,USR01769,MER0196,14052.41,NetBanking,Android,0,0,1,4875.05,0,0.2625,377,12,0,0,0
TXN0009723,USR00434,MER0234,3030.4,Card,iOS,0,2,2,2025.4,0,0.4118,201,7,1,0,0
TXN0009724,USR03102,MER0382,797.07,NetBanking,iOS,0,0,2,835.91,1,0.2763,270,18,0,0,0
TXN0009725,USR00995,MER0418,19603.74,Wallet,iOS,0,2,1,9887.79,0,0.4185,124,16,0,0,0
TXN0009726,USR00951,MER0151,2100.1,UPI,Web,0,0,1,1871.15,0,0.2127,576,6,0,0,0
TXN0009727,USR03277,MER0165,4732.98,Card,Android,0,0,1,2889.22,0,0.0501,694,8,1,0,0
TXN0009728,USR02714,MER0105,14622.65,UPI,Android,0,0,1,5497.28,0,0.2362,390,18,1,0,0
TXN0009729,USR03009,MER0201,5546.36,Card,Android,0,0,3,5454.97,0,0.2713,287,9,0,0,0
TXN0009730,USR02318,MER0273,600.99,UPI,Android,1,0,2,857.6,0,0.1108,198,10,1,0,0
TXN0009731,USR03187,MER0357,971.33,Card,Android,0,0,2,1623.3,0,0.0397,1097,8,0,0,0
TXN0009732,USR00404,MER0134,3765.16,UPI,Android,0,0,2,2861.66,0,0.3268,309,6,0,0,0
TXN0009733,USR02100,MER0109,1446.23,Wallet,Web,0,0,2,2861.21,0,0.4085,574,14,1,0,0
TXN0009734,USR01027,MER0017,902.88,UPI,Android,1,7,2,1221.02,1,0.2275,1055,12,0,0,1
TXN0009735,USR01395,MER0047,382.19,Wallet,Web,0,0,3,806.39,0,0.3231,1294,22,1,0,0
TXN0009736,USR00833,MER0026,1936.88,NetBanking,Android,0,3,1,1412.1,0,0.3197,522,10,0,0,0
TXN0009737,USR00718,MER0104,1425.11,UPI,Android,0,0,2,2574.87,0,0.0,955,21,0,1,0
TXN0009738,USR01549,MER0348,1183.97,UPI,iOS,0,0,3,3143.46,1,0.1524,1051,22,0,0,0
TXN0009739,USR03215,MER0388,846.32,Card,Android,0,2,1,1979.61,0,0.2329,731,18,0,0,0
TXN0009740,USR02224,MER0487,657.26,NetBanking,Android,0,0,2,1042.39,0,0.347,626,9,0,0,0
TXN0009741,USR01223,MER0273,1243.77,Wallet,iOS,0,0,1,1847.74,0,0.1263,454,13,0,0,0
TXN0009742,USR01517,MER0228,1500.07,UPI,Web,0,0,1,1315.83,0,0.094,96,9,0,0,0
TXN0009743,USR01855,MER0450,733.47,NetBanking,iOS,0,0,2,866.23,0,0.4869,304,11,1,0,0
TXN0009744,USR00856,MER0074,2317.43,UPI,Android,1,0,3,1866.07,0,0.2498,734,21,0,0,1
TXN0009745,USR01825,MER0316,4433.98,UPI,iOS,0,1,2,3369.81,0,0.279,90,7,0,0,0
TXN0009746,USR02436,MER0410,3046.25,Card,iOS,1,0,1,1879.02,0,0.2056,1348,9,1,0,0
TXN0009747,USR00852,MER0252,619.98,Wallet,Android,0,0,2,2574.28,0,0.1171,1103,11,0,0,0
TXN0009748,USR02046,MER0131,1542.14,UPI,Web,0,0,1,3650.16,0,0.1516,81,19,1,0,0
TXN0009749,USR02480,MER0311,4591.46,Card,Android,0,1,2,3237.1,0,0.4507,1125,9,0,0,0
TXN0009750,USR01818,MER0498,3998.56,UPI,Android,0,0,2,3610.03,0,0.9074,814,21,0,1,0
TXN0009751,USR01022,MER0118,1527.8,UPI,iOS,0,1,1,794.88,0,0.0979,2160,12,0,0,0
TXN0009752,USR01941,MER0282,302.87,NetBanking,Android,0,1,1,967.78,0,0.0099,2112,8,0,0,0
TXN0009753,USR02777,MER0026,2796.26,Card,Android,0,0,2,4138.76,0,0.3452,276,16,0,0,0
TXN0009754,USR00777,MER0117,1877.24,Card,Android,0,0,3,2442.92,0,0.0824,1031,15,1,0,0
TXN0009755,USR02012,MER0384,2493.8,Card,Web,1,1,2,2325.37,0,0.1977,1363,7,0,0,0
TXN0009756,USR02382,MER0249,1048.04,UPI,Android,0,0,3,1073.68,0,0.1818,853,17,0,1,0
TXN0009757,USR01126,MER0100,5593.41,UPI,Web,0,1,1,4194.83,0,0.2309,806,19,0,0,0
TXN0009758,USR01357,MER0168,4780.35,Card,Web,0,1,2,5457.91,0,0.111,747,12,1,0,0
TXN0009759,USR03112,MER0061,11374.49,NetBanking,Android,0,0,1,4451.72,0,0.3621,201,19,0,0,0
TXN0009760,USR01273,MER0390,18930.29,UPI,Android,0,0,2,5889.04,0,0.2146,386,16,0,0,0
TXN0009761,USR02094,MER0472,1355.56,UPI,iOS,0,0,1,3187.06,0,0.0604,1899,22,0,0,0
TXN0009762,USR00525,MER0053,1239.36,Card,Web,0,1,3,1261.26,0,0.0288,337,17,0,0,0
TXN0009763,USR03241,MER0119,2556.61,UPI,Android,0,0,3,1513.05,0,0.4734,698,6,0,0,0
TXN0009764,USR02089,MER0429,2241.21,UPI,Android,0,0,2,1545.86,0,0.398,269,23,0,0,0
TXN0009765,USR02662,MER0440,1364.66,Card,Android,0,1,1,1924.28,0,0.1787,1368,16,0,0,0
TXN0009766,USR02110,MER0384,1345.99,NetBanking,Android,1,2,1,1177.78,0,0.2289,481,7,0,0,0
TXN0009767,USR01245,MER0358,245.73,UPI,Android,0,0,2,807.8,0,0.2723,245,14,0,0,0
TXN0009768,USR01192,MER0431,1055.17,UPI,Android,0,1,1,1124.66,0,0.1177,383,13,1,0,0
TXN0009769,USR02455,MER0187,1018.04,Card,Android,0,1,2,3062.69,0,0.1629,545,11,0,0,0
TXN0009770,USR03010,MER0448,21369.91,Card,iOS,0,1,1,2057.66,0,0.2125,115,6,1,0,0
TXN0009771,USR00447,MER0444,626.1,UPI,Android,0,0,3,1469.98,0,0.1164,1884,20,0,0,0
TXN0009772,USR02960,MER0115,1757.79,Card,Android,0,0,2,1643.25,1,0.3577,712,11,0,0,0
TXN0009773,USR02906,MER0037,15400.58,Card,Android,1,2,1,2364.33,1,0.1093,529,6,0,0,0
TXN0009774,USR00382,MER0261,2187.85,Card,Android,0,0,2,2177.76,0,0.1238,755,6,0,0,0
TXN0009775,USR00379,MER0380,1406.69,UPI,Android,0,1,2,2330.88,0,0.2672,514,9,0,0,0
TXN0009776,USR02433,MER0425,221.08,UPI,iOS,0,0,1,270.42,0,0.25,1305,8,1,0,0
TXN0009777,USR02950,MER0072,10727.82,UPI,iOS,0,0,2,4818.53,0,0.308,641,16,0,0,0
TXN0009778,USR01379,MER0189,5593.33,Wallet,Android,0,2,2,1045.47,1,0.23,488,7,0,0,0
TXN0009779,USR02243,MER0384,2962.56,Card,iOS,0,0,1,3066.77,0,0.2238,691,6,1,0,0
TXN0009780,USR03500,MER0031,985.61,UPI,Web,0,0,1,1547.12,0,0.276,486,18,0,0,0
TXN0009781,USR01130,MER0362,5400.67,Card,iOS,0,1,1,2723.22,0,0.1057,464,18,0,0,0
TXN0009782,USR00788,MER0146,1613.53,UPI,iOS,0,0,1,1603.82,0,0.3226,267,19,0,0,0
TXN0009783,USR03471,MER0012,1035.45,Wallet,iOS,0,6,3,1886.82,0,0.3469,424,19,1,0,1
TXN0009784,USR00982,MER0121,4091.53,Card,Android,0,0,2,4279.3,0,0.3123,308,18,0,0,0
TXN0009785,USR01655,MER0371,2499.89,UPI,Web,0,0,2,3126.11,1,0.155,1041,1,0,1,0
TXN0009786,USR01548,MER0436,2304.46,UPI,Android,0,0,3,888.86,0,0.1318,528,9,0,0,0
TXN0009787,USR01832,MER0041,1498.63,UPI,Android,1,0,1,1626.98,0,0.281,717,15,0,0,1
TXN0009788,USR00941,MER0232,656.76,UPI,Android,0,0,1,1868.51,0,0.0523,876,19,0,0,0
TXN0009789,USR02377,MER0101,975.04,Card,Android,0,1,4,715.84,0,0.5032,403,11,0,0,0
TXN0009790,USR02422,MER0342,12511.4,UPI,iOS,1,1,2,3635.17,0,0.2349,720,15,0,1,1
TXN0009791,USR00702,MER0391,1240.67,Card,Android,0,0,1,550.93,0,0.4434,269,7,1,0,0
TXN0009792,USR01684,MER0482,1247.92,Card,Web,1,1,3,2902.55,0,0.7818,1276,10,0,0,0
TXN0009793,USR00201,MER0178,1736.73,UPI,iOS,0,0,1,2215.52,0,0.292,1243,7,1,0,0
TXN0009794,USR00774,MER0150,2824.39,UPI,Web,0,0,1,3035.53,0,0.3942,607,18,0,0,0
TXN0009795,USR03456,MER0155,3551.87,UPI,iOS,0,0,1,3784.18,0,0.9436,651,18,0,0,0
TXN0009796,USR01773,MER0381,2707.43,Card,iOS,0,1,2,2163.45,0,0.4147,678,7,0,0,0
TXN0009797,USR02180,MER0223,955.2,Card,Web,0,0,2,1286.5,0,0.1588,1501,12,0,0,0
TXN0009798,USR03111,MER0012,471.03,UPI,Web,1,0,1,957.36,0,0.3117,219,19,0,0,0
TXN0009799,USR02499,MER0474,3832.89,UPI,iOS,0,1,2,2030.58,0,0.1513,1312,15,1,0,0
TXN0009800,USR02774,MER0053,1146.56,NetBanking,Android,0,0,2,2706.71,0,0.01,1039,8,1,0,0
TXN0009801,USR02493,MER0465,581.4,UPI,Android,0,0,2,1088.94,0,0.2131,336,9,1,0,0
TXN0009802,USR01746,MER0081,906.46,UPI,Android,0,0,2,2149.49,0,0.8284,1004,7,0,0,0
TXN0009803,USR02215,MER0270,5015.36,UPI,Android,0,0,1,3392.99,0,0.2982,688,19,0,0,0
TXN0009804,USR01010,MER0157,2233.78,UPI,Android,0,0,1,2175.02,0,0.2103,524,14,0,0,0
TXN0009805,USR03117,MER0344,9766.46,Card,Android,0,0,1,5434.85,0,0.1285,1197,7,0,0,0
TXN0009806,USR00630,MER0202,891.85,Card,iOS,0,0,1,1650.17,0,0.233,477,19,1,0,0
TXN0009807,USR03095,MER0184,1581.77,UPI,Web,0,0,4,4098.88,0,0.3764,492,1,1,0,0
TXN0009808,USR03075,MER0239,1463.09,UPI,Android,0,1,2,2117.33,1,0.1681,1301,10,0,0,0
TXN0009809,USR00498,MER0486,1367.69,Card,Web,0,1,1,1639.72,0,0.3003,801,8,0,0,0
TXN0009810,USR02486,MER0123,933.79,UPI,Web,0,3,14,844.46,0,0.3316,822,4,1,0,1
TXN0009811,USR03464,MER0110,1554.48,NetBanking,iOS,0,1,3,5487.46,0,0.0834,443,12,0,0,0
TXN0009812,USR02003,MER0034,3398.11,Card,Web,0,1,2,2530.79,0,0.1778,1382,21,0,0,0
TXN0009813,USR01192,MER0370,561.93,Wallet,Web,1,0,2,1124.66,1,0.4025,286,6,1,1,1
TXN0009814,USR03079,MER0339,1374.55,UPI,Android,0,0,1,2303.12,0,0.3264,1241,12,1,0,0
TXN0009815,USR01794,MER0305,3481.7,Card,Android,0,1,1,1572.16,0,0.1928,1159,6,0,0,0
TXN0009816,USR00426,MER0012,175.1,UPI,Android,0,1,2,886.46,0,0.3642,850,11,0,0,0
TXN0009817,USR00873,MER0396,4570.25,NetBanking,Android,0,1,1,3809.0,0,0.2898,93,12,0,0,0
TXN0009818,USR02389,MER0405,3410.18,Card,Web,0,3,1,2849.89,0,0.3318,643,17,0,0,0
TXN0009819,USR01594,MER0473,540.76,Card,Android,0,1,1,1025.06,0,0.3009,1280,10,0,1,0
TXN0009820,USR00759,MER0465,1379.91,UPI,Android,0,0,3,2001.42,0,0.1659,824,16,1,0,0
TXN0009821,USR02797,MER0132,9935.89,Card,Web,0,0,2,4336.2,0,0.1982,514,15,0,0,0
TXN0009822,USR00423,MER0356,28487.69,Card,iOS,0,0,2,2378.75,0,0.3934,139,12,0,0,0
TXN0009823,USR00767,MER0202,3894.05,UPI,Android,0,0,2,1901.89,0,0.2326,593,15,0,0,0
TXN0009824,USR01630,MER0298,4863.25,Card,iOS,0,0,1,1315.06,0,0.1698,198,17,1,0,0
TXN0009825,USR00139,MER0167,1372.86,Card,Android,0,0,1,2374.19,0,0.3457,475,11,0,0,0
TXN0009826,USR01356,MER0329,456.94,Card,Android,0,1,1,1498.5,0,0.1007,716,9,0,0,0
TXN0009827,USR03185,MER0477,1898.39,UPI,Web,0,1,1,2072.79,0,0.0,169,18,1,0,0
TXN0009828,USR03295,MER0327,4417.43,Card,iOS,0,0,1,537.18,0,0.0933,1052,9,0,0,0
TXN0009829,USR03052,MER0461,552.69,UPI,Web,0,2,1,2208.84,0,0.1874,1567,2,1,0,0
TXN0009830,USR01134,MER0466,1163.36,Card,Android,0,2,2,2383.0,0,0.3991,316,12,0,0,0
TXN0009831,USR00228,MER0060,3173.5,Wallet,Android,0,4,1,6000.96,0,0.2835,592,21,0,0,0
TXN0009832,USR02853,MER0483,3496.12,UPI,iOS,0,0,3,2843.2,0,0.1425,575,5,1,0,0
TXN0009833,USR01307,MER0410,4450.5,Wallet,Android,1,0,5,1027.49,0,0.2243,676,17,1,0,0
TXN0009834,USR02621,MER0214,3090.08,Wallet,Web,0,0,2,5676.37,1,0.4413,770,9,0,0,0
TXN0009835,USR00418,MER0301,2555.2,UPI,Android,0,0,2,2360.01,0,0.4453,885,14,1,0,0
TXN0009836,USR02338,MER0309,2661.63,UPI,Web,0,1,1,6380.2,1,0.1644,468,16,0,0,0
TXN0009837,USR02053,MER0394,1723.86,Wallet,Android,0,1,3,2463.52,0,0.9893,761,21,0,0,0
TXN0009838,USR03222,MER0402,1835.43,NetBanking,Web,0,0,2,775.31,0,0.3108,335,0,0,1,0
TXN0009839,USR00357,MER0052,8248.55,UPI,Web,0,1,2,9662.07,1,0.4867,72,20,0,0,0
TXN0009840,USR01428,MER0001,574.62,NetBanking,Web,0,0,3,1074.99,0,0.2059,1144,12,0,0,0
TXN0009841,USR03465,MER0124,4581.8,UPI,iOS,0,1,1,2930.06,0,0.0232,760,8,0,0,0
TXN0009842,USR01364,MER0264,2427.06,UPI,Android,0,1,1,2600.06,0,0.2175,45,8,0,0,0
TXN0009843,USR02304,MER0425,2162.19,Wallet,Android,0,1,3,2676.14,0,0.2757,336,15,0,0,0
TXN0009844,USR00564,MER0327,7756.66,UPI,iOS,1,7,2,2283.03,0,0.1359,877,19,0,0,1
TXN0009845,USR02550,MER0068,4029.56,Wallet,Android,0,1,3,3214.55,0,0.5893,752,17,0,0,0
TXN0009846,USR00966,MER0359,3728.31,UPI,Android,0,0,2,5109.11,0,0.0981,498,22,0,0,0
TXN0009847,USR02003,MER0235,6358.01,UPI,Android,0,2,1,2530.79,0,0.1082,701,8,0,0,0
TXN0009848,USR03080,MER0185,563.6,NetBanking,Android,0,0,1,1386.86,0,0.1603,674,8,0,0,0
TXN0009849,USR02314,MER0386,755.16,UPI,iOS,1,0,4,832.45,0,0.1658,703,11,1,0,0
TXN0009850,USR01661,MER0148,14424.72,Card,iOS,1,1,1,12151.61,1,0.2223,1860,21,0,0,0
TXN0009851,USR00666,MER0310,397.97,NetBanking,iOS,0,0,3,1660.24,0,0.1301,419,16,0,0,0
TXN0009852,USR01195,MER0092,536.3,Wallet,iOS,1,0,2,1505.33,0,0.135,605,15,0,0,0
TXN0009853,USR02973,MER0191,1260.48,NetBanking,Web,1,2,1,1921.47,0,0.187,218,20,1,0,0
TXN0009854,USR00757,MER0279,845.89,NetBanking,Android,0,1,3,1960.73,0,0.2962,1259,9,1,0,0
TXN0009855,USR02298,MER0312,3706.57,UPI,iOS,0,0,1,3777.12,0,0.2763,529,15,0,0,0
TXN0009856,USR01698,MER0460,1202.14,Card,Android,0,0,3,1108.44,0,0.0578,516,9,0,0,0
TXN0009857,USR01124,MER0146,2147.56,UPI,Android,0,3,1,2465.5,0,0.2843,676,14,0,0,0
TXN0009858,USR02509,MER0448,7194.61,Card,Android,0,0,1,5089.64,0,0.1614,1458,8,1,0,0
TXN0009859,USR01268,MER0409,1086.4,Card,Android,0,0,3,1740.2,0,0.2641,91,18,1,0,0
TXN0009860,USR01004,MER0180,6197.92,UPI,iOS,1,0,1,6734.65,0,0.3613,504,17,1,0,0
TXN0009861,USR01853,MER0071,727.37,Wallet,Web,0,1,1,1574.7,0,0.045,573,10,0,0,0
TXN0009862,USR02653,MER0129,10135.9,UPI,iOS,0,0,3,8681.18,0,0.4016,50,18,0,0,0
TXN0009863,USR03025,MER0329,1038.83,Card,iOS,1,1,2,1034.01,0,0.0898,2123,8,0,0,0
TXN0009864,USR02205,MER0395,2208.43,UPI,Android,0,1,4,5502.65,0,0.3856,747,15,0,0,0
TXN0009865,USR02317,MER0307,598.29,UPI,Android,0,0,3,703.25,0,0.5846,1894,12,1,0,0
TXN0009866,USR02757,MER0363,3667.28,Card,Android,0,1,3,3961.73,0,0.0956,1079,22,0,0,0
TXN0009867,USR00943,MER0051,19461.89,Card,Android,0,0,1,2446.29,0,0.0163,585,15,0,0,0
TXN0009868,USR00879,MER0253,1548.21,Wallet,Android,0,3,2,1294.41,0,0.4429,476,20,1,0,0
TXN0009869,USR01694,MER0437,373.53,Wallet,Android,0,3,1,660.01,0,0.2904,423,6,0,0,0
TXN0009870,USR02209,MER0195,2417.2,Wallet,Android,0,0,1,1466.36,0,0.1406,729,17,0,0,0
TXN0009871,USR02261,MER0450,963.93,Wallet,Android,0,0,2,695.35,0,0.4306,125,19,1,0,1
TXN0009872,USR00539,MER0062,1558.3,NetBanking,Android,0,1,1,2760.17,0,0.1882,896,15,1,0,0
TXN0009873,USR02733,MER0490,603.93,UPI,Android,0,0,1,1445.48,0,0.3175,1994,20,0,0,0
TXN0009874,USR01274,MER0393,1441.98,Card,Android,1,0,1,2417.39,0,0.2206,937,21,0,0,0
TXN0009875,USR03071,MER0314,2040.5,UPI,Android,1,2,1,6189.05,0,0.1471,1397,19,0,0,0
TXN0009876,USR02536,MER0309,2819.21,Card,Android,0,0,3,2551.52,0,0.1929,221,15,0,0,0
TXN0009877,USR03441,MER0469,6138.2,Wallet,iOS,0,1,2,2752.11,0,0.2217,628,12,0,0,0
TXN0009878,USR02211,MER0189,2697.09,Card,Android,0,2,1,1018.84,0,0.19,469,9,0,0,0
TXN0009879,USR01847,MER0083,1908.79,Card,Android,0,0,2,4396.43,0,0.2475,270,7,0,0,0
TXN0009880,USR00658,MER0460,6827.57,Card,iOS,0,2,2,4073.37,0,0.0769,2227,11,0,0,0
TXN0009881,USR01396,MER0052,3187.79,UPI,iOS,0,0,2,3153.42,0,0.496,193,17,1,0,1
TXN0009882,USR03005,MER0330,423.06,NetBanking,iOS,0,0,1,2496.38,0,0.9767,387,10,1,0,0
TXN0009883,USR01338,MER0133,1907.44,UPI,Android,0,1,1,2547.43,0,0.3137,849,23,0,0,0
TXN0009884,USR00187,MER0465,2209.07,UPI,Web,0,1,2,3196.39,0,0.2346,311,11,1,0,0
TXN0009885,USR00858,MER0487,13962.97,UPI,Android,1,1,1,6138.74,0,0.3169,423,10,0,0,0
TXN0009886,USR02084,MER0238,1551.34,NetBanking,Web,0,0,2,3053.26,0,0.3564,701,22,1,0,0
TXN0009887,USR02202,MER0267,1790.23,Card,iOS,0,0,2,1254.75,0,0.2907,508,14,0,0,0
TXN0009888,USR03444,MER0228,4584.1,Card,Android,0,0,1,5205.4,0,0.0504,373,20,1,0,0
TXN0009889,USR03269,MER0213,2444.82,UPI,Android,0,0,2,7278.72,0,0.6547,540,18,1,0,0
TXN0009890,USR01861,MER0469,776.05,UPI,Android,0,2,11,1214.14,0,0.1302,434,11,0,0,0
TXN0009891,USR01941,MER0144,2773.26,UPI,iOS,0,2,11,967.78,0,0.5556,875,8,1,0,0
TXN0009892,USR02803,MER0480,947.07,UPI,Web,0,0,2,1128.0,0,0.3073,824,15,0,0,0
TXN0009893,USR00171,MER0326,15789.01,Card,Web,1,1,1,8645.94,0,0.3296,1014,17,0,0,0
TXN0009894,USR02084,MER0481,5360.02,UPI,Web,0,1,3,3053.26,0,0.4754,722,9,1,0,0
TXN0009895,USR01660,MER0307,987.63,UPI,Android,0,0,1,1433.76,0,0.5615,374,21,0,0,0
TXN0009896,USR02741,MER0410,902.14,Card,Android,0,0,2,2389.5,0,0.2035,2207,20,1,0,0
TXN0009897,USR02802,MER0245,3706.49,Card,iOS,0,0,2,8929.8,0,0.0101,345,21,0,0,0
TXN0009898,USR02295,MER0232,7479.76,Wallet,Android,0,1,3,2764.89,0,0.0894,298,19,1,0,0
TXN0009899,USR02301,MER0129,2336.94,UPI,Android,1,0,3,2202.49,0,0.3833,219,12,0,0,0
TXN0009900,USR02419,MER0106,970.88,Card,Android,1,0,3,3556.58,0,0.0369,324,18,0,0,0
TXN0009901,USR02031,MER0019,9306.57,UPI,Android,0,1,1,5367.0,0,0.0146,458,0,0,0,0
TXN0009902,USR00798,MER0192,500.84,NetBanking,iOS,0,1,1,1906.1,0,0.5934,252,9,0,0,1
TXN0009903,USR00996,MER0494,961.65,NetBanking,Android,0,7,2,1832.54,0,0.9129,433,19,1,0,0
TXN0009904,USR02597,MER0470,6351.7,UPI,Android,0,0,1,6297.74,0,0.1862,1415,19,0,0,0
TXN0009905,USR02165,MER0346,5072.59,UPI,Android,0,0,2,868.62,0,0.1352,119,9,0,0,0
TXN0009906,USR00833,MER0182,2417.17,UPI,iOS,0,0,2,1412.1,0,0.4981,215,5,0,0,0
TXN0009907,USR03073,MER0261,2011.63,UPI,Android,0,4,2,2992.98,0,0.183,453,7,0,0,0
TXN0009908,USR03433,MER0379,2695.93,UPI,Android,0,2,1,2776.96,0,0.0627,795,12,0,0,0
TXN0009909,USR02192,MER0002,5773.14,UPI,Android,0,1,3,3129.98,0,0.3416,364,21,1,0,0
TXN0009910,USR00798,MER0462,5047.02,UPI,Android,0,0,2,1906.1,0,0.3025,274,10,0,0,0
TXN0009911,USR03284,MER0436,2850.8,UPI,iOS,0,1,1,3581.93,0,0.1437,150,9,0,0,0
TXN0009912,USR00829,MER0486,861.04,UPI,Android,0,2,1,1059.49,0,0.3355,168,1,1,0,0
TXN0009913,USR01514,MER0048,1998.27,UPI,iOS,0,1,2,3818.73,0,0.2198,943,8,0,0,0
TXN0009914,USR03006,MER0474,2863.75,UPI,iOS,1,0,1,1864.92,0,0.1713,438,7,0,0,0
TXN0009915,USR01823,MER0307,5457.03,Wallet,Android,1,0,2,2740.67,0,0.572,1485,11,0,0,0
TXN0009916,USR00851,MER0278,434.59,UPI,iOS,0,1,1,1845.03,0,0.1305,443,16,0,0,0
TXN0009917,USR00281,MER0090,634.1,UPI,Android,0,2,2,887.06,0,0.041,705,22,1,1,0
TXN0009918,USR01264,MER0246,2387.14,NetBanking,Android,0,0,2,6012.12,0,0.3942,661,21,0,0,0
TXN0009919,USR02353,MER0182,2850.92,UPI,iOS,0,1,1,2688.52,0,0.5456,343,20,0,0,0
TXN0009920,USR02502,MER0494,303.45,UPI,Android,0,0,2,777.86,0,0.9361,235,15,0,0,0
TXN0009921,USR00781,MER0170,796.18,Card,iOS,0,1,2,2165.33,0,0.9238,20,14,1,0,0
TXN0009922,USR00556,MER0110,2651.88,UPI,Android,0,1,1,1241.52,0,0.1078,1077,18,0,0,0
TXN0009923,USR02456,MER0474,1217.18,Card,Android,0,0,3,1441.61,0,0.1237,255,7,1,0,0
TXN0009924,USR00557,MER0094,2299.8,Wallet,Android,0,1,3,2524.27,0,0.1312,697,17,0,0,0
TXN0009925,USR00225,MER0453,2680.83,Card,Android,0,0,1,2065.38,1,0.38,442,8,0,0,0
TXN0009926,USR01703,MER0482,1794.32,Wallet,Android,0,1,1,937.66,0,0.8324,98,17,0,0,1
TXN0009927,USR01999,MER0154,2316.02,UPI,Android,0,1,2,3291.14,0,0.2587,1523,8,0,1,0
TXN0009928,USR00853,MER0345,2062.87,UPI,iOS,1,0,2,2884.76,1,0.0798,637,7,1,1,0
TXN0009929,USR00740,MER0399,6551.27,UPI,Web,0,1,1,2141.67,0,0.2484,813,4,0,0,0
TXN0009930,USR00825,MER0269,672.75,UPI,Web,1,0,2,324.63,0,0.4272,1015,12,0,0,0
TXN0009931,USR01200,MER0349,1782.95,Card,Web,0,0,2,1968.61,1,0.2163,855,12,0,0,0
TXN0009932,USR00033,MER0067,1856.79,Card,iOS,0,0,3,2407.14,0,0.4657,233,20,0,0,0
TXN0009933,USR00042,MER0259,5209.68,UPI,iOS,0,0,2,4133.29,0,0.4439,1080,16,0,0,0
TXN0009934,USR01297,MER0257,5922.82,NetBanking,Android,0,7,7,1665.81,0,0.2232,521,19,0,0,1
TXN0009935,USR00070,MER0284,3085.32,UPI,Web,0,0,1,3074.59,0,0.2719,495,12,0,0,0
TXN0009936,USR01114,MER0473,6254.83,NetBanking,Android,0,0,3,1353.14,0,0.3275,1713,9,0,0,0
TXN0009937,USR02034,MER0413,20781.3,UPI,iOS,0,0,3,5392.96,0,0.1427,1721,18,0,0,0
TXN0009938,USR00110,MER0302,6776.15,Card,iOS,0,1,1,2734.51,0,0.4871,530,13,0,0,0
TXN0009939,USR02163,MER0202,7159.15,Card,Web,0,0,1,3206.94,0,0.2127,772,17,0,0,0
TXN0009940,USR02175,MER0203,934.62,Card,Android,0,0,1,1409.0,0,0.1883,1218,17,1,0,0
TXN0009941,USR02007,MER0011,697.49,Wallet,Android,0,0,1,1129.31,0,0.2862,620,5,1,0,0
TXN0009942,USR02194,MER0276,579.02,Card,Android,0,0,3,2280.01,0,0.1644,575,16,0,0,0
TXN0009943,USR02833,MER0127,5236.59,Card,iOS,0,0,1,2748.16,0,0.3423,964,20,0,0,0
TXN0009944,USR00248,MER0444,3374.38,Wallet,iOS,0,0,1,3356.08,0,0.1448,535,16,1,0,0
TXN0009945,USR00591,MER0387,626.55,UPI,Android,0,0,1,2408.77,0,0.8461,520,14,1,0,0
TXN0009946,USR01110,MER0457,14495.3,Card,Web,1,0,1,6414.07,0,0.2045,918,20,1,0,0
TXN0009947,USR02409,MER0498,2337.28,Card,Android,1,0,2,3132.65,1,0.9312,418,15,0,0,0
TXN0009948,USR03055,MER0201,894.9,UPI,Web,0,0,1,1097.56,0,0.2082,646,11,0,0,0
TXN0009949,USR03216,MER0215,432.54,UPI,Web,0,2,2,1351.54,0,0.321,1076,8,0,0,0
TXN0009950,USR02038,MER0305,3970.75,UPI,Web,0,0,1,2928.74,0,0.2453,374,10,0,0,0
TXN0009951,USR01436,MER0216,5067.35,UPI,iOS,0,0,1,3711.9,0,0.0745,1125,11,0,0,0
TXN0009952,USR01442,MER0140,1278.25,Card,iOS,0,0,1,1391.03,0,0.6388,62,12,0,0,0
TXN0009953,USR00210,MER0354,1176.77,Card,Android,0,0,2,1671.8,0,0.2265,507,10,1,0,0
TXN0009954,USR01628,MER0226,30225.89,UPI,Android,1,0,2,4795.33,0,0.1639,356,18,0,0,1
TXN0009955,USR01795,MER0471,916.5,Card,Android,0,1,1,2291.55,0,0.2073,1276,9,0,0,0
TXN0009956,USR00729,MER0110,1379.42,UPI,Android,1,1,2,2437.8,0,0.1337,93,18,1,0,0
TXN0009957,USR02688,MER0222,4746.28,NetBanking,Android,0,0,1,2996.42,0,0.0,368,9,0,0,0
TXN0009958,USR02842,MER0266,622.83,Card,Android,0,1,3,1359.22,0,0.1481,331,22,0,0,0
TXN0009959,USR01058,MER0454,649.78,UPI,Android,0,1,2,1495.39,0,0.3392,521,15,0,0,0
TXN0009960,USR03200,MER0290,2014.55,UPI,iOS,0,0,1,937.73,0,0.1232,1826,12,0,0,0
TXN0009961,USR00375,MER0035,2387.74,Wallet,Android,0,1,1,1623.54,0,0.3322,700,12,1,0,0
TXN0009962,USR03188,MER0169,9240.51,Card,Android,0,0,1,6855.27,0,0.2807,1002,15,0,0,0
TXN0009963,USR02689,MER0444,3737.98,UPI,iOS,0,1,3,3447.44,0,0.1535,1065,18,0,0,0
TXN0009964,USR00784,MER0137,2582.96,Card,Web,0,0,1,4469.55,0,0.1722,235,9,0,0,0
TXN0009965,USR02276,MER0171,2381.31,UPI,Android,0,0,1,3002.88,0,0.1826,1864,18,0,0,0
TXN0009966,USR01088,MER0076,1348.27,NetBanking,Web,0,2,3,1500.43,0,0.069,1381,10,1,0,0
TXN0009967,USR02800,MER0360,1770.7,Wallet,Android,0,0,3,1012.17,0,0.4308,1229,18,0,0,0
TXN0009968,USR00563,MER0070,3536.48,UPI,iOS,0,0,1,2736.05,0,0.0007,490,5,0,0,0
TXN0009969,USR00858,MER0184,2993.89,Card,Web,0,0,2,6138.74,0,0.3317,1624,14,0,0,0
TXN0009970,USR01076,MER0356,4902.19,Wallet,Android,0,2,1,2918.91,0,0.3836,718,9,0,0,0
TXN0009971,USR00699,MER0448,1602.46,UPI,Web,1,1,3,5641.0,0,0.172,257,19,0,0,0
TXN0009972,USR01165,MER0111,1718.48,Wallet,iOS,1,0,1,2275.37,0,0.5454,1599,5,0,0,0
TXN0009973,USR02110,MER0167,492.31,UPI,Web,1,1,2,1177.78,0,0.3285,784,14,0,0,0
TXN0009974,USR02216,MER0059,1038.74,UPI,Android,0,0,3,2024.09,0,0.3678,616,22,0,0,0
TXN0009975,USR01939,MER0219,2484.41,NetBanking,Android,0,0,1,652.39,0,0.2198,669,15,0,0,0
TXN0009976,USR00664,MER0500,809.45,Card,iOS,0,0,1,2453.42,0,0.2024,917,10,0,0,0
TXN0009977,USR00709,MER0153,1439.57,UPI,Android,0,0,3,2729.62,0,0.2081,251,19,0,0,0
TXN0009978,USR03218,MER0130,2610.17,Card,Web,0,0,3,1900.14,0,0.8533,237,18,0,0,0
TXN0009979,USR00880,MER0200,1294.99,Card,Android,0,0,2,1909.63,0,0.1326,797,0,0,0,0
TXN0009980,USR00361,MER0449,6726.65,Card,Android,0,2,1,6322.25,0,0.0247,432,2,1,0,0
TXN0009981,USR01589,MER0274,5059.76,UPI,Android,0,0,3,1900.36,0,0.0544,100,7,0,0,0
TXN0009982,USR00025,MER0305,4210.2,Card,iOS,0,0,2,2762.62,0,0.2593,86,12,0,0,0
TXN0009983,USR01200,MER0391,1336.26,Wallet,Android,0,0,1,1968.61,0,0.5257,663,9,0,0,0
TXN0009984,USR02993,MER0358,1321.89,Wallet,Android,0,1,2,1530.12,0,0.2626,903,6,1,1,0
TXN0009985,USR00936,MER0300,4447.68,UPI,iOS,0,0,4,3191.04,0,0.197,932,12,0,0,0
TXN0009986,USR02464,MER0281,3941.87,NetBanking,iOS,0,1,2,2623.37,0,0.379,396,7,1,0,0
TXN0009987,USR01715,MER0267,3808.41,UPI,Android,0,0,2,3944.29,0,0.2664,1413,18,0,1,0
TXN0009988,USR01244,MER0091,3309.55,Wallet,Android,0,0,1,2683.64,0,0.34,283,16,1,0,0
TXN0009989,USR02316,MER0208,3861.89,UPI,iOS,0,1,3,3129.33,0,0.3166,121,12,0,0,0
TXN0009990,USR02085,MER0424,1864.01,NetBanking,Android,0,0,1,2094.12,0,0.5787,351,10,1,0,0
TXN0009991,USR01114,MER0020,832.48,Wallet,iOS,0,0,3,1353.14,0,0.5339,786,9,0,0,0
TXN0009992,USR00783,MER0414,3707.85,Wallet,Android,0,0,2,2283.67,0,0.2273,653,7,1,0,0
TXN0009993,USR03209,MER0283,2103.16,UPI,iOS,0,1,3,1792.03,0,0.1327,981,11,1,0,0
TXN0009994,USR00590,MER0175,362.13,Wallet,Android,0,0,1,1703.29,0,0.2874,835,6,0,1,0
TXN0009995,USR03359,MER0058,3113.77,UPI,Android,1,1,1,5932.44,0,0.0867,751,14,0,0,0
TXN0009996,USR01650,MER0382,3641.06,UPI,Android,0,1,1,5410.59,0,0.256,594,22,0,0,0
TXN0009997,USR03489,MER0001,1810.97,NetBanking,Android,0,0,2,2200.49,1,0.2172,288,19,0,0,0
TXN0009998,USR01237,MER0272,2440.87,Card,iOS,0,1,1,1078.44,1,0.4915,593,22,1,0,0
TXN0009999,USR01980,MER0082,25309.0,Card,Android,0,1,1,2652.45,0,0.1786,445,10,1,0,1
TXN0010000,USR02154,MER0455,224.71,UPI,Android,0,0,3,1387.38,0,0.4794,233,13,0,0,0
TXN0010001,USR01186,MER0092,7249.35,Card,Web,0,0,3,6121.08,0,0.1367,100,18,0,0,0
TXN0010002,USR00764,MER0402,12857.54,UPI,Android,0,0,2,3652.8,0,0.3223,644,11,0,0,0
TXN0010003,USR01822,MER0288,2019.03,UPI,iOS,0,0,10,2417.1,0,0.2203,345,7,0,0,0
TXN0010004,USR02321,MER0021,1968.19,NetBanking,iOS,0,0,3,1399.62,1,0.3548,982,14,0,0,0
TXN0010005,USR00915,MER0361,9237.62,Card,Web,0,0,4,8718.4,0,0.2204,1186,22,0,0,0
TXN0010006,USR02685,MER0440,2081.51,UPI,Web,0,0,2,2838.64,0,0.1654,583,19,1,0,0
TXN0010007,USR02237,MER0111,2150.2,Card,Android,0,0,2,2213.34,0,0.5121,783,10,1,0,0
TXN0010008,USR00584,MER0485,2361.62,UPI,Web,0,2,1,1662.99,0,0.1395,598,10,0,0,0
TXN0010009,USR03286,MER0400,3815.43,UPI,Android,0,1,3,2877.13,0,0.1998,397,3,0,0,0
TXN0010010,USR00154,MER0372,6994.9,Wallet,Android,0,0,3,6419.66,0,0.5769,283,18,0,0,0
TXN0010011,USR02289,MER0169,2260.56,UPI,Android,0,1,1,3617.17,0,0.2708,127,3,1,0,0
TXN0010012,USR01539,MER0060,8927.82,UPI,Android,0,0,1,1232.92,0,0.2868,423,14,1,0,0
TXN0010013,USR02289,MER0215,4457.3,UPI,iOS,0,1,1,3617.17,0,0.258,2234,20,0,1,0
TXN0010014,USR02710,MER0404,2027.9,Card,Web,0,0,3,1231.25,0,0.3728,176,17,0,0,0
TXN0010015,USR02406,MER0294,1944.54,UPI,Android,0,0,1,2946.58,0,0.2947,1016,16,1,0,0
TXN0010016,USR02278,MER0324,2804.42,UPI,Android,0,1,2,2572.05,0,0.1162,1701,7,0,0,0
TXN0010017,USR02944,MER0391,1795.04,NetBanking,iOS,0,0,4,1655.77,0,0.5156,1013,7,1,0,0
TXN0010018,USR02457,MER0170,539.87,Card,iOS,0,0,3,2248.33,0,0.8991,62,14,0,0,0
TXN0010019,USR02849,MER0019,1825.68,UPI,Web,0,0,1,3215.39,0,0.0912,916,22,0,0,0
TXN0010020,USR01410,MER0443,619.3,Wallet,Android,0,0,8,1105.33,0,0.1987,1590,11,0,1,0
TXN0010021,USR00710,MER0307,2957.27,Card,Android,0,0,2,4790.31,0,0.4962,1919,13,0,0,0
TXN0010022,USR00823,MER0283,1700.05,Wallet,Android,0,0,1,3861.07,0,0.0942,528,11,0,0,0
TXN0010023,USR02143,MER0287,3192.56,UPI,Android,0,2,1,3251.93,0,0.071,260,10,0,0,0
TXN0010024,USR01862,MER0427,8523.05,UPI,Web,0,1,8,3276.17,0,0.2112,405,8,0,0,1
TXN0010025,USR00271,MER0385,1890.04,UPI,Android,1,0,2,1808.76,1,0.1726,1126,16,0,0,0
TXN0010026,USR00716,MER0336,1302.14,Card,Android,0,1,2,3204.39,0,0.0732,107,3,0,0,0
TXN0010027,USR03387,MER0392,351.9,UPI,Android,0,0,1,777.12,0,0.3074,277,14,0,0,0
TXN0010028,USR02542,MER0145,1482.97,UPI,iOS,0,0,2,2045.26,0,0.1782,830,12,0,0,0
TXN0010029,USR02643,MER0356,471.69,UPI,Android,0,1,2,1374.11,0,0.3849,1397,8,0,0,0
TXN0010030,USR00690,MER0488,1661.86,UPI,Android,1,1,1,1403.17,0,0.1962,648,15,0,0,0
TXN0010031,USR00225,MER0118,5204.61,UPI,Web,0,0,3,2065.38,0,0.091,100,13,0,0,0
TXN0010032,USR01020,MER0286,4276.28,UPI,iOS,0,0,10,6805.53,0,0.3105,1519,2,1,0,1
TXN0010033,USR03000,MER0341,4315.49,Card,Web,0,0,1,4294.76,0,0.2778,1099,16,0,0,0
TXN0010034,USR01773,MER0259,1511.13,Wallet,Android,0,2,1,2163.45,0,0.4406,545,10,1,0,0
TXN0010035,USR02747,MER0485,1370.56,NetBanking,Android,1,1,1,2267.21,0,0.21,1098,16,1,0,0
TXN0010036,USR01704,MER0202,5382.55,UPI,iOS,0,0,1,4936.56,0,0.2109,245,19,0,0,0
TXN0010037,USR01716,MER0109,1692.49,UPI,Android,0,0,1,2868.48,0,0.4297,278,6,1,0,0
TXN0010038,USR02103,MER0069,4086.21,UPI,Web,0,9,1,7688.04,0,0.9811,247,16,0,0,1
TXN0010039,USR03357,MER0425,763.76,Card,Web,1,0,3,2576.39,0,0.3301,679,9,0,0,0
TXN0010040,USR01532,MER0344,3957.95,UPI,Android,0,1,4,3971.82,0,0.1849,1872,13,0,0,0
TXN0010041,USR02086,MER0289,7128.01,Wallet,Web,0,0,1,3475.66,0,0.0266,522,7,0,0,0
TXN0010042,USR03219,MER0216,6475.25,NetBanking,Web,0,0,2,4090.74,0,0.0865,1281,19,0,1,0
TXN0010043,USR01304,MER0205,3728.44,UPI,iOS,0,0,1,1338.78,0,0.7676,1236,4,0,0,0
TXN0010044,USR02940,MER0468,323.41,UPI,Android,0,0,1,552.57,0,0.3055,737,9,0,0,0
TXN0010045,USR01873,MER0341,3955.65,Card,Android,0,0,1,2253.67,0,0.2416,1259,17,0,0,0
TXN0010046,USR03077,MER0483,629.26,Card,Android,1,0,2,1463.29,0,0.162,728,18,0,0,0
TXN0010047,USR01638,MER0401,2985.81,Wallet,Web,0,1,1,1883.64,0,0.2165,1186,20,0,0,0
TXN0010048,USR02204,MER0384,8648.36,UPI,Android,0,0,2,2783.07,0,0.2025,1982,21,0,0,0
TXN0010049,USR01132,MER0277,2476.01,UPI,Web,0,0,2,1818.14,0,0.4172,545,9,0,0,0
TXN0010050,USR02223,MER0122,11455.03,Card,iOS,0,0,1,3639.79,0,0.2664,1543,21,0,1,0
TXN0010051,USR01142,MER0327,829.7,Card,Web,0,0,3,1342.31,1,0.1082,768,20,0,0,0
TXN0010052,USR02133,MER0358,2558.18,Card,Android,0,0,4,2962.23,1,0.255,761,18,1,1,0
TXN0010053,USR02761,MER0261,2267.43,UPI,iOS,0,0,4,4608.66,0,0.1611,1233,8,0,0,0
TXN0010054,USR01523,MER0011,910.5,UPI,Android,0,0,3,933.5,0,0.2135,828,18,0,0,0
TXN0010055,USR01503,MER0481,6614.56,UPI,iOS,0,1,2,5726.52,0,0.436,1331,19,1,0,0
TXN0010056,USR01128,MER0414,2368.72,Wallet,Android,0,0,3,2443.92,0,0.2601,1589,18,0,0,0
TXN0010057,USR02557,MER0177,2095.05,UPI,Android,0,3,1,3098.62,1,0.347,953,9,0,0,0
TXN0010058,USR02073,MER0247,1799.06,UPI,iOS,0,1,2,2692.79,0,0.1282,62,13,0,0,0
TXN0010059,USR01808,MER0062,2547.31,UPI,Android,0,1,1,2088.64,0,0.2107,414,17,1,0,0
TXN0010060,USR00090,MER0469,2875.32,Wallet,iOS,1,0,1,3390.06,0,0.1998,457,7,0,0,0
TXN0010061,USR00386,MER0116,932.08,Card,Android,0,0,1,2245.57,0,0.1508,183,18,0,0,0
TXN0010062,USR00027,MER0189,645.51,Wallet,Android,0,1,1,2660.02,0,0.2288,956,6,0,0,0
TXN0010063,USR02976,MER0215,4340.46,NetBanking,Android,0,0,3,7005.75,0,0.2972,948,13,0,0,0
TXN0010064,USR02981,MER0132,1291.24,UPI,Android,0,0,1,3672.37,1,0.2588,1372,15,1,0,0
TXN0010065,USR00238,MER0318,1274.78,NetBanking,iOS,0,0,1,2445.83,1,0.2459,380,18,0,0,0
TXN0010066,USR00163,MER0498,530.62,UPI,Android,0,0,1,756.59,0,0.9167,1637,23,0,0,0
TXN0010067,USR02736,MER0428,1790.0,Card,Web,0,0,1,2090.5,0,0.0295,376,14,0,0,0
TXN0010068,USR01837,MER0266,977.83,UPI,iOS,0,0,1,1660.47,0,0.1433,1059,13,0,0,0
TXN0010069,USR01082,MER0066,26494.44,Card,Web,0,0,2,5750.4,1,0.1224,1449,11,0,0,0
TXN0010070,USR02153,MER0432,943.89,Card,iOS,0,0,1,2460.22,0,0.0854,693,17,1,0,0
TXN0010071,USR00828,MER0129,2926.94,UPI,Android,0,0,2,1288.3,0,0.3749,2621,19,0,0,0
TXN0010072,USR00694,MER0456,953.12,UPI,Android,0,0,9,1126.4,0,0.0971,935,19,0,0,0
TXN0010073,USR01287,MER0198,2522.66,UPI,iOS,0,0,2,4257.72,0,0.1723,1111,6,0,0,0
TXN0010074,USR03136,MER0260,3174.45,UPI,iOS,0,0,1,2186.02,0,0.543,298,8,0,0,0
TXN0010075,USR02686,MER0219,1345.69,Card,iOS,0,0,2,1960.07,0,0.265,919,16,0,0,0
TXN0010076,USR00666,MER0228,883.34,Card,Android,0,0,1,1660.24,0,0.0834,136,12,1,0,0
TXN0010077,USR01967,MER0083,7777.55,UPI,iOS,0,1,1,2253.71,0,0.1343,463,18,0,0,0
TXN0010078,USR03096,MER0277,674.43,UPI,Android,0,1,2,3442.25,0,0.4184,1751,18,1,0,0
TXN0010079,USR03331,MER0202,1610.82,NetBanking,Android,0,3,2,2019.91,0,0.2174,547,16,0,0,0
TXN0010080,USR02671,MER0424,2191.88,Card,iOS,1,0,2,2009.55,1,0.5024,239,4,0,0,0
TXN0010081,USR00452,MER0239,10275.16,Card,Android,0,2,2,3919.46,0,0.1565,2006,16,0,0,0
TXN0010082,USR00843,MER0483,2737.5,UPI,Android,0,1,2,3834.03,0,0.1386,580,18,1,0,0
TXN0010083,USR00766,MER0149,6507.9,Card,Android,0,0,2,1007.11,0,0.2322,365,9,0,0,0
TXN0010084,USR00528,MER0165,2741.98,Wallet,Web,0,1,2,1668.82,0,0.1421,890,11,0,0,0
TXN0010085,USR00614,MER0019,2612.22,UPI,Web,0,0,1,2483.5,0,0.072,633,21,0,0,0
TXN0010086,USR01107,MER0370,1223.62,Card,Android,0,2,1,3663.68,0,0.4165,150,9,0,0,0
TXN0010087,USR01945,MER0037,2637.53,UPI,Web,0,1,4,2337.9,0,0.1484,1002,20,1,0,0
TXN0010088,USR01393,MER0143,1613.36,UPI,Web,0,0,2,3864.77,0,0.1294,1067,7,1,0,0
TXN0010089,USR01473,MER0456,6647.53,Card,iOS,0,0,1,4710.55,0,0.0879,60,21,0,0,0
TXN0010090,USR00861,MER0306,2671.31,Card,Web,0,0,3,3893.3,0,0.1847,412,22,0,0,0
TXN0010091,USR00529,MER0280,1639.73,Card,iOS,0,0,2,4078.26,0,0.4256,415,14,1,0,0
TXN0010092,USR03497,MER0403,5085.53,Card,Android,0,1,1,10707.06,0,0.4985,1336,8,1,0,0
TXN0010093,USR02097,MER0386,2125.82,Card,Android,0,1,2,1210.19,0,0.1566,55,13,0,0,0
TXN0010094,USR00804,MER0444,236.65,Card,Android,0,2,1,1067.53,0,0.1476,653,18,0,0,0
TXN0010095,USR02835,MER0333,5051.98,UPI,Android,1,1,1,2502.23,0,0.4232,545,12,0,0,0
TXN0010096,USR02908,MER0225,3053.12,UPI,Android,0,2,2,1480.67,0,0.3034,806,7,1,0,0
TXN0010097,USR03384,MER0066,2698.03,UPI,Android,0,1,1,3600.73,0,0.1403,502,18,1,0,0
TXN0010098,USR00557,MER0185,873.5,NetBanking,Android,0,0,2,2524.27,0,0.1449,562,10,0,0,0
TXN0010099,USR02240,MER0353,2309.28,UPI,Android,0,0,1,1626.96,0,0.5989,1037,9,0,0,0
TXN0010100,USR03431,MER0127,1866.62,UPI,Android,0,0,2,2785.17,0,0.2734,782,10,0,1,0
TXN0010101,USR02824,MER0336,980.91,Card,iOS,0,0,2,3069.8,0,0.05,272,17,1,0,0
TXN0010102,USR00790,MER0067,6954.83,Card,iOS,0,1,2,1849.39,0,0.5227,67,12,1,0,0
TXN0010103,USR03126,MER0031,935.19,Wallet,Android,0,0,1,1858.5,0,0.2836,769,19,1,0,0
TXN0010104,USR01476,MER0183,462.11,Card,Android,1,0,1,1402.14,0,0.2052,421,15,0,0,0
TXN0010105,USR01712,MER0115,607.26,UPI,iOS,0,0,2,519.94,1,0.3527,996,7,0,0,0
TXN0010106,USR01955,MER0436,2441.0,UPI,Android,0,0,1,2694.62,0,0.1858,1121,18,1,0,0
TXN0010107,USR02700,MER0190,5209.44,Wallet,Android,0,1,3,1878.39,0,0.115,1263,18,0,0,0
TXN0010108,USR00422,MER0210,2335.5,Wallet,Android,1,1,3,3229.09,0,0.478,423,21,0,0,0
TXN0010109,USR01888,MER0202,2945.57,NetBanking,iOS,0,0,2,4041.73,0,0.1782,69,16,0,0,0
TXN0010110,USR02859,MER0159,1810.29,Wallet,Android,0,1,2,1495.0,0,0.1121,472,23,0,0,0
TXN0010111,USR01920,MER0459,1227.62,UPI,Web,0,1,10,1117.87,0,0.1146,966,8,1,0,0
TXN0010112,USR00962,MER0370,5943.3,UPI,Android,0,0,1,5294.34,0,0.3865,1578,12,1,0,0
TXN0010113,USR00197,MER0080,2710.98,Card,Android,0,1,5,2343.17,0,0.0233,1274,17,0,0,0
TXN0010114,USR01923,MER0108,2656.04,Card,iOS,1,2,1,2480.14,0,0.9249,595,6,0,0,0
TXN0010115,USR02462,MER0041,746.1,UPI,Android,0,0,1,1058.62,0,0.3125,1730,10,1,0,0
TXN0010116,USR01924,MER0129,3403.77,Card,Web,0,0,2,1964.73,0,0.3922,726,15,0,0,0
TXN0010117,USR03428,MER0329,1509.24,NetBanking,iOS,0,5,1,2055.94,0,0.1268,431,22,0,0,0
TXN0010118,USR02110,MER0468,1999.23,UPI,iOS,0,0,2,1177.78,0,0.3357,259,22,1,0,0
TXN0010119,USR01779,MER0241,4458.31,UPI,Web,0,1,1,1725.61,1,0.1098,191,12,1,0,0
TXN0010120,USR00195,MER0041,1024.94,UPI,Android,0,0,2,1754.99,0,0.2797,331,9,0,0,0
TXN0010121,USR01956,MER0024,47279.54,UPI,Android,0,0,2,8800.86,0,0.2975,80,18,0,0,0
TXN0010122,USR00591,MER0208,1371.68,Wallet,Android,1,2,1,2408.77,0,0.3394,390,21,0,0,0
TXN0010123,USR02537,MER0133,498.46,Card,iOS,0,0,2,870.79,0,0.3082,1028,12,0,0,0
TXN0010124,USR00565,MER0289,9507.49,UPI,Web,0,0,1,6775.32,0,0.0228,1437,17,1,0,0
TXN0010125,USR03174,MER0060,2132.9,Wallet,Android,0,0,3,1631.59,0,0.2787,548,6,1,0,0
TXN0010126,USR01058,MER0116,1497.94,UPI,Android,0,1,2,1495.39,0,0.1814,250,3,1,0,1
TXN0010127,USR01519,MER0278,1417.64,Card,iOS,0,0,3,826.84,0,0.0976,252,7,0,0,0
TXN0010128,USR00508,MER0141,2292.72,Card,iOS,0,1,2,2009.42,0,0.5763,299,14,1,0,0
TXN0010129,USR00738,MER0183,4433.77,Wallet,Android,0,0,2,1053.29,0,0.2106,799,9,0,0,0
TXN0010130,USR03227,MER0111,916.6,UPI,Android,0,1,1,1001.24,0,0.4809,716,16,0,0,0
TXN0010131,USR00993,MER0026,713.17,Card,Android,0,0,2,1387.08,1,0.277,845,14,0,0,0
TXN0010132,USR01796,MER0173,623.9,Card,Android,0,0,1,975.76,0,0.2127,780,20,0,0,0
TXN0010133,USR03435,MER0165,4355.09,Wallet,Android,0,0,2,3260.86,1,0.1389,393,16,1,0,0
TXN0010134,USR02183,MER0450,6681.72,Wallet,iOS,0,1,2,4950.5,0,0.4041,546,16,0,0,0
TXN0010135,USR00146,MER0447,31160.03,NetBanking,Android,0,0,1,3261.65,0,1.0,548,12,1,0,0
TXN0010136,USR01252,MER0216,1061.42,UPI,Web,1,0,2,2057.0,0,0.0398,1064,12,0,0,0
TXN0010137,USR01354,MER0144,16365.54,UPI,Android,0,1,3,1484.05,0,0.6145,346,10,1,0,0
TXN0010138,USR00967,MER0209,3013.25,UPI,iOS,0,0,3,785.36,0,0.2993,545,11,1,0,0
TXN0010139,USR00845,MER0304,2232.93,Card,Android,0,0,2,2298.54,0,0.8893,339,20,0,0,0
TXN0010140,USR01762,MER0194,6782.87,Wallet,Android,0,0,1,1936.27,0,0.5948,608,13,0,1,1
TXN0010141,USR01320,MER0379,3306.18,Card,Android,0,1,2,1862.82,1,0.0325,135,8,1,0,0
TXN0010142,USR01031,MER0483,3169.69,UPI,iOS,0,1,2,674.47,0,0.2114,160,2,0,0,0
TXN0010143,USR01446,MER0202,3107.19,Card,iOS,0,0,1,2324.29,0,0.1802,110,6,1,0,0
TXN0010144,USR01203,MER0059,322.58,UPI,iOS,0,0,2,307.35,1,0.3455,1656,16,1,0,0
TXN0010145,USR00801,MER0061,6116.78,UPI,Android,0,0,2,3506.11,0,0.3945,458,8,0,0,0
TXN0010146,USR01585,MER0436,2491.08,Card,Android,0,0,3,3578.33,0,0.1587,674,19,0,0,0
TXN0010147,USR03299,MER0209,3899.26,Wallet,Web,0,0,2,3057.69,0,0.3045,221,11,1,0,0
TXN0010148,USR01771,MER0164,4927.72,UPI,Android,0,1,2,1987.27,0,0.765,1124,7,0,0,0
TXN0010149,USR02092,MER0310,2751.44,Card,Android,0,1,2,1603.32,0,0.1641,830,12,0,0,0
TXN0010150,USR03446,MER0479,1472.8,Card,Android,0,0,2,1583.22,0,0.3045,1140,10,0,0,0
TXN0010151,USR02148,MER0213,4120.18,UPI,iOS,0,0,1,3749.41,0,0.6757,630,20,0,0,0
TXN0010152,USR00782,MER0158,6477.89,Card,Web,0,0,2,3946.65,1,0.1106,942,22,1,0,0
TXN0010153,USR01395,MER0432,1292.28,UPI,iOS,0,2,1,806.39,0,0.1043,881,0,0,0,0
TXN0010154,USR01708,MER0042,2720.27,Wallet,Android,1,0,1,1666.43,1,0.2426,458,23,1,0,0
TXN0010155,USR01662,MER0423,3035.81,Card,iOS,1,1,4,2499.48,0,0.43,712,20,1,0,0
TXN0010156,USR00524,MER0261,1154.48,UPI,Android,0,2,3,2197.51,1,0.1499,734,10,0,0,1
TXN0010157,USR00371,MER0011,457.08,UPI,Android,0,0,1,775.7,0,0.2126,1219,0,0,0,0
TXN0010158,USR01225,MER0114,2541.72,UPI,Android,0,1,2,1917.07,0,0.3196,142,10,1,0,0
TXN0010159,USR03200,MER0340,1623.13,NetBanking,Web,0,0,1,937.73,0,0.51,1078,19,1,1,0
TXN0010160,USR02511,MER0377,2612.05,Wallet,iOS,0,1,1,1656.55,0,0.1347,582,23,0,0,0
TXN0010161,USR02947,MER0098,1331.09,Wallet,Android,0,0,2,2275.4,0,0.7642,612,14,0,0,0
TXN0010162,USR00611,MER0329,3371.8,Card,Android,0,0,1,3952.26,0,0.0497,494,15,0,0,0
TXN0010163,USR01450,MER0495,840.47,Wallet,Web,0,2,1,2057.9,0,0.1243,462,10,0,0,0
TXN0010164,USR02035,MER0344,13750.75,Card,iOS,1,0,3,4955.4,0,0.1285,1846,19,1,0,0
TXN0010165,USR01521,MER0352,891.77,UPI,Android,0,0,2,884.08,0,0.1967,351,21,0,0,0
TXN0010166,USR01459,MER0097,7035.34,UPI,Web,1,0,2,2781.73,0,0.1744,534,9,0,0,0
TXN0010167,USR01260,MER0319,1245.62,UPI,iOS,0,0,1,1218.69,1,0.0453,792,21,1,0,0
TXN0010168,USR00181,MER0355,4902.26,UPI,Android,0,1,2,1304.53,0,0.0811,104,13,0,0,0
TXN0010169,USR03001,MER0056,2672.63,UPI,iOS,0,0,1,3162.04,0,0.1781,736,19,0,0,0
TXN0010170,USR03266,MER0156,1727.81,UPI,iOS,0,1,2,1776.03,0,0.2396,769,23,0,0,0
TXN0010171,USR00283,MER0442,1066.18,Card,Android,0,0,1,2287.85,0,0.2992,57,11,0,0,0
TXN0010172,USR01448,MER0500,1375.74,UPI,Android,0,0,2,1857.08,0,0.1852,281,21,0,0,0
TXN0010173,USR01813,MER0087,1670.18,UPI,iOS,0,0,1,4135.83,0,0.166,72,16,1,0,0
TXN0010174,USR02744,MER0366,240.06,Card,Android,1,0,5,767.8,0,0.1905,320,16,0,0,0
TXN0010175,USR03454,MER0251,1465.91,Card,Web,0,0,7,3585.82,0,0.1851,1325,22,0,0,0
TXN0010176,USR01458,MER0296,2396.15,UPI,Web,0,0,4,2369.0,0,0.4489,440,20,0,0,0
TXN0010177,USR02622,MER0256,2164.5,NetBanking,iOS,0,0,10,3867.54,0,0.0337,1563,17,0,0,0
TXN0010178,USR03281,MER0434,955.5,Card,iOS,1,1,2,1439.63,0,0.1578,338,21,1,0,0
TXN0010179,USR02907,MER0223,5327.8,UPI,iOS,0,2,1,4169.65,0,0.184,528,14,0,0,0
TXN0010180,USR01017,MER0295,248.68,UPI,Android,0,1,11,797.36,0,0.0772,345,7,0,0,0
TXN0010181,USR02862,MER0335,1755.07,UPI,Android,0,0,2,1740.49,0,0.0485,405,6,0,0,0
TXN0010182,USR01443,MER0277,5591.36,UPI,iOS,0,0,1,3191.88,0,0.3503,270,3,0,0,0
TXN0010183,USR00062,MER0440,9749.27,Wallet,Android,0,1,3,5229.47,0,0.2059,421,21,1,0,0
TXN0010184,USR02657,MER0119,12595.71,Wallet,iOS,0,0,1,9128.75,0,0.4327,177,17,1,0,0
TXN0010185,USR02924,MER0475,907.54,UPI,Android,0,4,1,990.6,0,0.2501,945,8,0,0,0
TXN0010186,USR01203,MER0340,186.59,UPI,iOS,0,4,1,307.35,0,0.4873,529,11,0,0,0
TXN0010187,USR01579,MER0481,553.46,UPI,Web,0,0,1,617.38,0,0.3925,273,10,1,0,0
TXN0010188,USR01276,MER0188,10308.74,Card,iOS,0,3,1,3295.31,0,0.046,202,14,0,0,0
TXN0010189,USR00410,MER0240,2618.84,Wallet,Android,0,2,1,2261.72,1,0.4963,356,18,0,0,0
TXN0010190,USR03482,MER0022,974.38,UPI,iOS,0,8,1,1106.28,0,0.272,391,19,1,0,0
TXN0010191,USR00080,MER0462,15400.26,Wallet,Web,0,0,1,1803.6,1,0.3498,713,8,0,0,0
TXN0010192,USR01945,MER0409,2304.94,UPI,Android,1,1,4,2337.9,0,0.2495,548,7,0,0,0
TXN0010193,USR00053,MER0149,4888.35,Card,iOS,0,0,3,4367.91,0,0.12,57,10,0,0,0
TXN0010194,USR02413,MER0026,1555.64,UPI,Android,0,2,2,1953.31,0,0.2615,284,9,0,0,0
TXN0010195,USR03153,MER0349,2660.68,Card,Android,0,7,1,3770.98,1,0.225,1096,22,1,0,0
TXN0010196,USR02253,MER0337,12146.17,Card,Android,0,0,1,6233.22,0,0.3599,150,19,0,0,0
TXN0010197,USR02122,MER0264,1396.14,Card,Android,0,0,10,5977.28,0,0.175,645,20,0,0,0
TXN0010198,USR02898,MER0079,1148.62,Wallet,iOS,0,0,1,855.53,0,0.3003,1245,0,0,0,0
TXN0010199,USR03410,MER0460,1941.13,UPI,iOS,1,0,1,2876.38,0,0.0392,1009,21,0,0,0
TXN0010200,USR03017,MER0217,316.08,UPI,Android,0,0,1,1309.98,0,0.809,288,13,1,0,0
TXN0010201,USR00810,MER0363,1396.72,Card,Android,0,1,2,2961.95,0,0.1078,1164,14,0,0,0
TXN0010202,USR01972,MER0430,1962.87,Card,iOS,0,0,1,2117.76,0,0.0089,820,10,0,0,0
TXN0010203,USR02866,MER0275,2865.12,NetBanking,Android,1,0,5,2799.79,0,0.2626,619,9,0,0,0
TXN0010204,USR01031,MER0048,1093.06,Wallet,iOS,0,0,2,674.47,0,0.2487,1428,8,0,0,0
TXN0010205,USR02364,MER0444,5301.08,Card,iOS,0,0,3,3114.71,0,0.0648,113,4,0,0,0
TXN0010206,USR00080,MER0334,563.35,Card,Android,0,1,1,1803.6,0,0.4626,1292,7,0,0,0
TXN0010207,USR03071,MER0448,7725.94,Card,Web,1,0,1,6189.05,0,0.1965,745,3,0,0,0
TXN0010208,USR02151,MER0307,2754.58,UPI,Android,1,1,2,1713.8,0,0.5023,517,11,1,0,0
TXN0010209,USR02601,MER0454,65232.48,UPI,Web,1,0,2,12625.65,0,0.3569,1345,8,1,0,0
TXN0010210,USR02890,MER0434,3728.78,UPI,Android,0,0,2,2730.06,0,0.1984,451,19,0,0,0
TXN0010211,USR00766,MER0108,238.28,UPI,Web,0,2,3,1007.11,0,0.8888,486,20,0,0,1
TXN0010212,USR01577,MER0087,921.96,Wallet,iOS,0,0,2,1977.24,0,0.1782,637,18,0,0,0
TXN0010213,USR03006,MER0081,4743.48,Card,Web,0,0,2,1864.92,0,0.7746,1263,16,0,0,0
TXN0010214,USR00577,MER0400,560.72,Wallet,iOS,0,0,1,720.99,0,0.2091,103,12,1,0,0
TXN0010215,USR02879,MER0121,3651.45,Wallet,Web,0,3,3,774.52,0,0.317,922,19,1,0,0
TXN0010216,USR01009,MER0226,814.35,Wallet,Android,0,0,2,2149.2,0,0.2065,1585,9,0,0,0
TXN0010217,USR02015,MER0394,14557.58,Wallet,iOS,0,6,2,4963.92,0,0.9528,392,0,1,0,1
TXN0010218,USR01785,MER0215,1499.48,UPI,Android,0,0,1,2446.91,0,0.2644,98,6,0,0,0
TXN0010219,USR02403,MER0031,5647.38,UPI,iOS,0,1,1,3190.69,0,0.2327,499,10,0,0,0
TXN0010220,USR02929,MER0181,1278.74,Card,Android,0,1,3,1662.88,0,0.1131,130,7,0,0,0
TXN0010221,USR01222,MER0048,2361.7,UPI,Web,1,0,1,2284.38,0,0.2397,357,14,0,0,0
TXN0010222,USR00602,MER0193,2538.07,UPI,Android,0,0,8,1737.79,0,0.112,1781,18,1,0,0
TXN0010223,USR01480,MER0369,1971.57,NetBanking,Android,0,1,1,3223.43,0,0.1243,1779,13,1,0,0
TXN0010224,USR02143,MER0260,5507.13,Card,Web,1,0,3,3251.93,0,0.4986,1035,8,0,0,0
TXN0010225,USR02627,MER0338,4675.64,UPI,Web,0,0,3,5952.41,0,0.2555,798,9,0,0,0
TXN0010226,USR02637,MER0054,5025.54,Card,Web,0,0,2,4647.54,0,0.1368,1045,13,1,0,0
TXN0010227,USR01190,MER0376,196.65,Wallet,Android,0,0,1,1388.49,0,0.4002,1117,12,0,0,0
TXN0010228,USR03277,MER0213,2155.68,NetBanking,Web,0,0,1,2889.22,0,0.659,305,22,0,0,0
TXN0010229,USR00292,MER0144,5294.74,Card,Android,0,0,1,2241.09,0,0.5955,1509,9,0,0,1
TXN0010230,USR00409,MER0326,3784.62,UPI,Web,0,0,2,2412.77,0,0.3585,78,15,0,0,0
TXN0010231,USR00087,MER0068,3986.2,Wallet,Android,0,3,1,2213.39,0,0.5924,864,17,1,0,0
TXN0010232,USR03243,MER0250,2081.24,Card,iOS,0,0,1,2105.55,0,0.0944,256,0,0,0,0
TXN0010233,USR00631,MER0212,2844.85,UPI,Android,0,2,1,894.57,0,0.176,443,17,0,0,0
TXN0010234,USR02106,MER0083,547.58,Wallet,Android,0,0,3,467.7,0,0.1496,305,16,0,1,0
TXN0010235,USR02846,MER0477,1243.02,Card,Android,0,0,1,2101.85,0,0.0927,662,13,1,0,0
TXN0010236,USR02684,MER0182,1759.99,NetBanking,Android,0,0,1,999.61,1,0.5403,155,12,0,0,0
TXN0010237,USR03321,MER0021,4434.93,NetBanking,iOS,0,0,3,2399.45,0,0.395,247,15,0,0,0
TXN0010238,USR00189,MER0222,1025.15,UPI,Android,0,2,8,684.91,0,0.0095,1126,8,0,0,0
TXN0010239,USR01425,MER0484,1298.42,UPI,Android,1,1,3,1824.41,0,0.2297,359,16,0,0,0
TXN0010240,USR01772,MER0335,3234.48,UPI,Android,0,0,1,2776.55,0,0.1123,699,21,1,0,0
TXN0010241,USR02437,MER0319,20374.53,UPI,Android,0,0,1,7854.54,0,0.0239,697,21,0,0,0
TXN0010242,USR02180,MER0451,1725.92,UPI,Android,0,1,1,1286.5,0,0.0191,649,2,1,0,0
TXN0010243,USR01960,MER0042,770.75,Card,iOS,0,0,3,2348.07,0,0.3009,529,19,1,0,0
TXN0010244,USR01074,MER0276,1807.59,UPI,Android,1,0,1,2988.3,0,0.1031,1137,13,1,0,0
TXN0010245,USR00373,MER0161,1349.15,Wallet,Android,0,0,3,2306.35,0,0.3814,597,10,0,0,0
TXN0010246,USR01511,MER0339,1070.46,UPI,Android,0,1,3,1937.12,0,0.3012,1848,17,1,0,0
TXN0010247,USR00909,MER0427,1089.56,UPI,iOS,0,0,2,5237.78,0,0.2457,1271,19,1,0,0
TXN0010248,USR01941,MER0039,3591.13,UPI,Android,0,0,2,967.78,0,0.1803,84,17,1,0,0
TXN0010249,USR02790,MER0080,1126.85,UPI,iOS,1,0,2,2226.33,0,0.0498,975,17,0,0,0
TXN0010250,USR01934,MER0478,831.81,UPI,iOS,0,0,1,1560.0,0,0.4173,911,19,1,0,0
TXN0010251,USR02041,MER0246,768.58,Wallet,Android,0,0,2,3270.08,0,0.3882,767,9,0,1,0
TXN0010252,USR00147,MER0158,3424.72,UPI,Web,0,1,1,1929.36,0,0.1283,555,22,0,0,1
TXN0010253,USR02257,MER0077,550.64,NetBanking,Android,0,1,5,618.01,0,0.5087,530,16,0,0,0
TXN0010254,USR01539,MER0178,910.95,UPI,Web,0,0,2,1232.92,0,0.3337,1064,8,0,0,0
TXN0010255,USR00433,MER0003,1045.37,UPI,Android,0,0,2,1361.97,0,0.5201,749,6,0,0,0
TXN0010256,USR00749,MER0112,1334.38,Wallet,iOS,1,0,1,918.74,0,0.1502,1174,18,1,0,0
TXN0010257,USR02733,MER0092,973.19,Card,iOS,0,1,1,1445.48,0,0.1743,462,9,0,1,0
TXN0010258,USR03209,MER0043,407.11,UPI,Android,0,0,3,1792.03,0,0.39,297,22,0,0,0
TXN0010259,USR01778,MER0485,1163.25,UPI,Web,0,0,2,3099.14,0,0.2059,198,18,1,0,0
TXN0010260,USR03419,MER0396,717.9,Wallet,Web,0,0,1,1985.51,0,0.3183,533,22,0,0,0
TXN0010261,USR00631,MER0471,1037.51,UPI,iOS,0,1,3,894.57,1,0.2327,1267,13,0,0,0
TXN0010262,USR01049,MER0121,16782.39,UPI,Web,0,1,1,9031.48,0,0.2676,973,15,0,0,0
TXN0010263,USR03256,MER0145,2486.75,Wallet,Android,0,2,1,909.92,0,0.161,47,8,0,0,0
TXN0010264,USR00614,MER0142,728.0,Card,iOS,0,1,2,2483.5,0,0.5416,432,11,1,1,0
TXN0010265,USR02308,MER0280,16389.88,Wallet,Android,0,1,1,11023.94,0,0.4492,955,18,0,0,0
TXN0010266,USR00769,MER0091,592.88,Card,Web,0,0,2,970.53,0,0.284,744,18,0,0,0
TXN0010267,USR01160,MER0118,49598.74,Card,Android,0,0,2,6353.94,0,0.1145,918,15,1,0,0
TXN0010268,USR01673,MER0488,7929.68,Card,Web,0,0,1,3078.53,0,0.147,1404,11,0,0,0
TXN0010269,USR01260,MER0177,3947.72,UPI,Android,0,0,1,1218.69,0,0.3418,340,12,0,0,0
TXN0010270,USR03061,MER0391,2504.91,Card,Android,0,1,4,1477.72,0,0.5106,649,4,0,0,0
TXN0010271,USR03405,MER0115,6835.28,NetBanking,iOS,0,1,1,5458.3,0,0.3305,204,10,0,0,0
TXN0010272,USR01751,MER0465,605.88,UPI,Android,0,0,1,851.11,0,0.2581,633,11,0,0,0
TXN0010273,USR01839,MER0347,2435.78,Card,Android,0,0,2,3942.36,0,0.1197,936,16,1,0,0
TXN0010274,USR00194,MER0431,306.9,UPI,iOS,0,1,3,573.98,0,0.1252,261,19,1,0,0
TXN0010275,USR00820,MER0259,4527.52,Card,Android,0,0,3,3051.15,0,0.4249,714,0,0,0,0
TXN0010276,USR00140,MER0454,6962.75,Card,Android,0,0,1,2379.96,0,0.3068,1016,15,0,0,0
TXN0010277,USR02999,MER0182,327.18,Card,Web,0,0,1,444.7,0,0.5604,1043,5,0,0,0
TXN0010278,USR00796,MER0240,1087.75,UPI,iOS,0,0,1,1923.6,0,0.5117,178,12,0,0,1
TXN0010279,USR01193,MER0031,612.47,UPI,Android,0,0,7,1873.6,0,0.3039,569,17,0,0,0
TXN0010280,USR02950,MER0086,5466.55,UPI,Android,0,0,2,4818.53,0,0.1062,65,2,1,0,0
TXN0010281,USR02497,MER0386,4359.24,Card,Android,0,0,2,1891.23,0,0.1922,500,8,1,0,0
TXN0010282,USR02176,MER0164,12012.15,UPI,Android,0,0,3,5026.9,0,0.7537,32,18,1,0,0
TXN0010283,USR00135,MER0052,6571.82,UPI,iOS,0,0,1,2560.79,0,0.526,301,11,0,0,0
TXN0010284,USR01971,MER0147,1733.63,UPI,Android,0,0,2,1351.38,1,0.2033,2855,8,0,0,0
TXN0010285,USR01964,MER0177,743.37,UPI,Web,0,0,2,732.35,0,0.3661,691,13,0,0,0
TXN0010286,USR01117,MER0359,5089.64,Card,Android,1,2,3,2125.46,0,0.0783,345,17,1,0,0
TXN0010287,USR02608,MER0046,591.95,Card,Web,0,0,3,1383.91,0,0.2239,437,8,0,0,0
TXN0010288,USR03253,MER0013,521.85,Wallet,Android,0,0,1,753.55,0,0.4268,597,12,0,0,0
TXN0010289,USR00907,MER0363,7604.65,UPI,Web,1,0,2,2332.52,0,0.1314,1375,5,0,0,0
TXN0010290,USR01160,MER0072,2788.1,Card,Web,0,0,6,6353.94,0,0.2911,292,10,0,0,0
TXN0010291,USR01129,MER0210,3355.54,UPI,Android,0,2,1,3616.2,0,0.4551,760,13,0,0,0
TXN0010292,USR02923,MER0342,4087.06,UPI,Web,0,0,2,2727.18,0,0.2161,679,22,1,0,0
TXN0010293,USR00273,MER0258,1068.37,Card,Android,0,0,1,1058.22,0,0.2771,299,17,1,0,0
TXN0010294,USR03136,MER0062,4757.21,UPI,Android,0,1,1,2186.02,1,0.1926,1510,16,1,0,0
TXN0010295,USR02713,MER0362,5774.55,UPI,Web,0,1,2,2023.79,0,0.1069,1249,18,0,0,0
TXN0010296,USR01692,MER0025,5535.19,UPI,Android,0,0,1,4119.65,0,0.1371,121,20,1,0,0
TXN0010297,USR02043,MER0117,8845.22,Card,Android,0,0,13,3417.92,0,0.0618,629,14,0,0,0
TXN0010298,USR03131,MER0055,1070.26,UPI,Android,0,0,2,2195.81,0,0.9333,631,2,1,0,0
TXN0010299,USR02695,MER0257,2034.63,Wallet,Web,0,0,1,2395.86,0,0.2227,53,7,0,0,0
TXN0010300,USR00969,MER0346,10390.7,UPI,Web,0,1,1,1933.19,1,0.1485,1443,17,0,0,0
TXN0010301,USR00177,MER0325,7152.07,UPI,Android,0,0,2,1856.13,0,0.149,935,18,1,0,0
TXN0010302,USR02305,MER0070,786.68,Card,Android,0,0,2,2073.96,0,0.0,576,21,0,0,0
TXN0010303,USR00511,MER0172,1271.76,Wallet,Android,0,0,1,1349.31,0,0.8174,270,8,0,0,0
TXN0010304,USR00308,MER0074,1838.06,Card,iOS,0,1,1,1751.96,0,0.1859,1239,8,1,0,0
TXN0010305,USR03439,MER0172,2129.43,UPI,Android,0,0,1,1658.57,0,0.8814,923,6,0,0,0
TXN0010306,USR01659,MER0116,10460.53,Wallet,Android,0,1,1,4394.25,0,0.1377,223,6,0,0,0
TXN0010307,USR02278,MER0371,9197.18,Card,iOS,0,1,2,2572.05,0,0.1342,992,16,0,0,0
TXN0010308,USR00761,MER0376,1545.13,NetBanking,Android,0,0,3,1581.18,0,0.4104,232,11,0,0,0
TXN0010309,USR00356,MER0410,7814.2,Card,Android,0,0,1,3662.38,0,0.1774,1330,11,0,0,0
TXN0010310,USR00220,MER0101,3793.14,UPI,iOS,1,0,2,2500.51,0,0.5146,1076,20,0,0,0
TXN0010311,USR01241,MER0007,3232.79,Wallet,iOS,0,0,1,3450.64,0,0.249,321,6,0,1,0
TXN0010312,USR00014,MER0018,2148.66,UPI,Android,0,2,2,1497.08,0,0.1015,679,0,1,0,0
TXN0010313,USR01471,MER0422,7830.66,Card,iOS,0,0,1,3954.07,1,0.0403,348,19,1,0,0
TXN0010314,USR01137,MER0453,7247.61,Card,iOS,0,1,1,4927.99,0,0.3103,567,20,0,0,0
TXN0010315,USR01844,MER0106,3523.64,UPI,Web,1,0,2,2798.24,0,0.0454,589,15,0,0,0
TXN0010316,USR02064,MER0439,868.25,UPI,iOS,0,0,2,1850.09,0,0.0199,794,6,0,0,0
TXN0010317,USR01080,MER0265,3140.14,UPI,Android,1,2,2,805.48,0,0.2928,798,18,0,0,0
TXN0010318,USR01594,MER0093,1088.2,UPI,iOS,0,0,3,1025.06,0,0.3448,261,22,0,0,0
TXN0010319,USR00274,MER0157,1537.16,Card,Android,0,2,1,3675.64,0,0.2168,140,5,0,0,0
TXN0010320,USR01057,MER0133,1310.0,Card,Android,0,1,3,3517.3,0,0.3167,690,11,0,1,0
TXN0010321,USR03424,MER0382,5914.11,UPI,Android,0,2,1,3817.37,0,0.2876,344,10,1,0,0
TXN0010322,USR03470,MER0095,8443.51,UPI,Web,1,1,2,5334.41,0,0.006,92,19,0,0,0
TXN0010323,USR01701,MER0092,1091.73,Wallet,iOS,1,0,2,1601.81,0,0.1256,2487,19,0,0,0
TXN0010324,USR03289,MER0360,3977.02,UPI,iOS,0,2,3,2996.49,0,0.4623,612,7,0,0,0
TXN0010325,USR01755,MER0152,4287.03,Wallet,iOS,0,1,1,2786.87,0,0.0939,502,7,0,1,0
TXN0010326,USR00440,MER0126,1111.52,UPI,Android,1,0,3,1056.52,0,0.1898,525,8,0,1,0
TXN0010327,USR03038,MER0404,947.35,Wallet,Android,0,0,2,1650.17,0,0.3651,143,19,0,0,0
TXN0010328,USR01453,MER0466,5048.65,Card,Android,1,2,2,2656.33,1,0.3609,811,12,0,0,0
TXN0010329,USR02144,MER0278,3561.22,UPI,Android,0,1,1,2048.3,0,0.0932,1026,11,0,0,0
TXN0010330,USR02271,MER0414,2347.35,UPI,Web,0,3,4,1639.78,0,0.2306,791,19,1,0,1
TXN0010331,USR01079,MER0421,444.86,UPI,Android,0,0,1,852.38,0,0.1398,460,16,1,0,0
TXN0010332,USR02568,MER0295,3040.61,UPI,iOS,1,0,1,8334.49,0,0.0796,277,11,1,0,0
TXN0010333,USR01755,MER0415,2801.11,UPI,Android,0,0,1,2786.87,0,0.1506,837,18,1,0,0
TXN0010334,USR01283,MER0005,4432.82,Card,Android,0,0,5,2386.3,0,0.1518,178,12,0,0,0
TXN0010335,USR01043,MER0018,2749.71,Card,Android,0,1,2,1366.74,0,0.084,769,5,0,0,0
TXN0010336,USR02612,MER0442,7883.3,UPI,Web,0,0,2,5441.16,0,0.3534,602,5,1,0,0
TXN0010337,USR00873,MER0071,2619.65,Card,Android,0,0,3,3809.0,0,0.1451,782,12,0,0,0
TXN0010338,USR00435,MER0364,855.61,UPI,Android,0,0,1,1604.94,0,0.2358,1358,20,0,0,0
TXN0010339,USR03087,MER0211,1984.09,UPI,Android,0,0,2,2111.3,1,0.4614,57,13,0,0,0
TXN0010340,USR01162,MER0394,1709.39,UPI,Android,1,1,1,1806.62,0,0.9496,415,1,0,0,0
TXN0010341,USR02244,MER0333,15215.8,UPI,iOS,0,0,1,7207.21,0,0.4446,429,16,0,0,0
TXN0010342,USR02508,MER0036,1149.94,UPI,Web,0,1,1,1707.63,0,0.129,383,9,0,0,0
TXN0010343,USR02935,MER0169,953.77,UPI,Android,0,0,2,1334.1,0,0.288,876,18,1,0,0
TXN0010344,USR02190,MER0355,31706.16,UPI,Android,0,0,1,7590.65,0,0.0944,1101,17,0,0,0
TXN0010345,USR02478,MER0461,6640.63,NetBanking,iOS,0,0,3,2284.91,0,0.1619,353,10,1,0,0
TXN0010346,USR02931,MER0403,1299.21,Card,Android,0,0,3,2578.88,0,0.5069,662,7,0,0,0
TXN0010347,USR03302,MER0446,2483.61,NetBanking,Android,0,2,2,906.84,1,0.3027,678,7,0,0,1
TXN0010348,USR00164,MER0479,1972.37,UPI,Android,0,1,3,4650.58,0,0.3203,32,8,1,0,0
TXN0010349,USR02602,MER0448,1201.19,Wallet,iOS,1,1,2,1726.04,1,0.1725,915,10,0,0,0
TXN0010350,USR00611,MER0291,2985.33,UPI,Web,0,1,1,3952.26,0,0.0321,472,12,1,0,0
TXN0010351,USR03120,MER0169,1087.35,UPI,Android,0,0,2,1208.78,0,0.3018,541,22,0,0,0
TXN0010352,USR00170,MER0255,3427.48,UPI,Android,0,0,6,2306.2,0,0.2351,170,13,0,0,0
TXN0010353,USR00864,MER0398,4935.88,UPI,iOS,0,0,2,4806.03,0,0.0223,730,17,0,0,0
TXN0010354,USR00673,MER0213,5183.96,UPI,Android,0,0,3,3500.71,0,0.6678,912,15,0,0,0
TXN0010355,USR02112,MER0416,925.48,Card,Android,0,0,1,1299.37,0,0.2846,546,20,1,0,0
TXN0010356,USR00015,MER0351,13298.52,Wallet,Android,0,1,2,2086.4,0,0.2485,1633,10,0,0,0
TXN0010357,USR00060,MER0105,2295.48,UPI,Android,1,0,1,2279.79,0,0.2702,290,8,0,0,0
TXN0010358,USR01765,MER0461,387.48,Wallet,Android,0,1,1,1106.83,0,0.1375,884,15,0,0,0
TXN0010359,USR03401,MER0424,1137.56,UPI,Android,0,0,1,844.61,0,0.5298,362,8,0,0,0
TXN0010360,USR01850,MER0300,20235.91,UPI,Web,0,0,1,2421.95,0,0.1664,1319,18,0,0,0
TXN0010361,USR01561,MER0098,2087.02,UPI,Android,0,0,1,3668.38,0,0.7716,1327,12,0,0,0
TXN0010362,USR02303,MER0114,2110.68,UPI,iOS,1,0,2,3012.88,0,0.2919,870,21,0,0,0
TXN0010363,USR01932,MER0420,3846.97,UPI,iOS,0,0,1,5395.24,0,0.183,1427,17,0,0,0
TXN0010364,USR01348,MER0009,5918.2,UPI,Web,0,0,1,7421.44,0,0.2286,888,18,0,0,0
TXN0010365,USR02060,MER0242,4722.54,UPI,Android,1,0,2,1399.19,0,0.4692,763,12,0,0,0
TXN0010366,USR00012,MER0310,6404.77,Wallet,iOS,0,1,1,1494.9,0,0.0955,239,8,0,0,1
TXN0010367,USR00856,MER0117,249.35,Wallet,Android,0,0,3,1866.07,0,0.1096,800,16,1,0,0
TXN0010368,USR02359,MER0433,1186.86,NetBanking,Android,0,1,1,877.95,0,0.2402,365,6,0,0,0
TXN0010369,USR01196,MER0262,6179.13,UPI,Android,0,0,8,3266.15,0,0.4441,386,7,0,0,0
TXN0010370,USR00191,MER0033,6681.78,UPI,iOS,0,2,3,1862.4,0,0.2766,715,21,0,0,0
TXN0010371,USR00436,MER0161,1221.2,Card,Android,1,1,4,658.1,0,0.4165,849,13,1,0,0
TXN0010372,USR03032,MER0199,7882.99,Card,Android,0,0,3,2518.61,0,0.1317,669,17,0,0,0
TXN0010373,USR01154,MER0112,2145.12,UPI,Android,0,0,8,6055.22,0,0.105,556,16,0,0,0
TXN0010374,USR00080,MER0471,1889.09,Wallet,Android,0,1,2,1803.6,0,0.1984,596,14,1,0,1
TXN0010375,USR02551,MER0181,11023.41,NetBanking,Android,0,0,3,2832.51,0,0.0884,338,19,0,0,0
TXN0010376,USR01857,MER0251,799.97,UPI,iOS,0,1,1,2050.35,0,0.1798,1341,20,1,0,0
TXN0010377,USR01580,MER0268,3376.39,NetBanking,iOS,0,1,1,3856.55,0,0.209,1508,23,0,0,0
TXN0010378,USR03133,MER0111,25170.62,UPI,Web,0,0,1,3712.18,0,0.5026,234,21,0,0,0
TXN0010379,USR01099,MER0284,2918.05,Card,Web,0,0,1,1438.43,0,0.237,546,19,1,0,0
TXN0010380,USR02004,MER0177,11208.32,UPI,Android,0,0,1,4997.61,0,0.3879,933,19,0,0,0
TXN0010381,USR02608,MER0006,1479.63,Card,Android,0,0,2,1383.91,0,0.1693,567,19,0,0,0
TXN0010382,USR02130,MER0205,1499.48,UPI,Android,0,0,2,1540.22,0,0.6986,581,10,0,0,0
TXN0010383,USR00728,MER0292,372.36,Card,Web,0,3,2,1349.72,0,0.0154,634,15,1,1,0
TXN0010384,USR02386,MER0059,3085.91,UPI,Android,0,3,1,1164.49,0,0.3514,951,10,1,0,0
TXN0010385,USR02602,MER0390,1273.22,UPI,Android,1,0,2,1726.04,0,0.2158,833,21,0,0,0
TXN0010386,USR00429,MER0331,432.24,Card,Android,0,0,2,503.43,0,0.0919,830,23,0,0,0
TXN0010387,USR00580,MER0155,4381.76,UPI,Android,0,0,1,2288.51,0,0.9258,314,20,0,0,0
TXN0010388,USR02363,MER0297,1270.3,Card,Android,0,0,1,1158.34,0,0.3054,582,21,1,0,0
TXN0010389,USR00417,MER0152,2578.97,NetBanking,iOS,0,0,1,1316.03,0,0.0873,831,19,0,1,0
TXN0010390,USR03082,MER0324,4251.78,Wallet,Android,0,1,1,2894.7,1,0.1206,790,14,0,0,0
TXN0010391,USR00384,MER0077,1033.39,NetBanking,Web,0,0,3,938.11,1,0.4934,992,18,1,0,0
TXN0010392,USR03410,MER0306,3421.4,UPI,Web,0,1,2,2876.38,0,0.2182,2417,21,0,0,0
TXN0010393,USR02351,MER0028,213.17,Card,iOS,0,0,2,502.95,0,0.2686,1128,5,1,0,0
TXN0010394,USR01551,MER0009,2013.33,Wallet,Android,0,0,2,2356.22,0,0.1919,684,0,0,0,0
TXN0010395,USR00940,MER0128,2464.85,NetBanking,Android,0,0,2,1187.22,0,0.5691,728,18,1,0,0
TXN0010396,USR01206,MER0088,750.32,UPI,Android,1,2,2,1506.46,0,0.1114,459,17,0,0,0
TXN0010397,USR02620,MER0246,1423.77,NetBanking,iOS,0,1,11,2505.05,1,0.462,284,15,0,0,1
TXN0010398,USR02637,MER0083,2346.7,UPI,Android,1,1,1,4647.54,0,0.1336,2649,13,1,0,0
TXN0010399,USR00731,MER0123,1022.54,Wallet,Android,0,0,2,962.57,0,0.3173,504,11,0,0,0
TXN0010400,USR01901,MER0049,12570.6,Card,Android,0,8,2,4814.06,0,0.9718,1000,9,0,0,1
TXN0010401,USR03476,MER0444,3598.36,UPI,Android,0,0,1,2551.09,0,0.1402,590,10,0,0,0
TXN0010402,USR00901,MER0368,346.72,UPI,Android,0,0,3,1747.46,0,0.4526,201,17,0,0,1
TXN0010403,USR02427,MER0109,2677.09,UPI,Android,0,0,1,1764.24,0,0.4292,106,18,1,0,0
TXN0010404,USR00603,MER0061,3846.27,Card,Android,0,0,1,5558.94,1,0.3513,828,14,0,0,0
TXN0010405,USR02920,MER0426,4639.72,Card,Web,1,0,1,3380.08,0,0.9411,422,3,0,0,0
TXN0010406,USR00596,MER0335,1100.73,UPI,iOS,0,0,2,1288.68,0,0.1333,1105,10,0,0,0
TXN0010407,USR01042,MER0443,1320.56,Card,Android,0,1,2,2579.47,0,0.183,302,8,0,0,0
TXN0010408,USR01608,MER0090,3077.2,Card,Web,0,2,1,3405.8,0,0.0291,594,20,0,1,1
TXN0010409,USR01298,MER0180,1562.74,UPI,Android,0,0,2,2257.6,1,0.4018,328,12,1,0,0
TXN0010410,USR00596,MER0060,1529.85,UPI,Android,0,2,2,1288.68,0,0.2675,364,19,0,0,0
TXN0010411,USR02244,MER0212,3622.48,UPI,iOS,0,0,1,7207.21,0,0.1988,802,16,0,0,0
TXN0010412,USR00070,MER0082,1301.26,UPI,Android,0,1,1,3074.59,1,0.1311,1760,22,0,0,0
TXN0010413,USR03443,MER0003,1795.99,NetBanking,iOS,0,0,1,1114.56,0,0.5304,498,12,0,0,0
TXN0010414,USR00183,MER0255,4967.39,NetBanking,Android,0,0,1,2350.27,0,0.2127,153,14,0,0,0
TXN0010415,USR01169,MER0490,1998.05,Card,Android,0,1,2,1383.38,0,0.294,1165,12,0,0,0
TXN0010416,USR03255,MER0323,1817.54,UPI,Android,0,0,1,3048.35,0,0.288,1059,17,1,0,0
TXN0010417,USR00543,MER0379,9749.39,Wallet,Web,0,0,1,2235.23,0,0.0146,654,14,1,0,0
TXN0010418,USR00256,MER0406,1328.08,UPI,iOS,0,1,1,2282.17,0,0.2279,330,19,1,0,0
TXN0010419,USR02604,MER0487,6977.0,Card,Web,0,0,2,3863.35,1,0.3497,288,7,0,0,0
TXN0010420,USR00257,MER0065,679.43,NetBanking,Android,1,1,1,1293.74,0,0.1501,1305,5,0,0,0
TXN0010421,USR03149,MER0126,12609.79,Wallet,Web,0,1,2,7014.39,0,0.2037,473,14,0,0,0
TXN0010422,USR01580,MER0309,5802.82,NetBanking,Android,0,0,1,3856.55,0,0.2139,1745,14,0,0,0
TXN0010423,USR03043,MER0411,1951.91,UPI,Android,0,1,2,841.68,0,0.0965,584,20,0,0,0
TXN0010424,USR00858,MER0387,12554.64,Card,Android,0,0,2,6138.74,0,0.7945,128,9,1,0,0
TXN0010425,USR00494,MER0364,1625.94,Wallet,Android,0,0,1,1156.47,0,0.2104,397,8,0,0,0
TXN0010426,USR03370,MER0157,442.31,UPI,Android,0,1,2,1338.7,0,0.2075,835,14,0,0,0
TXN0010427,USR02668,MER0183,6845.03,Wallet,iOS,0,0,1,4637.75,0,0.222,521,23,1,0,0
TXN0010428,USR03189,MER0040,922.43,UPI,Android,1,0,2,892.36,0,0.0587,542,7,0,0,0
TXN0010429,USR01120,MER0157,1106.26,Wallet,Web,0,1,1,1521.54,0,0.2263,1099,13,1,0,0
TXN0010430,USR01417,MER0078,4373.47,UPI,Web,0,0,3,1724.19,0,0.4003,369,21,0,0,0
TXN0010431,USR02021,MER0470,5815.86,UPI,Web,0,1,3,6817.9,0,0.1385,209,8,0,0,0
TXN0010432,USR01571,MER0046,2449.71,NetBanking,Android,0,0,2,3770.37,0,0.259,474,13,0,0,0
TXN0010433,USR00850,MER0182,32234.59,Card,Android,1,0,1,2597.29,1,0.5377,1522,10,1,0,0
TXN0010434,USR01313,MER0444,1193.23,Card,Web,0,0,2,1679.23,0,0.118,1427,15,1,0,0
TXN0010435,USR02131,MER0478,2196.52,NetBanking,Android,0,1,1,3504.72,1,0.4041,980,16,0,0,1
TXN0010436,USR00133,MER0189,597.63,Card,Android,0,0,1,1414.49,1,0.2033,1462,18,0,0,1
TXN0010437,USR01176,MER0233,810.82,Card,iOS,0,1,2,1538.51,0,0.1293,500,19,1,0,0
TXN0010438,USR01025,MER0262,684.38,UPI,iOS,0,1,2,1220.82,1,0.4505,560,7,1,0,1
TXN0010439,USR00247,MER0412,4072.29,Wallet,Android,0,0,1,2737.52,1,0.1538,1524,11,0,0,0
TXN0010440,USR00430,MER0385,1128.22,Card,Android,0,1,1,2470.38,0,0.1428,428,13,1,0,0
TXN0010441,USR01735,MER0263,506.11,Card,Android,0,0,1,2027.19,0,0.0424,297,17,0,0,0
TXN0010442,USR00359,MER0186,2941.54,NetBanking,Android,0,0,3,2485.83,1,0.2696,562,17,0,0,0
TXN0010443,USR01208,MER0187,291.22,UPI,Android,0,0,4,483.25,0,0.1537,1476,14,1,0,0
TXN0010444,USR01964,MER0325,688.52,Wallet,Web,0,1,2,732.35,0,0.1559,349,17,1,0,0
TXN0010445,USR03059,MER0418,98108.1,Wallet,iOS,0,0,2,4102.28,0,0.4433,716,15,0,0,1
TXN0010446,USR00346,MER0039,1199.86,UPI,Android,0,0,3,1198.05,0,0.2034,2189,11,0,0,0
TXN0010447,USR01522,MER0385,4954.02,Card,Android,0,1,2,1756.41,0,0.1846,746,10,0,0,0
TXN0010448,USR00361,MER0241,5725.96,Wallet,Web,0,0,1,6322.25,0,0.1423,1185,13,0,0,0
TXN0010449,USR01501,MER0073,15991.51,Card,iOS,0,0,2,1804.07,0,0.1355,342,22,1,0,0
TXN0010450,USR01682,MER0049,446.1,UPI,Android,1,2,9,695.54,0,0.9525,732,20,0,0,0
TXN0010451,USR02798,MER0169,3730.61,UPI,Web,0,1,2,3629.28,0,0.3396,261,16,1,0,0
TXN0010452,USR01548,MER0125,431.91,UPI,Web,0,1,1,888.86,0,0.4598,40,2,0,0,0
TXN0010453,USR03275,MER0053,1933.82,UPI,Android,0,0,1,3653.62,0,0.0473,1318,19,0,0,0
TXN0010454,USR00482,MER0147,1779.54,Card,iOS,0,0,2,2199.24,0,0.2135,186,11,0,0,0
TXN0010455,USR00187,MER0417,1168.22,Card,iOS,0,0,3,3196.39,0,0.0881,838,7,0,0,0
TXN0010456,USR00016,MER0359,5493.09,Card,Web,1,0,1,5148.73,0,0.1181,656,20,0,0,0
TXN0010457,USR01249,MER0105,2400.8,UPI,Android,0,0,1,3138.64,0,0.2387,123,13,0,0,0
TXN0010458,USR00676,MER0338,784.26,Card,iOS,0,0,2,696.34,1,0.1665,639,22,0,0,0
TXN0010459,USR00321,MER0226,960.53,Wallet,Android,0,2,1,2599.26,0,0.1952,486,11,0,0,0
TXN0010460,USR00826,MER0374,10325.12,Wallet,Android,0,0,3,6549.13,1,0.5056,523,21,0,0,0
TXN0010461,USR03413,MER0124,14199.92,Card,Android,1,1,2,4397.14,0,0.0114,453,16,1,0,0
TXN0010462,USR02801,MER0031,5509.82,UPI,Android,0,1,1,1986.21,0,0.303,729,11,0,0,0
TXN0010463,USR00066,MER0157,6105.78,NetBanking,iOS,0,1,1,1629.74,0,0.2179,158,22,1,0,0
TXN0010464,USR03205,MER0497,4663.56,Wallet,Android,1,0,1,4755.15,0,0.0208,429,11,0,0,0
TXN0010465,USR00719,MER0278,1125.21,NetBanking,Web,0,0,2,1524.46,0,0.1254,319,20,0,0,0
TXN0010466,USR01421,MER0028,4106.3,Card,iOS,0,0,2,3038.8,0,0.2813,1017,13,1,0,1
TXN0010467,USR01147,MER0488,1150.52,UPI,Android,0,1,1,1435.81,0,0.2093,539,10,1,0,0
TXN0010468,USR01418,MER0413,233.8,UPI,iOS,0,2,8,860.57,0,0.1174,1188,11,0,0,0
TXN0010469,USR02663,MER0272,1806.95,UPI,Web,1,0,2,1053.11,0,0.4561,759,12,0,0,0
TXN0010470,USR02494,MER0371,733.15,UPI,Android,0,1,1,912.43,0,0.137,161,15,1,0,0
TXN0010471,USR02080,MER0093,45535.52,UPI,iOS,0,0,1,16508.54,0,0.3269,642,11,0,1,0
TXN0010472,USR02195,MER0296,7820.0,NetBanking,Web,0,0,3,11853.79,0,0.4374,228,7,0,0,0
TXN0010473,USR02547,MER0457,1251.86,Card,Android,1,0,1,1532.69,0,0.2035,758,16,1,0,0
TXN0010474,USR00645,MER0220,3213.04,UPI,Android,1,1,2,3349.12,0,0.391,1200,6,0,0,0
TXN0010475,USR01385,MER0020,2168.86,Card,Android,0,0,1,2241.25,0,0.5669,1055,17,1,0,0
TXN0010476,USR00377,MER0379,13846.14,UPI,Android,0,0,2,5432.03,0,0.0099,205,11,0,0,0
TXN0010477,USR02465,MER0366,1034.36,UPI,Web,0,0,3,2749.8,0,0.1287,940,21,0,0,0
TXN0010478,USR01532,MER0370,3386.1,Card,Android,0,7,2,3971.82,0,0.3835,1881,15,1,0,0
TXN0010479,USR02231,MER0325,1044.41,UPI,Android,0,0,1,2067.43,0,0.1209,235,17,1,1,0
TXN0010480,USR01977,MER0069,1699.05,UPI,Android,0,0,2,722.98,0,0.9448,417,17,0,0,0
TXN0010481,USR00958,MER0058,2720.52,Card,iOS,0,0,2,4284.78,1,0.0321,349,19,1,0,0
TXN0010482,USR00486,MER0397,1361.14,UPI,Android,1,0,2,1832.87,0,0.1163,1333,23,0,1,0
TXN0010483,USR03406,MER0428,1988.33,UPI,iOS,0,0,1,981.68,0,0.0736,511,20,0,0,0
TXN0010484,USR01027,MER0040,3014.78,Card,iOS,0,0,2,1221.02,0,0.0789,120,12,1,0,0
TXN0010485,USR00384,MER0291,2576.43,NetBanking,iOS,1,1,1,938.11,0,0.0712,280,13,0,0,0
TXN0010486,USR01071,MER0251,450.58,UPI,Web,0,1,2,1546.23,0,0.2498,163,12,1,0,0
TXN0010487,USR03159,MER0176,2161.98,Card,iOS,0,0,2,1605.33,0,0.1806,1084,18,1,1,0
TXN0010488,USR00915,MER0323,10073.62,Card,Android,0,1,3,8718.4,0,0.2799,1250,7,0,0,0
TXN0010489,USR03454,MER0458,3287.42,Card,Web,0,0,1,3585.82,0,0.5644,657,19,1,0,0
TXN0010490,USR01613,MER0411,21483.49,Card,Android,0,0,2,4396.56,0,0.0878,2362,9,1,0,0
TXN0010491,USR03017,MER0077,3144.85,Card,Web,0,0,1,1309.98,0,0.5139,903,20,1,0,0
TXN0010492,USR02286,MER0232,4401.61,Wallet,Web,0,1,1,2190.62,0,0.0906,540,12,1,0,0
TXN0010493,USR00154,MER0468,11648.1,UPI,Android,0,0,1,6419.66,0,0.3068,640,22,0,0,0
TXN0010494,USR01783,MER0119,4722.69,Wallet,Android,0,0,1,4277.63,0,0.4353,312,19,0,0,0
TXN0010495,USR01460,MER0428,8766.37,UPI,iOS,0,1,2,1796.96,0,0.0529,148,7,0,0,0
TXN0010496,USR00706,MER0246,11997.43,Wallet,Android,0,0,1,2473.14,0,0.448,1650,7,0,0,0
TXN0010497,USR01925,MER0261,475.59,Card,Android,1,0,2,1600.45,0,0.1565,1267,21,0,0,0
TXN0010498,USR00361,MER0126,4968.41,Card,Web,0,1,1,6322.25,0,0.1979,510,9,0,0,0
TXN0010499,USR02445,MER0460,2631.71,Card,Android,0,0,10,2653.99,0,0.0821,552,15,0,0,0
TXN0010500,USR02877,MER0265,3200.3,Card,Android,0,0,2,1316.47,0,0.2571,833,8,1,0,0
TXN0010501,USR00324,MER0288,1780.06,UPI,Android,0,1,1,2703.52,0,0.2084,1083,19,1,0,1
TXN0010502,USR01678,MER0232,698.27,Card,iOS,0,0,1,515.39,0,0.0949,645,10,0,0,0
TXN0010503,USR02293,MER0045,731.39,Card,Web,0,1,1,2227.32,0,0.1088,418,18,0,0,0
TXN0010504,USR00218,MER0391,3374.23,UPI,Web,0,2,1,1628.32,0,0.5113,217,17,0,0,0
TXN0010505,USR01363,MER0165,1845.42,UPI,Android,0,0,2,1846.91,0,0.0925,1062,20,0,0,0
TXN0010506,USR00904,MER0121,5985.06,UPI,Android,0,0,1,7700.35,0,0.3385,187,11,0,0,0
TXN0010507,USR00138,MER0392,18432.96,Wallet,Web,0,0,1,4175.99,0,0.2969,300,0,1,0,0
TXN0010508,USR02815,MER0100,20489.51,UPI,Web,0,0,2,9969.99,0,0.183,379,9,0,0,0
TXN0010509,USR01557,MER0342,820.62,Card,Android,0,5,2,1823.93,0,0.1718,734,8,0,0,0
TXN0010510,USR02632,MER0238,1362.71,NetBanking,Android,0,0,2,1549.97,0,0.3055,298,14,0,0,0
TXN0010511,USR02055,MER0400,30634.61,UPI,iOS,0,0,2,4490.57,0,0.2202,477,8,0,0,0
TXN0010512,USR03066,MER0026,16458.93,UPI,Android,0,0,1,4162.52,1,0.3039,698,7,0,0,0
TXN0010513,USR03490,MER0388,1728.55,NetBanking,iOS,0,2,1,934.96,0,0.2358,584,20,1,0,0
TXN0010514,USR02108,MER0115,316.97,Card,Android,0,0,10,1259.75,0,0.3381,395,21,1,0,0
TXN0010515,USR01233,MER0436,4159.0,UPI,iOS,0,0,9,1675.52,0,0.144,1429,18,0,0,0
TXN0010516,USR01481,MER0177,709.14,UPI,Android,0,2,1,1177.77,0,0.3764,1409,16,0,0,0
TXN0010517,USR02889,MER0004,10410.61,Card,Android,0,0,5,4220.24,0,0.1223,2653,9,0,0,0
TXN0010518,USR01494,MER0244,2176.35,Wallet,Android,0,1,4,3849.6,0,0.2446,1253,19,0,0,0
TXN0010519,USR01820,MER0028,7634.56,UPI,Android,1,1,1,1669.58,0,0.3044,1187,10,0,0,0
TXN0010520,USR00680,MER0135,1021.22,Wallet,iOS,0,1,2,1702.33,0,0.1847,786,10,0,0,0
TXN0010521,USR03466,MER0359,371.74,UPI,Android,0,1,1,507.64,1,0.0773,338,12,0,0,0
TXN0010522,USR02278,MER0281,3829.31,Card,Android,0,0,2,2572.05,0,0.4203,404,14,0,0,0
TXN0010523,USR01156,MER0355,383.74,UPI,iOS,1,1,2,1042.71,0,0.1148,184,0,1,0,1
TXN0010524,USR02048,MER0440,142079.54,Card,Android,0,1,2,3032.43,1,0.1735,817,0,0,0,1
TXN0010525,USR01404,MER0235,172.95,Wallet,iOS,0,0,1,380.92,1,0.1038,1553,20,0,0,0
TXN0010526,USR00543,MER0272,974.8,UPI,Android,0,0,2,2235.23,0,0.5186,456,20,1,0,0
TXN0010527,USR03062,MER0030,1123.68,Card,Web,0,0,2,753.15,0,0.1795,627,17,0,0,0
TXN0010528,USR03100,MER0144,11120.73,UPI,Web,0,0,2,4611.78,0,0.5934,1296,8,0,0,0
TXN0010529,USR02923,MER0363,2054.85,UPI,Android,0,1,1,2727.18,0,0.1163,1199,10,0,0,0
TXN0010530,USR01290,MER0031,1538.27,UPI,iOS,0,2,2,3497.74,0,0.3138,338,19,1,0,0
TXN0010531,USR00898,MER0180,3092.93,Card,iOS,0,4,2,6316.92,0,0.3431,375,23,1,0,1
TXN0010532,USR00175,MER0069,11892.26,NetBanking,Web,0,0,3,4717.85,0,0.9682,1237,19,0,0,0
TXN0010533,USR02561,MER0429,1558.43,UPI,Web,0,0,1,1312.31,0,0.3981,1116,19,1,0,0
TXN0010534,USR01148,MER0281,6857.32,UPI,Android,1,1,2,7581.47,0,0.3658,904,11,0,0,0
TXN0010535,USR03123,MER0323,2882.07,UPI,Android,0,1,4,2229.8,0,0.2859,1164,18,0,0,0
TXN0010536,USR03045,MER0342,4320.26,Card,Web,0,1,2,3492.47,0,0.2274,180,4,0,0,0
TXN0010537,USR00449,MER0113,4414.59,UPI,Android,1,1,12,2563.59,0,0.8641,446,14,0,0,1
TXN0010538,USR03210,MER0025,2157.06,NetBanking,Android,0,0,14,3046.23,0,0.1164,183,9,0,0,0
TXN0010539,USR00492,MER0199,375.37,Card,Android,0,0,1,671.43,0,0.1211,1048,11,0,0,0
TXN0010540,USR01717,MER0093,755.51,Card,Android,0,0,1,709.71,0,0.3157,154,18,0,0,0
TXN0010541,USR01659,MER0161,4017.68,UPI,Android,0,0,1,4394.25,0,0.3855,844,7,1,0,0
TXN0010542,USR03348,MER0160,4973.89,Card,Android,0,0,1,4358.28,0,0.022,1226,1,0,0,0
TXN0010543,USR02301,MER0392,1255.03,Wallet,Android,0,0,1,2202.49,0,0.3177,398,11,0,1,0
TXN0010544,USR03064,MER0160,2148.03,Card,Android,0,0,1,1422.13,0,0.0736,1329,3,0,0,0
TXN0010545,USR02086,MER0076,1415.32,Card,iOS,0,1,1,3475.66,0,0.0688,388,17,0,0,0
TXN0010546,USR02889,MER0480,2923.6,Card,iOS,0,0,1,4220.24,0,0.2959,215,19,0,0,0
TXN0010547,USR02983,MER0025,6745.33,NetBanking,Web,0,0,10,3145.4,0,0.1187,1477,8,1,1,1
TXN0010548,USR03009,MER0102,2297.87,UPI,Android,0,0,4,5454.97,1,0.1815,603,18,0,0,0
TXN0010549,USR01441,MER0174,10035.06,Wallet,iOS,0,0,1,4952.59,0,0.0741,336,15,0,0,0
TXN0010550,USR01337,MER0032,501.18,UPI,Android,0,0,1,1453.2,0,0.5376,317,7,1,0,0
TXN0010551,USR03447,MER0450,471.52,Card,Android,0,0,2,1552.03,0,0.4002,486,15,0,1,0
TXN0010552,USR02648,MER0177,592.68,Card,Android,0,2,3,1826.65,0,0.3879,767,20,0,0,0
TXN0010553,USR03211,MER0392,1650.89,UPI,Web,0,1,1,1595.55,0,0.2979,977,9,0,0,0
TXN0010554,USR02021,MER0068,10966.66,UPI,Android,0,0,3,6817.9,0,0.5724,597,13,0,0,0
TXN0010555,USR03252,MER0261,4582.34,UPI,Android,1,0,2,1899.41,0,0.12,1576,19,1,0,0
TXN0010556,USR02519,MER0064,4046.64,UPI,Android,0,0,2,1776.45,0,0.2091,163,20,1,0,0
TXN0010557,USR02599,MER0116,9251.06,Card,Android,0,0,6,5225.73,0,0.1707,902,19,0,0,0
TXN0010558,USR00623,MER0204,464.39,UPI,Android,1,0,1,888.57,0,0.8614,1384,20,0,0,0
TXN0010559,USR01985,MER0432,603.23,Card,Android,0,0,3,1161.5,0,0.0828,1570,23,0,0,0
TXN0010560,USR02560,MER0154,1455.42,UPI,Android,0,0,2,867.7,0,0.2459,555,21,0,0,0
TXN0010561,USR02664,MER0378,3599.51,UPI,Android,1,1,1,1359.96,0,0.2101,536,14,0,0,0
TXN0010562,USR03352,MER0046,894.68,Card,iOS,0,0,1,1976.11,1,0.1808,888,15,0,0,0
TXN0010563,USR01145,MER0126,1940.83,UPI,Web,1,0,2,803.67,0,0.2286,648,8,1,0,0
TXN0010564,USR01060,MER0303,814.81,Card,Web,0,0,1,3413.87,0,0.2587,556,11,0,0,0
TXN0010565,USR03394,MER0235,3446.14,Wallet,Android,0,2,1,2736.03,0,0.0814,2022,8,1,1,0
TXN0010566,USR03452,MER0251,678.59,Wallet,Android,0,0,1,768.75,0,0.2176,605,23,0,0,0
TXN0010567,USR00630,MER0340,1355.08,Card,Web,1,0,3,1650.17,1,0.4586,860,17,1,0,0
TXN0010568,USR01325,MER0039,1377.94,Card,Android,0,0,1,1416.34,0,0.2393,703,15,1,0,0
TXN0010569,USR03319,MER0348,7210.28,Card,Android,0,0,2,14015.92,0,0.1873,1378,6,0,0,0
TXN0010570,USR00700,MER0432,2813.81,UPI,Android,0,0,1,2145.48,0,0.0782,1144,21,0,0,0
TXN0010571,USR02742,MER0384,1333.17,UPI,Web,0,1,2,1341.62,0,0.1882,288,7,1,0,0
TXN0010572,USR00394,MER0143,5501.75,UPI,Web,0,0,1,2949.52,0,0.1783,1261,0,1,0,0
TXN0010573,USR00625,MER0176,2612.43,NetBanking,Android,0,0,2,873.89,0,0.2089,475,14,0,0,0
TXN0010574,USR02748,MER0481,1840.32,UPI,Android,0,3,3,1765.72,0,0.4342,171,13,0,0,0
TXN0010575,USR02127,MER0395,2129.98,UPI,iOS,0,0,3,4037.36,0,0.3681,511,15,1,0,0
TXN0010576,USR01942,MER0466,915.38,UPI,Android,1,1,2,2183.37,0,0.3772,456,14,0,0,0
TXN0010577,USR02999,MER0457,1436.76,UPI,Web,0,0,2,444.7,0,0.2055,563,17,0,0,0
TXN0010578,USR01075,MER0218,6085.01,UPI,Android,1,4,2,2065.06,0,0.2365,964,20,0,0,0
TXN0010579,USR01762,MER0065,3489.2,UPI,Android,0,2,1,1936.27,0,0.0892,719,12,1,0,0
TXN0010580,USR02130,MER0115,1529.62,Card,iOS,1,0,1,1540.22,0,0.3716,1496,18,0,0,1
TXN0010581,USR02590,MER0148,10813.44,Wallet,Web,0,0,1,6320.95,0,0.1652,703,15,0,0,0
TXN0010582,USR01163,MER0418,14648.45,Card,iOS,0,0,1,6020.19,0,0.4412,875,13,1,0,0
TXN0010583,USR02218,MER0139,2395.35,Wallet,Android,1,0,1,3929.29,0,0.1688,459,7,1,0,0
TXN0010584,USR01570,MER0181,2718.65,Card,iOS,0,0,3,2797.37,0,0.1107,313,20,0,0,0
TXN0010585,USR01897,MER0426,1601.84,UPI,Web,0,0,3,3734.61,0,0.9044,620,16,0,0,0
TXN0010586,USR03020,MER0082,1644.87,Wallet,Android,0,2,2,1897.6,0,0.1656,1206,12,0,0,0
TXN0010587,USR01378,MER0332,4717.55,Card,iOS,0,0,2,1631.36,0,0.0,1206,9,1,0,0
TXN0010588,USR02339,MER0276,7193.05,Wallet,iOS,0,2,3,3478.36,0,0.1273,2634,9,0,0,1
TXN0010589,USR03297,MER0493,2440.08,UPI,Web,0,3,2,2327.57,0,0.3399,592,7,0,1,0
TXN0010590,USR02669,MER0245,173.99,UPI,Android,0,1,2,1271.7,0,0.032,224,20,0,0,0
TXN0010591,USR03461,MER0261,620.66,UPI,Web,1,1,2,1046.23,0,0.1714,416,18,0,0,0
TXN0010592,USR02043,MER0426,3500.01,UPI,iOS,0,0,3,3417.92,0,0.9215,547,14,0,0,0
TXN0010593,USR00987,MER0496,36516.65,Card,Android,0,1,1,6323.94,0,0.1686,783,20,0,0,0
TXN0010594,USR03470,MER0365,5195.41,Wallet,Web,0,1,1,5334.41,0,0.1156,1392,21,1,0,0
TXN0010595,USR02257,MER0350,700.06,Wallet,Android,0,0,2,618.01,0,0.1315,687,18,0,0,0
TXN0010596,USR00845,MER0439,1488.88,Wallet,Web,0,0,2,2298.54,0,0.0736,235,22,0,0,0
TXN0010597,USR01111,MER0490,2979.62,Wallet,Android,0,1,1,3149.42,0,0.2969,643,15,0,0,0
TXN0010598,USR00919,MER0368,1625.35,Wallet,iOS,1,1,2,1902.79,0,0.4187,759,19,1,0,0
TXN0010599,USR02918,MER0147,673.22,Card,Web,0,0,1,1174.24,0,0.1743,1076,20,1,0,0
TXN0010600,USR00324,MER0322,9717.38,Wallet,Web,0,0,1,2703.52,0,0.3723,139,12,0,0,0
TXN0010601,USR02590,MER0119,4266.61,UPI,Web,1,0,1,6320.95,1,0.4092,72,21,0,0,0
TXN0010602,USR01940,MER0251,374.05,NetBanking,Android,1,1,3,1993.05,0,0.1994,134,11,0,0,0
TXN0010603,USR00258,MER0223,6880.0,Card,iOS,0,0,2,2003.04,0,0.138,668,9,0,0,0
TXN0010604,USR02147,MER0494,539.55,UPI,iOS,1,0,1,1043.2,0,0.8511,826,21,0,0,0
TXN0010605,USR02637,MER0278,8450.89,UPI,Android,1,0,2,4647.54,0,0.1114,155,7,0,0,1
TXN0010606,USR02541,MER0480,750.03,Wallet,Android,0,0,2,1287.36,0,0.3335,229,9,0,0,0
TXN0010607,USR01850,MER0405,3471.04,Card,Web,0,1,2,2421.95,0,0.3334,506,19,1,0,0
TXN0010608,USR01175,MER0425,19206.89,UPI,Android,0,0,8,2202.5,0,0.3002,610,16,0,0,1
TXN0010609,USR00574,MER0085,9372.99,UPI,Android,0,0,3,4795.1,0,0.9825,804,10,1,0,1
TXN0010610,USR00043,MER0388,1068.6,Wallet,Web,0,1,2,1310.25,0,0.259,893,17,0,0,1
TXN0010611,USR01259,MER0126,1037.33,Card,Android,0,0,2,1748.01,0,0.201,479,20,0,0,0
TXN0010612,USR02213,MER0289,4130.19,UPI,Web,0,0,2,3608.42,0,0.0141,357,15,1,0,0
TXN0010613,USR00132,MER0244,3464.77,Card,Android,0,0,1,4797.23,0,0.1819,617,10,0,0,0
TXN0010614,USR03496,MER0130,357.44,Card,Web,0,1,1,1507.13,0,0.8466,58,10,0,0,0
TXN0010615,USR02051,MER0493,1261.21,UPI,Android,0,0,1,2044.5,0,0.428,957,1,0,0,0
TXN0010616,USR01031,MER0438,5061.65,UPI,Android,0,0,2,674.47,0,0.0631,149,7,1,0,0
TXN0010617,USR03368,MER0288,836.7,UPI,Android,0,6,3,3264.48,0,0.2506,233,19,1,0,0
TXN0010618,USR00644,MER0006,513.37,Card,iOS,0,1,2,453.7,1,0.1906,1527,8,1,0,0
TXN0010619,USR03352,MER0092,1578.14,NetBanking,Android,0,0,1,1976.11,1,0.1119,220,1,0,0,0
TXN0010620,USR00987,MER0114,22568.72,NetBanking,iOS,0,0,3,6323.94,0,0.3179,418,16,1,0,0
TXN0010621,USR01330,MER0486,874.62,Card,Android,0,0,2,2046.2,0,0.3257,543,19,1,0,0
TXN0010622,USR01489,MER0202,26622.46,UPI,iOS,0,0,2,8101.17,0,0.2123,119,19,0,0,0
TXN0010623,USR03482,MER0024,1724.72,UPI,Android,0,0,10,1106.28,0,0.3126,421,21,0,1,0
TXN0010624,USR00879,MER0294,1082.16,Card,Android,0,0,7,1294.41,0,0.2839,898,8,0,0,0
TXN0010625,USR03406,MER0476,537.34,Card,iOS,1,0,1,981.68,0,0.1814,1324,16,0,0,0
TXN0010626,USR01215,MER0281,946.48,Card,Android,0,0,3,1011.03,0,0.3461,765,10,1,0,0
TXN0010627,USR00999,MER0223,34349.15,NetBanking,Android,0,2,1,4615.74,0,0.1898,335,19,0,0,0
TXN0010628,USR02234,MER0088,2248.57,UPI,iOS,0,1,1,2959.88,0,0.1371,403,15,0,0,0
TXN0010629,USR02429,MER0440,1261.46,UPI,Android,0,1,1,678.52,0,0.1681,708,19,1,0,0
TXN0010630,USR01208,MER0053,614.41,Card,Android,0,0,3,483.25,0,0.0234,274,8,1,0,0
TXN0010631,USR00470,MER0467,4285.19,UPI,Web,0,0,1,3027.97,0,0.7879,452,20,0,0,0
TXN0010632,USR01387,MER0112,7642.24,UPI,Android,0,0,2,6333.66,0,0.1945,546,4,0,0,0
TXN0010633,USR01892,MER0070,3896.49,Card,Android,0,1,1,2052.3,0,0.056,65,18,1,0,0
TXN0010634,USR00141,MER0175,6115.76,UPI,Android,0,0,2,2513.82,0,0.3049,253,18,1,0,0
TXN0010635,USR00276,MER0003,1294.13,UPI,Android,0,1,2,1672.43,1,0.5741,164,21,0,0,0
TXN0010636,USR03213,MER0008,10886.99,NetBanking,Web,0,0,1,6344.26,0,0.1589,1749,8,1,0,0
TXN0010637,USR00126,MER0094,1522.96,Card,Android,0,0,1,4071.09,0,0.1342,166,12,0,0,0
TXN0010638,USR01425,MER0347,342.69,UPI,Web,0,0,2,1824.41,0,0.1082,855,12,1,0,0
TXN0010639,USR02674,MER0408,3600.4,Wallet,Android,0,0,2,1016.16,0,0.342,997,12,0,0,0
TXN0010640,USR01149,MER0124,2139.32,UPI,Android,0,0,10,2859.1,1,0.0,865,6,1,0,0
TXN0010641,USR01732,MER0323,10253.29,UPI,Android,0,0,2,8987.35,1,0.2583,181,19,1,0,0
TXN0010642,USR00303,MER0176,855.3,NetBanking,Android,0,0,1,2172.43,0,0.1334,141,7,0,0,0
TXN0010643,USR02781,MER0217,4027.44,Wallet,Android,0,0,1,10575.05,0,0.8058,330,22,1,0,0
TXN0010644,USR02220,MER0168,3217.08,UPI,Android,0,0,1,5650.78,0,0.1417,1202,18,0,0,0
TXN0010645,USR02981,MER0446,5549.59,Card,Android,0,0,2,3672.37,0,0.2564,1904,13,0,0,0
TXN0010646,USR03024,MER0256,1881.2,Card,Android,0,0,2,2868.59,0,0.0755,292,7,0,0,0
TXN0010647,USR01228,MER0254,3496.9,Wallet,Android,0,0,2,4681.63,0,0.1433,1892,14,0,0,0
TXN0010648,USR00145,MER0430,2187.57,Card,Web,0,0,1,3930.79,0,0.0,893,9,0,0,0
TXN0010649,USR01213,MER0329,3215.4,Card,iOS,1,0,2,1460.22,0,0.1101,661,17,1,0,0
TXN0010650,USR00509,MER0075,3014.91,UPI,Android,0,0,2,1695.92,0,0.0538,2133,19,0,0,0
TXN0010651,USR01867,MER0095,566.33,UPI,iOS,0,0,12,843.67,0,0.0,1280,15,1,0,0
TXN0010652,USR00513,MER0171,6528.12,UPI,Android,0,6,1,4193.58,0,0.1378,1094,9,0,0,0
TXN0010653,USR03227,MER0049,798.25,Card,Android,0,0,1,1001.24,0,0.9847,163,14,0,0,1
TXN0010654,USR02108,MER0347,939.77,Card,iOS,0,1,1,1259.75,0,0.1332,263,7,1,0,0
TXN0010655,USR00886,MER0248,1620.98,UPI,Android,0,1,3,1766.19,0,0.1282,1699,7,1,0,0
TXN0010656,USR03225,MER0023,3755.6,UPI,Android,0,2,1,2484.62,0,0.4001,706,23,0,0,0
TXN0010657,USR02694,MER0201,1892.46,UPI,Android,0,1,3,3782.04,0,0.2503,1130,10,0,0,0
TXN0010658,USR01533,MER0415,1433.3,UPI,Android,0,8,1,1049.44,0,0.2153,387,21,0,0,1
TXN0010659,USR00513,MER0454,24094.57,Wallet,iOS,0,1,1,4193.58,0,0.32,313,15,0,0,0
TXN0010660,USR01204,MER0481,1236.93,Wallet,iOS,0,1,1,1139.72,0,0.4264,722,7,0,0,0
TXN0010661,USR02045,MER0462,5685.91,Card,Android,0,0,2,5825.67,0,0.3799,778,19,1,0,0
TXN0010662,USR02681,MER0304,2212.2,NetBanking,Android,0,1,2,2470.91,0,0.8344,444,14,0,0,0
TXN0010663,USR00917,MER0464,2228.15,Card,Android,0,0,1,1660.07,0,0.0316,831,15,1,0,0
TXN0010664,USR02599,MER0479,1559.09,Card,Web,0,0,3,5225.73,0,0.2453,3485,16,0,0,0
TXN0010665,USR00990,MER0318,38366.47,Card,iOS,1,1,2,11850.89,0,0.2241,1950,14,0,0,0
TXN0010666,USR00864,MER0207,9265.75,UPI,Android,0,0,2,4806.03,0,0.1295,118,20,0,0,0
TXN0010667,USR01565,MER0484,1756.4,UPI,Android,0,0,2,2936.79,0,0.2604,1003,20,1,1,0
TXN0010668,USR00563,MER0208,2662.41,Card,Android,0,0,2,2736.05,0,0.3546,842,1,1,0,0
TXN0010669,USR01417,MER0084,1097.97,UPI,Web,0,1,3,1724.19,0,0.1662,947,8,0,0,0
TXN0010670,USR01253,MER0054,1207.66,Wallet,Web,0,1,3,1023.51,0,0.1544,341,12,0,0,0
TXN0010671,USR00981,MER0284,1718.94,UPI,Android,0,0,10,1728.99,0,0.2731,805,22,0,0,0
TXN0010672,USR02715,MER0018,1483.18,UPI,Android,0,0,3,1322.57,0,0.1158,343,22,0,0,0
TXN0010673,USR01162,MER0060,819.6,Card,Android,0,0,1,1806.62,0,0.2764,258,20,0,0,0
TXN0010674,USR02433,MER0123,181.87,UPI,Android,0,1,1,270.42,0,0.3748,1358,1,1,0,0
TXN0010675,USR02522,MER0265,3469.85,UPI,Android,0,0,1,1598.32,0,0.2745,1278,16,1,0,0
TXN0010676,USR02331,MER0240,1809.33,Card,iOS,0,1,1,2793.47,0,0.5059,761,14,1,0,0
TXN0010677,USR00943,MER0256,346.89,UPI,iOS,0,1,3,2446.29,0,0.0848,701,11,1,1,0
TXN0010678,USR02903,MER0254,1547.3,UPI,Android,0,0,2,1812.96,0,0.075,434,20,0,0,0
TXN0010679,USR00828,MER0498,6955.96,UPI,iOS,1,2,2,1288.3,0,0.9729,96,9,0,0,0
TXN0010680,USR00970,MER0109,7034.48,Card,Android,1,0,2,4013.37,0,0.4102,838,20,0,0,0
TXN0010681,USR03063,MER0238,752.33,Wallet,iOS,0,1,1,1204.42,0,0.3524,574,9,1,0,0
TXN0010682,USR01189,MER0307,3232.72,Wallet,Android,0,0,1,3524.57,0,0.5375,1634,18,0,0,0
TXN0010683,USR02440,MER0137,5891.18,UPI,Android,0,0,1,3796.04,0,0.1949,1193,18,0,0,0
TXN0010684,USR00149,MER0091,488.58,Card,Android,0,1,2,1818.93,0,0.2895,443,6,0,0,0
TXN0010685,USR02151,MER0024,5876.18,NetBanking,Web,0,0,1,1713.8,0,0.3127,996,19,0,0,0
TXN0010686,USR03041,MER0164,3377.87,UPI,Android,0,1,2,2665.62,0,0.7579,1588,8,0,0,0
TXN0010687,USR02481,MER0128,9056.04,NetBanking,iOS,0,1,2,3020.44,0,0.5829,1022,11,0,0,0
TXN0010688,USR02039,MER0098,1750.71,Wallet,Android,1,1,3,2525.23,0,0.7463,1166,23,1,0,0
TXN0010689,USR02972,MER0136,2922.24,UPI,iOS,0,1,3,994.11,0,0.1066,1178,15,0,0,0
TXN0010690,USR01044,MER0349,967.24,UPI,Android,0,0,3,1750.33,0,0.2046,845,11,1,0,0
TXN0010691,USR01319,MER0414,107.44,NetBanking,iOS,0,0,1,1292.77,0,0.2615,806,22,0,0,0
TXN0010692,USR00243,MER0259,1459.52,UPI,Android,1,0,2,898.13,0,0.4137,305,9,0,0,0
TXN0010693,USR02445,MER0034,3725.31,UPI,Android,0,0,2,2653.99,0,0.1541,704,19,0,0,0
TXN0010694,USR02532,MER0369,96615.86,UPI,Android,0,0,6,7061.97,0,0.1519,1212,17,0,0,0
TXN0010695,USR02630,MER0076,5575.67,UPI,Android,0,0,1,3548.4,0,0.0728,662,22,0,0,0
TXN0010696,USR02621,MER0029,6198.91,UPI,Android,0,0,1,5676.37,0,0.3011,492,7,1,0,0
TXN0010697,USR00446,MER0285,847.72,UPI,Web,0,1,3,1073.74,0,0.1473,331,14,0,0,0
TXN0010698,USR02332,MER0213,1879.31,Wallet,iOS,0,0,1,2315.91,0,0.6444,913,9,0,0,0
TXN0010699,USR02672,MER0156,7609.44,UPI,Android,0,0,1,1765.68,0,0.2013,380,8,1,0,0
TXN0010700,USR00714,MER0484,2733.75,Wallet,Android,0,0,2,3834.18,0,0.2653,381,9,1,0,0
TXN0010701,USR01668,MER0046,385.14,NetBanking,Android,0,1,1,1491.54,0,0.213,929,11,1,0,0
TXN0010702,USR03197,MER0027,586.31,Card,iOS,0,0,2,1477.57,0,0.0864,1509,16,1,0,0
TXN0010703,USR01452,MER0294,3586.82,NetBanking,iOS,0,1,2,4241.55,0,0.2977,1003,18,0,0,0
TXN0010704,USR02637,MER0210,880.66,Card,Android,0,0,2,4647.54,0,0.4483,1296,8,1,0,0
TXN0010705,USR01857,MER0401,459.49,UPI,Android,0,0,1,2050.35,0,0.2137,1326,21,0,0,0
TXN0010706,USR02303,MER0021,2252.89,UPI,Android,0,0,2,3012.88,0,0.4164,2198,9,1,0,0
TXN0010707,USR02193,MER0210,3626.22,Card,Android,0,1,1,4181.16,0,0.433,589,7,0,1,0
TXN0010708,USR02279,MER0074,1997.85,NetBanking,Android,0,0,2,2631.85,0,0.2157,1230,19,1,0,0
TXN0010709,USR02728,MER0021,219.61,UPI,Web,0,0,1,1280.98,0,0.4335,620,19,0,0,0
TXN0010710,USR03166,MER0232,1941.09,Card,Web,0,1,1,667.33,1,0.0441,192,18,1,0,1
TXN0010711,USR01035,MER0368,601.42,Wallet,iOS,0,0,3,1778.23,0,0.3819,39,17,0,1,0
TXN0010712,USR03250,MER0079,866.66,NetBanking,Android,0,0,2,1642.09,0,0.2828,438,12,0,0,0
TXN0010713,USR02198,MER0422,457.1,NetBanking,Web,0,0,1,1191.99,0,0.0129,850,11,1,0,0
TXN0010714,USR02085,MER0260,5075.55,UPI,Android,1,0,2,2094.12,1,0.5189,38,3,0,0,1
TXN0010715,USR01148,MER0241,9768.17,UPI,Android,0,0,1,7581.47,1,0.1271,238,2,0,0,0
TXN0010716,USR01459,MER0462,1882.01,UPI,iOS,0,1,6,2781.73,0,0.3355,1193,13,0,0,0
TXN0010717,USR02281,MER0165,1508.06,UPI,Android,1,0,2,2344.93,0,0.1177,627,20,1,0,0
TXN0010718,USR01274,MER0101,2616.91,Wallet,Android,0,0,2,2417.39,1,0.5436,755,21,1,0,0
TXN0010719,USR01006,MER0394,890.02,Card,iOS,0,0,1,2295.63,1,0.9068,310,8,0,0,0
TXN0010720,USR02867,MER0054,1569.78,NetBanking,Android,0,0,2,1254.58,0,0.1381,932,12,1,0,0
TXN0010721,USR01455,MER0437,825.16,UPI,Android,1,0,2,1287.68,0,0.3065,218,10,0,0,0
TXN0010722,USR02257,MER0413,854.61,UPI,Android,0,0,1,618.01,0,0.1116,313,14,1,0,0
TXN0010723,USR00110,MER0489,3690.17,UPI,Web,0,0,1,2734.51,1,0.3597,948,15,0,0,0
TXN0010724,USR00271,MER0231,1122.15,UPI,Android,0,1,1,1808.76,1,0.1984,921,10,1,0,0
TXN0010725,USR02969,MER0312,417.58,Wallet,Android,1,0,3,1924.5,1,0.2894,819,18,0,0,0
TXN0010726,USR00498,MER0442,1305.79,Card,Android,0,1,1,1639.72,0,0.3527,902,10,1,0,0
TXN0010727,USR02786,MER0066,389.39,Wallet,Android,1,0,2,1162.36,0,0.125,395,19,0,0,0
TXN0010728,USR03151,MER0154,3415.28,Wallet,Android,1,0,2,3392.76,0,0.2419,133,17,1,0,0
TXN0010729,USR01685,MER0236,1505.65,UPI,Web,0,0,1,1904.0,0,0.1695,421,7,1,0,0
TXN0010730,USR03096,MER0314,2144.2,UPI,iOS,0,0,5,3442.25,1,0.0999,343,21,0,0,0
TXN0010731,USR01496,MER0340,2298.22,Card,Web,0,4,1,6140.71,0,0.5042,936,15,0,0,0
TXN0010732,USR03332,MER0462,4691.9,UPI,Android,0,0,1,2098.76,0,0.3315,120,20,0,0,0
TXN0010733,USR00830,MER0245,1213.02,UPI,iOS,0,5,1,1767.86,0,0.0669,603,22,1,0,0
TXN0010734,USR01498,MER0086,22703.77,UPI,Web,0,1,2,4384.69,0,0.128,428,12,0,0,0
TXN0010735,USR01362,MER0095,9393.89,NetBanking,Android,1,1,2,9630.26,0,0.0545,257,18,0,0,0
TXN0010736,USR02745,MER0401,4221.81,Wallet,Android,0,3,1,3445.68,0,0.2212,192,11,0,0,0
TXN0010737,USR00154,MER0231,6281.44,UPI,iOS,0,0,3,6419.66,0,0.2579,149,12,1,0,0
TXN0010738,USR02899,MER0316,6439.31,Card,iOS,0,3,2,5293.55,0,0.3804,240,16,0,0,0
TXN0010739,USR00083,MER0282,2274.54,UPI,Android,0,1,1,1088.76,0,0.0289,535,23,1,0,0
TXN0010740,USR01105,MER0407,1889.51,UPI,Web,0,0,3,896.98,1,0.2083,1588,15,0,0,0
TXN0010741,USR02087,MER0110,492.06,UPI,Android,0,1,2,1845.59,0,0.0576,465,11,0,0,0
TXN0010742,USR00509,MER0086,2986.75,UPI,Web,0,1,2,1695.92,0,0.0972,671,18,0,1,0
TXN0010743,USR01716,MER0367,3902.91,NetBanking,iOS,0,1,2,2868.48,0,0.2169,1202,11,0,0,0
TXN0010744,USR03490,MER0218,912.64,UPI,Android,0,0,3,934.96,0,0.2588,1319,2,1,0,0
TXN0010745,USR02882,MER0408,7137.12,Card,Android,0,2,2,2186.44,0,0.3379,1402,18,0,0,0
TXN0010746,USR00106,MER0065,6171.13,Wallet,iOS,0,0,1,1836.55,0,0.131,938,22,0,0,0
TXN0010747,USR02072,MER0136,1366.01,UPI,Android,0,0,3,748.7,0,0.1209,731,11,0,1,1
TXN0010748,USR02091,MER0481,2448.3,Card,Android,0,2,3,3806.62,0,0.4523,697,18,0,0,0
TXN0010749,USR00239,MER0422,5718.46,UPI,iOS,0,1,2,1628.5,0,0.026,275,15,1,0,0
TXN0010750,USR02276,MER0032,4917.21,UPI,Web,0,0,3,3002.88,0,0.5426,1504,18,0,0,0
TXN0010751,USR01824,MER0409,1923.11,UPI,Android,1,0,1,759.63,0,0.2335,776,22,0,1,0
TXN0010752,USR02387,MER0033,156.31,Wallet,iOS,1,2,1,708.03,0,0.2607,1269,18,0,0,0
TXN0010753,USR01042,MER0061,5364.04,Card,Web,0,0,3,2579.47,0,0.3444,454,17,0,0,0
TXN0010754,USR00895,MER0450,1643.12,UPI,Android,1,0,3,2075.29,0,0.4176,234,1,0,0,0
TXN0010755,USR02576,MER0064,622.58,UPI,Android,1,2,3,2407.51,0,0.2297,424,12,1,0,0
TXN0010756,USR02526,MER0151,2618.47,Wallet,Android,0,1,3,1963.3,0,0.1529,226,17,0,0,0
TXN0010757,USR00567,MER0068,5146.65,Card,Android,0,0,2,2811.13,0,0.5618,1639,16,0,0,0
TXN0010758,USR00758,MER0299,873.55,NetBanking,Android,0,1,2,1182.68,0,0.3829,510,17,0,0,0
TXN0010759,USR02053,MER0029,1094.5,Wallet,Android,0,0,3,2463.52,0,0.2864,527,18,0,0,0
TXN0010760,USR02902,MER0144,4799.32,UPI,Android,0,0,2,1470.74,1,0.6189,274,13,0,0,0
TXN0010761,USR00707,MER0164,1444.29,UPI,Android,0,1,1,2457.23,0,0.7953,1573,8,1,0,0
TXN0010762,USR00767,MER0325,4168.97,Card,Android,0,3,1,1901.89,0,0.0959,773,14,0,1,0
TXN0010763,USR02828,MER0249,10804.16,UPI,Android,0,0,1,3684.2,0,0.198,96,9,1,1,0
TXN0010764,USR02439,MER0097,2632.95,Card,iOS,0,1,3,2051.52,0,0.1514,1394,20,1,0,0
TXN0010765,USR03159,MER0233,2018.45,Card,Android,0,1,3,1605.33,0,0.1801,1235,8,0,0,0
TXN0010766,USR02742,MER0230,2393.45,UPI,iOS,0,0,3,1341.62,0,0.1291,844,11,1,0,0
TXN0010767,USR03337,MER0177,9451.36,NetBanking,Android,0,0,1,3391.29,0,0.3529,1082,20,0,0,0
TXN0010768,USR00662,MER0267,1019.85,Card,Android,0,0,1,1926.05,0,0.3146,1572,9,0,0,0
TXN0010769,USR00952,MER0164,1801.1,Card,Android,0,1,1,1301.4,0,0.7789,151,20,1,0,0
TXN0010770,USR00833,MER0167,502.15,UPI,Web,0,0,2,1412.1,0,0.3725,1107,15,0,0,0
TXN0010771,USR00195,MER0392,619.01,Card,iOS,0,1,1,1754.99,0,0.2959,1153,8,0,0,0
TXN0010772,USR02727,MER0126,848.88,NetBanking,Android,0,0,1,1353.33,0,0.1737,360,8,1,0,0
TXN0010773,USR02317,MER0165,898.23,UPI,Android,0,0,3,703.25,0,0.1304,238,7,0,0,0
TXN0010774,USR00301,MER0071,3374.78,UPI,Android,0,1,1,1060.76,0,0.1031,445,12,0,0,0
TXN0010775,USR00694,MER0350,4085.61,Card,Web,0,1,1,1126.4,0,0.0986,374,0,0,0,0
TXN0010776,USR00668,MER0354,3500.43,Wallet,iOS,0,1,1,4751.25,0,0.199,266,16,0,0,0
TXN0010777,USR01411,MER0340,2578.88,Card,Android,0,0,2,2175.74,0,0.4538,251,17,0,0,0
TXN0010778,USR01595,MER0085,3925.57,UPI,Android,0,1,4,2092.89,0,0.9294,625,18,0,0,0
TXN0010779,USR01012,MER0226,3017.84,Card,Android,0,0,1,1828.44,0,0.1326,328,16,0,0,0
TXN0010780,USR03256,MER0147,766.12,Card,iOS,0,0,2,909.92,0,0.1385,377,9,0,0,0
TXN0010781,USR00745,MER0382,12655.57,UPI,Android,0,1,2,12595.03,0,0.2217,655,18,0,0,0
TXN0010782,USR01967,MER0169,1980.3,Card,Android,0,2,2,2253.71,0,0.2749,792,16,1,0,0
TXN0010783,USR01533,MER0208,859.18,Card,Android,0,0,1,1049.44,0,0.3477,788,14,0,0,0
TXN0010784,USR01357,MER0228,4060.27,UPI,Web,0,0,4,5457.91,0,0.0218,672,19,0,0,0
TXN0010785,USR02891,MER0381,1361.01,UPI,Android,0,0,2,1559.53,1,0.3805,172,8,0,0,0
TXN0010786,USR03425,MER0352,20718.49,Wallet,Android,0,0,1,5143.43,0,0.2355,596,1,0,0,0
TXN0010787,USR00021,MER0410,1086.24,UPI,Android,0,0,2,2586.29,0,0.2368,537,11,0,0,0
TXN0010788,USR01623,MER0214,3382.88,UPI,iOS,0,0,1,1911.08,0,0.4473,831,8,1,0,0
TXN0010789,USR00418,MER0410,3255.58,Card,Android,0,1,3,2360.01,0,0.1857,187,8,1,0,0
TXN0010790,USR01519,MER0436,3037.39,UPI,iOS,0,0,9,826.84,1,0.1672,306,5,0,0,0
TXN0010791,USR02160,MER0262,4114.56,UPI,iOS,0,0,1,3315.07,0,0.4558,403,8,0,0,0
TXN0010792,USR01441,MER0340,3489.29,NetBanking,Android,0,0,2,4952.59,0,0.4501,351,15,0,0,0
TXN0010793,USR01082,MER0455,3484.19,Card,Web,0,0,3,5750.4,0,0.4468,451,12,0,0,0
TXN0010794,USR01093,MER0420,3523.63,UPI,Android,0,1,2,3580.09,0,0.2139,466,8,1,0,0
TXN0010795,USR01050,MER0139,3733.52,UPI,iOS,0,0,1,2636.05,0,0.2245,128,23,0,0,0
TXN0010796,USR01140,MER0359,1156.55,UPI,Android,0,2,3,1450.1,0,0.0717,670,14,0,0,0
TXN0010797,USR01309,MER0223,1530.81,Card,Android,0,0,1,4638.47,0,0.1308,1252,17,1,0,0
TXN0010798,USR02408,MER0075,6407.72,UPI,Android,0,0,1,1423.15,0,0.065,374,13,0,0,0
TXN0010799,USR00337,MER0186,2209.15,UPI,iOS,0,1,3,2292.47,0,0.3007,345,7,0,0,0
TXN0010800,USR00143,MER0489,4600.46,NetBanking,Android,0,1,1,2838.15,0,0.3897,1015,18,0,0,0
TXN0010801,USR01809,MER0479,2178.94,Card,iOS,0,0,1,6676.76,0,0.3217,777,7,1,0,0
TXN0010802,USR02387,MER0394,815.13,Wallet,Android,0,0,3,708.03,1,0.9845,398,7,0,0,0
TXN0010803,USR00906,MER0496,7483.69,Card,iOS,0,0,1,6709.47,0,0.1858,167,2,1,0,0
TXN0010804,USR00705,MER0287,981.3,NetBanking,Android,0,1,3,1427.98,0,0.0939,484,15,0,0,0
TXN0010805,USR02187,MER0379,1527.88,UPI,Android,0,0,3,2450.93,0,0.0279,696,23,0,0,0
TXN0010806,USR01345,MER0083,899.36,UPI,Android,0,0,1,1606.53,0,0.1986,1010,17,1,1,0
TXN0010807,USR02577,MER0150,1379.53,UPI,iOS,0,0,2,1310.44,0,0.4156,115,4,1,0,0
TXN0010808,USR00513,MER0087,8978.79,UPI,Android,0,0,1,4193.58,0,0.1271,624,21,0,0,0
TXN0010809,USR00424,MER0469,2599.35,Wallet,Android,0,0,1,1153.56,1,0.2017,481,8,0,0,0
TXN0010810,USR01935,MER0308,1698.83,Card,Web,0,0,1,4011.67,0,0.1759,604,19,1,0,0
TXN0010811,USR01374,MER0467,3608.88,UPI,Android,0,1,2,4340.64,0,0.8579,896,9,1,0,0
TXN0010812,USR02553,MER0209,360.96,UPI,iOS,0,0,2,1841.04,0,0.3166,944,20,1,0,0
TXN0010813,USR01772,MER0202,2857.14,Card,iOS,0,0,3,2776.55,1,0.2215,567,20,0,0,0
TXN0010814,USR01242,MER0338,2085.13,UPI,Android,0,0,3,1425.5,0,0.2181,110,16,1,0,0
TXN0010815,USR00559,MER0284,3559.42,Wallet,Android,0,1,1,1207.45,0,0.249,823,16,1,0,0
TXN0010816,USR00572,MER0187,377.49,NetBanking,Android,0,0,1,1436.24,0,0.0956,459,9,0,0,0
TXN0010817,USR02646,MER0159,711.68,Wallet,iOS,0,0,1,1637.67,0,0.0583,438,17,0,0,0
TXN0010818,USR00793,MER0257,3272.79,UPI,Web,0,0,3,3101.44,0,0.201,568,17,0,0,0
TXN0010819,USR01759,MER0038,396.89,Card,Android,0,0,1,1337.97,0,0.0716,466,9,0,0,0
TXN0010820,USR02864,MER0094,2840.85,Card,Android,0,0,3,2638.23,0,0.1713,671,18,0,0,0
TXN0010821,USR03143,MER0022,3052.66,Wallet,Android,0,2,2,2049.2,0,0.2598,905,16,1,0,0
TXN0010822,USR00937,MER0078,716.38,UPI,Android,0,0,1,1894.55,0,0.362,976,0,1,0,0
TXN0010823,USR00384,MER0100,981.75,Card,Android,0,0,1,938.11,0,0.1834,486,19,0,0,0
TXN0010824,USR02712,MER0038,1481.62,Card,Web,0,1,1,3728.21,0,0.1052,347,15,0,0,0
TXN0010825,USR02406,MER0028,7545.49,Card,Android,0,0,1,2946.58,0,0.2609,999,16,0,0,0
TXN0010826,USR01160,MER0410,7013.67,UPI,Android,0,2,2,6353.94,0,0.2185,1382,20,0,0,0
TXN0010827,USR02078,MER0092,2523.65,UPI,Android,0,0,2,4206.17,0,0.0939,815,7,0,1,0
TXN0010828,USR00661,MER0278,738.21,Wallet,Web,0,1,3,1892.56,0,0.1108,271,19,0,0,1
TXN0010829,USR02453,MER0050,3763.96,UPI,Android,0,0,2,2990.03,0,0.2979,301,10,0,0,0
TXN0010830,USR02546,MER0474,113071.05,UPI,iOS,1,9,2,4475.8,1,0.1677,676,22,1,0,1
TXN0010831,USR01048,MER0120,1616.58,Card,iOS,0,1,1,2961.79,0,0.2184,281,22,0,0,0
TXN0010832,USR01640,MER0375,1720.51,UPI,iOS,0,2,2,2482.26,0,0.5053,1530,20,1,0,0
TXN0010833,USR01170,MER0321,3058.08,Card,Android,0,0,3,5525.26,0,0.0904,572,19,0,0,0
TXN0010834,USR00110,MER0385,7971.77,UPI,iOS,0,0,2,2734.51,0,0.1492,291,17,0,0,0
TXN0010835,USR00446,MER0315,258.44,Card,Android,0,0,2,1073.74,0,0.0795,952,9,1,0,0
TXN0010836,USR03360,MER0255,1942.71,UPI,Android,0,1,1,809.33,0,0.2344,1059,4,0,0,0
TXN0010837,USR01597,MER0387,471.16,UPI,Web,1,0,1,649.87,0,0.8578,1432,13,1,0,1
TXN0010838,USR00518,MER0408,3363.89,Card,iOS,0,0,2,3723.49,0,0.3523,707,19,0,0,0
TXN0010839,USR00155,MER0190,6076.85,Wallet,Android,0,5,1,8164.07,0,0.1174,427,18,0,0,0
TXN0010840,USR01237,MER0472,1219.0,UPI,iOS,0,0,3,1078.44,0,0.0146,1115,11,1,0,0
TXN0010841,USR03440,MER0494,1440.88,UPI,iOS,0,1,2,2561.79,0,0.8908,190,23,1,0,0
TXN0010842,USR01347,MER0361,3832.76,UPI,Web,1,2,1,1880.52,0,0.1758,85,16,0,0,0
TXN0010843,USR03499,MER0465,3621.16,UPI,iOS,0,0,1,1725.5,1,0.2075,564,22,0,0,0
TXN0010844,USR01714,MER0053,706.31,UPI,Android,0,0,5,1507.35,0,0.0849,2487,2,0,1,1
TXN0010845,USR02674,MER0271,1563.0,NetBanking,Android,0,1,1,1016.16,0,0.3795,1314,18,0,0,0
TXN0010846,USR02750,MER0326,1809.86,UPI,Android,0,0,2,2459.42,1,0.3366,745,19,1,0,0
TXN0010847,USR00099,MER0464,5865.02,UPI,Android,1,0,1,5940.72,0,0.0672,563,20,0,0,0
TXN0010848,USR00022,MER0061,17413.21,NetBanking,iOS,0,4,1,6105.08,0,0.3825,392,7,0,0,0
TXN0010849,USR03229,MER0404,623.74,Card,iOS,0,0,1,1065.33,0,0.352,250,10,0,0,0
TXN0010850,USR03264,MER0039,4228.11,UPI,Android,1,0,1,2281.06,0,0.1881,635,16,0,0,0
TXN0010851,USR00465,MER0180,2416.74,Card,iOS,0,0,1,1828.12,0,0.3475,883,15,0,0,0
TXN0010852,USR02261,MER0347,575.2,Card,Android,0,0,1,695.35,0,0.1351,396,19,1,0,0
TXN0010853,USR03234,MER0146,2160.95,Wallet,iOS,0,0,2,1743.72,0,0.2564,284,16,0,0,0
TXN0010854,USR03328,MER0418,1729.13,UPI,Android,0,1,3,1520.08,0,0.4183,502,17,1,0,0
TXN0010855,USR01038,MER0466,2271.09,Card,iOS,1,1,2,5497.39,0,0.3441,1005,8,0,0,1
TXN0010856,USR02861,MER0080,1028.75,Card,Android,1,1,1,1673.95,0,0.0697,447,11,0,0,0
TXN0010857,USR02263,MER0130,2264.6,NetBanking,Android,0,0,2,5052.98,0,0.8042,1259,6,1,0,0
TXN0010858,USR03248,MER0038,664.18,Card,Android,0,0,1,852.11,0,0.0857,206,7,0,0,0
TXN0010859,USR00514,MER0356,93034.29,UPI,Web,0,1,1,4474.06,0,0.4176,218,19,1,0,0
TXN0010860,USR02104,MER0444,2114.23,NetBanking,Android,0,0,4,1462.8,0,0.1799,521,18,0,1,0
TXN0010861,USR00086,MER0301,876.62,UPI,Android,0,1,3,2585.14,0,0.4205,396,19,0,0,0
TXN0010862,USR01251,MER0067,604.78,Card,Web,0,0,2,774.09,0,0.4628,784,10,0,0,0
TXN0010863,USR00040,MER0087,2205.06,UPI,iOS,0,0,3,1959.22,0,0.1551,408,14,0,0,0
TXN0010864,USR01551,MER0018,3829.75,Wallet,Web,1,0,8,2356.22,0,0.0397,372,16,0,0,0
TXN0010865,USR02839,MER0245,42859.53,Card,Web,0,1,3,7422.71,0,0.0569,404,9,1,0,0
TXN0010866,USR02304,MER0361,1044.38,NetBanking,Android,0,0,1,2676.14,0,0.2181,335,11,0,0,0
TXN0010867,USR01110,MER0076,5858.7,Card,iOS,0,0,1,6414.07,0,0.0212,248,20,0,0,0
TXN0010868,USR01495,MER0424,3606.66,UPI,Android,0,0,1,2517.03,0,0.5343,1198,1,1,0,0
TXN0010869,USR01287,MER0127,4796.2,Wallet,Web,0,0,2,4257.72,0,0.3477,588,9,0,0,0
TXN0010870,USR02561,MER0258,660.22,UPI,iOS,0,0,10,1312.31,0,0.1753,433,14,1,0,0
TXN0010871,USR00932,MER0334,7162.39,UPI,Web,0,0,2,2128.71,0,0.4748,464,10,0,0,0
TXN0010872,USR00322,MER0270,1351.25,NetBanking,Android,0,6,2,1525.28,0,0.3576,681,18,0,0,0
TXN0010873,USR01774,MER0239,3428.87,NetBanking,iOS,1,0,1,3135.41,0,0.1963,657,18,0,0,0
TXN0010874,USR02905,MER0169,2067.05,Wallet,Web,0,0,3,3499.92,1,0.2419,1071,5,0,0,0
TXN0010875,USR01670,MER0216,8548.76,UPI,Android,0,2,3,4051.55,0,0.0829,322,9,0,0,0
TXN0010876,USR00715,MER0120,1423.44,Card,Android,1,0,1,991.39,0,0.1881,946,15,0,0,0
TXN0010877,USR00162,MER0148,2307.54,Card,Web,0,5,1,1934.06,0,0.2248,117,10,0,0,0
TXN0010878,USR03304,MER0378,1276.91,UPI,Web,0,0,2,3076.01,0,0.2355,586,7,1,0,0
TXN0010879,USR02663,MER0442,2202.18,UPI,iOS,1,0,3,1053.11,0,0.3293,876,7,1,0,0
TXN0010880,USR00545,MER0425,3241.53,UPI,Android,0,0,1,1976.0,0,0.2929,288,22,0,0,0
TXN0010881,USR00259,MER0166,7093.42,UPI,Android,1,1,1,3590.94,0,0.3489,1022,18,1,0,0
TXN0010882,USR00453,MER0161,729.36,Card,iOS,0,1,2,746.58,0,0.4233,284,23,0,0,0
TXN0010883,USR01318,MER0030,646.28,UPI,Web,0,0,2,717.04,0,0.2407,1769,13,0,0,0
TXN0010884,USR02842,MER0137,1134.06,Wallet,Android,0,0,1,1359.22,0,0.1148,436,18,0,0,0
TXN0010885,USR00560,MER0293,25364.79,Wallet,Android,0,1,1,5167.99,0,0.2341,692,20,0,0,0
TXN0010886,USR02866,MER0134,1802.15,UPI,Android,0,1,3,2799.79,0,0.379,172,10,0,0,0
TXN0010887,USR00007,MER0367,167.82,NetBanking,Android,0,0,1,414.47,0,0.1911,498,6,0,0,0
TXN0010888,USR02586,MER0026,505.47,Wallet,iOS,0,0,3,695.23,0,0.2796,1886,22,1,1,0
TXN0010889,USR00989,MER0206,1586.83,Wallet,Android,0,0,2,2448.79,0,0.1053,364,8,0,0,0
TXN0010890,USR03362,MER0141,23749.33,Wallet,Android,0,0,3,1235.74,0,0.6474,832,18,0,0,0
TXN0010891,USR01666,MER0248,1681.0,UPI,Android,0,0,1,4691.27,0,0.1473,247,19,0,0,0
TXN0010892,USR00947,MER0013,5970.94,Wallet,Web,0,1,2,9403.05,1,0.4441,378,22,0,0,0
TXN0010893,USR00851,MER0210,2013.09,UPI,iOS,0,0,1,1845.03,0,0.4686,152,8,1,0,0
TXN0010894,USR02894,MER0395,2564.92,NetBanking,iOS,0,0,1,1081.94,0,0.3903,1136,12,0,0,1
TXN0010895,USR01411,MER0429,3458.47,Card,Web,0,0,1,2175.74,0,0.339,436,17,0,0,0
TXN0010896,USR01233,MER0128,5113.16,Card,Android,0,0,1,1675.52,1,0.5534,994,9,1,0,0
TXN0010897,USR02575,MER0215,5889.81,UPI,Web,1,1,3,4827.13,0,0.2897,1035,22,1,0,0
TXN0010898,USR01881,MER0346,5329.37,UPI,Android,0,0,2,6487.25,1,0.1412,472,16,0,0,0
TXN0010899,USR02324,MER0232,5308.73,UPI,Android,1,3,4,3014.25,0,0.0552,750,16,1,1,1
TXN0010900,USR01560,MER0272,1566.36,UPI,Android,0,0,2,4406.62,0,0.4969,1330,16,1,1,0
TXN0010901,USR00225,MER0171,573.61,UPI,Web,1,0,2,2065.38,0,0.2012,2012,9,0,0,0
TXN0010902,USR00021,MER0419,4968.58,UPI,Android,0,2,4,2586.29,0,0.2866,955,13,0,0,0
TXN0010903,USR00137,MER0316,2448.86,NetBanking,Android,0,1,1,2212.26,0,0.3905,229,14,1,0,0
TXN0010904,USR02011,MER0481,4271.54,Wallet,Android,1,1,1,2243.17,0,0.4199,241,22,0,0,0
TXN0010905,USR01798,MER0390,1525.4,Card,Web,0,1,3,2962.3,1,0.2454,441,18,1,0,0
TXN0010906,USR02617,MER0184,3537.96,Wallet,Android,0,0,2,1474.77,0,0.363,1166,21,0,0,1
TXN0010907,USR03132,MER0164,3358.96,Card,Android,0,0,2,2179.24,0,0.7631,697,3,0,0,0
TXN0010908,USR00611,MER0045,19517.73,NetBanking,Android,0,0,10,3952.26,0,0.1655,283,14,1,0,0
TXN0010909,USR03351,MER0312,7537.33,Card,Android,0,1,1,6824.9,0,0.2597,249,10,0,0,0
TXN0010910,USR03261,MER0375,999.51,Card,Web,0,0,2,818.51,0,0.4648,324,13,0,0,0
TXN0010911,USR02156,MER0178,1171.78,UPI,Android,0,1,1,2282.74,0,0.305,558,21,1,0,0
TXN0010912,USR01857,MER0011,1478.17,Wallet,Android,0,0,1,2050.35,0,0.2525,218,14,0,0,0
TXN0010913,USR00619,MER0413,2356.59,Wallet,Web,0,1,1,1951.91,0,0.1416,271,17,0,0,0
TXN0010914,USR00624,MER0112,2584.61,UPI,Web,0,1,2,3690.17,0,0.1639,224,16,0,0,0
TXN0010915,USR00066,MER0292,538.18,UPI,Web,0,1,1,1629.74,0,0.0266,370,21,0,0,0
TXN0010916,USR02261,MER0027,817.9,Wallet,Android,0,1,3,695.35,1,0.0543,889,0,0,0,0
TXN0010917,USR01517,MER0032,2285.11,NetBanking,Android,0,0,1,1315.83,1,0.5154,828,22,0,0,0
TXN0010918,USR00672,MER0450,1367.68,Card,Web,0,0,3,666.16,0,0.4327,866,5,0,0,0
TXN0010919,USR00469,MER0337,1580.13,UPI,Android,0,0,3,1132.3,1,0.3635,678,18,1,0,0
TXN0010920,USR00223,MER0003,5302.7,UPI,Android,0,0,2,3092.67,0,0.5702,316,9,0,0,0
TXN0010921,USR02244,MER0051,13958.5,UPI,Web,1,2,1,7207.21,0,0.0,932,7,0,0,0
TXN0010922,USR02399,MER0247,2082.8,Wallet,Android,0,0,1,2067.54,0,0.137,1855,14,1,0,0
TXN0010923,USR02211,MER0341,210.78,UPI,iOS,0,0,1,1018.84,0,0.2719,908,8,0,0,0
TXN0010924,USR00388,MER0212,2230.05,UPI,Web,0,1,2,1017.13,0,0.1697,2344,14,0,0,0
TXN0010925,USR00145,MER0437,1965.31,Card,iOS,1,1,2,3930.79,0,0.2396,179,20,0,0,0
TXN0010926,USR00372,MER0327,1062.31,Card,Web,0,0,2,2521.06,0,0.0662,136,16,0,0,0
TXN0010927,USR02631,MER0308,771.25,NetBanking,iOS,0,1,1,1794.48,1,0.1548,498,17,0,0,0
TXN0010928,USR02590,MER0145,35972.92,UPI,iOS,0,0,1,6320.95,0,0.1667,6,20,1,0,0
TXN0010929,USR01032,MER0341,1970.09,UPI,iOS,0,2,2,1508.15,0,0.2564,287,9,0,0,0
TXN0010930,USR00194,MER0437,257.91,UPI,Android,0,0,1,573.98,0,0.2536,792,23,1,0,0
TXN0010931,USR01120,MER0025,884.85,Card,Android,0,1,1,1521.54,0,0.1309,451,17,1,0,0
TXN0010932,USR02835,MER0368,2378.95,UPI,Web,0,0,1,2502.23,0,0.3749,772,9,0,0,0
TXN0010933,USR00502,MER0440,3269.82,Card,Android,0,1,1,2326.13,0,0.1423,202,17,0,0,0
TXN0010934,USR02787,MER0217,4885.53,UPI,Android,1,0,2,4200.43,1,0.772,1176,11,1,0,1
TXN0010935,USR01622,MER0383,780.28,UPI,Android,1,0,2,1600.78,0,0.0559,436,15,0,0,0
TXN0010936,USR00495,MER0180,2839.22,UPI,Android,0,0,2,2375.44,0,0.335,891,21,0,0,0
TXN0010937,USR03269,MER0097,4458.89,NetBanking,Web,0,7,1,7278.72,0,0.2087,834,20,0,0,0
TXN0010938,USR01815,MER0408,24517.56,Card,Web,1,1,3,12129.14,1,0.4204,790,6,1,0,1
TXN0010939,USR02351,MER0156,498.21,Card,Android,0,0,1,502.95,0,0.2399,2466,20,0,0,0
TXN0010940,USR00339,MER0379,1075.97,UPI,Android,0,3,1,1954.13,0,0.0175,706,23,0,0,0
TXN0010941,USR01301,MER0158,3588.62,UPI,iOS,0,0,1,2297.27,0,0.1182,582,16,1,0,0
TXN0010942,USR02214,MER0200,5248.79,UPI,Android,0,0,1,4187.33,1,0.1456,103,22,1,0,0
TXN0010943,USR02259,MER0343,3410.72,Wallet,Android,0,0,2,5047.17,0,0.322,691,19,0,0,0
TXN0010944,USR00221,MER0171,9762.0,UPI,Android,0,0,3,6066.8,0,0.1388,1146,23,1,0,0
TXN0010945,USR02115,MER0404,3068.72,UPI,Android,0,0,1,2050.94,0,0.3588,733,13,1,0,0
TXN0010946,USR03306,MER0020,7623.95,NetBanking,iOS,0,2,2,3373.61,0,0.4899,288,16,0,1,0
TXN0010947,USR02753,MER0006,8813.38,Card,Android,0,1,3,5556.52,0,0.1851,490,9,0,0,0
TXN0010948,USR00728,MER0041,1100.6,UPI,iOS,1,0,2,1349.72,0,0.3088,297,8,0,0,0
TXN0010949,USR03195,MER0129,1196.34,UPI,iOS,0,1,3,4248.01,0,0.4066,1813,20,0,0,0
TXN0010950,USR02391,MER0027,1705.67,UPI,Android,0,1,1,1567.64,0,0.0375,246,18,1,0,0
TXN0010951,USR00200,MER0191,1607.88,Card,Android,0,1,1,1321.56,0,0.1331,1154,7,0,0,0
TXN0010952,USR00450,MER0013,1303.02,NetBanking,Android,0,0,1,1320.25,0,0.4616,551,14,0,0,0
TXN0010953,USR03225,MER0379,270.44,UPI,iOS,0,1,1,2484.62,0,0.0464,1199,17,0,0,0
TXN0010954,USR00734,MER0077,3033.54,UPI,Android,0,0,2,1956.14,0,0.4937,676,7,1,0,0
TXN0010955,USR00339,MER0487,963.94,UPI,Web,0,0,1,1954.13,0,0.3412,966,19,0,0,0
TXN0010956,USR01579,MER0429,962.18,UPI,Web,0,0,2,617.38,0,0.3303,514,17,0,0,0
TXN0010957,USR01840,MER0348,1978.74,Wallet,Android,0,0,2,611.38,0,0.1867,36,18,0,0,0
TXN0010958,USR02006,MER0400,1719.35,UPI,Web,0,1,2,2168.34,1,0.2031,638,20,0,0,0
TXN0010959,USR02307,MER0388,1851.27,NetBanking,Android,1,0,2,1419.3,0,0.2484,404,17,0,0,0
TXN0010960,USR03497,MER0423,10428.09,UPI,Android,0,0,1,10707.06,0,0.4056,223,10,0,0,0
TXN0010961,USR02658,MER0278,4573.04,Wallet,Android,0,1,6,3292.86,0,0.1577,727,18,0,0,0
TXN0010962,USR00091,MER0312,2259.53,Card,iOS,0,2,4,2204.89,0,0.2857,1134,14,1,0,0
TXN0010963,USR00311,MER0235,1023.46,Card,Android,0,1,2,1561.14,0,0.0467,54,16,0,0,0
TXN0010964,USR00002,MER0313,496.3,Wallet,Web,0,4,2,1000.98,0,0.3369,405,15,0,0,0
TXN0010965,USR01384,MER0191,5702.35,Card,Web,1,0,2,1907.4,1,0.1289,683,17,0,1,1
TXN0010966,USR01227,MER0062,403.59,Wallet,Android,0,0,1,309.4,0,0.1681,2163,11,0,0,0
TXN0010967,USR03268,MER0466,9286.69,Card,Android,0,1,1,5368.84,0,0.3413,278,15,1,0,0
TXN0010968,USR01282,MER0350,4668.56,Card,Android,0,0,2,3682.26,0,0.129,290,19,0,0,0
TXN0010969,USR00108,MER0353,9537.77,UPI,Android,0,0,1,4966.45,0,0.5915,170,8,1,0,0
TXN0010970,USR03094,MER0141,409.01,Card,Android,0,1,2,819.61,0,0.6574,319,16,0,1,0
TXN0010971,USR00911,MER0386,1382.41,Wallet,Android,1,0,2,1368.81,0,0.1368,873,18,0,0,0
TXN0010972,USR03195,MER0260,51112.1,Card,Android,1,0,1,4248.01,1,0.5316,210,22,1,0,0
TXN0010973,USR02711,MER0039,6406.18,Wallet,Web,0,1,2,2655.26,0,0.2174,666,20,0,0,0
TXN0010974,USR03082,MER0478,18868.55,NetBanking,Web,1,2,1,2894.7,0,0.3653,437,10,1,0,0
TXN0010975,USR02870,MER0496,2485.98,UPI,Android,0,0,3,1948.87,0,0.1469,861,10,0,0,0
TXN0010976,USR00502,MER0436,1374.67,Card,iOS,0,0,3,2326.13,0,0.1588,383,15,1,0,0
TXN0010977,USR02192,MER0238,1258.8,Wallet,Android,0,0,2,3129.98,0,0.3507,61,19,0,0,0
TXN0010978,USR01443,MER0117,1582.72,UPI,Android,0,0,2,3191.88,0,0.039,452,14,1,0,0
TXN0010979,USR02201,MER0006,841.47,UPI,iOS,0,0,1,1544.59,0,0.1886,316,7,0,0,0
TXN0010980,USR02611,MER0369,240.41,UPI,iOS,0,0,1,2040.89,0,0.1298,1179,8,0,1,0
TXN0010981,USR01754,MER0446,1098.92,Wallet,iOS,0,5,2,1879.11,1,0.2676,635,8,0,1,1
TXN0010982,USR01095,MER0053,3692.27,NetBanking,Android,0,0,2,2316.8,0,0.0685,801,16,1,0,0
TXN0010983,USR03208,MER0343,715.08,NetBanking,Android,0,2,1,712.03,0,0.3108,534,12,0,0,0
TXN0010984,USR02322,MER0014,1259.45,Card,Web,0,0,2,1595.01,0,0.2262,1349,14,0,0,0
TXN0010985,USR03100,MER0389,1364.53,Card,Web,0,1,2,4611.78,0,0.0919,173,11,0,0,0
TXN0010986,USR00831,MER0015,3092.46,UPI,Android,0,0,3,1526.03,0,0.1175,269,16,0,0,0
TXN0010987,USR02934,MER0488,2701.52,NetBanking,Android,0,0,3,1964.64,1,0.1158,1107,12,0,0,0
TXN0010988,USR01132,MER0086,1713.44,NetBanking,Android,0,2,3,1818.14,0,0.0783,1354,8,0,0,0
TXN0010989,USR01612,MER0201,449.3,Card,Android,0,2,1,2306.56,0,0.2727,519,18,1,0,0
TXN0010990,USR03012,MER0348,1873.2,UPI,iOS,0,0,1,2803.89,0,0.2053,84,21,0,0,0
TXN0010991,USR01242,MER0424,1852.99,NetBanking,Android,0,1,1,1425.5,0,0.4949,61,13,0,1,0
TXN0010992,USR00877,MER0182,509.7,Wallet,Web,0,0,1,546.97,0,0.5274,153,12,1,0,0
TXN0010993,USR03205,MER0491,39805.63,NetBanking,Web,0,1,1,4755.15,0,0.0672,162,20,0,0,0
TXN0010994,USR03376,MER0008,3914.49,Card,Web,0,0,1,2512.21,1,0.1603,589,12,0,0,0
TXN0010995,USR01089,MER0236,5539.42,UPI,Web,0,0,1,5209.47,0,0.1979,625,21,1,0,0
TXN0010996,USR01072,MER0495,2489.21,UPI,Android,0,1,3,1639.19,0,0.1408,155,8,0,1,0
TXN0010997,USR00797,MER0138,1932.37,Card,Android,0,1,1,3728.87,0,0.1971,1724,9,1,0,0
TXN0010998,USR00083,MER0267,429.4,NetBanking,iOS,1,1,1,1088.76,0,0.301,1292,10,0,0,0
TXN0010999,USR01936,MER0223,1556.46,UPI,Android,1,2,1,1160.34,0,0.1722,521,11,0,0,0
TXN0011000,USR00893,MER0197,2158.09,Card,Web,1,1,1,1388.04,0,0.4647,574,14,1,0,0
TXN0011001,USR02972,MER0384,1374.04,NetBanking,Android,0,0,1,994.11,0,0.2036,110,13,0,0,0
TXN0011002,USR00600,MER0260,1233.79,UPI,Android,0,1,1,1179.8,0,0.5487,336,23,1,1,0
TXN0011003,USR02224,MER0357,785.22,Card,iOS,0,0,2,1042.39,0,0.0455,1393,17,0,0,0
TXN0011004,USR01774,MER0260,3471.78,Wallet,Android,0,1,3,3135.41,0,0.5479,187,9,0,0,0
TXN0011005,USR02142,MER0499,3387.77,Card,Android,0,0,1,2710.34,0,0.1593,715,8,0,1,0
TXN0011006,USR00395,MER0236,2097.42,Card,Android,0,0,1,1607.07,0,0.1546,1877,9,0,0,0
TXN0011007,USR01633,MER0399,8476.03,Wallet,iOS,0,2,2,1363.56,1,0.3572,279,16,0,0,0
TXN0011008,USR02192,MER0307,1534.26,UPI,Android,0,0,2,3129.98,0,0.5556,848,22,0,0,0
TXN0011009,USR01194,MER0401,33637.97,Card,Android,0,1,2,3465.79,1,0.1806,835,14,1,0,0
TXN0011010,USR03063,MER0443,463.52,NetBanking,iOS,0,0,1,1204.42,0,0.1612,238,21,1,0,0
TXN0011011,USR01854,MER0114,798.75,UPI,iOS,0,0,1,636.1,0,0.308,1283,19,0,0,0
TXN0011012,USR01269,MER0151,993.24,UPI,Android,1,1,1,2468.23,0,0.1836,1105,18,1,0,0
TXN0011013,USR00108,MER0151,5889.68,UPI,iOS,0,0,1,4966.45,0,0.1178,1356,13,0,0,0
TXN0011014,USR00590,MER0244,3286.06,Card,Android,0,0,2,1703.29,0,0.2296,1387,17,0,0,0
TXN0011015,USR01669,MER0246,5688.86,UPI,Android,0,1,3,5841.87,0,0.4213,352,13,1,0,0
TXN0011016,USR01401,MER0002,1834.84,Card,iOS,0,1,1,957.28,0,0.2881,412,5,0,0,0
TXN0011017,USR03051,MER0448,2116.84,Card,Android,0,0,4,3019.14,0,0.1995,988,13,0,0,0
TXN0011018,USR02751,MER0430,1694.03,Card,Web,1,0,1,7791.35,0,0.0222,279,7,0,0,0
TXN0011019,USR00557,MER0301,3770.41,Card,Web,0,0,1,2524.27,0,0.4692,217,8,1,0,0
TXN0011020,USR02071,MER0153,1119.54,Wallet,Android,0,1,2,1151.26,0,0.2055,1148,14,0,0,0
TXN0011021,USR01591,MER0414,2518.11,UPI,Android,0,0,1,3739.04,0,0.2695,1832,11,0,0,0
TXN0011022,USR00355,MER0136,2093.76,Wallet,iOS,0,0,1,2958.15,0,0.1252,908,22,1,0,0
TXN0011023,USR02331,MER0153,3560.93,Card,iOS,0,1,1,2793.47,0,0.2105,108,14,0,0,0
TXN0011024,USR01881,MER0499,3432.8,UPI,Android,0,0,1,6487.25,0,0.1383,1567,8,0,0,0
TXN0011025,USR00307,MER0462,4796.51,UPI,Android,0,1,1,3848.61,0,0.3305,454,13,0,0,0
TXN0011026,USR01639,MER0293,2244.75,Card,Android,0,1,5,1002.78,0,0.1803,676,5,0,0,0
TXN0011027,USR02561,MER0085,5501.61,Card,Android,0,1,2,1312.31,0,0.9204,1451,21,1,0,1
TXN0011028,USR01145,MER0062,2101.59,Wallet,Android,0,0,1,803.67,0,0.1885,767,6,0,0,0
TXN0011029,USR01250,MER0483,3078.28,Card,Android,0,1,3,2880.36,0,0.1836,1423,8,0,0,0
TXN0011030,USR00386,MER0133,2571.48,Wallet,Android,0,1,1,2245.57,0,0.3277,392,21,0,0,0
TXN0011031,USR00716,MER0341,2284.94,UPI,Android,0,6,1,3204.39,0,0.256,272,6,0,1,1
TXN0011032,USR03434,MER0177,2232.76,Card,Android,1,1,2,3282.16,0,0.3559,425,20,0,0,0
TXN0011033,USR02173,MER0249,7454.03,UPI,Android,0,0,2,4182.43,0,0.1737,258,11,0,0,0
TXN0011034,USR00617,MER0494,696.38,UPI,iOS,0,0,1,913.52,0,0.8888,721,20,1,0,0
TXN0011035,USR01690,MER0297,2633.18,Card,iOS,0,0,1,2126.76,1,0.3543,614,12,0,0,0
TXN0011036,USR00675,MER0216,875.95,UPI,Android,0,0,2,1841.46,0,0.0352,731,22,0,0,0
TXN0011037,USR01550,MER0208,6760.77,UPI,iOS,0,0,3,2649.87,0,0.3569,163,21,1,0,0
TXN0011038,USR00510,MER0116,904.42,UPI,Android,0,1,2,1199.26,0,0.122,625,16,0,0,0
TXN0011039,USR02166,MER0279,5239.11,NetBanking,Web,0,0,1,2516.34,0,0.3138,348,4,1,0,0
TXN0011040,USR01996,MER0285,768.53,Wallet,Android,0,1,1,1341.08,0,0.1943,1891,7,0,0,0
TXN0011041,USR02218,MER0048,2167.61,NetBanking,Android,0,1,1,3929.29,0,0.2591,451,20,1,0,0
TXN0011042,USR01553,MER0203,3641.31,UPI,Android,0,1,3,1471.32,0,0.2202,1258,16,0,0,0
TXN0011043,USR01001,MER0323,972.55,UPI,Android,0,1,2,1604.64,0,0.2455,888,20,0,1,0
TXN0011044,USR00874,MER0028,1711.04,UPI,iOS,0,2,2,5562.18,0,0.2703,1141,13,1,0,0
TXN0011045,USR00754,MER0489,1003.43,Card,Web,0,0,1,2230.39,0,0.3799,378,15,1,0,0
TXN0011046,USR01503,MER0431,10093.96,NetBanking,iOS,0,0,2,5726.52,0,0.1762,209,13,0,0,0
TXN0011047,USR01581,MER0319,8177.77,UPI,Android,0,1,1,1538.54,0,0.0482,470,16,0,0,0
TXN0011048,USR02358,MER0008,655.63,Card,Web,0,1,1,1193.45,0,0.2264,605,13,0,0,0
TXN0011049,USR00184,MER0259,6023.36,UPI,Android,0,1,3,9978.99,0,0.4047,511,19,1,0,0
TXN0011050,USR00986,MER0450,1983.1,Card,iOS,0,0,3,1284.14,0,0.4625,626,12,0,0,0
TXN0011051,USR02985,MER0012,22411.59,NetBanking,Android,0,1,1,2171.37,1,0.3378,798,18,0,1,0
TXN0011052,USR03204,MER0396,2510.27,Card,Android,0,1,2,2772.99,0,0.2799,159,19,0,0,0
TXN0011053,USR03259,MER0420,1875.8,Card,Android,0,2,2,1323.11,0,0.1625,1388,13,1,0,0
TXN0011054,USR01073,MER0038,2353.06,Card,Web,1,0,2,1318.96,0,0.0931,761,20,0,0,0
TXN0011055,USR00480,MER0116,50335.95,UPI,Android,0,0,2,2325.5,0,0.1859,531,13,0,0,0
TXN0011056,USR00694,MER0362,466.23,UPI,iOS,0,1,1,1126.4,0,0.0895,67,21,0,0,0
TXN0011057,USR00462,MER0456,368.24,Wallet,Android,0,0,2,626.54,0,0.1166,2194,0,0,0,0
TXN0011058,USR03341,MER0386,1550.48,Card,Android,0,0,2,2347.21,0,0.1391,1212,13,0,0,0
TXN0011059,USR03092,MER0263,5261.96,UPI,iOS,0,0,1,3048.61,0,0.0053,592,20,1,0,0
TXN0011060,USR02837,MER0302,1819.48,Card,iOS,0,1,2,2293.16,0,0.4973,813,11,0,0,0
TXN0011061,USR02555,MER0263,567.78,UPI,Android,0,2,1,476.72,0,0.04,343,14,0,0,0
TXN0011062,USR01201,MER0289,1332.75,UPI,iOS,1,0,2,1283.4,0,0.0601,282,6,0,0,0
TXN0011063,USR01665,MER0386,1312.32,UPI,iOS,0,0,3,1377.88,0,0.1734,1659,9,0,0,0
TXN0011064,USR02946,MER0025,7968.64,Wallet,Android,0,1,2,7753.84,0,0.0652,912,19,1,0,0
TXN0011065,USR02851,MER0105,7808.34,UPI,Android,0,0,1,3910.5,0,0.2592,1665,0,0,0,0
TXN0011066,USR01816,MER0030,743.28,NetBanking,Android,0,0,1,1571.67,1,0.2358,480,8,0,0,0
TXN0011067,USR02932,MER0399,2625.25,UPI,Android,0,1,2,3071.19,0,0.3025,509,9,0,0,0
TXN0011068,USR01214,MER0364,855.98,UPI,Android,0,0,1,2158.68,0,0.245,434,19,0,0,0
TXN0011069,USR01448,MER0027,2079.5,Wallet,iOS,1,1,3,1857.08,0,0.0327,1409,16,1,0,0
TXN0011070,USR02939,MER0053,1535.83,UPI,iOS,0,0,1,1858.66,0,0.0697,1218,2,1,1,0
TXN0011071,USR01318,MER0133,1472.89,NetBanking,Android,0,0,1,717.04,0,0.3162,1073,19,1,0,0
TXN0011072,USR02633,MER0121,1984.83,Card,Android,1,0,1,2093.85,0,0.3024,415,16,1,0,0
TXN0011073,USR01587,MER0260,1767.89,UPI,Android,0,0,1,2558.32,0,0.5358,241,23,0,0,0
TXN0011074,USR01043,MER0250,1088.49,NetBanking,Android,0,0,2,1366.74,0,0.1187,1667,8,0,0,0
TXN0011075,USR00766,MER0179,3313.32,UPI,Web,1,1,2,1007.11,0,0.0558,1280,23,0,0,0
TXN0011076,USR02124,MER0083,173.9,UPI,Android,0,0,3,566.21,0,0.1969,739,14,0,0,0
TXN0011077,USR01679,MER0325,1555.95,Wallet,Android,0,0,3,2569.97,0,0.1669,105,13,0,0,0
TXN0011078,USR01293,MER0395,2610.95,UPI,iOS,1,0,1,2674.57,0,0.3859,350,10,1,0,0
TXN0011079,USR02602,MER0321,1038.32,Card,Android,0,0,2,1726.04,0,0.0891,263,17,0,0,0
TXN0011080,USR00004,MER0404,1967.94,UPI,Web,0,0,2,1453.1,0,0.3866,405,17,1,0,0
TXN0011081,USR00323,MER0457,2914.41,NetBanking,Android,1,1,1,3191.0,0,0.2163,595,17,1,0,0
TXN0011082,USR03367,MER0422,3240.32,UPI,Web,0,0,3,2833.08,0,0.0149,1394,8,0,0,0
TXN0011083,USR02323,MER0326,875.7,UPI,Android,1,0,3,845.72,0,0.3653,673,13,0,0,0
TXN0011084,USR01924,MER0025,1735.27,NetBanking,iOS,0,1,1,1964.73,0,0.0534,1071,18,0,0,0
TXN0011085,USR00052,MER0168,715.87,Card,Android,0,0,1,1906.24,0,0.173,580,8,0,1,0
TXN0011086,USR02095,MER0214,2087.62,Wallet,Android,1,0,1,1933.32,0,0.4387,427,19,0,0,0
TXN0011087,USR01522,MER0357,469.36,Card,Android,0,0,3,1756.41,1,0.075,400,8,0,0,0
TXN0011088,USR02100,MER0424,1677.72,Card,Android,0,0,1,2861.21,0,0.525,694,10,1,0,0
TXN0011089,USR00144,MER0321,3302.37,UPI,Android,0,1,1,2441.01,0,0.0931,1561,3,0,0,0
TXN0011090,USR01928,MER0182,4384.77,Card,Android,1,0,3,1957.29,0,0.5021,565,14,0,0,0
TXN0011091,USR02023,MER0394,17575.42,UPI,Android,0,0,3,3403.9,0,0.9195,465,7,0,0,1
TXN0011092,USR01016,MER0348,3110.97,UPI,Android,0,1,2,4451.66,0,0.2067,2007,21,0,0,0
TXN0011093,USR00191,MER0400,950.26,UPI,iOS,0,1,2,1862.4,0,0.2268,184,14,0,0,0
TXN0011094,USR03401,MER0295,1170.19,Wallet,iOS,1,0,2,844.61,0,0.074,332,3,1,0,0
TXN0011095,USR02483,MER0324,5177.51,UPI,iOS,0,0,3,1416.16,0,0.1302,450,21,0,0,0
TXN0011096,USR02176,MER0174,14416.59,Card,Android,0,0,1,5026.9,0,0.106,1053,22,1,0,0
TXN0011097,USR02685,MER0200,1281.55,Card,Android,0,0,2,2838.64,0,0.2006,940,10,0,0,0
TXN0011098,USR02349,MER0139,1487.96,UPI,iOS,0,0,11,1730.78,0,0.1903,233,7,0,0,0
TXN0011099,USR00471,MER0129,1684.51,UPI,Android,0,0,1,960.03,0,0.4292,605,15,1,0,0
TXN0011100,USR01592,MER0327,5979.1,UPI,iOS,0,1,3,3241.63,1,0.1213,1421,8,0,0,1
TXN0011101,USR03111,MER0192,1394.54,UPI,Android,0,0,8,957.36,0,0.5967,367,21,0,0,0
TXN0011102,USR01008,MER0067,5410.12,Wallet,Android,1,1,3,7856.72,0,0.4788,1035,7,0,0,0
TXN0011103,USR03403,MER0018,1112.63,Card,iOS,0,0,1,768.73,0,0.0845,1140,21,0,0,0
TXN0011104,USR00226,MER0431,4257.1,UPI,Android,0,2,1,2292.07,0,0.1046,348,22,0,1,0
TXN0011105,USR01158,MER0218,614.6,UPI,Web,0,0,2,1263.99,0,0.2426,517,19,0,0,0
TXN0011106,USR01226,MER0289,3549.96,Card,Android,1,0,2,1432.13,0,0.0,632,16,0,0,0
TXN0011107,USR02161,MER0453,10734.37,UPI,Android,0,0,1,5524.76,0,0.3584,183,6,0,0,0
TXN0011108,USR00617,MER0056,509.33,UPI,iOS,0,1,9,913.52,0,0.191,991,17,0,0,1
TXN0011109,USR00802,MER0469,1442.21,Card,Web,0,1,2,778.99,1,0.2165,830,19,0,0,0
TXN0011110,USR02318,MER0352,1464.96,Card,Android,0,1,1,857.6,0,0.2457,208,17,0,0,0
TXN0011111,USR00997,MER0321,2208.94,UPI,Android,0,0,1,1258.2,0,0.1002,311,21,0,0,0
TXN0011112,USR03077,MER0216,4329.23,UPI,Android,1,1,3,1463.29,0,0.0714,599,20,1,0,0
TXN0011113,USR03046,MER0354,2596.07,Card,Android,0,0,3,2749.81,0,0.253,100,6,0,0,0
TXN0011114,USR01060,MER0103,4122.84,UPI,Android,0,0,3,3413.87,0,0.4789,1089,9,0,0,0
TXN0011115,USR01960,MER0152,334.11,UPI,Web,0,1,2,2348.07,0,0.0845,2740,13,0,0,0
TXN0011116,USR01166,MER0481,6314.05,NetBanking,Android,0,0,1,2972.45,0,0.4385,859,18,0,0,0
TXN0011117,USR01208,MER0138,957.8,UPI,Android,0,0,1,483.25,1,0.1946,1619,18,1,0,0
TXN0011118,USR02347,MER0360,12038.54,Card,iOS,0,0,2,4767.25,0,0.4656,905,12,0,0,0
TXN0011119,USR01026,MER0466,859.4,Wallet,Android,0,2,1,1773.37,0,0.398,163,14,0,0,0
TXN0011120,USR00523,MER0297,10151.85,UPI,Android,0,1,1,5338.71,0,0.3073,379,18,0,0,0
TXN0011121,USR00907,MER0149,4620.25,Card,iOS,0,0,2,2332.52,0,0.1819,1606,17,1,0,0
TXN0011122,USR03254,MER0425,871.91,Card,Web,0,0,2,1464.61,0,0.2772,596,16,0,0,0
TXN0011123,USR00908,MER0414,6409.8,UPI,Android,0,0,1,3150.41,0,0.2524,1167,8,1,0,0
TXN0011124,USR01274,MER0272,3209.38,UPI,Web,1,0,2,2417.39,0,0.5522,575,7,0,0,0
TXN0011125,USR02201,MER0058,432.66,NetBanking,Android,0,1,1,1544.59,0,0.0837,290,15,0,0,0
TXN0011126,USR00355,MER0221,4286.16,UPI,Web,0,0,1,2958.15,0,0.1794,949,12,1,0,0
TXN0011127,USR00940,MER0216,5333.26,Wallet,Android,0,1,2,1187.22,0,0.1046,740,17,1,1,0
TXN0011128,USR00612,MER0095,982.57,Card,Web,1,0,3,3452.45,0,0.0439,1634,16,1,0,0
TXN0011129,USR03236,MER0202,4609.65,Card,Web,0,1,3,3721.89,0,0.2428,595,9,0,0,0
TXN0011130,USR03265,MER0077,4147.69,UPI,Android,0,0,2,4570.35,0,0.4978,251,22,0,0,0
TXN0011131,USR02646,MER0347,4280.29,Card,iOS,0,0,1,1637.67,0,0.1307,301,11,0,0,0
TXN0011132,USR00865,MER0216,5850.61,Card,Android,0,1,2,5396.27,0,0.0794,392,19,0,0,0
TXN0011133,USR02158,MER0366,8747.85,Card,Android,0,0,2,5250.24,0,0.1908,481,17,0,0,0
TXN0011134,USR02318,MER0228,1176.71,Wallet,Android,1,1,1,857.6,0,0.084,1501,19,0,0,0
TXN0011135,USR03043,MER0357,1669.85,Wallet,Android,0,0,11,841.68,1,0.0081,820,9,0,0,0
TXN0011136,USR00547,MER0367,1374.49,UPI,Android,1,0,2,2735.46,0,0.2141,701,19,1,0,0
TXN0011137,USR02577,MER0081,1438.08,UPI,Android,0,2,2,1310.44,0,0.8005,759,18,0,0,0
TXN0011138,USR00680,MER0222,1463.26,Wallet,Android,1,1,1,1702.33,0,0.0041,202,7,1,0,0
TXN0011139,USR01991,MER0375,6483.93,UPI,Android,0,0,2,4257.47,0,0.4993,520,14,0,0,0
TXN0011140,USR03078,MER0297,542.6,Wallet,Android,1,0,3,474.46,0,0.3608,614,0,1,0,0
TXN0011141,USR00218,MER0111,995.45,UPI,Web,1,1,1,1628.32,0,0.5344,2153,1,0,0,0
TXN0011142,USR00519,MER0417,1803.49,UPI,iOS,0,0,1,2418.23,0,0.1219,326,5,1,1,0
TXN0011143,USR02846,MER0100,6551.79,UPI,Web,0,1,3,2101.85,0,0.2217,156,13,0,0,1
TXN0011144,USR00066,MER0497,457.71,UPI,Web,0,1,1,1629.74,0,0.1003,1675,10,0,0,0
TXN0011145,USR02398,MER0354,2439.16,Card,Web,0,0,1,1538.66,1,0.2023,429,8,0,0,0
TXN0011146,USR01755,MER0162,6480.25,UPI,iOS,1,0,2,2786.87,0,0.1601,568,22,1,0,0
TXN0011147,USR01214,MER0098,3115.09,NetBanking,Android,0,0,1,2158.68,0,0.7808,601,17,0,0,0
TXN0011148,USR03020,MER0451,7461.18,UPI,iOS,0,0,3,1897.6,0,0.0433,600,2,1,0,0
TXN0011149,USR02972,MER0262,1858.61,Card,Android,0,0,2,994.11,0,0.486,505,13,0,0,0
TXN0011150,USR01141,MER0404,2671.62,Card,Web,0,1,3,2129.99,0,0.3858,657,16,0,0,0
TXN0011151,USR00016,MER0416,3499.8,UPI,iOS,0,0,2,5148.73,0,0.3202,1558,15,0,0,0
TXN0011152,USR00449,MER0035,3258.71,Wallet,iOS,0,0,1,2563.59,0,0.3386,583,18,0,0,0
TXN0011153,USR00376,MER0342,4400.79,UPI,iOS,0,0,1,2831.97,1,0.2305,716,4,1,0,0
TXN0011154,USR03438,MER0168,2476.8,Card,iOS,0,0,2,2597.23,0,0.1324,75,11,1,1,0
TXN0011155,USR02090,MER0454,1076.28,UPI,iOS,0,0,1,1931.6,0,0.3241,493,8,1,0,0
TXN0011156,USR02369,MER0110,670.73,UPI,Android,0,1,3,1678.09,0,0.0538,1129,22,0,0,0
TXN0011157,USR00809,MER0017,2823.83,UPI,Android,0,0,3,2597.63,0,0.2108,2079,17,0,0,0
TXN0011158,USR02978,MER0333,1651.05,UPI,Web,0,0,2,5039.15,0,0.4817,464,11,1,0,0
TXN0011159,USR02530,MER0277,1759.85,NetBanking,iOS,0,2,2,2598.0,1,0.3823,456,21,0,0,1
TXN0011160,USR02633,MER0278,345.82,Wallet,Android,0,0,1,2093.85,0,0.1265,451,19,0,0,0
TXN0011161,USR01639,MER0132,1737.68,Wallet,Android,0,0,1,1002.78,0,0.228,250,18,0,0,0
TXN0011162,USR02444,MER0248,6527.98,Card,Android,0,2,3,2989.73,0,0.1118,427,17,0,0,0
TXN0011163,USR01905,MER0483,3984.6,Card,Web,1,2,1,3957.43,0,0.155,512,10,0,0,0
TXN0011164,USR01346,MER0382,4666.99,Wallet,Web,0,0,1,1312.41,0,0.269,510,15,0,0,0
TXN0011165,USR02081,MER0493,1760.87,Card,Android,0,1,2,701.66,0,0.363,258,20,0,0,0
TXN0011166,USR01136,MER0167,3843.03,NetBanking,Android,0,0,1,2859.98,0,0.3281,84,8,1,0,0
TXN0011167,USR03335,MER0436,2189.61,UPI,Android,0,0,1,2497.37,0,0.118,93,18,0,0,0
TXN0011168,USR02510,MER0192,3292.32,Card,Android,0,1,2,4451.13,0,0.5623,578,13,0,0,0
TXN0011169,USR02587,MER0468,1655.06,Card,Android,0,2,2,1160.49,0,0.3062,185,13,0,0,0
TXN0011170,USR02509,MER0433,4373.32,UPI,iOS,0,0,2,5089.64,0,0.2631,61,22,0,1,0
TXN0011171,USR01570,MER0083,3948.78,UPI,Web,0,6,8,2797.37,0,0.1432,341,13,0,0,0
TXN0011172,USR03328,MER0487,2263.54,NetBanking,Android,0,1,4,1520.08,0,0.3,244,20,0,0,0
TXN0011173,USR00728,MER0304,1088.29,Card,Android,0,0,1,1349.72,0,0.8212,552,18,0,1,0
TXN0011174,USR01991,MER0389,8914.16,UPI,iOS,0,0,1,4257.47,0,0.0664,27,4,0,0,0
TXN0011175,USR00243,MER0290,724.7,NetBanking,Android,0,1,5,898.13,0,0.1666,507,13,0,0,0
TXN0011176,USR01032,MER0109,1456.81,NetBanking,Android,0,0,2,1508.15,0,0.4087,270,6,0,0,0
TXN0011177,USR02011,MER0493,1055.56,Card,Android,0,1,1,2243.17,1,0.3674,2900,18,0,0,0
TXN0011178,USR01714,MER0057,1179.99,UPI,iOS,0,0,1,1507.35,0,0.3223,675,9,0,0,0
TXN0011179,USR03295,MER0405,2416.88,UPI,Android,0,0,3,537.18,0,0.3357,712,18,1,0,0
TXN0011180,USR02148,MER0105,1865.11,Wallet,iOS,0,0,8,3749.41,0,0.2352,611,12,0,0,0
TXN0011181,USR01441,MER0393,55394.95,UPI,Web,0,1,3,4952.59,0,0.2226,586,8,0,0,0
TXN0011182,USR01494,MER0212,2639.88,UPI,Android,0,0,1,3849.6,0,0.1739,427,17,1,0,0
TXN0011183,USR02141,MER0119,828.4,UPI,iOS,0,1,1,4287.69,0,0.4526,384,9,0,0,0
TXN0011184,USR02769,MER0119,4462.08,Card,iOS,0,2,2,3136.65,0,0.4667,214,12,0,0,0
TXN0011185,USR00968,MER0160,2262.39,UPI,iOS,0,0,2,3549.59,0,0.0683,508,18,0,0,0
TXN0011186,USR02047,MER0451,3746.45,NetBanking,Android,0,0,1,3130.21,0,0.0126,443,19,0,0,0
TXN0011187,USR02012,MER0385,4510.82,Wallet,Android,0,1,1,2325.37,0,0.166,352,0,0,0,0
TXN0011188,USR00034,MER0336,2790.86,NetBanking,iOS,0,0,2,2477.97,0,0.0673,700,12,1,0,0
TXN0011189,USR03195,MER0315,5118.31,UPI,Android,0,0,1,4248.01,0,0.0567,603,8,0,0,0
TXN0011190,USR01995,MER0209,3925.14,Card,iOS,0,0,2,7708.46,0,0.3337,152,18,1,0,0
TXN0011191,USR00848,MER0451,1364.12,Card,Web,0,1,2,862.08,0,0.0,538,17,0,0,1
TXN0011192,USR02218,MER0137,3260.52,NetBanking,Web,0,1,1,3929.29,0,0.1679,327,20,0,0,0
TXN0011193,USR02373,MER0472,122.59,UPI,Web,0,1,1,543.32,0,0.0389,779,18,0,0,0
TXN0011194,USR03204,MER0191,4785.26,UPI,Web,0,2,3,2772.99,0,0.1083,1334,19,0,0,0
TXN0011195,USR00120,MER0171,1949.07,Card,Web,1,0,1,906.29,0,0.1758,536,12,0,0,0
TXN0011196,USR01449,MER0239,6679.69,Card,Android,0,0,1,2417.33,0,0.1655,243,6,1,0,0
TXN0011197,USR00631,MER0375,4061.64,UPI,Android,0,1,1,894.57,0,0.5188,1501,9,0,0,0
TXN0011198,USR02011,MER0357,3724.14,UPI,Android,0,0,1,2243.17,0,0.0277,1344,12,0,0,0
TXN0011199,USR01756,MER0384,6928.64,UPI,Android,0,2,2,5030.93,0,0.1931,762,21,1,0,0
TXN0011200,USR01663,MER0045,1104.15,UPI,Android,0,1,2,528.96,0,0.1132,172,21,0,0,1
TXN0011201,USR03438,MER0081,1304.49,UPI,Web,0,0,1,2597.23,0,0.7956,584,14,0,0,0
TXN0011202,USR01861,MER0425,346.53,Card,Web,0,0,3,1214.14,0,0.2576,94,9,0,0,0
TXN0011203,USR01439,MER0491,1081.29,UPI,Android,0,3,1,1602.56,0,0.0573,695,14,0,0,0
TXN0011204,USR00236,MER0064,7582.56,UPI,iOS,1,0,2,3177.95,1,0.2454,1189,16,0,0,0
TXN0011205,USR01014,MER0453,493.47,Card,iOS,0,0,1,835.02,0,0.334,486,18,0,0,0
TXN0011206,USR03141,MER0132,2640.45,UPI,iOS,0,0,2,1985.18,0,0.2862,211,21,0,0,0
TXN0011207,USR01581,MER0490,2211.36,Card,Web,0,0,1,1538.54,1,0.3,294,21,0,0,0
TXN0011208,USR03187,MER0497,1841.04,Card,iOS,0,0,1,1623.3,0,0.0353,1366,17,0,0,0
TXN0011209,USR01865,MER0319,977.24,Card,iOS,0,0,3,2577.64,0,0.0637,160,7,1,0,0
TXN0011210,USR01919,MER0096,5294.68,UPI,Android,0,0,6,4349.04,0,0.0878,274,11,0,0,0
TXN0011211,USR01505,MER0395,1234.51,UPI,Android,0,0,3,1758.02,0,0.3965,1501,21,0,0,0
TXN0011212,USR01948,MER0051,5559.42,Card,Android,0,0,2,1715.04,0,0.0205,438,17,1,0,0
TXN0011213,USR00234,MER0168,6209.04,UPI,iOS,0,7,1,2879.03,0,0.1415,504,13,0,0,0
TXN0011214,USR00202,MER0320,1645.56,UPI,Web,0,0,3,2284.65,0,0.2704,407,11,1,0,0
TXN0011215,USR01666,MER0034,15911.38,Wallet,iOS,0,0,2,4691.27,0,0.1516,201,12,0,0,0
TXN0011216,USR02093,MER0197,2221.32,UPI,iOS,0,0,1,1823.26,0,0.4128,126,21,0,0,0
TXN0011217,USR01929,MER0399,1294.95,Card,Android,0,0,2,4536.01,0,0.3076,537,15,0,0,0
TXN0011218,USR01503,MER0046,5148.61,UPI,Android,0,0,3,5726.52,0,0.2255,1702,8,1,0,0
TXN0011219,USR01030,MER0184,5405.72,UPI,iOS,0,1,1,1750.77,0,0.377,160,8,1,0,0
TXN0011220,USR02482,MER0002,699.04,Wallet,Web,1,0,1,1326.09,0,0.334,250,10,0,0,0
TXN0011221,USR02117,MER0330,1550.45,Wallet,Android,0,1,1,1712.03,0,0.9265,1977,12,1,0,0
TXN0011222,USR00165,MER0040,3188.65,UPI,Android,0,1,2,8923.48,0,0.1047,856,18,0,0,0
TXN0011223,USR01584,MER0141,3462.78,UPI,Web,1,1,1,8644.18,0,0.6249,2353,9,0,0,0
TXN0011224,USR02489,MER0262,4223.34,Card,Android,0,4,2,921.15,0,0.4504,1049,18,0,0,1
TXN0011225,USR02745,MER0108,4700.61,Card,Android,0,0,1,3445.68,0,0.9284,1617,6,0,0,0
TXN0011226,USR01005,MER0116,2098.09,Card,Android,0,1,1,3442.45,0,0.1433,1242,18,0,0,0
TXN0011227,USR03238,MER0418,50764.25,UPI,Web,0,0,1,4355.37,0,0.4124,321,22,0,0,0
TXN0011228,USR02281,MER0389,2173.38,NetBanking,Android,0,1,2,2344.93,0,0.0923,688,17,0,0,0
TXN0011229,USR01532,MER0041,6651.21,Wallet,iOS,0,0,1,3971.82,0,0.3147,403,6,0,0,0
TXN0011230,USR02195,MER0429,24743.86,Card,Android,0,0,2,11853.79,0,0.3743,913,18,0,0,0
TXN0011231,USR03051,MER0235,1292.91,NetBanking,Android,0,0,2,3019.14,0,0.0851,866,22,1,0,0
TXN0011232,USR00794,MER0073,655.48,UPI,Android,0,0,2,1253.95,0,0.223,609,7,1,0,0
TXN0011233,USR00527,MER0454,8089.77,UPI,Android,1,0,2,4899.88,0,0.352,500,14,0,0,0
TXN0011234,USR01542,MER0169,635.1,UPI,Web,0,0,1,1054.12,0,0.2747,572,21,0,0,0
TXN0011235,USR00294,MER0163,3018.27,UPI,iOS,0,0,2,1917.42,0,0.3008,663,6,0,0,0
TXN0011236,USR02925,MER0074,22159.57,UPI,Web,0,1,1,6962.91,0,0.1935,768,13,1,0,0
TXN0011237,USR03397,MER0444,819.34,NetBanking,iOS,0,0,1,2456.21,0,0.1047,509,18,0,0,0
TXN0011238,USR02120,MER0144,1343.44,Wallet,Android,0,0,2,1826.18,0,0.5972,432,8,1,0,0
TXN0011239,USR03430,MER0297,2926.89,Card,Android,0,0,1,3549.1,0,0.2751,1247,16,0,0,0
TXN0011240,USR00241,MER0120,1585.28,Card,Android,0,0,1,2434.51,0,0.203,887,19,0,0,0
TXN0011241,USR02214,MER0448,2571.07,UPI,Android,0,0,1,4187.33,0,0.1925,204,16,0,0,0
TXN0011242,USR01551,MER0394,1572.6,UPI,Android,0,2,1,2356.22,0,0.9735,242,16,0,0,0
TXN0011243,USR00971,MER0252,1215.24,UPI,Android,0,0,1,1291.65,1,0.1467,713,15,0,0,0
TXN0011244,USR01092,MER0173,1920.42,Card,Android,0,0,3,1792.89,0,0.3106,383,8,0,0,0
TXN0011245,USR01909,MER0328,3576.13,Card,Android,1,1,1,1892.36,0,0.317,657,16,0,0,0
TXN0011246,USR02246,MER0248,2707.87,Card,Android,0,1,3,2898.66,0,0.1079,200,17,0,0,0
TXN0011247,USR00575,MER0471,4642.67,NetBanking,Android,0,1,3,2181.92,0,0.2116,264,21,0,0,0
TXN0011248,USR02151,MER0337,1064.62,UPI,Android,0,0,2,1713.8,0,0.3885,783,22,0,0,0
TXN0011249,USR03243,MER0014,843.32,UPI,Android,0,0,3,2105.55,0,0.1803,934,15,1,1,0
TXN0011250,USR00037,MER0412,1585.71,UPI,Android,0,0,2,2076.02,0,0.1997,460,21,1,0,0
TXN0011251,USR03075,MER0097,2809.91,NetBanking,iOS,0,0,2,2117.33,0,0.1965,223,20,1,0,0
TXN0011252,USR02127,MER0151,36364.83,UPI,Web,0,0,2,4037.36,0,0.1445,237,21,0,0,0
TXN0011253,USR01198,MER0219,4660.89,UPI,Android,0,1,2,1712.3,1,0.276,339,0,0,0,1
TXN0011254,USR02572,MER0105,3062.47,NetBanking,Android,0,0,1,2612.42,0,0.2536,234,7,0,0,1
TXN0011255,USR02163,MER0472,5246.16,UPI,Android,0,0,1,3206.94,0,0.0197,368,11,1,0,0
TXN0011256,USR02691,MER0490,5389.95,UPI,Android,0,0,2,2114.92,0,0.3422,1187,19,0,0,1
TXN0011257,USR00285,MER0078,484.5,UPI,Android,0,8,3,892.63,1,0.3549,889,13,1,0,0
TXN0011258,USR00207,MER0161,8678.39,UPI,Android,1,1,2,10613.62,0,0.3978,880,9,0,0,0
TXN0011259,USR02248,MER0186,7839.41,Card,Android,0,1,1,1120.87,0,0.2707,464,9,0,0,0
TXN0011260,USR01063,MER0336,4070.64,NetBanking,Android,0,0,3,2309.89,0,0.1248,770,18,0,0,0
TXN0011261,USR00834,MER0299,4265.22,UPI,Web,0,0,1,3104.31,0,0.3777,601,20,0,0,0
TXN0011262,USR01475,MER0339,3860.15,Card,Android,0,0,2,2132.4,0,0.298,1604,12,1,0,0
TXN0011263,USR02539,MER0016,589.95,UPI,Android,0,0,2,1622.49,0,0.4953,1514,9,1,0,0
TXN0011264,USR00630,MER0258,985.27,Wallet,iOS,0,0,1,1650.17,0,0.2272,277,9,0,0,0
TXN0011265,USR03407,MER0106,652.56,UPI,Android,0,0,1,1421.92,0,0.0282,1183,19,1,0,0
TXN0011266,USR01473,MER0115,6056.93,UPI,Android,0,0,4,4710.55,0,0.3541,277,20,0,1,0
TXN0011267,USR00528,MER0388,1217.09,UPI,Android,0,0,1,1668.82,0,0.2477,148,21,0,0,0
TXN0011268,USR00249,MER0071,3384.5,Wallet,iOS,0,0,1,3321.87,0,0.0815,774,16,1,1,0
TXN0011269,USR03001,MER0016,2404.36,UPI,Web,0,0,1,3162.04,0,0.4703,1330,19,1,0,0
TXN0011270,USR00397,MER0244,392.78,UPI,iOS,0,1,2,1331.78,0,0.2327,1962,12,0,0,0
TXN0011271,USR01467,MER0368,2815.58,UPI,Web,0,0,2,1565.16,0,0.4235,166,7,0,0,0
TXN0011272,USR02341,MER0256,950.81,NetBanking,Android,0,0,2,3554.94,0,0.0595,841,8,0,0,0
TXN0011273,USR01796,MER0081,549.67,UPI,Android,0,0,1,975.76,0,0.7876,1262,17,0,1,0
TXN0011274,USR00920,MER0387,227.73,NetBanking,Android,0,0,2,617.25,0,0.7876,1221,6,1,0,1
TXN0011275,USR00378,MER0191,668.95,UPI,iOS,0,0,2,1324.93,0,0.1099,2983,5,0,0,0
TXN0011276,USR02490,MER0355,2069.28,UPI,Android,0,0,3,1881.11,0,0.0937,532,1,0,0,0
TXN0011277,USR01717,MER0102,1642.67,Card,Android,0,1,1,709.71,0,0.1958,127,11,0,0,0
TXN0011278,USR00169,MER0457,393.21,UPI,Android,0,0,1,1271.9,0,0.2005,407,16,0,0,0
TXN0011279,USR00635,MER0142,1710.61,Card,Android,0,0,1,2685.97,0,0.5198,746,21,0,0,0
TXN0011280,USR01970,MER0486,1121.55,UPI,Android,0,0,2,4153.8,0,0.3122,516,10,0,0,0
TXN0011281,USR00590,MER0189,1047.77,UPI,iOS,0,2,2,1703.29,0,0.2299,526,18,1,0,1
TXN0011282,USR01371,MER0364,3248.85,UPI,Android,0,0,2,3243.13,1,0.218,1477,19,0,0,0
TXN0011283,USR00436,MER0252,1087.53,Card,Android,0,1,1,658.1,0,0.0965,1305,19,1,0,0
TXN0011284,USR02790,MER0039,460.7,Card,Android,0,1,3,2226.33,1,0.2078,858,23,0,0,0
TXN0011285,USR02207,MER0050,4337.74,UPI,Android,0,0,1,3067.78,0,0.2827,2300,13,0,0,0
TXN0011286,USR02744,MER0203,362.58,Wallet,Android,1,0,2,767.8,0,0.1821,211,21,0,0,0
TXN0011287,USR00184,MER0097,3954.38,Card,iOS,0,0,1,9978.99,0,0.1504,573,18,0,0,0
TXN0011288,USR01315,MER0305,4035.65,Card,iOS,0,0,1,4041.34,0,0.2133,826,13,1,0,0
TXN0011289,USR00937,MER0069,2830.71,UPI,Android,0,0,3,1894.55,0,1.0,879,13,0,0,0
TXN0011290,USR02180,MER0296,1138.37,Wallet,Android,0,0,2,1286.5,0,0.4397,220,12,1,0,0
TXN0011291,USR02876,MER0103,1099.01,UPI,Web,0,0,2,2538.22,0,0.4504,252,15,1,0,0
TXN0011292,USR00797,MER0091,3298.27,UPI,Web,0,0,1,3728.87,0,0.3864,812,16,0,0,0
TXN0011293,USR02695,MER0184,1352.04,UPI,Web,0,0,2,2395.86,0,0.3751,470,11,0,0,0
TXN0011294,USR02032,MER0292,3903.79,Wallet,Android,0,0,1,2656.59,0,0.0347,491,16,0,0,0
TXN0011295,USR02885,MER0200,4363.46,UPI,Android,0,1,1,2114.9,0,0.1257,738,9,0,0,0
TXN0011296,USR00285,MER0175,1758.87,UPI,Android,0,0,2,892.63,0,0.3041,533,15,0,0,0
TXN0011297,USR03469,MER0171,5925.25,UPI,Android,0,0,3,6318.25,0,0.2241,268,20,0,0,0
TXN0011298,USR01522,MER0170,3749.37,UPI,Android,0,0,2,1756.41,1,0.8651,1191,20,0,1,1
TXN0011299,USR00981,MER0202,788.54,UPI,iOS,0,0,1,1728.99,0,0.2271,849,22,0,0,0
TXN0011300,USR00640,MER0418,10451.91,UPI,Web,0,0,2,3043.84,0,0.4414,118,12,0,0,0
TXN0011301,USR03448,MER0289,521.23,Wallet,iOS,0,1,3,1147.48,0,0.0481,2202,8,0,0,0
TXN0011302,USR03092,MER0211,672.33,UPI,Android,0,0,2,3048.61,0,0.4341,848,10,0,0,0
TXN0011303,USR00460,MER0375,13228.26,Card,Android,0,1,3,5203.03,0,0.534,212,21,0,1,0
TXN0011304,USR01558,MER0264,893.12,UPI,Android,1,1,1,1565.59,1,0.177,281,2,0,1,1
TXN0011305,USR02568,MER0475,8623.18,UPI,Android,0,0,1,8334.49,0,0.2686,952,13,0,0,0
TXN0011306,USR02068,MER0282,611.42,Card,Android,0,0,1,1350.14,0,0.0519,588,19,0,0,0
TXN0011307,USR00662,MER0109,10046.92,UPI,Android,0,1,1,1926.05,0,0.4244,1871,17,0,0,0
TXN0011308,USR01262,MER0282,8848.67,UPI,Android,0,0,2,2505.68,0,0.0511,455,10,0,0,0
TXN0011309,USR01289,MER0387,6953.09,UPI,Android,0,1,2,2400.48,0,0.8349,731,19,1,0,0
TXN0011310,USR01011,MER0107,1527.67,UPI,Web,0,0,1,1507.01,0,0.1818,1236,9,1,0,0
TXN0011311,USR03363,MER0102,1017.92,Wallet,Android,0,0,2,528.17,0,0.2477,356,12,0,0,0
TXN0011312,USR00711,MER0300,1736.89,Wallet,Web,0,0,3,1897.04,0,0.1463,356,0,0,0,0
TXN0011313,USR02474,MER0443,8902.95,UPI,iOS,1,0,3,4172.01,0,0.1656,1955,8,0,0,0
TXN0011314,USR03192,MER0168,1792.33,UPI,Android,1,3,1,2532.37,0,0.1649,543,18,1,0,0
TXN0011315,USR02782,MER0254,3593.93,UPI,Android,1,1,3,1207.15,1,0.1627,1058,23,1,1,1
TXN0011316,USR02799,MER0328,819.22,Card,iOS,0,0,3,1200.12,0,0.336,278,11,0,0,0
TXN0011317,USR00556,MER0332,919.69,UPI,Android,0,0,2,1241.52,0,0.0225,471,8,0,0,0
TXN0011318,USR00467,MER0073,2232.62,UPI,Android,0,1,1,3284.05,1,0.2127,739,20,0,0,0
TXN0011319,USR02741,MER0198,2610.78,Card,Android,0,0,1,2389.5,0,0.15,359,19,0,0,0
TXN0011320,USR02614,MER0498,1511.62,Card,iOS,0,0,3,2101.56,0,0.8866,483,10,1,0,0
TXN0011321,USR02597,MER0445,8508.06,Card,Android,0,1,2,6297.74,0,0.5353,436,17,1,0,0
TXN0011322,USR01465,MER0387,3508.42,Card,Android,0,1,2,5214.67,1,0.7696,755,16,1,0,0
TXN0011323,USR01833,MER0013,15259.0,UPI,iOS,0,1,1,9077.52,0,0.4451,1046,13,1,0,0
TXN0011324,USR00054,MER0209,4196.06,UPI,Android,0,0,1,1478.34,0,0.3312,1213,10,1,1,0
TXN0011325,USR01019,MER0026,1376.5,Card,Web,0,4,5,1368.5,0,0.312,617,12,0,0,0
TXN0011326,USR01850,MER0151,11379.0,Card,iOS,0,2,1,2421.95,0,0.1582,171,12,0,0,0
TXN0011327,USR00441,MER0433,7777.65,UPI,iOS,0,0,2,3630.73,0,0.2396,1276,22,1,0,0
TXN0011328,USR00456,MER0194,4922.14,UPI,Android,0,1,1,1109.84,1,0.5795,1788,10,1,0,0
TXN0011329,USR00159,MER0085,794.93,UPI,Android,0,0,2,873.33,1,0.9109,302,11,0,0,0
TXN0011330,USR00735,MER0361,2298.5,Wallet,Android,0,2,2,7992.55,0,0.2047,548,8,0,0,0
TXN0011331,USR03476,MER0380,1459.51,UPI,Android,0,1,1,2551.09,0,0.2744,384,7,1,0,0
TXN0011332,USR02437,MER0328,4836.12,Wallet,iOS,0,1,3,7854.54,0,0.3412,462,11,1,0,0
TXN0011333,USR03319,MER0405,6712.79,Wallet,Android,0,0,1,14015.92,0,0.3053,1492,9,1,0,0
TXN0011334,USR00900,MER0352,488.18,Card,iOS,0,0,3,2494.23,0,0.2596,1547,15,0,0,0
TXN0011335,USR02096,MER0318,9043.67,Wallet,Android,0,0,2,4546.33,1,0.3098,1978,18,0,0,0
TXN0011336,USR03122,MER0445,4258.65,UPI,Web,0,0,1,2199.13,0,0.4725,209,21,0,0,0
TXN0011337,USR01233,MER0163,3110.92,UPI,Android,0,1,2,1675.52,0,0.3094,1285,17,0,0,0
TXN0011338,USR02301,MER0229,10106.58,UPI,Android,0,1,2,2202.49,0,0.5963,124,10,0,0,0
TXN0011339,USR02425,MER0282,1078.43,Card,Web,1,0,3,1985.57,0,0.0716,745,9,0,0,0
TXN0011340,USR02913,MER0335,33487.01,NetBanking,Android,0,0,2,2993.92,0,0.0816,1273,19,1,1,0
TXN0011341,USR03394,MER0239,1953.25,Card,Android,0,0,4,2736.03,0,0.1414,343,21,0,0,0
TXN0011342,USR02154,MER0221,2393.88,UPI,Android,0,1,1,1387.38,0,0.1392,529,21,1,0,0
TXN0011343,USR02039,MER0083,1016.49,UPI,Android,0,0,2,2525.23,0,0.1588,204,19,0,0,0
TXN0011344,USR03041,MER0320,2306.07,UPI,Android,0,0,2,2665.62,0,0.3124,1531,22,0,0,1
TXN0011345,USR02396,MER0062,4848.36,Card,iOS,0,1,2,2273.66,0,0.1943,243,9,1,1,0
TXN0011346,USR01266,MER0238,2098.95,Card,Web,0,0,6,2285.59,1,0.3544,1358,6,0,1,0
TXN0011347,USR02206,MER0205,622.97,Wallet,Android,1,0,1,2115.65,0,0.7015,412,17,0,0,0
TXN0011348,USR01922,MER0389,3285.51,UPI,Android,0,2,2,1412.74,0,0.0345,663,8,0,0,0
TXN0011349,USR00801,MER0239,1311.81,Card,Android,0,0,1,3506.11,0,0.1688,952,21,1,0,0
TXN0011350,USR01806,MER0003,1646.42,UPI,Android,0,0,1,1635.45,0,0.545,841,8,0,0,0
TXN0011351,USR02183,MER0254,7163.46,Card,Android,0,0,2,4950.5,0,0.1705,709,17,0,0,0
TXN0011352,USR03164,MER0108,3887.16,Wallet,Android,0,1,1,3748.61,0,0.9281,301,20,0,0,0
TXN0011353,USR02032,MER0191,15705.32,Card,Android,0,0,6,2656.59,0,0.1122,1169,16,1,0,0
TXN0011354,USR00578,MER0149,2228.43,UPI,iOS,0,0,8,1381.2,0,0.2186,156,23,1,0,0
TXN0011355,USR03457,MER0084,1693.25,UPI,Android,0,0,1,2059.24,0,0.1691,1805,20,1,0,0
TXN0011356,USR02024,MER0473,3654.25,NetBanking,iOS,0,0,5,2489.23,0,0.312,823,20,0,0,0
TXN0011357,USR01005,MER0127,3808.91,Card,Android,0,1,1,3442.45,0,0.2739,547,11,0,0,0
TXN0011358,USR02641,MER0254,8911.4,Wallet,Android,0,1,2,9073.75,0,0.1095,702,6,0,0,0
TXN0011359,USR01347,MER0415,2132.03,UPI,iOS,0,0,1,1880.52,0,0.1834,654,20,1,1,0
TXN0011360,USR01296,MER0183,679.89,UPI,Android,0,0,1,976.99,0,0.2108,635,21,0,0,0
TXN0011361,USR02939,MER0469,2060.9,Card,Web,0,0,3,1858.66,0,0.2051,568,3,0,0,0
TXN0011362,USR03037,MER0203,641.28,Card,iOS,1,0,2,970.12,0,0.2217,291,20,0,0,0
TXN0011363,USR01834,MER0474,966.49,UPI,Web,0,0,2,3979.57,0,0.0857,535,11,0,0,0
TXN0011364,USR01306,MER0226,4429.3,UPI,Android,0,1,3,2048.89,0,0.1353,801,19,0,0,0
TXN0011365,USR03022,MER0008,1721.89,UPI,Web,0,0,3,2719.77,0,0.1663,1180,8,0,1,0
TXN0011366,USR00607,MER0434,1355.92,UPI,Android,0,1,3,1287.47,0,0.238,1136,14,0,0,0
TXN0011367,USR02616,MER0433,320.02,UPI,Android,0,0,2,581.66,0,0.2352,147,5,0,0,0
TXN0011368,USR02045,MER0482,3275.61,Card,iOS,1,1,1,5825.67,0,0.7998,656,17,0,0,0
TXN0011369,USR02990,MER0062,543.88,Wallet,Web,0,0,4,1208.09,0,0.1963,571,5,1,0,0
TXN0011370,USR01472,MER0423,1813.01,UPI,Web,0,0,1,962.92,0,0.3914,264,13,0,0,0
TXN0011371,USR02913,MER0171,6707.22,NetBanking,Android,0,0,1,2993.92,0,0.206,707,17,0,0,0
TXN0011372,USR00054,MER0421,1432.75,NetBanking,Android,0,0,4,1478.34,0,0.1732,320,10,0,0,0
TXN0011373,USR02654,MER0482,1756.67,Card,Android,0,1,1,2717.77,0,0.8389,532,17,0,0,0
TXN0011374,USR00245,MER0100,492.59,Wallet,Web,0,1,2,1752.31,0,0.2592,1162,10,0,0,0
TXN0011375,USR02249,MER0186,2561.87,Card,Web,0,1,2,1518.96,0,0.284,315,8,1,0,0
TXN0011376,USR00684,MER0135,447.95,UPI,Android,0,0,5,766.48,0,0.1596,544,19,0,0,0
TXN0011377,USR03373,MER0153,906.0,UPI,Android,0,0,1,2129.12,0,0.2512,776,7,1,0,0
TXN0011378,USR02693,MER0299,4664.06,UPI,iOS,0,1,3,4800.97,0,0.4329,1126,14,1,0,0
TXN0011379,USR00367,MER0207,1413.92,UPI,Android,0,0,2,1890.68,0,0.1773,562,19,0,0,0
TXN0011380,USR03123,MER0329,711.0,NetBanking,Android,1,0,3,2229.8,0,0.1145,355,15,0,0,0
TXN0011381,USR00882,MER0338,2365.31,NetBanking,iOS,0,0,1,6719.61,0,0.201,925,18,0,0,0
TXN0011382,USR01910,MER0102,2632.14,Card,Android,1,2,1,2171.65,0,0.2059,594,7,1,0,0
TXN0011383,USR00299,MER0022,407.82,Card,iOS,0,1,3,687.41,0,0.2375,375,21,0,0,0
TXN0011384,USR00370,MER0374,1325.77,NetBanking,Web,0,0,3,965.23,0,0.4559,921,13,0,0,0
TXN0011385,USR00845,MER0091,2429.72,Card,Android,0,0,2,2298.54,0,0.3333,904,19,1,0,0
TXN0011386,USR01871,MER0100,2617.51,UPI,Android,0,0,1,1294.33,0,0.2031,584,12,1,0,0
TXN0011387,USR01901,MER0301,2515.31,NetBanking,iOS,0,0,1,4814.06,0,0.4484,671,12,0,0,0
TXN0011388,USR02995,MER0132,793.39,Card,Android,0,0,1,705.39,0,0.2708,92,16,0,0,0
TXN0011389,USR00578,MER0095,2080.29,UPI,Web,1,2,1,1381.2,0,0.0507,330,21,0,0,0
TXN0011390,USR02624,MER0154,1217.21,UPI,Android,1,0,1,2008.6,0,0.2548,671,2,0,0,0
TXN0011391,USR00021,MER0262,5538.98,Wallet,Web,0,0,2,2586.29,0,0.449,330,21,0,0,0
TXN0011392,USR01019,MER0423,392.19,UPI,Android,0,0,1,1368.5,1,0.4179,718,22,0,0,0
TXN0011393,USR00613,MER0495,1402.59,Wallet,Android,0,0,2,2685.96,0,0.1036,681,8,0,1,0
TXN0011394,USR00434,MER0367,565.02,Wallet,iOS,0,0,1,2025.4,0,0.2026,1050,11,0,0,0
TXN0011395,USR02046,MER0450,2044.07,UPI,iOS,0,1,1,3650.16,0,0.4463,399,13,0,0,0
TXN0011396,USR03153,MER0266,3209.24,UPI,Android,0,4,1,3770.98,0,0.1486,10,9,0,0,0
TXN0011397,USR02335,MER0205,3839.85,Card,Web,0,0,1,2218.33,0,0.7323,515,8,0,0,0
TXN0011398,USR02990,MER0410,1027.6,UPI,Android,0,0,3,1208.09,0,0.1717,237,21,0,0,0
TXN0011399,USR02071,MER0152,713.33,Card,Android,0,0,2,1151.26,1,0.1149,750,10,0,0,0
TXN0011400,USR00189,MER0407,213.54,NetBanking,iOS,0,1,1,684.91,0,0.1986,474,10,0,0,0
TXN0011401,USR01211,MER0500,1304.07,Card,iOS,0,0,4,3286.09,0,0.2083,1121,16,0,0,0
TXN0011402,USR02883,MER0195,4033.97,Card,iOS,0,0,2,3391.94,0,0.1529,702,22,0,0,0
TXN0011403,USR00155,MER0317,133097.85,Wallet,iOS,0,0,2,8164.07,0,0.0898,1375,11,1,0,0
TXN0011404,USR00341,MER0391,1300.94,NetBanking,Android,0,1,2,1849.53,0,0.439,574,11,0,0,0
TXN0011405,USR02919,MER0392,8518.26,NetBanking,Android,0,0,2,3744.48,0,0.2957,1697,15,0,0,0
TXN0011406,USR00222,MER0104,1720.54,UPI,Android,0,1,2,3584.36,0,0.0552,106,18,0,0,0
TXN0011407,USR03359,MER0482,4259.9,UPI,Android,0,1,1,5932.44,0,0.8382,335,19,1,0,0
TXN0011408,USR02656,MER0252,2266.4,Card,Android,0,2,2,2970.16,0,0.171,439,1,0,0,0
TXN0011409,USR02328,MER0021,5327.21,UPI,Web,0,0,1,1862.0,0,0.3698,340,0,1,0,0
TXN0011410,USR01878,MER0060,1774.53,Card,Android,0,2,2,1694.35,0,0.2741,106,9,1,0,0
TXN0011411,USR00313,MER0364,935.06,Wallet,iOS,0,0,3,3588.47,0,0.2334,1042,7,0,0,0
TXN0011412,USR01451,MER0214,11541.24,NetBanking,iOS,0,0,2,6114.94,0,0.4532,902,20,0,0,0
TXN0011413,USR02828,MER0054,13238.41,UPI,Android,0,1,1,3684.2,1,0.1534,524,18,1,0,0
TXN0011414,USR03164,MER0261,2978.96,Wallet,Android,0,0,1,3748.61,0,0.1406,725,18,0,0,0
TXN0011415,USR01565,MER0300,1464.36,Card,Android,1,1,2,2936.79,0,0.2061,287,19,0,0,0
TXN0011416,USR02938,MER0040,12929.61,Card,Android,0,0,1,7295.48,1,0.0943,797,14,0,0,0
TXN0011417,USR02719,MER0176,9221.65,UPI,Android,0,0,3,2356.75,0,0.2039,1206,7,0,0,0
TXN0011418,USR00202,MER0232,4004.03,UPI,Android,0,0,2,2284.65,0,0.0962,100,14,1,0,1
TXN0011419,USR02171,MER0391,1191.68,Wallet,Web,0,0,1,4030.67,0,0.468,668,9,0,0,0
TXN0011420,USR02157,MER0326,2412.32,Card,Android,0,0,2,1472.88,0,0.333,624,1,0,0,0
TXN0011421,USR01901,MER0044,6126.17,Wallet,Android,0,0,1,4814.06,0,0.1087,1474,16,0,0,0
TXN0011422,USR02703,MER0308,1640.66,UPI,Android,0,0,2,3429.56,0,0.1873,2003,5,0,0,0
TXN0011423,USR03114,MER0452,26518.53,UPI,Android,0,0,3,11022.02,0,0.0769,333,13,0,0,0
TXN0011424,USR01927,MER0028,1712.49,UPI,Android,0,0,1,1313.03,0,0.2873,523,17,1,0,0
TXN0011425,USR01122,MER0494,2512.01,Card,Android,1,0,2,1024.61,0,0.9241,1167,14,1,0,0
TXN0011426,USR03441,MER0048,1219.09,Card,Web,0,0,1,2752.11,0,0.2303,257,17,0,0,0
TXN0011427,USR03373,MER0312,2698.86,UPI,Android,0,0,2,2129.12,0,0.2404,716,21,1,0,0
TXN0011428,USR02402,MER0176,465.37,UPI,Web,0,1,1,931.98,0,0.1925,2124,12,0,0,0
TXN0011429,USR02243,MER0366,3486.66,UPI,iOS,1,2,1,3066.77,0,0.2184,706,15,0,0,0
TXN0011430,USR00365,MER0422,2686.05,UPI,Android,0,0,1,974.79,0,0.0339,640,7,0,0,0
TXN0011431,USR01406,MER0426,1261.0,UPI,iOS,1,0,1,3702.19,0,0.9163,794,13,0,0,0
TXN0011432,USR00695,MER0435,750.26,NetBanking,Android,0,0,2,2113.5,0,0.4518,676,18,0,0,0
TXN0011433,USR01803,MER0409,9689.76,UPI,Android,0,0,1,5119.86,0,0.2315,165,13,1,0,0
TXN0011434,USR02892,MER0155,1727.91,UPI,Android,0,0,1,1835.06,0,0.944,485,18,1,0,0
TXN0011435,USR00786,MER0233,4678.91,Wallet,Web,0,1,1,2116.48,0,0.1957,195,20,0,0,0
TXN0011436,USR03489,MER0360,1170.5,NetBanking,iOS,1,0,2,2200.49,0,0.4613,265,17,0,0,0
TXN0011437,USR00454,MER0085,2162.45,Card,iOS,0,1,1,2191.05,0,0.91,689,4,0,0,0
TXN0011438,USR00345,MER0289,3311.88,UPI,iOS,1,0,2,2121.37,0,0.0588,1448,11,1,0,0
TXN0011439,USR03411,MER0266,1825.41,UPI,Android,0,0,1,1649.48,0,0.1596,316,16,0,0,0
TXN0011440,USR00352,MER0492,369.83,UPI,iOS,0,1,2,1409.44,0,0.2368,468,18,1,0,0
TXN0011441,USR02574,MER0025,20741.48,UPI,Android,0,0,1,2857.27,0,0.1489,204,19,0,0,0
TXN0011442,USR02672,MER0048,1956.99,Card,Android,0,1,1,1765.68,0,0.2868,576,13,0,0,1
TXN0011443,USR01156,MER0016,377.84,Wallet,Android,0,0,2,1042.71,0,0.4807,437,14,0,0,0
TXN0011444,USR00226,MER0274,2733.77,UPI,Android,0,1,5,2292.07,0,0.0413,517,0,0,0,0
TXN0011445,USR01080,MER0276,1043.6,Card,iOS,0,0,1,805.48,0,0.1278,843,8,0,0,0
TXN0011446,USR00240,MER0297,27510.11,Card,iOS,0,2,1,14138.88,0,0.3265,106,7,1,0,0
TXN0011447,USR02353,MER0122,4985.5,Card,iOS,0,1,1,2688.52,0,0.2319,874,18,1,0,0
TXN0011448,USR03111,MER0154,780.72,UPI,Web,0,2,2,957.36,0,0.254,1379,23,0,0,0
TXN0011449,USR03490,MER0209,257.39,NetBanking,Android,0,1,3,934.96,0,0.3121,1429,6,1,0,0
TXN0011450,USR02802,MER0024,52723.72,UPI,Android,0,5,2,8929.8,0,0.2871,1029,12,0,0,0
TXN0011451,USR02712,MER0377,1086.96,UPI,Android,0,0,2,3728.21,0,0.1492,1816,19,1,0,0
TXN0011452,USR03086,MER0027,3870.21,UPI,Android,1,0,2,1696.1,0,0.0759,1080,6,0,0,0
TXN0011453,USR02695,MER0334,1344.68,Card,Web,0,0,1,2395.86,0,0.4397,669,9,1,0,0
TXN0011454,USR02277,MER0227,4598.84,NetBanking,iOS,0,0,6,3060.67,0,0.1118,564,8,1,0,0
TXN0011455,USR03487,MER0500,892.32,UPI,iOS,0,0,1,1504.57,0,0.1863,1100,16,0,0,0
TXN0011456,USR01129,MER0347,2413.69,UPI,Android,0,0,1,3616.2,1,0.1438,831,17,0,0,0
TXN0011457,USR01445,MER0238,1343.9,NetBanking,Web,0,0,1,2515.01,1,0.345,100,18,0,0,0
TXN0011458,USR03173,MER0351,3806.44,Card,Android,0,0,3,2389.57,0,0.2702,488,8,1,0,0
TXN0011459,USR01089,MER0059,3168.02,NetBanking,Android,0,0,2,5209.47,0,0.3501,79,11,0,0,0
TXN0011460,USR01046,MER0091,2594.43,Card,Android,0,1,2,1568.35,0,0.3406,97,14,0,1,0
TXN0011461,USR00533,MER0250,772.47,Wallet,Android,0,1,1,1246.54,0,0.0775,1208,13,1,0,0
TXN0011462,USR00965,MER0429,1803.74,Card,Android,0,1,10,2240.01,0,0.3751,790,9,0,0,1
TXN0011463,USR02078,MER0411,4104.81,UPI,Android,0,1,3,4206.17,0,0.1,1109,14,0,0,1
TXN0011464,USR03103,MER0189,993.04,Card,Android,0,2,1,934.51,0,0.1953,1305,6,1,0,0
TXN0011465,USR00477,MER0142,933.87,UPI,Android,0,0,1,1909.81,0,0.588,716,19,0,0,0
TXN0011466,USR02383,MER0483,4477.24,Card,Android,0,0,1,2835.63,0,0.2141,627,9,0,0,0
TXN0011467,USR02683,MER0283,1655.67,Card,iOS,0,1,2,2116.1,0,0.1053,211,11,1,0,0
TXN0011468,USR03135,MER0060,4893.22,UPI,Android,0,1,4,3477.25,0,0.2597,292,7,0,0,0
TXN0011469,USR02626,MER0113,1545.21,Card,Android,0,0,11,1643.53,0,0.8177,769,9,0,0,1
TXN0011470,USR00546,MER0419,1828.29,UPI,Web,1,0,2,1260.03,1,0.2635,246,11,0,0,0
TXN0011471,USR01712,MER0450,367.8,Wallet,Android,0,0,2,519.94,0,0.4149,1190,22,0,0,0
TXN0011472,USR03334,MER0455,1421.56,UPI,iOS,1,1,1,2638.65,0,0.4537,610,12,1,0,0
TXN0011473,USR03180,MER0004,1469.89,Card,iOS,1,0,6,1136.38,0,0.0497,150,7,0,0,0
TXN0011474,USR02145,MER0412,2617.8,UPI,Android,0,1,2,3926.79,1,0.2023,788,4,0,0,0
TXN0011475,USR03372,MER0056,10872.57,UPI,Android,0,0,1,3998.49,0,0.1803,181,13,1,0,0
TXN0011476,USR02339,MER0405,3473.89,UPI,Android,0,2,2,3478.36,0,0.34,1015,21,0,0,0
TXN0011477,USR00228,MER0441,2123.16,UPI,Android,0,0,2,6000.96,0,0.906,345,17,1,0,0
TXN0011478,USR03200,MER0181,585.18,Wallet,Android,0,0,2,937.73,0,0.1616,399,22,0,0,0
TXN0011479,USR00589,MER0097,1149.1,UPI,Android,0,0,3,2480.55,1,0.1644,1029,15,1,0,0
TXN0011480,USR01333,MER0357,4688.81,Wallet,Android,1,0,2,2276.59,0,0.0258,592,22,0,0,0
TXN0011481,USR00834,MER0035,5153.83,UPI,Android,0,1,1,3104.31,0,0.2859,792,4,1,0,1
TXN0011482,USR02519,MER0290,1617.15,Card,Android,0,0,2,1776.45,0,0.1675,336,20,0,0,0
TXN0011483,USR00105,MER0166,6173.98,Card,Android,0,0,4,5267.15,0,0.3645,1215,21,0,0,0
TXN0011484,USR02242,MER0213,3313.45,UPI,iOS,0,7,3,3710.33,1,0.6684,876,22,0,1,1
TXN0011485,USR03026,MER0413,12509.04,UPI,iOS,0,0,9,7077.79,1,0.1281,1168,20,1,0,0
TXN0011486,USR02758,MER0497,4296.85,UPI,iOS,0,1,1,3106.83,0,0.0594,806,6,0,0,0
TXN0011487,USR01075,MER0202,3251.59,UPI,Android,0,0,5,2065.06,0,0.1782,1009,12,0,0,0
TXN0011488,USR03140,MER0146,2247.98,UPI,Android,0,1,1,2713.29,0,0.3106,166,8,0,0,0
TXN0011489,USR01268,MER0418,1050.51,NetBanking,Android,0,0,2,1740.2,0,0.452,338,7,1,0,0
TXN0011490,USR02381,MER0207,1284.65,UPI,iOS,0,0,2,836.64,0,0.1674,887,22,0,0,0
TXN0011491,USR01774,MER0100,9113.2,Wallet,Android,0,0,1,3135.41,0,0.1995,615,23,0,0,0
TXN0011492,USR00237,MER0452,1764.24,NetBanking,iOS,0,0,1,836.44,0,0.0565,1430,11,0,0,0
TXN0011493,USR00011,MER0496,17476.27,UPI,iOS,0,0,3,5882.9,0,0.184,823,7,0,0,0
TXN0011494,USR00641,MER0145,1880.59,Wallet,Android,0,0,1,1759.31,0,0.2113,362,18,0,0,0
TXN0011495,USR03272,MER0079,2053.08,NetBanking,Android,0,0,4,4339.4,0,0.2692,366,21,1,0,0
TXN0011496,USR03339,MER0077,1723.4,UPI,Android,0,0,3,3416.96,0,0.5011,717,14,1,1,0
TXN0011497,USR01436,MER0300,9533.72,Card,iOS,1,1,2,3711.9,0,0.1772,936,16,0,0,0
TXN0011498,USR03391,MER0155,1203.53,Wallet,Android,0,0,3,4834.88,0,0.9248,685,18,0,0,1
TXN0011499,USR00174,MER0312,12700.35,Card,Android,0,0,1,4518.61,0,0.2534,358,21,0,1,0
TXN0011500,USR03386,MER0380,697.17,Wallet,Android,0,0,1,1292.23,0,0.2932,599,15,0,0,0
TXN0011501,USR00809,MER0003,9869.42,UPI,iOS,0,0,2,2597.63,0,0.5108,93,14,0,0,0
TXN0011502,USR00129,MER0430,778.13,UPI,Web,0,0,2,860.69,0,0.0494,623,13,0,0,0
TXN0011503,USR02653,MER0015,116313.59,Card,Android,1,0,11,8681.18,0,0.09,953,12,0,0,1
TXN0011504,USR01339,MER0058,13456.73,UPI,Android,0,0,1,2540.21,0,0.0583,538,12,0,0,0
TXN0011505,USR01024,MER0363,4104.01,Card,Android,0,0,2,5472.14,0,0.1021,429,13,0,0,0
TXN0011506,USR02659,MER0311,266.35,Card,Android,1,1,1,359.47,0,0.4636,610,6,0,0,0
TXN0011507,USR01166,MER0490,1714.46,UPI,Android,0,1,1,2972.45,0,0.3031,1361,14,0,0,0
TXN0011508,USR02636,MER0284,507.82,Wallet,Web,0,0,2,1098.18,0,0.2695,607,22,1,0,0
TXN0011509,USR00684,MER0209,574.98,Card,Web,0,2,2,766.48,0,0.2994,731,9,0,0,0
TXN0011510,USR00301,MER0335,676.72,Card,iOS,0,0,1,1060.76,0,0.1108,525,22,1,0,0
TXN0011511,USR01138,MER0382,1359.6,NetBanking,Android,0,2,2,3516.18,0,0.251,307,15,1,0,0
TXN0011512,USR02134,MER0336,2291.14,UPI,Android,0,0,9,2802.73,0,0.0758,847,14,0,0,1
TXN0011513,USR00788,MER0186,15787.05,Card,Android,0,1,1,1603.82,0,0.2435,323,16,0,1,0
TXN0011514,USR00501,MER0480,550.6,UPI,iOS,1,0,1,1103.29,0,0.269,355,17,0,0,0
TXN0011515,USR02623,MER0151,1355.38,Card,Android,0,0,1,1601.66,0,0.1397,1111,22,1,0,0
TXN0011516,USR01727,MER0174,10443.05,Wallet,Android,0,0,1,3987.85,0,0.0858,1479,7,1,0,0
TXN0011517,USR01511,MER0139,663.08,NetBanking,Web,0,0,2,1937.12,0,0.1971,1309,13,0,0,0
TXN0011518,USR00839,MER0150,9000.59,UPI,Web,0,0,2,2354.88,0,0.409,204,19,0,0,0
TXN0011519,USR00062,MER0107,3061.83,Wallet,Android,0,1,1,5229.47,0,0.1093,750,21,0,0,0
TXN0011520,USR00187,MER0291,3513.71,UPI,iOS,0,3,2,3196.39,0,0.0376,496,18,0,0,0
TXN0011521,USR02386,MER0365,2782.31,Card,Web,1,0,4,1164.49,0,0.1227,249,17,0,0,0
TXN0011522,USR00281,MER0215,2640.27,Wallet,Web,0,0,1,887.06,0,0.2754,270,6,1,0,0
TXN0011523,USR00865,MER0462,7199.26,Card,iOS,0,0,2,5396.27,0,0.4109,872,15,0,0,0
TXN0011524,USR03189,MER0237,514.83,Card,Android,0,0,2,892.36,0,0.0472,637,15,0,0,0
TXN0011525,USR01204,MER0234,617.03,Wallet,iOS,0,1,2,1139.72,0,0.4352,440,15,0,0,0
TXN0011526,USR02607,MER0035,2436.8,UPI,Android,0,0,2,3875.25,0,0.2882,348,5,0,0,0
TXN0011527,USR01202,MER0452,5321.6,Card,Android,1,1,3,1435.49,0,0.0516,558,18,0,0,0
TXN0011528,USR03262,MER0075,2829.46,Card,Web,0,0,1,3919.44,0,0.0454,577,21,0,0,0
TXN0011529,USR02877,MER0083,1580.85,Card,iOS,0,0,3,1316.47,1,0.1325,562,9,0,0,0
TXN0011530,USR01645,MER0468,1105.23,NetBanking,Web,0,2,1,2463.44,0,0.2754,267,18,1,0,0
TXN0011531,USR02396,MER0260,940.66,UPI,Android,0,0,1,2273.66,0,0.5143,200,20,0,0,0
TXN0011532,USR01447,MER0035,1277.72,UPI,iOS,0,0,2,1317.94,0,0.3473,1623,22,0,0,0
TXN0011533,USR03306,MER0221,2540.01,Wallet,iOS,0,0,5,3373.61,0,0.1758,591,12,0,0,0
TXN0011534,USR01255,MER0296,387.63,UPI,Android,0,0,1,488.47,0,0.4287,475,16,0,0,0
TXN0011535,USR02928,MER0006,610.58,Card,Web,0,0,1,1861.87,0,0.2044,339,16,0,0,0
TXN0011536,USR02158,MER0378,4736.81,NetBanking,iOS,1,0,1,5250.24,0,0.1987,1717,18,0,0,0
TXN0011537,USR02253,MER0335,18090.16,Wallet,Android,1,0,1,6233.22,0,0.0266,640,12,1,0,0
TXN0011538,USR01231,MER0006,1540.04,Card,Web,1,0,1,2992.15,0,0.2282,244,17,1,0,0
TXN0011539,USR02916,MER0310,5788.63,NetBanking,iOS,0,0,1,3189.11,0,0.2039,569,14,0,0,0
TXN0011540,USR02612,MER0112,427.27,Card,Android,0,1,2,5441.16,0,0.1277,708,14,1,0,0
TXN0011541,USR02854,MER0368,1545.59,UPI,Android,1,1,6,2895.31,0,0.3718,506,10,0,0,1
TXN0011542,USR02805,MER0189,5315.24,Card,iOS,0,0,3,2330.6,1,0.2226,1846,7,0,0,0
TXN0011543,USR00552,MER0102,4394.09,Card,Android,0,0,3,1896.85,0,0.2026,218,22,0,0,0
TXN0011544,USR03066,MER0254,62693.95,Wallet,iOS,0,3,3,4162.52,0,0.1192,1718,21,0,0,0
TXN0011545,USR02947,MER0222,1027.82,UPI,Android,0,1,3,2275.4,0,0.0,598,8,0,0,0
TXN0011546,USR00850,MER0171,3042.71,UPI,Web,0,0,1,2597.29,0,0.2171,624,22,0,0,0
TXN0011547,USR03436,MER0440,2882.53,UPI,iOS,0,2,1,1275.63,0,0.1771,398,10,1,0,0
TXN0011548,USR01845,MER0325,5287.88,UPI,iOS,0,0,2,2092.25,0,0.1439,541,16,0,0,0
TXN0011549,USR01127,MER0244,1393.34,Wallet,iOS,1,0,3,1961.82,0,0.2018,234,15,0,0,0
TXN0011550,USR00783,MER0114,442.82,Card,Android,0,0,1,2283.67,0,0.3117,1298,17,0,0,0
TXN0011551,USR01277,MER0285,2217.41,UPI,Android,0,0,1,4451.7,1,0.132,861,21,0,0,0
TXN0011552,USR00132,MER0013,7922.16,UPI,iOS,0,1,1,4797.23,0,0.4761,888,9,0,0,0
TXN0011553,USR02418,MER0443,5172.67,UPI,iOS,0,1,3,1199.84,0,0.1959,448,14,0,0,0
TXN0011554,USR02478,MER0001,2090.1,Card,Android,0,0,1,2284.91,0,0.2571,559,17,1,0,0
TXN0011555,USR02338,MER0350,3920.77,Wallet,Android,0,0,1,6380.2,0,0.0931,94,22,1,0,0
TXN0011556,USR01922,MER0173,7561.53,NetBanking,iOS,0,0,3,1412.74,0,0.2616,557,9,1,0,0
TXN0011557,USR01270,MER0360,2199.6,Card,Android,1,2,4,1726.59,0,0.4648,2839,14,0,0,1
TXN0011558,USR02534,MER0181,513.81,UPI,Android,0,2,1,1307.47,0,0.1335,172,9,0,0,0
TXN0011559,USR03050,MER0014,1159.0,UPI,Android,0,2,3,1327.33,0,0.1898,535,18,1,1,0
TXN0011560,USR00307,MER0475,7520.71,Card,Android,0,0,3,3848.61,0,0.2255,1482,10,0,0,0
TXN0011561,USR01341,MER0383,2531.3,Card,Android,0,0,2,2799.39,0,0.0,1009,16,1,1,0
TXN0011562,USR03485,MER0023,10750.29,UPI,iOS,0,1,3,6378.88,0,0.3628,858,10,0,0,0
TXN0011563,USR03017,MER0017,392.35,UPI,Web,0,2,1,1309.98,0,0.1961,681,19,0,0,0
TXN0011564,USR03481,MER0266,465.29,Wallet,Android,0,6,1,1373.7,0,0.1419,3064,17,1,0,0
TXN0011565,USR00642,MER0479,1389.5,Card,Android,0,3,1,2479.45,0,0.2633,750,9,0,0,0
TXN0011566,USR01628,MER0289,3722.75,UPI,Web,0,3,1,4795.33,0,0.0544,469,22,0,0,0
TXN0011567,USR00457,MER0006,21130.5,Card,Web,0,0,2,2606.78,0,0.1794,785,20,1,0,0
TXN0011568,USR03032,MER0350,3789.27,Card,Android,0,0,2,2518.61,0,0.1162,1355,22,0,0,0
TXN0011569,USR01816,MER0214,8826.32,UPI,iOS,0,1,1,1571.67,0,0.447,447,16,1,0,0
TXN0011570,USR00853,MER0320,1612.33,Wallet,Android,0,6,2,2884.76,0,0.2915,909,23,0,0,0
TXN0011571,USR00317,MER0176,4689.99,UPI,iOS,1,0,2,6181.13,0,0.2243,151,8,0,0,0
TXN0011572,USR02582,MER0005,700.45,UPI,Web,0,0,2,1228.32,0,0.2803,1458,3,1,0,0
TXN0011573,USR02842,MER0010,2812.49,Card,Android,0,0,1,1359.22,0,0.3044,568,19,0,0,0
TXN0011574,USR03078,MER0316,1021.1,Card,Android,0,0,7,474.46,0,0.3264,827,16,0,0,0
TXN0011575,USR03400,MER0318,2005.36,Card,Android,0,1,1,2909.95,0,0.23,241,10,0,0,0
TXN0011576,USR02852,MER0162,22876.17,NetBanking,Android,0,0,2,5434.45,0,0.1727,544,4,0,1,1
TXN0011577,USR02753,MER0042,3172.64,UPI,Android,0,0,5,5556.52,1,0.3006,1314,8,0,0,0
TXN0011578,USR02842,MER0387,23021.73,UPI,Android,0,0,2,1359.22,0,0.8435,356,7,0,1,0
TXN0011579,USR03496,MER0076,4085.58,UPI,Android,0,0,3,1507.13,0,0.0,1921,20,0,0,0
TXN0011580,USR01621,MER0095,500.38,UPI,Web,0,0,3,1402.08,0,0.0572,331,8,0,0,0
TXN0011581,USR02656,MER0227,4282.39,Wallet,Web,0,0,3,2970.16,0,0.0455,666,18,0,0,0
TXN0011582,USR02870,MER0359,260.6,UPI,Android,0,1,2,1948.87,0,0.1084,1317,6,0,1,0
TXN0011583,USR00407,MER0498,20620.94,UPI,iOS,0,1,1,2321.78,0,0.8941,87,22,0,0,0
TXN0011584,USR02418,MER0313,516.35,Card,Android,1,0,2,1199.84,0,0.2957,515,21,0,0,0
TXN0011585,USR01186,MER0481,8761.06,Wallet,iOS,0,0,3,6121.08,0,0.4479,686,7,0,0,0
TXN0011586,USR00464,MER0327,5300.47,NetBanking,iOS,0,5,1,3235.57,0,0.0924,2097,20,1,0,0
TXN0011587,USR00597,MER0424,4737.1,UPI,Web,0,3,6,2223.15,0,0.559,151,18,0,0,0
TXN0011588,USR00400,MER0088,6354.12,Card,Android,0,0,2,3518.9,0,0.1455,658,21,1,0,0
TXN0011589,USR03143,MER0029,2029.31,UPI,iOS,0,4,11,2049.2,0,0.288,1443,14,0,0,1
TXN0011590,USR02702,MER0335,3163.81,Wallet,Android,0,0,2,4374.19,0,0.0601,341,7,1,0,0
TXN0011591,USR00358,MER0488,4949.96,NetBanking,iOS,0,0,1,5490.07,0,0.1629,881,1,1,0,0
TXN0011592,USR02190,MER0369,3232.95,Card,Web,0,0,3,7590.65,0,0.1905,493,7,0,0,0
TXN0011593,USR02312,MER0172,2969.18,Card,iOS,0,0,1,3635.34,0,0.8282,1094,13,1,0,0
TXN0011594,USR01818,MER0245,2785.47,Card,Web,0,0,1,3610.03,0,0.0,1565,19,0,0,0
TXN0011595,USR02122,MER0057,3223.44,Card,Web,0,0,1,5977.28,0,0.3772,932,11,0,0,0
TXN0011596,USR03176,MER0171,229.91,UPI,iOS,0,0,2,846.7,0,0.1635,600,16,0,0,0
TXN0011597,USR01816,MER0342,596.15,Card,Android,0,1,2,1571.67,0,0.2158,1172,19,0,1,0
TXN0011598,USR02309,MER0084,355.71,NetBanking,Android,0,0,1,3612.69,0,0.1752,137,19,0,0,0
TXN0011599,USR01999,MER0241,2508.19,Card,Web,0,1,1,3291.14,0,0.1123,594,20,0,1,0
TXN0011600,USR01387,MER0145,66410.69,UPI,iOS,0,0,1,6333.66,0,0.1873,1332,19,0,0,1
TXN0011601,USR03118,MER0246,232.1,Card,Android,0,1,1,1683.48,0,0.3673,886,21,0,0,0
TXN0011602,USR01449,MER0382,2726.72,Card,Android,0,0,2,2417.33,0,0.2679,456,21,1,0,0
TXN0011603,USR02800,MER0443,881.54,UPI,Android,0,1,2,1012.17,0,0.2135,409,13,0,0,0
TXN0011604,USR02119,MER0205,311.76,Card,iOS,0,0,1,764.72,0,0.7339,951,21,1,0,0
TXN0011605,USR02398,MER0414,1072.99,UPI,Android,0,0,1,1538.66,0,0.2766,2772,17,0,0,0
TXN0011606,USR02661,MER0352,1340.48,Card,Android,0,0,2,661.3,0,0.2867,206,11,1,0,0
TXN0011607,USR02576,MER0461,9616.62,UPI,Web,0,0,1,2407.51,0,0.1656,133,0,0,0,1
TXN0011608,USR01976,MER0371,7347.21,UPI,Android,0,1,3,7297.62,0,0.1268,1244,10,1,0,0
TXN0011609,USR02155,MER0276,3746.94,NetBanking,Android,0,0,2,3069.12,0,0.081,660,20,0,0,0
TXN0011610,USR01781,MER0338,1583.37,UPI,Android,0,0,1,3008.81,1,0.2079,512,19,0,0,0
TXN0011611,USR01187,MER0159,4723.29,UPI,Android,0,0,1,2402.6,0,0.0343,560,13,0,0,0
TXN0011612,USR02545,MER0337,3340.37,UPI,iOS,0,0,2,2625.62,0,0.3729,834,19,0,0,0
TXN0011613,USR03077,MER0355,1161.04,Card,Android,0,1,1,1463.29,0,0.1065,398,21,0,0,0
TXN0011614,USR02469,MER0306,7639.76,NetBanking,iOS,0,0,1,1464.97,0,0.1939,866,22,0,1,0
TXN0011615,USR02703,MER0052,6763.14,Card,iOS,0,3,4,3429.56,0,0.4567,1158,18,0,0,0
TXN0011616,USR02907,MER0260,1177.97,Wallet,Web,0,2,3,4169.65,0,0.5515,1043,15,0,0,1
TXN0011617,USR01286,MER0356,2811.62,UPI,Android,0,1,2,3911.62,0,0.3863,304,19,0,0,0
TXN0011618,USR00219,MER0099,21804.32,UPI,Web,0,2,1,3881.13,1,0.3266,2576,13,1,0,0
TXN0011619,USR01182,MER0394,839.35,Wallet,Android,0,0,1,1789.69,0,0.9434,728,17,0,0,0
TXN0011620,USR02643,MER0422,1371.04,UPI,Android,0,0,2,1374.11,0,0.0348,246,16,1,0,0
TXN0011621,USR02856,MER0270,10076.0,UPI,Android,0,0,1,4365.97,0,0.3615,663,22,0,0,0
TXN0011622,USR01799,MER0483,847.31,UPI,Web,0,0,2,556.91,0,0.1657,679,18,0,0,0
TXN0011623,USR02726,MER0429,5138.17,NetBanking,Android,0,1,3,3044.2,0,0.3693,733,23,0,0,0
TXN0011624,USR00262,MER0234,6465.0,UPI,iOS,1,1,2,3996.17,0,0.4875,142,19,1,0,0
TXN0011625,USR02255,MER0443,1668.62,NetBanking,Web,1,0,2,1722.4,0,0.1354,726,8,0,0,0
TXN0011626,USR02377,MER0467,384.9,Card,Web,0,0,1,715.84,0,0.7936,122,19,0,0,0
TXN0011627,USR01778,MER0055,4031.57,UPI,Android,0,0,3,3099.14,0,0.9012,106,20,1,0,0
TXN0011628,USR02508,MER0499,1215.44,UPI,Android,0,0,3,1707.63,0,0.1242,1022,20,1,0,0
TXN0011629,USR01721,MER0003,2151.1,Card,Android,0,1,1,3198.08,0,0.5064,1598,20,0,0,0
TXN0011630,USR01833,MER0244,150000.0,UPI,Android,0,0,4,9077.52,0,0.2503,184,19,0,0,0
TXN0011631,USR02114,MER0469,5225.71,UPI,Android,0,1,2,7227.61,0,0.2049,740,21,0,0,0
TXN0011632,USR02779,MER0363,3818.29,Card,Android,0,0,2,1175.14,0,0.0945,1000,19,0,0,0
TXN0011633,USR00871,MER0134,6016.95,Card,iOS,0,0,2,5257.78,1,0.3721,1927,19,0,0,0
TXN0011634,USR01051,MER0322,538.44,UPI,iOS,1,0,1,634.77,0,0.434,1648,16,0,0,0
TXN0011635,USR01466,MER0108,562.08,NetBanking,Android,0,0,1,2186.99,0,0.9421,379,14,0,0,0
TXN0011636,USR00707,MER0119,10754.59,UPI,Android,0,0,1,2457.23,0,0.4608,92,19,0,0,0
TXN0011637,USR01170,MER0456,5233.25,NetBanking,iOS,0,0,1,5525.26,1,0.1007,716,8,0,0,0
TXN0011638,USR01228,MER0024,868.22,Card,Web,0,1,1,4681.63,0,0.2999,1492,9,0,0,0
TXN0011639,USR01100,MER0482,2978.7,Wallet,Web,0,0,1,1537.76,0,0.7959,498,19,0,0,0
TXN0011640,USR01436,MER0227,3405.55,Card,Web,0,0,3,3711.9,0,0.0919,539,9,1,0,0
TXN0011641,USR01767,MER0033,1977.38,UPI,iOS,0,2,1,4064.64,0,0.2946,862,20,0,0,0
TXN0011642,USR02436,MER0394,3494.55,Wallet,Web,0,1,2,1879.02,1,0.9419,2325,13,0,0,0
TXN0011643,USR01061,MER0025,688.54,Wallet,Web,0,0,3,4535.37,0,0.1229,279,19,0,0,0
TXN0011644,USR02960,MER0163,934.75,Wallet,iOS,0,0,1,1643.25,0,0.3059,998,18,0,1,0
TXN0011645,USR01678,MER0121,395.18,Wallet,iOS,0,0,3,515.39,0,0.3191,988,5,0,0,0
TXN0011646,USR02524,MER0393,3384.75,UPI,Android,0,0,2,1926.5,0,0.2728,454,7,0,0,0
TXN0011647,USR00402,MER0199,13644.75,NetBanking,Web,0,1,11,2858.72,0,0.1367,657,6,1,0,1
TXN0011648,USR00609,MER0328,6145.01,NetBanking,iOS,0,0,2,7705.03,0,0.3328,427,18,0,0,0
TXN0011649,USR01588,MER0037,4811.53,Wallet,Web,0,1,5,3632.26,1,0.1134,1342,7,0,0,0
TXN0011650,USR01282,MER0348,25339.52,Card,Android,0,0,1,3682.26,0,0.1872,1352,8,0,0,0
TXN0011651,USR01737,MER0356,1857.93,Wallet,Android,0,0,1,1946.53,1,0.3846,575,16,0,0,0
TXN0011652,USR00555,MER0143,6705.27,Card,Android,1,0,3,5031.87,0,0.1423,569,8,0,0,0
TXN0011653,USR01658,MER0441,1440.1,Card,Web,1,2,2,3689.92,0,0.8904,769,17,0,0,0
TXN0011654,USR02404,MER0236,10496.28,NetBanking,Web,0,0,1,2692.37,0,0.2417,357,17,1,0,0
TXN0011655,USR02550,MER0334,1830.05,UPI,iOS,0,1,2,3214.55,0,0.4913,815,21,1,0,0
TXN0011656,USR00869,MER0091,10099.43,Wallet,Android,1,0,1,8750.47,0,0.3354,292,13,0,0,0
TXN0011657,USR01206,MER0467,1703.59,UPI,Android,0,0,1,1506.46,0,0.8027,764,18,0,0,0
TXN0011658,USR01839,MER0124,3987.73,UPI,Web,0,1,1,3942.36,0,0.0363,229,9,1,0,0
TXN0011659,USR01813,MER0314,2877.67,Card,Android,0,2,1,4135.83,0,0.1384,211,10,0,0,1
TXN0011660,USR02772,MER0045,962.47,Card,Android,0,0,1,850.43,0,0.1502,1039,20,0,0,0
TXN0011661,USR01367,MER0023,2557.96,UPI,Web,0,2,2,758.75,0,0.321,566,16,1,0,0
TXN0011662,USR02349,MER0064,8506.63,Wallet,Android,0,0,1,1730.78,0,0.2736,1199,18,0,0,0
TXN0011663,USR03094,MER0472,687.27,UPI,Android,1,1,2,819.61,0,0.0164,646,8,0,0,0
TXN0011664,USR01045,MER0106,1508.51,Card,Android,1,1,1,2191.84,0,0.0349,328,0,0,0,0
TXN0011665,USR02881,MER0440,3110.45,UPI,Android,0,0,3,1246.33,0,0.1652,1303,8,0,0,0
TXN0011666,USR01166,MER0291,150000.0,UPI,Web,0,1,1,2972.45,0,0.0448,296,1,0,0,1
TXN0011667,USR01171,MER0045,7968.99,UPI,Web,0,2,3,7635.41,0,0.0942,256,19,0,0,0
TXN0011668,USR02287,MER0221,5515.7,UPI,Android,1,3,3,2598.07,0,0.1807,419,13,0,1,0
TXN0011669,USR02177,MER0240,1516.18,Wallet,Android,0,0,1,965.22,0,0.5008,428,21,1,0,0
TXN0011670,USR01924,MER0134,9165.12,Card,Android,0,0,2,1964.73,0,0.3466,810,13,0,0,0
TXN0011671,USR00810,MER0303,2357.27,Wallet,Android,0,0,3,2961.95,0,0.2431,332,17,0,0,0
TXN0011672,USR00338,MER0431,1728.49,Card,Web,0,9,3,4032.29,0,0.1245,520,0,0,0,0
TXN0011673,USR03182,MER0442,14629.79,UPI,Android,0,0,1,4031.97,0,0.3214,989,23,0,0,0
TXN0011674,USR03059,MER0263,7477.69,NetBanking,Android,0,0,2,4102.28,0,0.0755,1045,20,0,0,0
TXN0011675,USR03104,MER0447,2373.48,Wallet,Android,0,1,3,1796.49,0,0.9551,310,22,0,0,1
TXN0011676,USR01795,MER0462,6583.49,UPI,Android,0,0,1,2291.55,0,0.3825,1435,6,1,0,0
TXN0011677,USR03096,MER0045,4738.51,Card,Android,0,0,3,3442.25,0,0.1398,1152,21,0,0,0
TXN0011678,USR01657,MER0318,1864.56,UPI,Android,1,0,2,632.99,0,0.2534,575,17,0,0,0
TXN0011679,USR00265,MER0387,2667.93,UPI,Web,0,0,1,2348.45,0,0.8307,155,18,0,0,0
TXN0011680,USR00695,MER0008,3848.76,UPI,Web,0,1,1,2113.5,0,0.1302,1024,20,0,0,0
TXN0011681,USR00955,MER0302,4133.9,Card,Android,0,0,1,2974.93,0,0.4428,429,16,1,0,0
TXN0011682,USR01320,MER0457,1401.98,UPI,Android,0,0,1,1862.82,0,0.1636,1030,7,0,0,0
TXN0011683,USR03287,MER0135,2161.91,Card,iOS,0,4,1,2634.97,1,0.1757,1142,9,1,0,0
TXN0011684,USR01165,MER0429,1631.14,Card,Android,0,0,3,2275.37,0,0.3327,1495,9,1,0,0
TXN0011685,USR02145,MER0467,4522.09,Card,Android,0,0,8,3926.79,0,0.8086,468,19,0,0,0
TXN0011686,USR00948,MER0318,1081.06,UPI,iOS,1,0,3,1577.94,0,0.2541,57,12,0,0,0
TXN0011687,USR02252,MER0315,1486.9,UPI,Web,0,0,3,1142.07,0,0.0748,262,19,0,0,0
TXN0011688,USR01986,MER0268,2020.03,Card,Android,0,0,1,1590.01,0,0.2099,214,14,1,0,0
TXN0011689,USR00527,MER0205,5402.82,Card,Android,0,1,2,4899.88,0,0.7403,1259,20,1,0,0
TXN0011690,USR01618,MER0227,1130.68,Card,Android,0,0,11,1012.68,0,0.0675,2399,23,1,1,0
TXN0011691,USR00369,MER0262,1081.73,Card,Android,0,1,1,1709.5,0,0.4302,590,23,1,0,0
TXN0011692,USR03113,MER0242,1554.73,UPI,Android,1,0,2,2002.35,0,0.4564,1238,11,0,0,0
TXN0011693,USR02465,MER0414,785.6,Card,Android,0,0,1,2749.8,1,0.2989,562,6,0,0,0
TXN0011694,USR03295,MER0385,468.73,Card,Android,0,1,1,537.18,0,0.1289,407,18,1,0,0
TXN0011695,USR03065,MER0174,632.61,Card,Android,0,0,1,1352.4,0,0.1295,838,11,0,0,0
TXN0011696,USR00769,MER0257,992.01,Card,Web,0,7,1,970.53,0,0.2062,989,14,1,0,0
TXN0011697,USR02476,MER0108,1943.84,Card,Web,0,1,4,3418.14,0,0.9432,423,23,0,0,1
TXN0011698,USR00351,MER0089,1926.17,Card,iOS,0,0,1,8864.19,0,0.7814,1104,7,0,0,0
TXN0011699,USR03363,MER0185,2543.18,Wallet,Web,0,0,1,528.17,0,0.1233,1668,6,0,0,0
TXN0011700,USR02749,MER0030,5412.88,Card,Android,0,1,1,6722.16,0,0.197,568,1,0,0,0
TXN0011701,USR02382,MER0428,2894.96,NetBanking,Web,0,0,1,1073.68,0,0.0397,377,17,0,0,0
TXN0011702,USR03483,MER0064,3489.95,NetBanking,iOS,1,0,3,5361.91,0,0.2606,165,10,1,0,0
TXN0011703,USR02965,MER0164,9700.91,UPI,Android,1,0,1,3002.89,0,0.7659,2034,16,0,0,0
TXN0011704,USR03023,MER0126,451.61,Wallet,iOS,0,0,2,1087.93,0,0.2238,1206,6,0,0,0
TXN0011705,USR00351,MER0104,9571.24,UPI,Android,0,1,2,8864.19,0,0.0596,1813,15,0,0,0
TXN0011706,USR00083,MER0184,1973.3,NetBanking,Android,0,0,2,1088.76,0,0.3716,296,9,0,0,0
TXN0011707,USR03364,MER0360,24012.08,NetBanking,Web,0,0,2,3880.73,0,0.4654,1564,22,0,0,0
TXN0011708,USR00880,MER0447,1518.07,UPI,Android,0,0,2,1909.63,0,0.9287,363,22,1,0,0
TXN0011709,USR01493,MER0095,23770.54,UPI,Web,1,0,2,1637.77,0,0.0508,464,19,0,0,1
TXN0011710,USR00152,MER0120,3907.96,Card,Web,0,0,3,2970.11,0,0.2506,903,6,0,0,0
TXN0011711,USR02181,MER0235,2503.16,UPI,Android,0,0,1,2680.29,0,0.0899,806,19,0,0,0
TXN0011712,USR02873,MER0160,5233.11,Card,iOS,0,0,2,3789.55,0,0.0593,571,17,0,0,0
TXN0011713,USR02947,MER0400,54764.61,UPI,Android,0,0,1,2275.4,0,0.2589,724,12,0,0,0
TXN0011714,USR02035,MER0112,7626.17,Card,Android,0,1,1,4955.4,0,0.1435,567,17,0,0,0
TXN0011715,USR02315,MER0202,1197.26,UPI,Android,0,0,2,1119.71,0,0.223,390,19,0,0,0
TXN0011716,USR01799,MER0273,769.94,Wallet,Android,0,2,4,556.91,0,0.15,775,22,0,0,0
TXN0011717,USR01562,MER0191,5834.55,Card,Android,1,0,1,1544.92,0,0.0902,1597,11,0,0,1
TXN0011718,USR01941,MER0309,681.91,Card,Android,0,0,1,967.78,0,0.1856,439,7,0,0,0
TXN0011719,USR03276,MER0400,382.19,Wallet,Web,0,0,1,1526.47,0,0.2233,203,19,0,0,0
TXN0011720,USR00884,MER0267,1363.71,Wallet,Web,0,1,4,3157.21,0,0.254,1461,7,0,0,0
TXN0011721,USR01646,MER0229,513.07,Card,Android,0,5,1,1125.91,0,0.6234,44,13,0,0,0
TXN0011722,USR02106,MER0476,235.88,UPI,Android,0,1,2,467.7,1,0.2077,822,18,0,0,0
TXN0011723,USR01996,MER0491,693.3,UPI,Web,0,0,1,1341.08,1,0.0252,913,11,0,0,0
TXN0011724,USR00108,MER0498,4644.64,Card,Android,0,0,3,4966.45,0,0.8798,394,9,0,1,1
TXN0011725,USR01006,MER0009,2609.47,UPI,Web,0,1,1,2295.63,0,0.1678,455,6,0,0,0
TXN0011726,USR02262,MER0419,1896.1,Wallet,iOS,0,0,1,1681.01,1,0.2848,755,19,1,0,0
TXN0011727,USR02430,MER0450,638.48,UPI,Android,0,0,1,349.34,0,0.4845,437,11,1,0,0
TXN0011728,USR02571,MER0403,4120.5,UPI,Android,1,0,2,2117.77,0,0.5114,860,21,1,0,0
TXN0011729,USR03470,MER0375,7455.76,Card,Android,1,0,1,5334.41,0,0.4602,938,12,0,0,0
TXN0011730,USR02356,MER0184,3528.99,Card,Web,0,0,2,1188.24,0,0.3323,471,15,0,0,0
TXN0011731,USR02029,MER0363,4933.51,UPI,Android,1,1,1,2819.0,0,0.1036,634,11,1,0,0
TXN0011732,USR01163,MER0290,4452.46,Wallet,Web,0,1,1,6020.19,0,0.1874,751,20,1,0,0
TXN0011733,USR01297,MER0416,4056.26,NetBanking,Android,0,1,1,1665.81,0,0.2588,728,8,0,0,0
TXN0011734,USR02892,MER0176,2125.62,UPI,Web,0,1,3,1835.06,0,0.1643,917,18,0,0,0
TXN0011735,USR01641,MER0372,3167.08,NetBanking,iOS,0,0,3,1874.36,0,0.5648,755,17,0,0,0
TXN0011736,USR02505,MER0393,8697.88,Card,Android,0,2,1,5443.21,0,0.2589,1794,8,0,0,0
TXN0011737,USR00435,MER0417,1395.95,UPI,Web,0,1,1,1604.94,0,0.0812,585,7,0,0,0
TXN0011738,USR00450,MER0086,1352.8,Wallet,Web,0,1,1,1320.25,0,0.1085,745,10,1,0,0
TXN0011739,USR00755,MER0432,3150.19,Wallet,Web,0,1,5,3640.25,0,0.1245,803,18,0,0,0
TXN0011740,USR00684,MER0109,394.52,Card,Android,0,1,1,766.48,0,0.4069,839,10,0,0,0
TXN0011741,USR02125,MER0469,190.65,UPI,iOS,0,0,2,938.82,0,0.2145,1576,11,0,0,0
TXN0011742,USR02230,MER0020,1399.34,UPI,iOS,0,0,1,2424.29,0,0.5157,564,20,1,0,0
TXN0011743,USR01953,MER0112,3423.9,UPI,iOS,0,0,2,3118.59,0,0.1413,769,19,1,0,0
TXN0011744,USR01013,MER0305,1740.14,Card,Web,0,0,3,837.23,0,0.2452,443,19,0,0,0
TXN0011745,USR02019,MER0272,2063.86,Card,Android,0,2,2,1223.19,0,0.5266,1088,10,1,0,1
TXN0011746,USR00419,MER0345,2501.43,NetBanking,iOS,0,0,1,3216.15,0,0.0331,276,7,0,0,0
TXN0011747,USR01655,MER0202,1822.23,UPI,Android,0,1,1,3126.11,0,0.2049,1360,9,0,0,0
TXN0011748,USR00543,MER0002,1867.94,Card,iOS,0,1,2,2235.23,0,0.3185,540,12,1,0,0
TXN0011749,USR00269,MER0309,447.57,Card,Android,0,1,2,949.42,1,0.2079,751,23,1,0,0
TXN0011750,USR00580,MER0256,474.69,Card,Android,1,0,1,2288.51,0,0.1093,1613,7,0,0,0
TXN0011751,USR00389,MER0255,692.42,NetBanking,iOS,0,0,1,2214.3,1,0.2623,903,13,0,0,0
TXN0011752,USR01673,MER0189,7879.52,Wallet,Android,0,2,2,3078.53,0,0.2315,1172,18,0,0,0
TXN0011753,USR01911,MER0446,9598.52,UPI,Android,0,1,4,2649.48,0,0.3346,284,5,1,0,1
TXN0011754,USR02126,MER0397,1864.63,Wallet,Android,0,1,2,1139.09,0,0.0298,176,14,0,0,0
TXN0011755,USR01540,MER0091,4683.64,NetBanking,Android,0,2,1,5134.31,0,0.3377,314,20,0,0,0
TXN0011756,USR00618,MER0020,901.46,UPI,iOS,0,1,2,2583.65,0,0.5098,597,22,0,0,0
TXN0011757,USR00074,MER0091,1519.48,Card,Android,0,1,1,1793.89,0,0.2891,229,17,0,0,0
TXN0011758,USR02494,MER0025,1348.36,Card,Android,0,0,4,912.43,0,0.1307,349,21,1,0,0
TXN0011759,USR03440,MER0355,4429.21,Card,Android,0,0,2,2561.79,0,0.054,1787,20,0,0,0
TXN0011760,USR00984,MER0311,3247.55,Wallet,Android,0,0,1,2079.15,0,0.4275,1501,8,1,0,0
TXN0011761,USR00717,MER0232,3217.6,Wallet,Android,0,0,2,1415.88,0,0.0902,579,18,0,0,0
TXN0011762,USR01091,MER0296,4512.5,UPI,Android,0,0,2,1171.08,0,0.4337,1487,7,0,0,0
TXN0011763,USR00751,MER0405,2431.29,UPI,Android,0,0,2,3421.36,0,0.3452,503,4,0,0,0
TXN0011764,USR00783,MER0416,16372.59,UPI,iOS,0,1,2,2283.67,0,0.2554,887,12,0,0,0
TXN0011765,USR01731,MER0218,494.67,Wallet,iOS,1,0,2,2226.64,0,0.2503,66,16,1,0,0
TXN0011766,USR02749,MER0297,3651.09,UPI,Android,0,0,1,6722.16,0,0.3688,413,10,0,0,0
TXN0011767,USR02494,MER0289,1002.36,Card,Android,0,0,2,912.43,0,0.0636,915,12,1,0,0
TXN0011768,USR03360,MER0475,1143.11,Card,Web,0,0,2,809.33,0,0.2288,1663,4,0,0,0
TXN0011769,USR01251,MER0381,646.07,UPI,Web,0,2,1,774.09,0,0.3789,204,15,0,0,0
TXN0011770,USR01724,MER0158,1486.45,UPI,Android,0,0,1,2232.99,0,0.1251,1014,17,0,0,0
TXN0011771,USR01332,MER0444,3466.08,Wallet,Android,0,1,1,746.14,0,0.1379,1005,9,1,0,0
TXN0011772,USR00148,MER0199,2768.14,UPI,Web,0,2,1,4303.86,0,0.1126,214,21,1,0,0
TXN0011773,USR01360,MER0379,2495.54,Card,Android,0,1,3,5465.49,0,0.0952,1681,18,0,0,0
TXN0011774,USR00912,MER0489,10442.77,UPI,Android,0,1,2,3249.55,0,0.3383,373,15,1,1,0
TXN0011775,USR01676,MER0405,3950.01,UPI,Android,0,0,1,2253.15,0,0.3117,950,14,0,0,0
TXN0011776,USR00554,MER0054,1395.43,UPI,Android,0,5,5,666.98,0,0.1602,266,13,1,0,0
TXN0011777,USR02596,MER0103,15271.74,UPI,Web,0,0,1,1888.76,0,0.4415,401,22,1,0,0
TXN0011778,USR02950,MER0398,1701.92,UPI,Android,0,0,4,4818.53,0,0.0187,421,21,0,0,0
TXN0011779,USR03363,MER0062,533.97,UPI,Web,0,0,2,528.17,0,0.1697,851,20,1,0,0
TXN0011780,USR00297,MER0006,648.49,Card,Android,1,0,1,2027.38,0,0.2041,513,12,0,0,0
TXN0011781,USR00412,MER0130,2162.53,UPI,Android,0,0,2,1909.45,0,0.856,990,20,0,0,0
TXN0011782,USR03383,MER0244,12017.2,UPI,Web,0,0,1,7892.31,0,0.1998,137,21,0,0,0
TXN0011783,USR02969,MER0065,3970.81,Wallet,Android,0,1,2,1924.5,0,0.0893,1030,16,0,0,0
TXN0011784,USR02060,MER0077,1245.3,Card,iOS,0,0,1,1399.19,0,0.4843,1285,17,1,0,0
TXN0011785,USR01126,MER0170,6837.88,Wallet,Android,0,1,1,4194.83,0,0.8903,596,23,1,0,0
TXN0011786,USR01813,MER0300,2052.22,Wallet,Android,0,0,5,4135.83,0,0.1884,1137,18,0,0,0
TXN0011787,USR01875,MER0273,15263.68,UPI,iOS,0,0,2,8000.48,0,0.1042,550,17,0,0,0
TXN0011788,USR02966,MER0400,3987.83,Card,Android,0,0,4,2579.38,0,0.2423,312,18,0,0,0
TXN0011789,USR01853,MER0491,841.88,NetBanking,Web,0,0,3,1574.7,0,0.0319,267,13,0,0,0
TXN0011790,USR00097,MER0017,2933.98,UPI,Android,0,0,2,2105.38,0,0.2335,1607,14,1,0,0
TXN0011791,USR02449,MER0345,3685.31,UPI,Android,0,1,1,1767.84,0,0.0487,941,7,0,0,0
TXN0011792,USR02721,MER0082,755.36,UPI,iOS,0,0,3,750.37,0,0.1881,2668,9,0,0,0
TXN0011793,USR01044,MER0181,920.9,NetBanking,Android,0,0,1,1750.33,0,0.0799,183,12,1,0,0
TXN0011794,USR00409,MER0172,2608.46,UPI,Android,0,0,2,2412.77,1,0.8426,1035,19,0,0,0
TXN0011795,USR00498,MER0351,2321.67,NetBanking,Android,0,0,4,1639.72,0,0.2847,3370,15,0,0,0
TXN0011796,USR02943,MER0128,1057.27,Card,iOS,1,1,1,2020.41,0,0.5463,641,18,0,0,0
TXN0011797,USR01567,MER0448,1588.02,Card,Android,0,0,2,3448.68,0,0.2139,684,10,0,0,0
TXN0011798,USR01853,MER0192,2180.67,UPI,iOS,0,1,1,1574.7,0,0.5807,558,23,1,0,0
TXN0011799,USR03363,MER0408,908.87,UPI,Web,1,1,1,528.17,0,0.4324,1831,9,0,0,0
TXN0011800,USR00214,MER0476,6801.32,UPI,Android,0,0,1,1520.88,0,0.2067,1080,13,0,0,0
TXN0011801,USR00721,MER0256,9095.61,Card,Android,0,0,2,5920.79,0,0.0663,172,5,0,0,0
TXN0011802,USR02917,MER0051,1064.78,Card,Android,0,0,2,2673.28,0,0.0,301,14,0,1,0
TXN0011803,USR01891,MER0351,10341.42,Card,iOS,0,1,4,2503.06,0,0.2294,843,7,0,0,0
TXN0011804,USR00096,MER0212,5074.4,UPI,iOS,0,2,1,2495.82,0,0.2218,881,7,1,0,0
TXN0011805,USR02461,MER0170,691.91,Card,Web,1,1,2,3081.73,0,0.8532,549,20,1,0,0
TXN0011806,USR00485,MER0229,310.33,Card,Web,0,0,1,685.03,0,0.6766,915,17,0,0,0
TXN0011807,USR02738,MER0150,1380.42,Wallet,Android,0,0,6,2067.43,0,0.3718,984,16,1,0,0
TXN0011808,USR02793,MER0141,2331.96,UPI,Android,0,1,2,1340.82,0,0.6772,1063,13,0,0,0
TXN0011809,USR02886,MER0495,618.81,NetBanking,Android,0,0,3,3608.34,0,0.1141,990,15,0,0,0
TXN0011810,USR01628,MER0140,4186.57,Card,iOS,0,0,2,4795.33,0,0.635,391,15,1,0,0
TXN0011811,USR00938,MER0230,5701.42,Card,Android,0,0,4,3415.62,1,0.1541,1284,17,0,0,0
TXN0011812,USR03085,MER0358,372.41,UPI,Web,1,0,2,3012.58,1,0.2587,1587,13,0,0,0
TXN0011813,USR01956,MER0111,14332.3,Card,Android,0,1,3,8800.86,0,0.5126,980,6,0,0,0
TXN0011814,USR02225,MER0309,1877.84,UPI,Android,0,0,1,1057.52,0,0.1789,513,21,1,0,0
TXN0011815,USR00478,MER0448,1626.83,Card,iOS,1,0,2,3146.3,0,0.1711,445,7,0,0,0
TXN0011816,USR02183,MER0407,2052.63,UPI,Android,0,1,1,4950.5,0,0.1523,1368,8,0,1,0
TXN0011817,USR02031,MER0015,2744.0,UPI,Web,0,0,1,5367.0,0,0.0961,292,9,0,0,0
TXN0011818,USR01023,MER0203,703.99,UPI,iOS,1,0,1,5067.83,0,0.22,532,19,0,0,0
TXN0011819,USR02684,MER0001,751.83,Wallet,Android,0,0,1,999.61,0,0.1796,421,5,0,0,0
TXN0011820,USR00468,MER0304,2977.9,Wallet,Android,0,7,1,2672.76,0,0.8427,1299,21,1,0,0
TXN0011821,USR02518,MER0163,485.47,Card,Android,0,1,1,1227.88,0,0.2694,384,17,0,1,0
TXN0011822,USR03365,MER0447,2932.96,UPI,iOS,1,1,1,1531.33,1,0.9329,418,23,1,0,1
TXN0011823,USR01986,MER0088,1628.39,UPI,Web,0,1,2,1590.01,0,0.0776,186,16,1,0,0
TXN0011824,USR00367,MER0426,2168.75,NetBanking,Web,0,0,1,1890.68,0,0.8854,1206,20,0,0,0
TXN0011825,USR01937,MER0172,1543.84,Wallet,Web,0,3,2,2167.79,0,0.8463,614,20,0,0,0
TXN0011826,USR01852,MER0461,3997.57,Wallet,iOS,0,0,1,2461.31,0,0.2201,483,16,1,0,1
TXN0011827,USR01933,MER0100,4704.83,Card,Android,0,0,3,1953.04,0,0.2114,609,13,0,0,0
TXN0011828,USR00954,MER0135,1919.67,Card,Android,0,0,1,2706.25,0,0.1687,1378,8,1,0,0
TXN0011829,USR02192,MER0176,5149.85,UPI,Android,0,0,2,3129.98,0,0.1782,577,15,1,0,0
TXN0011830,USR00925,MER0493,3164.89,UPI,Android,1,0,3,1908.39,0,0.362,177,15,1,0,0
TXN0011831,USR01953,MER0367,4007.83,Wallet,Android,0,1,1,3118.59,0,0.2009,646,16,1,0,0
TXN0011832,USR02082,MER0409,1678.32,UPI,Android,0,0,1,527.46,0,0.236,664,7,0,0,0
TXN0011833,USR02261,MER0277,392.03,UPI,iOS,0,1,2,695.35,0,0.423,342,22,1,0,0
TXN0011834,USR02793,MER0398,941.54,Wallet,Android,0,1,2,1340.82,0,0.0165,1225,10,0,0,0
TXN0011835,USR03089,MER0314,1947.93,Wallet,Android,0,1,1,3582.92,1,0.1036,345,16,1,0,0
TXN0011836,USR02721,MER0334,1203.01,UPI,Android,0,0,3,750.37,1,0.4849,940,11,1,0,0
TXN0011837,USR02786,MER0419,908.7,Card,iOS,0,0,1,1162.36,0,0.2722,283,17,0,0,0
TXN0011838,USR03041,MER0492,1536.48,UPI,Android,0,0,1,2665.62,0,0.2265,408,10,0,1,0
TXN0011839,USR00849,MER0288,7277.63,UPI,Android,0,0,1,2310.21,0,0.2317,242,7,0,0,0
TXN0011840,USR01026,MER0221,6207.31,UPI,Web,1,0,1,1773.37,0,0.1723,1398,6,0,0,0
TXN0011841,USR01866,MER0327,478.81,Card,Android,0,2,2,637.76,0,0.0947,945,19,1,0,0
TXN0011842,USR01631,MER0371,193.51,UPI,Android,0,1,2,544.5,0,0.1297,24,9,0,0,0
TXN0011843,USR02458,MER0494,5835.05,Wallet,iOS,0,0,2,1603.44,0,0.8792,327,13,0,0,0
TXN0011844,USR00033,MER0350,3213.52,UPI,Web,0,0,2,2407.14,0,0.1088,2047,10,1,0,0
TXN0011845,USR00487,MER0478,6544.69,UPI,Android,0,0,1,5082.15,0,0.377,403,6,0,0,0
TXN0011846,USR02615,MER0367,3346.81,UPI,Android,0,0,1,3262.22,0,0.2355,603,16,1,0,0
TXN0011847,USR02877,MER0476,703.79,Card,iOS,0,1,2,1316.47,1,0.1734,1042,19,1,0,0
TXN0011848,USR01059,MER0376,1556.81,NetBanking,iOS,0,2,6,2203.85,0,0.4622,446,7,0,0,0
TXN0011849,USR01089,MER0443,8072.28,UPI,Web,1,0,1,5209.47,0,0.1849,386,3,0,0,0
TXN0011850,USR01966,MER0096,1349.6,Card,Android,0,0,2,1958.24,0,0.0424,918,7,0,0,0
TXN0011851,USR01670,MER0497,5263.78,UPI,Web,0,2,1,4051.55,1,0.0656,774,19,1,0,0
TXN0011852,USR00593,MER0175,2702.85,UPI,iOS,0,0,2,2814.22,0,0.3462,588,7,0,0,0
TXN0011853,USR01752,MER0399,1062.2,UPI,iOS,0,0,1,2390.02,1,0.347,585,12,1,0,0
TXN0011854,USR02868,MER0197,4856.03,UPI,iOS,0,2,1,1588.85,0,0.4272,1413,6,0,0,0
TXN0011855,USR02554,MER0230,1266.4,Wallet,Android,0,1,1,868.04,0,0.0997,399,21,1,0,1
TXN0011856,USR02861,MER0374,2020.31,Card,Android,0,0,3,1673.95,0,0.4897,2557,8,1,0,0
TXN0011857,USR02254,MER0271,3965.62,Wallet,Android,0,1,2,2795.6,0,0.4386,299,7,0,0,0
TXN0011858,USR03072,MER0359,494.9,Wallet,Android,0,0,1,1891.72,0,0.0979,1370,18,0,0,0
TXN0011859,USR00875,MER0040,723.67,Wallet,Android,0,1,1,1085.1,0,0.1098,730,14,0,0,0
TXN0011860,USR00161,MER0417,715.77,UPI,Web,1,0,2,2259.76,0,0.0898,497,22,0,1,0
TXN0011861,USR00400,MER0205,3661.68,UPI,Android,0,2,1,3518.9,0,0.7301,1032,12,0,0,0
TXN0011862,USR03474,MER0395,2671.76,UPI,iOS,0,1,2,2221.28,0,0.3848,515,10,0,0,0
TXN0011863,USR02242,MER0143,29763.57,UPI,Android,0,0,2,3710.33,1,0.1354,868,8,1,0,1
TXN0011864,USR00868,MER0299,3277.59,UPI,iOS,0,0,2,1474.8,0,0.4004,434,17,0,0,0
TXN0011865,USR02990,MER0295,391.0,UPI,Android,0,1,1,1208.09,0,0.0647,839,7,1,0,0
TXN0011866,USR01084,MER0070,759.19,Card,Android,0,0,1,1419.01,0,0.0656,1240,16,1,0,0
TXN0011867,USR02091,MER0238,4879.64,UPI,Android,0,0,2,3806.62,0,0.3935,578,19,0,0,0
TXN0011868,USR00873,MER0318,4381.54,Card,Web,0,0,2,3809.0,0,0.2844,1184,16,1,0,0
TXN0011869,USR00333,MER0419,870.47,Card,Android,0,0,1,2359.34,0,0.2759,493,14,0,0,0
TXN0011870,USR00937,MER0444,4265.17,UPI,iOS,0,1,2,1894.55,0,0.1613,395,21,0,0,1
TXN0011871,USR00799,MER0193,9041.88,UPI,Android,0,0,2,3129.11,0,0.1728,1072,13,0,0,0
TXN0011872,USR01935,MER0322,5184.28,Card,Android,0,0,2,4011.67,0,0.4029,1543,8,0,0,0
TXN0011873,USR00073,MER0088,233.37,Wallet,Web,0,0,3,727.18,0,0.1417,368,13,1,0,0
TXN0011874,USR00840,MER0448,3097.74,Card,Android,0,0,2,2902.79,0,0.185,224,20,1,0,0
TXN0011875,USR01988,MER0435,1659.04,NetBanking,Android,0,1,1,1365.05,0,0.5005,421,13,0,0,0
TXN0011876,USR01379,MER0500,817.7,UPI,Web,0,0,2,1045.47,0,0.17,130,17,0,0,0
TXN0011877,USR02226,MER0244,2372.44,Wallet,Android,0,0,1,945.45,0,0.2284,900,8,0,0,0
TXN0011878,USR02295,MER0180,2419.41,Card,iOS,0,0,1,2764.89,0,0.3689,1071,7,0,0,0
TXN0011879,USR03379,MER0379,8154.11,NetBanking,Android,1,0,2,1883.72,0,0.0205,479,14,0,0,0
TXN0011880,USR02927,MER0362,4581.28,UPI,Web,0,0,3,2740.48,0,0.0658,953,19,1,0,0
TXN0011881,USR00799,MER0107,3631.06,Wallet,Web,0,0,2,3129.11,0,0.1498,760,7,0,0,0
TXN0011882,USR02425,MER0270,3664.21,Card,Android,0,0,2,1985.57,0,0.32,1275,14,1,0,0
TXN0011883,USR02196,MER0322,3419.36,UPI,Web,0,1,2,1193.89,0,0.3675,438,14,1,0,0
TXN0011884,USR02081,MER0228,1275.08,Card,Web,0,0,2,701.66,0,0.1115,407,14,1,0,0
TXN0011885,USR02797,MER0186,3905.55,UPI,iOS,1,1,1,4336.2,0,0.3101,715,12,0,0,0
TXN0011886,USR00518,MER0120,2202.34,Wallet,iOS,1,1,2,3723.49,0,0.1995,422,15,0,0,0
TXN0011887,USR01314,MER0206,1426.56,NetBanking,iOS,1,0,1,3364.17,0,0.1489,591,14,0,0,0
TXN0011888,USR02857,MER0123,1148.76,Card,Android,0,1,2,7000.61,0,0.3796,983,5,0,0,0
TXN0011889,USR03123,MER0151,2404.54,UPI,Android,0,1,1,2229.8,0,0.1387,699,17,0,0,0
TXN0011890,USR00131,MER0093,980.3,UPI,Android,0,1,2,1362.37,0,0.3542,494,20,0,0,0
TXN0011891,USR01651,MER0189,399.47,UPI,Android,0,2,2,534.17,0,0.2168,750,13,0,0,0
TXN0011892,USR00925,MER0316,3807.74,Card,Android,0,0,3,1908.39,0,0.3326,1635,8,0,0,0
TXN0011893,USR00588,MER0189,870.69,UPI,Android,0,0,2,992.25,0,0.2172,191,16,0,0,0
TXN0011894,USR00200,MER0072,4919.91,Card,Android,0,7,1,1321.56,0,0.3004,308,7,0,0,0
TXN0011895,USR01884,MER0401,1980.04,Card,Android,0,0,2,3144.8,0,0.1971,423,13,0,0,0
TXN0011896,USR02337,MER0216,1108.4,UPI,Android,0,0,2,2344.33,0,0.0901,1237,13,0,0,0
TXN0011897,USR01860,MER0292,584.75,UPI,Android,0,0,5,1520.33,0,0.0,299,9,0,1,0
TXN0011898,USR01290,MER0262,5598.5,UPI,iOS,0,0,2,3497.74,0,0.453,244,11,0,0,0
TXN0011899,USR02700,MER0254,4093.85,Wallet,Web,0,1,1,1878.39,0,0.0825,272,19,0,0,0
TXN0011900,USR02283,MER0220,2735.05,Card,iOS,1,2,1,4411.06,0,0.3768,486,9,0,0,0
TXN0011901,USR03180,MER0378,502.47,Card,Web,0,1,2,1136.38,0,0.2024,711,12,1,0,0
TXN0011902,USR01215,MER0428,2894.39,UPI,Web,0,0,2,1011.03,0,0.0301,160,7,0,0,0
TXN0011903,USR00837,MER0452,1527.84,Wallet,iOS,1,0,1,4563.76,0,0.0154,816,7,0,0,0
TXN0011904,USR01596,MER0222,4856.21,UPI,iOS,0,0,1,2466.74,0,0.0,742,7,1,0,0
TXN0011905,USR01775,MER0171,1566.91,UPI,iOS,0,1,1,2484.85,1,0.1953,440,19,0,0,0
TXN0011906,USR01603,MER0042,9766.2,Card,Android,0,1,1,7713.86,1,0.2855,676,20,0,0,1
TXN0011907,USR02914,MER0222,5673.14,UPI,Android,0,1,1,2746.58,0,0.0143,162,21,1,0,0
TXN0011908,USR00160,MER0497,2392.52,Wallet,Android,0,0,8,1785.04,0,0.0349,200,7,1,0,0
TXN0011909,USR01848,MER0131,2058.21,Wallet,Android,1,1,1,2676.27,0,0.1413,183,12,0,0,0
TXN0011910,USR01506,MER0423,13351.55,Card,Android,0,0,2,5136.86,0,0.4335,451,10,0,0,0
TXN0011911,USR00739,MER0379,3895.08,UPI,Android,1,0,1,3325.3,0,0.0655,767,6,0,0,0
TXN0011912,USR02244,MER0331,97172.59,UPI,iOS,0,0,3,7207.21,0,0.08,1198,13,1,0,0
TXN0011913,USR02805,MER0283,649.48,Card,Android,0,0,1,2330.6,0,0.1197,510,15,1,0,0
TXN0011914,USR01912,MER0379,375.57,UPI,iOS,0,0,1,1362.13,0,0.0312,812,16,0,0,0
TXN0011915,USR00298,MER0050,5427.07,Wallet,Android,0,0,2,2788.58,0,0.2899,1021,18,1,0,0
TXN0011916,USR00264,MER0065,898.72,Card,Android,0,0,2,966.65,0,0.1135,445,22,0,0,0
TXN0011917,USR01476,MER0098,2360.04,UPI,Android,0,0,1,1402.14,0,0.7443,1862,17,1,0,0
TXN0011918,USR02339,MER0383,1500.39,UPI,iOS,0,1,4,3478.36,0,0.0244,760,12,1,0,0
TXN0011919,USR01098,MER0217,2566.72,UPI,Android,0,0,2,2595.17,0,0.7986,304,10,1,0,0
TXN0011920,USR01082,MER0104,7602.97,UPI,Web,0,0,2,5750.4,0,0.0599,620,15,0,0,0
TXN0011921,USR03011,MER0023,3693.95,NetBanking,iOS,0,0,1,5744.07,0,0.3208,679,12,1,0,1
TXN0011922,USR00051,MER0245,2331.43,Card,iOS,0,0,1,2074.17,0,0.0092,1711,6,0,0,0
TXN0011923,USR00280,MER0200,428.03,Card,Android,1,0,2,1199.29,0,0.1081,898,16,0,0,0
TXN0011924,USR00545,MER0089,2497.64,UPI,Web,0,7,2,1976.0,0,0.7372,274,14,1,0,0
TXN0011925,USR03443,MER0012,3001.7,UPI,Android,0,0,1,1114.56,0,0.3695,800,14,0,0,0
TXN0011926,USR01742,MER0377,2233.47,Card,Web,0,0,1,5723.68,0,0.1708,197,8,1,0,0
TXN0011927,USR00555,MER0390,1879.99,NetBanking,Android,1,0,2,5031.87,1,0.1656,849,17,0,0,0
TXN0011928,USR01087,MER0123,2100.86,Card,Web,0,0,2,937.63,0,0.3029,1447,20,0,0,0
TXN0011929,USR03393,MER0247,1832.41,UPI,Web,0,1,8,4967.38,0,0.2083,198,16,0,0,0
TXN0011930,USR02431,MER0127,2033.25,NetBanking,Android,0,0,1,1166.96,0,0.3358,466,1,0,0,0
TXN0011931,USR00783,MER0205,2260.61,UPI,Android,0,0,3,2283.67,0,0.731,314,12,1,0,0
TXN0011932,USR00843,MER0055,2699.55,Card,Web,0,0,1,3834.03,0,0.9264,1769,7,0,0,0
TXN0011933,USR00263,MER0474,16158.32,Wallet,iOS,0,2,1,5909.36,0,0.1399,521,19,0,0,0
TXN0011934,USR02705,MER0361,3970.58,Card,Android,1,1,1,2139.66,0,0.2071,312,6,0,0,0
TXN0011935,USR00481,MER0451,960.93,NetBanking,Android,0,2,1,825.93,1,0.0018,939,15,0,0,0
TXN0011936,USR01003,MER0148,213.3,Wallet,Web,1,0,1,1056.4,0,0.1863,645,14,0,0,0
TXN0011937,USR01220,MER0437,6173.0,UPI,Web,0,1,4,3885.93,0,0.2608,391,17,0,0,0
TXN0011938,USR02174,MER0260,1455.89,Card,Android,0,0,2,3308.96,0,0.5245,414,8,0,1,0
TXN0011939,USR02123,MER0100,2012.69,Card,iOS,1,0,1,2481.51,0,0.1944,1076,23,0,0,0
TXN0011940,USR02798,MER0167,3470.55,UPI,Android,0,0,8,3629.28,1,0.2968,213,10,1,0,1
TXN0011941,USR01041,MER0406,8457.75,NetBanking,Android,0,0,2,2268.33,0,0.3034,951,4,0,0,0
TXN0011942,USR01350,MER0388,828.83,Wallet,Android,0,0,2,1045.6,0,0.236,373,10,0,0,0
TXN0011943,USR01361,MER0361,7296.45,UPI,Android,0,0,1,2454.13,0,0.1676,256,17,0,0,0
TXN0011944,USR00164,MER0114,12744.95,UPI,Android,0,0,1,4650.58,0,0.2912,666,15,0,0,0
TXN0011945,USR02582,MER0324,1970.28,UPI,iOS,0,1,1,1228.32,0,0.0577,1113,15,0,0,0
TXN0011946,USR01875,MER0471,13181.89,UPI,Android,0,0,2,8000.48,0,0.219,514,10,0,0,0
TXN0011947,USR01665,MER0025,3827.49,Card,iOS,0,3,1,1377.88,0,0.1492,1074,18,1,0,0
TXN0011948,USR03484,MER0161,2490.52,Card,iOS,0,0,1,757.13,0,0.3939,155,18,0,0,0
TXN0011949,USR00626,MER0041,314.51,UPI,Android,0,0,1,628.32,0,0.299,1405,12,0,0,0
TXN0011950,USR03392,MER0052,147.81,Card,Android,0,1,1,423.04,0,0.5152,999,18,1,0,0
TXN0011951,USR02382,MER0499,1873.24,UPI,Android,0,1,2,1073.68,1,0.1722,1337,20,0,0,0
TXN0011952,USR00774,MER0121,2390.28,NetBanking,iOS,0,2,3,3035.53,0,0.3356,279,11,0,0,0
TXN0011953,USR02375,MER0090,1854.25,Wallet,Android,0,1,2,2205.96,0,0.0932,734,20,0,0,0
TXN0011954,USR02645,MER0037,649.53,UPI,iOS,0,0,1,1531.26,0,0.1654,548,13,0,0,0
TXN0011955,USR01269,MER0491,3574.79,UPI,iOS,0,0,9,2468.23,0,0.0356,300,16,0,0,1
TXN0011956,USR01208,MER0235,614.05,NetBanking,iOS,0,0,9,483.25,0,0.0758,179,7,0,0,0
TXN0011957,USR02924,MER0396,842.48,UPI,Android,0,0,3,990.6,1,0.3043,935,16,0,0,0
TXN0011958,USR00561,MER0126,2573.82,Wallet,Web,0,1,1,7352.19,0,0.1931,385,7,1,0,0
TXN0011959,USR00047,MER0321,2013.05,UPI,Android,0,2,2,886.09,0,0.0781,976,21,0,0,0
TXN0011960,USR02331,MER0444,3194.37,UPI,Android,0,1,1,2793.47,0,0.1161,104,11,0,0,0
TXN0011961,USR03173,MER0336,5083.31,Card,iOS,0,0,1,2389.57,0,0.0275,189,15,1,0,0
TXN0011962,USR01754,MER0259,393.23,UPI,Web,0,0,2,1879.11,0,0.4388,172,7,0,0,0
TXN0011963,USR00473,MER0106,2868.42,Wallet,iOS,0,0,1,2894.6,0,0.0637,1238,15,0,0,0
TXN0011964,USR01888,MER0117,2294.48,NetBanking,iOS,0,1,4,4041.73,0,0.0518,1002,14,0,0,0
TXN0011965,USR00882,MER0299,24403.24,Card,iOS,0,0,3,6719.61,0,0.3662,629,12,0,0,0
TXN0011966,USR02896,MER0226,6101.91,Card,iOS,0,1,1,3252.72,0,0.1505,605,5,1,0,0
TXN0011967,USR02143,MER0024,4037.44,Card,Android,1,2,9,3251.93,1,0.2848,419,5,1,1,0
TXN0011968,USR01178,MER0098,2773.49,Wallet,Android,0,2,3,2877.89,0,0.7668,131,20,0,0,0
TXN0011969,USR02186,MER0217,886.29,UPI,Android,0,0,1,923.2,1,0.8167,623,21,0,0,0
TXN0011970,USR02335,MER0090,686.41,UPI,iOS,0,0,1,2218.33,0,0.1014,1733,12,1,0,0
TXN0011971,USR02376,MER0277,1472.14,Card,Android,0,1,1,2972.62,0,0.4312,386,21,0,0,0
TXN0011972,USR01282,MER0151,7852.66,UPI,Android,0,1,1,3682.26,0,0.19,771,21,1,0,0
TXN0011973,USR01998,MER0146,1910.17,Wallet,Android,0,0,1,2889.78,0,0.3071,185,9,0,0,0
TXN0011974,USR00150,MER0055,5585.71,Wallet,iOS,0,1,1,2583.41,1,0.9154,1592,10,0,0,0
TXN0011975,USR01413,MER0252,5659.64,Wallet,Android,0,2,2,3281.74,0,0.1727,684,8,0,0,0
TXN0011976,USR01324,MER0095,2352.09,Card,iOS,0,0,4,1312.95,0,0.056,302,12,0,0,0
TXN0011977,USR01872,MER0316,2722.67,Wallet,Android,0,1,2,2252.21,0,0.285,1149,10,0,0,0
TXN0011978,USR03326,MER0470,1981.05,UPI,Android,0,0,1,2850.67,0,0.1904,663,11,0,0,0
TXN0011979,USR03338,MER0457,3660.93,UPI,iOS,0,0,1,4291.12,0,0.2404,251,14,0,0,0
TXN0011980,USR01692,MER0334,6214.25,Card,Android,0,0,1,4119.65,0,0.4737,495,7,0,0,0
TXN0011981,USR02262,MER0404,346.09,UPI,Android,0,0,1,1681.01,0,0.3645,638,4,0,0,0
TXN0011982,USR00379,MER0461,5429.04,Wallet,Web,1,0,2,2330.88,0,0.1918,265,20,0,0,0
TXN0011983,USR01688,MER0341,8927.69,Wallet,Android,0,2,2,1436.42,0,0.2053,817,7,0,0,0
TXN0011984,USR02408,MER0129,1272.2,UPI,Android,0,0,1,1423.15,0,0.4,582,8,0,0,0
TXN0011985,USR02390,MER0251,1592.97,UPI,Android,0,1,2,1770.96,0,0.1999,1252,5,0,0,0
TXN0011986,USR03372,MER0429,3695.95,UPI,Android,1,1,2,3998.49,0,0.4054,391,18,1,0,0
TXN0011987,USR01632,MER0334,1509.64,UPI,Android,0,0,1,4086.53,0,0.4927,785,14,0,0,0
TXN0011988,USR03178,MER0182,2860.72,Card,Android,0,0,2,2696.17,0,0.5446,2294,22,0,0,0
TXN0011989,USR03426,MER0085,2341.49,NetBanking,Android,0,0,2,1604.55,0,0.9468,2331,22,0,0,0
TXN0011990,USR02002,MER0073,339.81,UPI,Web,0,0,4,1556.79,0,0.1325,928,10,1,0,0
TXN0011991,USR00321,MER0189,969.15,Wallet,Android,0,0,1,2599.26,0,0.2108,1678,11,0,0,0
TXN0011992,USR01317,MER0403,18931.37,Card,Android,0,0,1,10441.59,1,0.4815,727,15,0,0,0
TXN0011993,USR02677,MER0277,1745.15,UPI,Web,0,1,1,1100.52,0,0.4587,388,0,0,0,0
TXN0011994,USR02033,MER0030,2437.26,UPI,iOS,0,0,2,2066.34,0,0.1948,368,21,1,0,0
TXN0011995,USR03278,MER0460,1275.43,UPI,Android,1,1,2,2191.16,0,0.0574,513,5,0,0,0
TXN0011996,USR02856,MER0203,6952.36,Card,Android,0,1,2,4365.97,0,0.2098,168,16,0,0,0
TXN0011997,USR00222,MER0196,1434.03,Wallet,Android,0,0,2,3584.36,0,0.3062,550,9,0,0,0
TXN0011998,USR03015,MER0410,5550.1,Card,iOS,0,0,2,6441.09,1,0.1897,930,8,0,0,0
TXN0011999,USR01251,MER0189,287.44,Wallet,iOS,1,2,3,774.09,0,0.2041,1186,19,0,0,0
TXN0012000,USR02866,MER0309,2370.03,Card,iOS,0,1,2,2799.79,0,0.198,101,17,0,0,0
